language,glottocode,family,correlation,sim
Midob,mido1240,,0.015309940914220362,0
Midob,mido1240,,0.0016286353954103423,1
Midob,mido1240,,-0.0555059940621578,2
Midob,mido1240,,-0.021803779787564172,3
Midob,mido1240,,0.018211452260866928,4
Midob,mido1240,,0.07955855885721651,5
Midob,mido1240,,0.004667873449613521,6
Midob,mido1240,,0.014138912820503278,7
Midob,mido1240,,-0.05323092247245932,8
Midob,mido1240,,0.10867271480699567,9
Nage,nage1237,Austronesian,-0.03158572143250968,0
Nage,nage1237,Austronesian,0.039131801327527055,1
Nage,nage1237,Austronesian,-0.021445974647526497,2
Nage,nage1237,Austronesian,-0.02733389707187265,3
Nage,nage1237,Austronesian,-0.037149576682851106,4
Nage,nage1237,Austronesian,-0.007992549233852186,5
Nage,nage1237,Austronesian,-0.02160194288243608,6
Nage,nage1237,Austronesian,0.0289527743999769,7
Nage,nage1237,Austronesian,0.052394225965414494,8
Nage,nage1237,Austronesian,0.0036765927052415017,9
Ignaciano,igna1246,Arawakan,-0.003390007468432654,0
Ignaciano,igna1246,Arawakan,0.0062764171803121,1
Ignaciano,igna1246,Arawakan,0.020824627369057706,2
Ignaciano,igna1246,Arawakan,-0.014821509114380377,3
Ignaciano,igna1246,Arawakan,0.006519598905751035,4
Ignaciano,igna1246,Arawakan,-0.0767342725846859,5
Ignaciano,igna1246,Arawakan,0.03136720746691167,6
Ignaciano,igna1246,Arawakan,0.027258815179884495,7
Ignaciano,igna1246,Arawakan,-0.016786672633853163,8
Ignaciano,igna1246,Arawakan,-6.147328348599795e-07,9
Lengua,leng1262,,0.01763907215809882,0
Lengua,leng1262,,-0.049373622192615436,1
Lengua,leng1262,,-0.017045756080049896,2
Lengua,leng1262,,-0.015529121456882513,3
Lengua,leng1262,,-0.005675851048779467,4
Lengua,leng1262,,0.03657197185552851,5
Lengua,leng1262,,0.08050290959044944,6
Lengua,leng1262,,0.008139094546462904,7
Lengua,leng1262,,0.03516828994490856,8
Lengua,leng1262,,0.008325587881721542,9
Sindhi,sind1272,Indo-European,-0.019162649149656322,0
Sindhi,sind1272,Indo-European,-0.009628096256113659,1
Sindhi,sind1272,Indo-European,0.007707473691720401,2
Sindhi,sind1272,Indo-European,0.013681845264819196,3
Sindhi,sind1272,Indo-European,-0.006805184642311789,4
Sindhi,sind1272,Indo-European,-0.02929224594120619,5
Sindhi,sind1272,Indo-European,-0.03374532805420239,6
Sindhi,sind1272,Indo-European,-0.015675412871735128,7
Sindhi,sind1272,Indo-European,0.04868365402476654,8
Sindhi,sind1272,Indo-European,-0.031726172476940165,9
Tetela,tete1250,Atlantic-Congo,-0.026229817939516713,0
Tetela,tete1250,Atlantic-Congo,-0.0016441160797267007,1
Tetela,tete1250,Atlantic-Congo,0.04015515748641802,2
Tetela,tete1250,Atlantic-Congo,-0.017665227420647946,3
Tetela,tete1250,Atlantic-Congo,0.0634886876891849,4
Tetela,tete1250,Atlantic-Congo,-0.01587029733727813,5
Tetela,tete1250,Atlantic-Congo,-0.020753921278794524,6
Tetela,tete1250,Atlantic-Congo,0.12811883306199404,7
Tetela,tete1250,Atlantic-Congo,-0.02026982080290096,8
Tetela,tete1250,Atlantic-Congo,0.02836461419480648,9
Eastern Mari,east2328,Uralic,-0.011731575811872723,0
Eastern Mari,east2328,Uralic,-0.0038897655730388684,1
Eastern Mari,east2328,Uralic,0.020772252282893502,2
Eastern Mari,east2328,Uralic,-0.011281031357163435,3
Eastern Mari,east2328,Uralic,-0.023027970068553994,4
Eastern Mari,east2328,Uralic,-0.007151211460415013,5
Eastern Mari,east2328,Uralic,0.016489705901314666,6
Eastern Mari,east2328,Uralic,-0.0189683161933056,7
Eastern Mari,east2328,Uralic,0.028582193087877426,8
Eastern Mari,east2328,Uralic,-0.018487531467995647,9
Tuscarora,tusc1257,,0.016666318806399665,0
Tuscarora,tusc1257,,0.03245495376825565,1
Tuscarora,tusc1257,,0.005097981697973957,2
Tuscarora,tusc1257,,0.024313491072810507,3
Tuscarora,tusc1257,,-0.009938790395377976,4
Tuscarora,tusc1257,,0.01462095824652947,5
Tuscarora,tusc1257,,0.0650639467115746,6
Tuscarora,tusc1257,,-0.017342747434444538,7
Tuscarora,tusc1257,,-0.03331464915660552,8
Tuscarora,tusc1257,,0.053405623133547825,9
Karruwali,karr1236,Pama-Nyungan,0.030551508065448197,0
Karruwali,karr1236,Pama-Nyungan,-0.024815083636110673,1
Karruwali,karr1236,Pama-Nyungan,0.31202655644166066,2
Karruwali,karr1236,Pama-Nyungan,0.32767545502366857,3
Karruwali,karr1236,Pama-Nyungan,-0.06014738469827745,4
Karruwali,karr1236,Pama-Nyungan,-0.3703429819937213,5
Karruwali,karr1236,Pama-Nyungan,-0.05971595274066031,6
Karruwali,karr1236,Pama-Nyungan,-0.1594977094342691,7
Karruwali,karr1236,Pama-Nyungan,-0.19975086111647555,8
Karruwali,karr1236,Pama-Nyungan,0.2850119671691087,9
Lamaholot,lama1277,Austronesian,-0.06150040070143023,0
Lamaholot,lama1277,Austronesian,0.09541123562764424,1
Lamaholot,lama1277,Austronesian,-0.019175266235553705,2
Lamaholot,lama1277,Austronesian,0.15413340372215759,3
Lamaholot,lama1277,Austronesian,-0.0009081491249696634,4
Lamaholot,lama1277,Austronesian,-0.057370608026156844,5
Lamaholot,lama1277,Austronesian,0.2006124189248616,6
Lamaholot,lama1277,Austronesian,0.15244791028405058,7
Lamaholot,lama1277,Austronesian,-0.007152061181409596,8
Lamaholot,lama1277,Austronesian,-0.05336289286191668,9
Yerukula,yeru1240,Dravidian,-0.011264949577565476,0
Yerukula,yeru1240,Dravidian,-0.04666923827508549,1
Yerukula,yeru1240,Dravidian,-0.04736496153705003,2
Yerukula,yeru1240,Dravidian,-0.04042579351891141,3
Yerukula,yeru1240,Dravidian,-0.0307852569501248,4
Yerukula,yeru1240,Dravidian,-0.05122832298790098,5
Yerukula,yeru1240,Dravidian,0.00321245719283855,6
Yerukula,yeru1240,Dravidian,0.006690785423719283,7
Yerukula,yeru1240,Dravidian,-0.0028733607735937808,8
Yerukula,yeru1240,Dravidian,0.003123894989602771,9
Sumbwa,sumb1240,Atlantic-Congo,-0.025555711426363613,0
Sumbwa,sumb1240,Atlantic-Congo,0.057209499821125644,1
Sumbwa,sumb1240,Atlantic-Congo,-0.05630425852371627,2
Sumbwa,sumb1240,Atlantic-Congo,0.0061415288256768796,3
Sumbwa,sumb1240,Atlantic-Congo,-0.017466061641786216,4
Sumbwa,sumb1240,Atlantic-Congo,0.0686012039998117,5
Sumbwa,sumb1240,Atlantic-Congo,0.05241105396814232,6
Sumbwa,sumb1240,Atlantic-Congo,0.01924708297498644,7
Sumbwa,sumb1240,Atlantic-Congo,-0.020353910879342095,8
Sumbwa,sumb1240,Atlantic-Congo,0.05537013399850888,9
Maragus,mara1399,Austronesian,-0.028024495095846938,0
Maragus,mara1399,Austronesian,-0.04299324488077713,1
Maragus,mara1399,Austronesian,-0.04767265683141839,2
Maragus,mara1399,Austronesian,0.004904733794395374,3
Maragus,mara1399,Austronesian,0.006444959694913389,4
Maragus,mara1399,Austronesian,-0.014372985619521828,5
Maragus,mara1399,Austronesian,-0.040581462140123134,6
Maragus,mara1399,Austronesian,0.007433122268321097,7
Maragus,mara1399,Austronesian,-0.01575229427200697,8
Maragus,mara1399,Austronesian,0.05129726504365978,9
Tidore,tido1248,,0.010702877496435871,0
Tidore,tido1248,,-0.0034745449559294966,1
Tidore,tido1248,,0.012243115833090545,2
Tidore,tido1248,,0.018294830488625572,3
Tidore,tido1248,,0.0005439176336919961,4
Tidore,tido1248,,-0.04001669456285886,5
Tidore,tido1248,,0.02640036983226473,6
Tidore,tido1248,,-0.01647657993644755,7
Tidore,tido1248,,0.01219573432726068,8
Tidore,tido1248,,0.07151647382125839,9
Sinitic,sini1245,Sino-Tibetan,-0.023684592725586658,0
Sinitic,sini1245,Sino-Tibetan,0.02304005453485594,1
Sinitic,sini1245,Sino-Tibetan,0.0003689400796684614,2
Sinitic,sini1245,Sino-Tibetan,0.019854244310929754,3
Sinitic,sini1245,Sino-Tibetan,-0.005371239091794772,4
Sinitic,sini1245,Sino-Tibetan,0.03636640097354169,5
Sinitic,sini1245,Sino-Tibetan,0.02767105826338212,6
Sinitic,sini1245,Sino-Tibetan,-0.054829908283747314,7
Sinitic,sini1245,Sino-Tibetan,0.02668554397872199,8
Sinitic,sini1245,Sino-Tibetan,0.052301857423309714,9
Warrnambool,warr1257,Pama-Nyungan,-0.010083173800959388,0
Warrnambool,warr1257,Pama-Nyungan,0.007859054013327458,1
Warrnambool,warr1257,Pama-Nyungan,0.0271463754343348,2
Warrnambool,warr1257,Pama-Nyungan,0.04867369061410856,3
Warrnambool,warr1257,Pama-Nyungan,0.01632990590940974,4
Warrnambool,warr1257,Pama-Nyungan,0.021479873693139702,5
Warrnambool,warr1257,Pama-Nyungan,-0.009897589177407405,6
Warrnambool,warr1257,Pama-Nyungan,-0.0023394001153233643,7
Warrnambool,warr1257,Pama-Nyungan,-0.00417618951937483,8
Warrnambool,warr1257,Pama-Nyungan,-0.019075204474025022,9
Madak linkage,mada1284,Austronesian,0.03188117884568124,0
Madak linkage,mada1284,Austronesian,0.029293850476798413,1
Madak linkage,mada1284,Austronesian,-0.03895444391040997,2
Madak linkage,mada1284,Austronesian,-0.03229732302319566,3
Madak linkage,mada1284,Austronesian,-0.0019225095568880873,4
Madak linkage,mada1284,Austronesian,-0.037920369414140204,5
Madak linkage,mada1284,Austronesian,-0.02199530361455924,6
Madak linkage,mada1284,Austronesian,-0.0009895977758383396,7
Madak linkage,mada1284,Austronesian,-0.018506380317232445,8
Madak linkage,mada1284,Austronesian,0.06289734356952656,9
Taiap,taia1239,Taiap,-0.005252765343700733,0
Taiap,taia1239,Taiap,-0.04299068195240799,1
Taiap,taia1239,Taiap,0.006437263594873629,2
Taiap,taia1239,Taiap,-0.025870091844876656,3
Taiap,taia1239,Taiap,-0.0020064866047827643,4
Taiap,taia1239,Taiap,0.0075324495759277205,5
Taiap,taia1239,Taiap,-0.04780340390650657,6
Taiap,taia1239,Taiap,-0.017107414028629853,7
Taiap,taia1239,Taiap,-0.0075730384171197014,8
Taiap,taia1239,Taiap,0.08081194845418901,9
Western Apache,west2615,,-0.01258075565928579,0
Western Apache,west2615,,0.004359805543045861,1
Western Apache,west2615,,0.0026854600175422244,2
Western Apache,west2615,,-0.012574857864368821,3
Western Apache,west2615,,-0.007786486834848722,4
Western Apache,west2615,,-0.030040131793558394,5
Western Apache,west2615,,-0.0494860394455404,6
Western Apache,west2615,,-0.02570078229185778,7
Western Apache,west2615,,-0.03187518865051086,8
Western Apache,west2615,,0.007520276036758094,9
Gane,gane1237,Austronesian,0.050014963482122705,0
Gane,gane1237,Austronesian,0.06655876270448301,1
Gane,gane1237,Austronesian,0.0023806986491805323,2
Gane,gane1237,Austronesian,0.004726055468347127,3
Gane,gane1237,Austronesian,-0.06838372037339624,4
Gane,gane1237,Austronesian,0.06163390319647293,5
Gane,gane1237,Austronesian,0.044479041729598594,6
Gane,gane1237,Austronesian,0.04918718768889164,7
Gane,gane1237,Austronesian,-0.042199201958029536,8
Gane,gane1237,Austronesian,-0.014249202568273724,9
Kilivila,kili1267,Austronesian,-0.0039270190613423595,0
Kilivila,kili1267,Austronesian,-0.006527447499847642,1
Kilivila,kili1267,Austronesian,-0.00826776387776181,2
Kilivila,kili1267,Austronesian,-0.019041793621166373,3
Kilivila,kili1267,Austronesian,0.004218942541578471,4
Kilivila,kili1267,Austronesian,-0.007276165450057084,5
Kilivila,kili1267,Austronesian,-0.03692767298270422,6
Kilivila,kili1267,Austronesian,0.00415961510694407,7
Kilivila,kili1267,Austronesian,0.01128318960820482,8
Kilivila,kili1267,Austronesian,0.017225703835655175,9
South Saami,sout2674,Uralic,-0.07169209719097891,0
South Saami,sout2674,Uralic,0.014503977622368899,1
South Saami,sout2674,Uralic,-0.08984317198980775,2
South Saami,sout2674,Uralic,0.029876489235677428,3
South Saami,sout2674,Uralic,-0.011327201559828654,4
South Saami,sout2674,Uralic,-0.027917288282693856,5
South Saami,sout2674,Uralic,-0.04571499701626323,6
South Saami,sout2674,Uralic,-0.01679364618912186,7
South Saami,sout2674,Uralic,0.0026159262292387974,8
South Saami,sout2674,Uralic,0.0602050965319276,9
Veps,veps1250,Uralic,-0.016527854598272555,0
Veps,veps1250,Uralic,-0.11376358317326286,1
Veps,veps1250,Uralic,-0.005053899527098284,2
Veps,veps1250,Uralic,-0.03519826546996778,3
Veps,veps1250,Uralic,-0.08143909950840335,4
Veps,veps1250,Uralic,-0.0639874015953987,5
Veps,veps1250,Uralic,-0.11642357504606587,6
Veps,veps1250,Uralic,0.10397204672665994,7
Veps,veps1250,Uralic,-0.028095301979857854,8
Veps,veps1250,Uralic,-0.062204421850894795,9
Mangei,mang1407,Austronesian,-0.022131837153197467,0
Mangei,mang1407,Austronesian,0.03888569358253016,1
Mangei,mang1407,Austronesian,-0.003042090339527052,2
Mangei,mang1407,Austronesian,0.016722697636849287,3
Mangei,mang1407,Austronesian,-0.00840058572933466,4
Mangei,mang1407,Austronesian,0.006707227723694572,5
Mangei,mang1407,Austronesian,-0.03253046589143052,6
Mangei,mang1407,Austronesian,0.010706527546271067,7
Mangei,mang1407,Austronesian,-0.02358039590356248,8
Mangei,mang1407,Austronesian,0.013561322241584916,9
Tetun Dili,tetu1246,Austronesian,-0.017091332220901898,0
Tetun Dili,tetu1246,Austronesian,-0.003242246351677298,1
Tetun Dili,tetu1246,Austronesian,0.023260928063912376,2
Tetun Dili,tetu1246,Austronesian,-0.0003570200578659737,3
Tetun Dili,tetu1246,Austronesian,0.005941777753658732,4
Tetun Dili,tetu1246,Austronesian,0.009946879392121646,5
Tetun Dili,tetu1246,Austronesian,-0.005096604689643283,6
Tetun Dili,tetu1246,Austronesian,-0.013274566042404696,7
Tetun Dili,tetu1246,Austronesian,0.024205453773952654,8
Tetun Dili,tetu1246,Austronesian,0.008526540680055344,9
Waiwai,waiw1244,Cariban,0.03356249798310228,0
Waiwai,waiw1244,Cariban,0.0009675803918106473,1
Waiwai,waiw1244,Cariban,-0.013881803214323887,2
Waiwai,waiw1244,Cariban,-0.007676843449816277,3
Waiwai,waiw1244,Cariban,0.058835169361322034,4
Waiwai,waiw1244,Cariban,-0.03521486362775003,5
Waiwai,waiw1244,Cariban,-0.07996821956139344,6
Waiwai,waiw1244,Cariban,0.004185165660956771,7
Waiwai,waiw1244,Cariban,0.010875816832186844,8
Waiwai,waiw1244,Cariban,-0.04592349086526214,9
Shanghainese,shan1293,Sino-Tibetan,0.013429545748261726,0
Shanghainese,shan1293,Sino-Tibetan,0.015145505074226958,1
Shanghainese,shan1293,Sino-Tibetan,-0.009069697282313606,2
Shanghainese,shan1293,Sino-Tibetan,-0.03693776015559558,3
Shanghainese,shan1293,Sino-Tibetan,0.034410904418559325,4
Shanghainese,shan1293,Sino-Tibetan,0.001987884432185914,5
Shanghainese,shan1293,Sino-Tibetan,-0.04010338675243985,6
Shanghainese,shan1293,Sino-Tibetan,0.009940000749715544,7
Shanghainese,shan1293,Sino-Tibetan,-0.0033586732593405048,8
Shanghainese,shan1293,Sino-Tibetan,-4.138919982221029e-05,9
Tikopia,tiko1237,Austronesian,0.020695143047914373,0
Tikopia,tiko1237,Austronesian,-0.013700729752424309,1
Tikopia,tiko1237,Austronesian,-0.029472585923313022,2
Tikopia,tiko1237,Austronesian,0.0021671562592601988,3
Tikopia,tiko1237,Austronesian,0.02330649039047495,4
Tikopia,tiko1237,Austronesian,-0.011012317425131184,5
Tikopia,tiko1237,Austronesian,0.0133211980986714,6
Tikopia,tiko1237,Austronesian,-0.01597827829194448,7
Tikopia,tiko1237,Austronesian,-0.013933392684786567,8
Tikopia,tiko1237,Austronesian,-0.013506625577321737,9
Macushi,macu1259,Cariban,0.0013121196553532721,0
Macushi,macu1259,Cariban,0.049685006892810274,1
Macushi,macu1259,Cariban,-0.03180215650510753,2
Macushi,macu1259,Cariban,0.010650161408637181,3
Macushi,macu1259,Cariban,-0.004715465764906357,4
Macushi,macu1259,Cariban,-0.0021920304663560763,5
Macushi,macu1259,Cariban,-0.02932780921012014,6
Macushi,macu1259,Cariban,0.019144917034251027,7
Macushi,macu1259,Cariban,-0.0058939289538696895,8
Macushi,macu1259,Cariban,-0.026904927271807245,9
Zinza,zinz1238,Atlantic-Congo,-0.004364224960378955,0
Zinza,zinz1238,Atlantic-Congo,-0.00020485483212150386,1
Zinza,zinz1238,Atlantic-Congo,0.034999802620812606,2
Zinza,zinz1238,Atlantic-Congo,0.016629493355386372,3
Zinza,zinz1238,Atlantic-Congo,-0.009717016408283818,4
Zinza,zinz1238,Atlantic-Congo,-0.01946840317714145,5
Zinza,zinz1238,Atlantic-Congo,-0.03177854518538467,6
Zinza,zinz1238,Atlantic-Congo,-0.01161017222226479,7
Zinza,zinz1238,Atlantic-Congo,0.05326897973434652,8
Zinza,zinz1238,Atlantic-Congo,-0.013317736692485826,9
Zuni,zuni1245,,-0.00211779684470507,0
Zuni,zuni1245,,-0.03604018962252107,1
Zuni,zuni1245,,-0.049398313884156705,2
Zuni,zuni1245,,-0.03571407061140173,3
Zuni,zuni1245,,-0.027482064766460503,4
Zuni,zuni1245,,-0.057849442493494115,5
Zuni,zuni1245,,0.003367993258636425,6
Zuni,zuni1245,,-0.00775338873916145,7
Zuni,zuni1245,,-0.023197366723060043,8
Zuni,zuni1245,,0.016891334108670546,9
Italian,ital1282,Indo-European,0.0023396678780357814,0
Italian,ital1282,Indo-European,0.07569541600211666,1
Italian,ital1282,Indo-European,0.01731197814736614,2
Italian,ital1282,Indo-European,0.038091024769538115,3
Italian,ital1282,Indo-European,-0.002633811987849357,4
Italian,ital1282,Indo-European,-0.008785611987315024,5
Italian,ital1282,Indo-European,-0.03023884709287234,6
Italian,ital1282,Indo-European,-0.009861190233165604,7
Italian,ital1282,Indo-European,0.007929120581715214,8
Italian,ital1282,Indo-European,-0.01486895609307046,9
Uma Juman,umaj1240,Austronesian,0.0035119869557610787,0
Uma Juman,umaj1240,Austronesian,0.044211486864173824,1
Uma Juman,umaj1240,Austronesian,-0.01978455747689331,2
Uma Juman,umaj1240,Austronesian,0.010392224010272157,3
Uma Juman,umaj1240,Austronesian,-0.020184457813716,4
Uma Juman,umaj1240,Austronesian,-0.02505837709153685,5
Uma Juman,umaj1240,Austronesian,0.03754996490986487,6
Uma Juman,umaj1240,Austronesian,-0.012403619272123207,7
Uma Juman,umaj1240,Austronesian,0.029740568834472736,8
Uma Juman,umaj1240,Austronesian,0.012469869855945961,9
Ngoni,ngon1269,Atlantic-Congo,-0.00024943444339368633,0
Ngoni,ngon1269,Atlantic-Congo,-0.05356715883636283,1
Ngoni,ngon1269,Atlantic-Congo,0.050720779817551895,2
Ngoni,ngon1269,Atlantic-Congo,-0.04977698112213769,3
Ngoni,ngon1269,Atlantic-Congo,-0.01383402649301422,4
Ngoni,ngon1269,Atlantic-Congo,-0.01918147556110892,5
Ngoni,ngon1269,Atlantic-Congo,-0.04515570680377254,6
Ngoni,ngon1269,Atlantic-Congo,0.09922646949235903,7
Ngoni,ngon1269,Atlantic-Congo,-0.06385231278506096,8
Ngoni,ngon1269,Atlantic-Congo,0.03679264976404928,9
Dharumbal,dhar1248,Pama-Nyungan,-0.030351204321756767,0
Dharumbal,dhar1248,Pama-Nyungan,-0.017341250876915043,1
Dharumbal,dhar1248,Pama-Nyungan,-0.017569242632661634,2
Dharumbal,dhar1248,Pama-Nyungan,-0.010409696190435178,3
Dharumbal,dhar1248,Pama-Nyungan,-0.04130405450432914,4
Dharumbal,dhar1248,Pama-Nyungan,-0.015309905423549219,5
Dharumbal,dhar1248,Pama-Nyungan,-0.015091737031967641,6
Dharumbal,dhar1248,Pama-Nyungan,-0.01336163027811715,7
Dharumbal,dhar1248,Pama-Nyungan,0.040170261525543816,8
Dharumbal,dhar1248,Pama-Nyungan,-0.00020889802815903143,9
Godoberi,ghod1238,Nakh-Daghestanian,0.011064359831440837,0
Godoberi,ghod1238,Nakh-Daghestanian,0.016132379876312365,1
Godoberi,ghod1238,Nakh-Daghestanian,0.0014139954499361894,2
Godoberi,ghod1238,Nakh-Daghestanian,0.010460877916610553,3
Godoberi,ghod1238,Nakh-Daghestanian,0.005427983491845678,4
Godoberi,ghod1238,Nakh-Daghestanian,-0.018570297157813265,5
Godoberi,ghod1238,Nakh-Daghestanian,0.018948496624540387,6
Godoberi,ghod1238,Nakh-Daghestanian,0.015512409563776489,7
Godoberi,ghod1238,Nakh-Daghestanian,-0.023333852808037372,8
Godoberi,ghod1238,Nakh-Daghestanian,0.0020663819399722072,9
Guugu Yimidhirr,gugu1255,Pama-Nyungan,-0.021001928615883216,0
Guugu Yimidhirr,gugu1255,Pama-Nyungan,0.04070090428337089,1
Guugu Yimidhirr,gugu1255,Pama-Nyungan,-0.01880221323297224,2
Guugu Yimidhirr,gugu1255,Pama-Nyungan,0.006269688672194889,3
Guugu Yimidhirr,gugu1255,Pama-Nyungan,0.018596355895588418,4
Guugu Yimidhirr,gugu1255,Pama-Nyungan,0.01946959021816847,5
Guugu Yimidhirr,gugu1255,Pama-Nyungan,-0.015034167722051732,6
Guugu Yimidhirr,gugu1255,Pama-Nyungan,-0.015478054743267196,7
Guugu Yimidhirr,gugu1255,Pama-Nyungan,-0.02158744000953284,8
Guugu Yimidhirr,gugu1255,Pama-Nyungan,0.024393214558710317,9
Old Rapa,rapa1245,Austronesian,-0.006774713358011094,0
Old Rapa,rapa1245,Austronesian,-0.0007072051668889183,1
Old Rapa,rapa1245,Austronesian,0.001414601783953375,2
Old Rapa,rapa1245,Austronesian,0.014938729512168066,3
Old Rapa,rapa1245,Austronesian,0.009691319931272337,4
Old Rapa,rapa1245,Austronesian,-0.007358422365130901,5
Old Rapa,rapa1245,Austronesian,-0.018139187962806072,6
Old Rapa,rapa1245,Austronesian,-0.02044153761121212,7
Old Rapa,rapa1245,Austronesian,-0.01190270806125155,8
Old Rapa,rapa1245,Austronesian,0.024003819049910214,9
Mattole-Bear River,matt1238,,-0.07738037620497776,0
Mattole-Bear River,matt1238,,0.23335346650617933,1
Mattole-Bear River,matt1238,,-0.06916324213044095,2
Mattole-Bear River,matt1238,,-0.031093792932149367,3
Mattole-Bear River,matt1238,,-0.16935511004007497,4
Mattole-Bear River,matt1238,,0.0673936270126771,5
Mattole-Bear River,matt1238,,-0.043177832061482985,6
Mattole-Bear River,matt1238,,0.28947576511326767,7
Mattole-Bear River,matt1238,,0.027183222432092907,8
Mattole-Bear River,matt1238,,0.08312932487332958,9
Paama,paam1238,Austronesian,0.002638271387051423,0
Paama,paam1238,Austronesian,0.028548407906839407,1
Paama,paam1238,Austronesian,-0.0002880578196388186,2
Paama,paam1238,Austronesian,-0.03438731821238477,3
Paama,paam1238,Austronesian,-0.01412668673763698,4
Paama,paam1238,Austronesian,0.005803823533202946,5
Paama,paam1238,Austronesian,-0.0005478969329281445,6
Paama,paam1238,Austronesian,0.012628501200999105,7
Paama,paam1238,Austronesian,0.003474516618020453,8
Paama,paam1238,Austronesian,-0.05032272624729921,9
Yele,yele1255,Yele,-0.0006381436100878273,0
Yele,yele1255,Yele,0.00013121624682270352,1
Yele,yele1255,Yele,-0.019786059167571875,2
Yele,yele1255,Yele,0.020938360158643345,3
Yele,yele1255,Yele,0.006147344733084122,4
Yele,yele1255,Yele,0.0010466859292395992,5
Yele,yele1255,Yele,0.012180104661766122,6
Yele,yele1255,Yele,0.016466252879145417,7
Yele,yele1255,Yele,-0.004719840774193943,8
Yele,yele1255,Yele,-0.012662038675798137,9
Navajo,nava1243,,-0.031419236666815634,0
Navajo,nava1243,,0.03971052304098467,1
Navajo,nava1243,,0.041224947028132154,2
Navajo,nava1243,,0.0026405583826073467,3
Navajo,nava1243,,0.03566688817088618,4
Navajo,nava1243,,0.01165658408876512,5
Navajo,nava1243,,0.001095990233129598,6
Navajo,nava1243,,0.0012080902196921026,7
Navajo,nava1243,,-0.012022838490483382,8
Navajo,nava1243,,-0.01155771833034889,9
Dehu,dehu1237,Austronesian,-0.028429124859328907,0
Dehu,dehu1237,Austronesian,-0.025489066981452844,1
Dehu,dehu1237,Austronesian,0.00909989609308483,2
Dehu,dehu1237,Austronesian,0.0342491422164199,3
Dehu,dehu1237,Austronesian,-0.037727575541673775,4
Dehu,dehu1237,Austronesian,-0.020363219186026314,5
Dehu,dehu1237,Austronesian,-0.058497704338899045,6
Dehu,dehu1237,Austronesian,0.018878538802207728,7
Dehu,dehu1237,Austronesian,0.01565012670068821,8
Dehu,dehu1237,Austronesian,-0.04991762671865983,9
Yuracaré,yura1255,,-0.0015130951843428872,0
Yuracaré,yura1255,,0.04153784053421361,1
Yuracaré,yura1255,,-0.02683402162875595,2
Yuracaré,yura1255,,-0.006362288988857985,3
Yuracaré,yura1255,,-0.009743585189569325,4
Yuracaré,yura1255,,0.029802111191297578,5
Yuracaré,yura1255,,0.07467689628427598,6
Yuracaré,yura1255,,0.021602636833478045,7
Yuracaré,yura1255,,0.0019250871779182086,8
Yuracaré,yura1255,,0.009393158059317496,9
North Efate,nort2836,Austronesian,-0.007276025282848652,0
North Efate,nort2836,Austronesian,-0.015255871320079703,1
North Efate,nort2836,Austronesian,-0.011952217500820334,2
North Efate,nort2836,Austronesian,-0.004013089851395514,3
North Efate,nort2836,Austronesian,-0.03718256022431518,4
North Efate,nort2836,Austronesian,-0.01728964951581154,5
North Efate,nort2836,Austronesian,0.03722532512043103,6
North Efate,nort2836,Austronesian,-0.007822578378222984,7
North Efate,nort2836,Austronesian,-0.005951391881945005,8
North Efate,nort2836,Austronesian,0.03624062565109283,9
Bunun,bunu1267,Austronesian,-0.09071572686074686,0
Bunun,bunu1267,Austronesian,-0.013950500779028345,1
Bunun,bunu1267,Austronesian,0.07199587724972309,2
Bunun,bunu1267,Austronesian,-0.08553177237800615,3
Bunun,bunu1267,Austronesian,-0.022863456941698168,4
Bunun,bunu1267,Austronesian,0.018886266498580818,5
Bunun,bunu1267,Austronesian,-0.003172401199634131,6
Bunun,bunu1267,Austronesian,0.05037467082850281,7
Bunun,bunu1267,Austronesian,-0.02709437230878443,8
Bunun,bunu1267,Austronesian,-0.004907314503914165,9
Church Slavic,chur1257,Indo-European,-0.01815309146830546,0
Church Slavic,chur1257,Indo-European,-0.03586430422203367,1
Church Slavic,chur1257,Indo-European,0.06872773833766832,2
Church Slavic,chur1257,Indo-European,0.0008704330395320132,3
Church Slavic,chur1257,Indo-European,-0.02888888308969373,4
Church Slavic,chur1257,Indo-European,-0.013683206063097806,5
Church Slavic,chur1257,Indo-European,0.001942215652835986,6
Church Slavic,chur1257,Indo-European,-0.014014089005610833,7
Church Slavic,chur1257,Indo-European,-0.04216545519413235,8
Church Slavic,chur1257,Indo-European,0.012198141103916215,9
Kiramang,kira1248,,0.06398470343697224,0
Kiramang,kira1248,,0.17396874000197535,1
Kiramang,kira1248,,-0.004575467651001334,2
Kiramang,kira1248,,-0.005843564098317116,3
Kiramang,kira1248,,-0.07354877582035815,4
Kiramang,kira1248,,-0.060517792249328226,5
Kiramang,kira1248,,-0.039767329157855136,6
Kiramang,kira1248,,-0.07529557550399013,7
Kiramang,kira1248,,-0.022161084695901615,8
Kiramang,kira1248,,0.0012210230898947686,9
Binja,binj1250,Atlantic-Congo,-0.4999999999999999,0
Binja,binj1250,Atlantic-Congo,-0.4999999999999999,1
Binja,binj1250,Atlantic-Congo,0.9999999999999998,2
Binja,binj1250,Atlantic-Congo,0.9999999999999998,3
Binja,binj1250,Atlantic-Congo,-0.4999999999999999,4
Binja,binj1250,Atlantic-Congo,0.9999999999999998,5
Binja,binj1250,Atlantic-Congo,-0.4999999999999999,6
Binja,binj1250,Atlantic-Congo,-0.4999999999999999,7
Binja,binj1250,Atlantic-Congo,0.9999999999999998,8
Binja,binj1250,Atlantic-Congo,0.9999999999999998,9
Awetí,awet1244,Tupian,-0.06022053676541289,0
Awetí,awet1244,Tupian,-0.026097521871586617,1
Awetí,awet1244,Tupian,-0.023989952850322793,2
Awetí,awet1244,Tupian,0.06906498889873783,3
Awetí,awet1244,Tupian,0.014639386189561322,4
Awetí,awet1244,Tupian,-0.007574462260700521,5
Awetí,awet1244,Tupian,0.014935778983189783,6
Awetí,awet1244,Tupian,0.014409468569859852,7
Awetí,awet1244,Tupian,-0.05550107413513684,8
Awetí,awet1244,Tupian,0.01961805879805884,9
Selkup,selk1253,Uralic,0.00402903288406566,0
Selkup,selk1253,Uralic,-0.006345408817754864,1
Selkup,selk1253,Uralic,0.014019024155687676,2
Selkup,selk1253,Uralic,-0.013473876227480298,3
Selkup,selk1253,Uralic,0.0022108726292081994,4
Selkup,selk1253,Uralic,-0.029871087833860912,5
Selkup,selk1253,Uralic,0.03444775438450102,6
Selkup,selk1253,Uralic,-0.013104419457690442,7
Selkup,selk1253,Uralic,-0.002971755487037796,8
Selkup,selk1253,Uralic,-0.027283990562728615,9
Menui,menu1237,Austronesian,-0.021004487571350546,0
Menui,menu1237,Austronesian,0.06812811774753699,1
Menui,menu1237,Austronesian,0.011409962495444043,2
Menui,menu1237,Austronesian,-0.02084361893177889,3
Menui,menu1237,Austronesian,-0.021030153155378744,4
Menui,menu1237,Austronesian,-0.041085140823436596,5
Menui,menu1237,Austronesian,-0.02226209627930356,6
Menui,menu1237,Austronesian,0.04621368348044387,7
Menui,menu1237,Austronesian,-0.04032131357695798,8
Menui,menu1237,Austronesian,0.04893176482192917,9
Wangkumara,wong1246,Pama-Nyungan,0.030562198147291393,0
Wangkumara,wong1246,Pama-Nyungan,0.005393574356073132,1
Wangkumara,wong1246,Pama-Nyungan,-0.039760728747486915,2
Wangkumara,wong1246,Pama-Nyungan,0.016183396737309324,3
Wangkumara,wong1246,Pama-Nyungan,0.028730067613230097,4
Wangkumara,wong1246,Pama-Nyungan,0.004371454722365072,5
Wangkumara,wong1246,Pama-Nyungan,-0.01235829623432781,6
Wangkumara,wong1246,Pama-Nyungan,0.02492930085606148,7
Wangkumara,wong1246,Pama-Nyungan,0.015103291730895307,8
Wangkumara,wong1246,Pama-Nyungan,-0.00028011025076772486,9
North Marquesan,nort2845,Austronesian,0.0007368516827347014,0
North Marquesan,nort2845,Austronesian,0.004864308364647819,1
North Marquesan,nort2845,Austronesian,-0.025082071158105023,2
North Marquesan,nort2845,Austronesian,0.029154036285499927,3
North Marquesan,nort2845,Austronesian,0.007723232000142599,4
North Marquesan,nort2845,Austronesian,0.11704826752357814,5
North Marquesan,nort2845,Austronesian,-0.019220796452214008,6
North Marquesan,nort2845,Austronesian,-0.014803112794036382,7
North Marquesan,nort2845,Austronesian,0.012498726903507066,8
North Marquesan,nort2845,Austronesian,0.04350043432217677,9
Waimaha,waim1255,,-0.0033820182215178124,0
Waimaha,waim1255,,-0.033024076681308245,1
Waimaha,waim1255,,-0.027883603112378447,2
Waimaha,waim1255,,-0.017962894563078584,3
Waimaha,waim1255,,-0.009472668905146614,4
Waimaha,waim1255,,-0.01521635872260466,5
Waimaha,waim1255,,0.024072877732551762,6
Waimaha,waim1255,,0.03372289630436839,7
Waimaha,waim1255,,-0.02072411344455343,8
Waimaha,waim1255,,0.011210177929708978,9
Termanu,term1237,Austronesian,0.021982084803429124,0
Termanu,term1237,Austronesian,-0.013197490940946584,1
Termanu,term1237,Austronesian,0.012511377403785145,2
Termanu,term1237,Austronesian,0.01911870833757621,3
Termanu,term1237,Austronesian,0.0038998762037455253,4
Termanu,term1237,Austronesian,0.013230389987335976,5
Termanu,term1237,Austronesian,-0.02183814247134774,6
Termanu,term1237,Austronesian,0.03316954538005799,7
Termanu,term1237,Austronesian,0.030661791304696248,8
Termanu,term1237,Austronesian,0.02163668179026828,9
Hawaiian,hawa1245,Austronesian,0.005601331244633317,0
Hawaiian,hawa1245,Austronesian,-0.04095096682082854,1
Hawaiian,hawa1245,Austronesian,0.0025938335482326514,2
Hawaiian,hawa1245,Austronesian,0.03127350150599945,3
Hawaiian,hawa1245,Austronesian,-0.04250443236800863,4
Hawaiian,hawa1245,Austronesian,-0.010379069722302799,5
Hawaiian,hawa1245,Austronesian,0.029741303842275114,6
Hawaiian,hawa1245,Austronesian,0.0013992448161056588,7
Hawaiian,hawa1245,Austronesian,-0.004445265656266787,8
Hawaiian,hawa1245,Austronesian,0.048432862789554,9
Ngulu,ngul1246,Atlantic-Congo,0.0009019299660554397,0
Ngulu,ngul1246,Atlantic-Congo,-0.035319351755797194,1
Ngulu,ngul1246,Atlantic-Congo,0.006244199288819039,2
Ngulu,ngul1246,Atlantic-Congo,-0.0014381934584495667,3
Ngulu,ngul1246,Atlantic-Congo,0.011617647945402829,4
Ngulu,ngul1246,Atlantic-Congo,0.01008098979380656,5
Ngulu,ngul1246,Atlantic-Congo,0.0019068889826899158,6
Ngulu,ngul1246,Atlantic-Congo,-0.006453207787340458,7
Ngulu,ngul1246,Atlantic-Congo,-0.012397215643852454,8
Ngulu,ngul1246,Atlantic-Congo,-0.02816408682872201,9
Ngadjunmaya,ngad1258,Pama-Nyungan,0.01155774671196581,0
Ngadjunmaya,ngad1258,Pama-Nyungan,0.002952759310794387,1
Ngadjunmaya,ngad1258,Pama-Nyungan,-0.04777352294480597,2
Ngadjunmaya,ngad1258,Pama-Nyungan,0.02778306780091943,3
Ngadjunmaya,ngad1258,Pama-Nyungan,0.020535519584086444,4
Ngadjunmaya,ngad1258,Pama-Nyungan,0.010511127508147191,5
Ngadjunmaya,ngad1258,Pama-Nyungan,0.0028485785633287747,6
Ngadjunmaya,ngad1258,Pama-Nyungan,0.0280189882043833,7
Ngadjunmaya,ngad1258,Pama-Nyungan,0.012839949013032204,8
Ngadjunmaya,ngad1258,Pama-Nyungan,-0.030811044411287517,9
Sie,siee1239,Austronesian,0.038781423662894415,0
Sie,siee1239,Austronesian,0.02012042956751023,1
Sie,siee1239,Austronesian,-0.0033434054600434034,2
Sie,siee1239,Austronesian,-0.007131458153039062,3
Sie,siee1239,Austronesian,-0.003733196919692624,4
Sie,siee1239,Austronesian,-0.023956303094401932,5
Sie,siee1239,Austronesian,0.005353722304712818,6
Sie,siee1239,Austronesian,0.018182306595520375,7
Sie,siee1239,Austronesian,0.02064067941074548,8
Sie,siee1239,Austronesian,0.013065169031760526,9
Niuafo'ou,niua1240,Austronesian,0.026390792521307133,0
Niuafo'ou,niua1240,Austronesian,-0.019733502520028815,1
Niuafo'ou,niua1240,Austronesian,0.01178990559674931,2
Niuafo'ou,niua1240,Austronesian,-0.007572663110109899,3
Niuafo'ou,niua1240,Austronesian,0.004543958169323924,4
Niuafo'ou,niua1240,Austronesian,-0.026611236052287483,5
Niuafo'ou,niua1240,Austronesian,0.012382353674849285,6
Niuafo'ou,niua1240,Austronesian,-0.02843124373476608,7
Niuafo'ou,niua1240,Austronesian,-0.0045924603013724,8
Niuafo'ou,niua1240,Austronesian,0.0615217029837094,9
Slovenian,slov1268,Indo-European,0.02117413007421772,0
Slovenian,slov1268,Indo-European,0.009380647643583599,1
Slovenian,slov1268,Indo-European,-0.03250878679819247,2
Slovenian,slov1268,Indo-European,0.012170001292971876,3
Slovenian,slov1268,Indo-European,-0.01648908210121141,4
Slovenian,slov1268,Indo-European,-0.04224484027155445,5
Slovenian,slov1268,Indo-European,-0.013070129807139409,6
Slovenian,slov1268,Indo-European,0.04305932334145718,7
Slovenian,slov1268,Indo-European,0.005095645959104052,8
Slovenian,slov1268,Indo-European,0.0043158734355946875,9
Pangasinan,pang1290,Austronesian,-0.07569988099994861,0
Pangasinan,pang1290,Austronesian,0.023223234314518344,1
Pangasinan,pang1290,Austronesian,-0.008729294670229095,2
Pangasinan,pang1290,Austronesian,0.07401159779227444,3
Pangasinan,pang1290,Austronesian,-0.03697672996988062,4
Pangasinan,pang1290,Austronesian,-0.04107556070770058,5
Pangasinan,pang1290,Austronesian,-0.026747506557146843,6
Pangasinan,pang1290,Austronesian,0.042040357041189746,7
Pangasinan,pang1290,Austronesian,0.02978870923828135,8
Pangasinan,pang1290,Austronesian,-0.023436050798758178,9
Imbongu,imbo1238,Nuclear Trans New Guinea,0.00624313531126568,0
Imbongu,imbo1238,Nuclear Trans New Guinea,-0.030648319074167985,1
Imbongu,imbo1238,Nuclear Trans New Guinea,-0.002126238655165117,2
Imbongu,imbo1238,Nuclear Trans New Guinea,0.0023848447647453657,3
Imbongu,imbo1238,Nuclear Trans New Guinea,0.008081776748782493,4
Imbongu,imbo1238,Nuclear Trans New Guinea,-0.020701931864874318,5
Imbongu,imbo1238,Nuclear Trans New Guinea,0.03431945025585527,6
Imbongu,imbo1238,Nuclear Trans New Guinea,-0.0017214013582445339,7
Imbongu,imbo1238,Nuclear Trans New Guinea,0.010429182716422479,8
Imbongu,imbo1238,Nuclear Trans New Guinea,0.00595510670990948,9
Middle English,midd1317,Indo-European,0.10672008702723827,0
Middle English,midd1317,Indo-European,-0.005030561147010504,1
Middle English,midd1317,Indo-European,-0.022885066513527223,2
Middle English,midd1317,Indo-European,0.022080583741671052,3
Middle English,midd1317,Indo-European,-0.032226080247876154,4
Middle English,midd1317,Indo-European,-0.009850081195633955,5
Middle English,midd1317,Indo-European,0.008810609160851825,6
Middle English,midd1317,Indo-European,-0.013933556040006541,7
Middle English,midd1317,Indo-European,-0.00720012912407286,8
Middle English,midd1317,Indo-European,-0.006645879797185735,9
Solu-Khumbu Sherpa,sher1255,Sino-Tibetan,0.11647537792398606,0
Solu-Khumbu Sherpa,sher1255,Sino-Tibetan,0.022634290893567485,1
Solu-Khumbu Sherpa,sher1255,Sino-Tibetan,-0.012337030032895277,2
Solu-Khumbu Sherpa,sher1255,Sino-Tibetan,-0.03533157558189441,3
Solu-Khumbu Sherpa,sher1255,Sino-Tibetan,-0.002392193046183602,4
Solu-Khumbu Sherpa,sher1255,Sino-Tibetan,0.04921734707427824,5
Solu-Khumbu Sherpa,sher1255,Sino-Tibetan,-0.011874992939318325,6
Solu-Khumbu Sherpa,sher1255,Sino-Tibetan,-0.03408235925342951,7
Solu-Khumbu Sherpa,sher1255,Sino-Tibetan,0.03139333623021991,8
Solu-Khumbu Sherpa,sher1255,Sino-Tibetan,0.034453597222108084,9
Paakantyi,darl1243,Pama-Nyungan,0.04103683687699934,0
Paakantyi,darl1243,Pama-Nyungan,-0.005029989324560203,1
Paakantyi,darl1243,Pama-Nyungan,-0.03441963982527395,2
Paakantyi,darl1243,Pama-Nyungan,0.02210219916021835,3
Paakantyi,darl1243,Pama-Nyungan,-0.04483567460310485,4
Paakantyi,darl1243,Pama-Nyungan,-0.029765755808617705,5
Paakantyi,darl1243,Pama-Nyungan,-0.005882723117022023,6
Paakantyi,darl1243,Pama-Nyungan,-0.016052759276605034,7
Paakantyi,darl1243,Pama-Nyungan,0.02062493653962643,8
Paakantyi,darl1243,Pama-Nyungan,0.025826827864614967,9
Nahavaq,sout2857,Austronesian,0.013202965482268895,0
Nahavaq,sout2857,Austronesian,0.03101631768250599,1
Nahavaq,sout2857,Austronesian,0.006685929280520213,2
Nahavaq,sout2857,Austronesian,-0.0033991424820782887,3
Nahavaq,sout2857,Austronesian,-0.03365688825488118,4
Nahavaq,sout2857,Austronesian,-0.023989514551170803,5
Nahavaq,sout2857,Austronesian,-0.033162759880647937,6
Nahavaq,sout2857,Austronesian,0.007965663841229076,7
Nahavaq,sout2857,Austronesian,-0.024046984874826975,8
Nahavaq,sout2857,Austronesian,-0.01940744979718966,9
Kartujarra,kart1247,Pama-Nyungan,0.019902465641362953,0
Kartujarra,kart1247,Pama-Nyungan,-0.010959713320305865,1
Kartujarra,kart1247,Pama-Nyungan,-0.026048887760192537,2
Kartujarra,kart1247,Pama-Nyungan,-0.005588656664569498,3
Kartujarra,kart1247,Pama-Nyungan,-0.0010624260460398295,4
Kartujarra,kart1247,Pama-Nyungan,0.016434555916876092,5
Kartujarra,kart1247,Pama-Nyungan,0.013514656494554392,6
Kartujarra,kart1247,Pama-Nyungan,-0.0047514159027444314,7
Kartujarra,kart1247,Pama-Nyungan,-0.009701369014304054,8
Kartujarra,kart1247,Pama-Nyungan,0.020714541793561875,9
North Ambrym,nort2839,Austronesian,-0.012378757959066993,0
North Ambrym,nort2839,Austronesian,0.0031804197202387045,1
North Ambrym,nort2839,Austronesian,0.05944197573181918,2
North Ambrym,nort2839,Austronesian,-0.02982096371351936,3
North Ambrym,nort2839,Austronesian,0.08148177843474333,4
North Ambrym,nort2839,Austronesian,-0.005381240419621748,5
North Ambrym,nort2839,Austronesian,-0.012246600175986444,6
North Ambrym,nort2839,Austronesian,0.01002588124119943,7
North Ambrym,nort2839,Austronesian,-0.02365785423986564,8
North Ambrym,nort2839,Austronesian,0.03319731779409659,9
Puinave,puin1248,,-0.030605097335283077,0
Puinave,puin1248,,0.013679311255420018,1
Puinave,puin1248,,0.00024203588648973127,2
Puinave,puin1248,,-0.007195547862112556,3
Puinave,puin1248,,-0.005142536551667534,4
Puinave,puin1248,,-0.028678317727895947,5
Puinave,puin1248,,0.02692004131624707,6
Puinave,puin1248,,0.00449668882812574,7
Puinave,puin1248,,-0.016952642974369596,8
Puinave,puin1248,,0.001026942942502182,9
Yandruwandha,yand1253,Pama-Nyungan,-0.010796688283909069,0
Yandruwandha,yand1253,Pama-Nyungan,-0.026015702071941794,1
Yandruwandha,yand1253,Pama-Nyungan,0.0025436492633381476,2
Yandruwandha,yand1253,Pama-Nyungan,0.04453037453212385,3
Yandruwandha,yand1253,Pama-Nyungan,-0.0035300900142586356,4
Yandruwandha,yand1253,Pama-Nyungan,0.00679328535520014,5
Yandruwandha,yand1253,Pama-Nyungan,-0.019002797684535503,6
Yandruwandha,yand1253,Pama-Nyungan,-0.018316621839663802,7
Yandruwandha,yand1253,Pama-Nyungan,0.0006507405843684229,8
Yandruwandha,yand1253,Pama-Nyungan,-0.03118658479424175,9
Akkadian,akka1240,Afro-Asiatic,-0.02617558864438864,0
Akkadian,akka1240,Afro-Asiatic,0.035536017302969514,1
Akkadian,akka1240,Afro-Asiatic,0.028791398413195585,2
Akkadian,akka1240,Afro-Asiatic,-0.015535948402052876,3
Akkadian,akka1240,Afro-Asiatic,-0.02593011550544265,4
Akkadian,akka1240,Afro-Asiatic,0.011283469431729658,5
Akkadian,akka1240,Afro-Asiatic,0.01466572194899357,6
Akkadian,akka1240,Afro-Asiatic,-0.017281307898805855,7
Akkadian,akka1240,Afro-Asiatic,-0.04066758335605654,8
Akkadian,akka1240,Afro-Asiatic,0.022159247336206736,9
Ngalkbun,ngal1292,,-0.021265656180532846,0
Ngalkbun,ngal1292,,-0.015155421310694502,1
Ngalkbun,ngal1292,,-0.010825695318484116,2
Ngalkbun,ngal1292,,0.010183499258717124,3
Ngalkbun,ngal1292,,0.0021436709481312943,4
Ngalkbun,ngal1292,,-0.008688349715685521,5
Ngalkbun,ngal1292,,-0.00077365202341331,6
Ngalkbun,ngal1292,,0.04917637656704997,7
Ngalkbun,ngal1292,,-0.026388445527053845,8
Ngalkbun,ngal1292,,-0.016693140231374883,9
Danish,dani1285,Indo-European,-0.013429993654326292,0
Danish,dani1285,Indo-European,0.006991570809491003,1
Danish,dani1285,Indo-European,-0.017624583177449676,2
Danish,dani1285,Indo-European,-0.0073173513792206485,3
Danish,dani1285,Indo-European,-0.0029773949867997157,4
Danish,dani1285,Indo-European,-0.005733468745270682,5
Danish,dani1285,Indo-European,-0.002208563412724986,6
Danish,dani1285,Indo-European,0.051430305583307766,7
Danish,dani1285,Indo-European,-0.009201570960979634,8
Danish,dani1285,Indo-European,0.039491910484959966,9
Aneityum,anei1239,Austronesian,-0.0005433040565408212,0
Aneityum,anei1239,Austronesian,-0.005561546564006238,1
Aneityum,anei1239,Austronesian,-0.024273477378360768,2
Aneityum,anei1239,Austronesian,0.01989067369283676,3
Aneityum,anei1239,Austronesian,-0.003929964319395126,4
Aneityum,anei1239,Austronesian,-0.016964970513418814,5
Aneityum,anei1239,Austronesian,0.015701505984476172,6
Aneityum,anei1239,Austronesian,-0.008694942344681229,7
Aneityum,anei1239,Austronesian,-0.004180867044017069,8
Aneityum,anei1239,Austronesian,-0.02848887156342049,9
Copper Inuit,copp1244,Eskimo-Aleut,-0.05242138873157033,0
Copper Inuit,copp1244,Eskimo-Aleut,0.019566880769131267,1
Copper Inuit,copp1244,Eskimo-Aleut,-0.06107335977597198,2
Copper Inuit,copp1244,Eskimo-Aleut,-0.019264678088941313,3
Copper Inuit,copp1244,Eskimo-Aleut,-0.045406427887746216,4
Copper Inuit,copp1244,Eskimo-Aleut,0.06521764971674357,5
Copper Inuit,copp1244,Eskimo-Aleut,0.06933445990837306,6
Copper Inuit,copp1244,Eskimo-Aleut,-0.054985414094306836,7
Copper Inuit,copp1244,Eskimo-Aleut,-0.008783531172296844,8
Copper Inuit,copp1244,Eskimo-Aleut,0.002538080601750668,9
Nambo,namb1293,,-0.012785488451853979,0
Nambo,namb1293,,-0.0068032881317245004,1
Nambo,namb1293,,-0.0002838410672047608,2
Nambo,namb1293,,-0.04219799972174673,3
Nambo,namb1293,,-0.03845695700535634,4
Nambo,namb1293,,-0.012829922538145862,5
Nambo,namb1293,,-0.023021069458235954,6
Nambo,namb1293,,-0.006424674797596715,7
Nambo,namb1293,,-0.012644443417829953,8
Nambo,namb1293,,0.004217871635588342,9
Masaaba,masa1299,Atlantic-Congo,-0.00023007149295974468,0
Masaaba,masa1299,Atlantic-Congo,-0.01669511483277862,1
Masaaba,masa1299,Atlantic-Congo,-0.0008465699253046689,2
Masaaba,masa1299,Atlantic-Congo,-0.003836652596817019,3
Masaaba,masa1299,Atlantic-Congo,0.039063691558617775,4
Masaaba,masa1299,Atlantic-Congo,-0.02181793014881235,5
Masaaba,masa1299,Atlantic-Congo,0.015333274776143572,6
Masaaba,masa1299,Atlantic-Congo,0.04085157049870959,7
Masaaba,masa1299,Atlantic-Congo,-0.0011816384827272879,8
Masaaba,masa1299,Atlantic-Congo,-0.004466297628764799,9
Maquiritari,maqu1238,Cariban,-0.007905261372543212,0
Maquiritari,maqu1238,Cariban,-0.04530242939942381,1
Maquiritari,maqu1238,Cariban,-0.018631540335811658,2
Maquiritari,maqu1238,Cariban,0.025807926549088003,3
Maquiritari,maqu1238,Cariban,-0.016119297726336072,4
Maquiritari,maqu1238,Cariban,0.07012725427687383,5
Maquiritari,maqu1238,Cariban,0.0399256542462262,6
Maquiritari,maqu1238,Cariban,0.00883361165604252,7
Maquiritari,maqu1238,Cariban,0.013084163150961222,8
Maquiritari,maqu1238,Cariban,-0.003922833231796902,9
Western Armenian,homs1234,Indo-European,-0.02257984155574179,0
Western Armenian,homs1234,Indo-European,-0.014173197943121005,1
Western Armenian,homs1234,Indo-European,0.025567222878431974,2
Western Armenian,homs1234,Indo-European,-0.017798093016230712,3
Western Armenian,homs1234,Indo-European,-0.009094175616628654,4
Western Armenian,homs1234,Indo-European,0.017068978023601897,5
Western Armenian,homs1234,Indo-European,0.006611892615143344,6
Western Armenian,homs1234,Indo-European,0.008115218438618274,7
Western Armenian,homs1234,Indo-European,0.04245174111673126,8
Western Armenian,homs1234,Indo-European,-0.0006329793668422936,9
Chenchu,chen1255,Dravidian,0.04165353164860612,0
Chenchu,chen1255,Dravidian,0.017095847599422846,1
Chenchu,chen1255,Dravidian,0.0006014895532828374,2
Chenchu,chen1255,Dravidian,-0.02363720127864285,3
Chenchu,chen1255,Dravidian,0.02139261340244566,4
Chenchu,chen1255,Dravidian,-0.004462974499043239,5
Chenchu,chen1255,Dravidian,-0.009253058169332131,6
Chenchu,chen1255,Dravidian,-0.009272259555952064,7
Chenchu,chen1255,Dravidian,-0.010598497557418977,8
Chenchu,chen1255,Dravidian,0.03339467432049075,9
Waorani,waor1240,,0.03914147182489789,0
Waorani,waor1240,,0.01718146169984446,1
Waorani,waor1240,,-0.0036531205304429024,2
Waorani,waor1240,,0.150449651282317,3
Waorani,waor1240,,0.016939774279865042,4
Waorani,waor1240,,0.013773945213177107,5
Waorani,waor1240,,0.03361903513489666,6
Waorani,waor1240,,0.04135120544397388,7
Waorani,waor1240,,-0.02410276790657481,8
Waorani,waor1240,,0.02789367148896281,9
Russian,russ1263,Indo-European,-0.009573616979955603,0
Russian,russ1263,Indo-European,0.011684424781343272,1
Russian,russ1263,Indo-European,-0.016241125016526123,2
Russian,russ1263,Indo-European,0.0361294768620756,3
Russian,russ1263,Indo-European,0.01983905908125549,4
Russian,russ1263,Indo-European,-0.0001953212819415292,5
Russian,russ1263,Indo-European,-0.030948602054498873,6
Russian,russ1263,Indo-European,0.023914916920122486,7
Russian,russ1263,Indo-European,-0.029626715287398343,8
Russian,russ1263,Indo-European,-0.009796380500203903,9
Chuukese,chuu1238,Austronesian,-0.045923835332132124,0
Chuukese,chuu1238,Austronesian,-0.016257795484468873,1
Chuukese,chuu1238,Austronesian,-0.03658450312291813,2
Chuukese,chuu1238,Austronesian,-0.04270594937458178,3
Chuukese,chuu1238,Austronesian,-0.009285992631416124,4
Chuukese,chuu1238,Austronesian,-0.01120908592379751,5
Chuukese,chuu1238,Austronesian,0.005576935223202625,6
Chuukese,chuu1238,Austronesian,-0.0022917635817611814,7
Chuukese,chuu1238,Austronesian,0.020788259785754833,8
Chuukese,chuu1238,Austronesian,-0.049298328751914915,9
Amharic,amha1245,Afro-Asiatic,0.014459177817879375,0
Amharic,amha1245,Afro-Asiatic,0.05190627366122278,1
Amharic,amha1245,Afro-Asiatic,-0.016107745817005085,2
Amharic,amha1245,Afro-Asiatic,-0.02622163992955202,3
Amharic,amha1245,Afro-Asiatic,0.0019446964182693424,4
Amharic,amha1245,Afro-Asiatic,-0.022022722751863726,5
Amharic,amha1245,Afro-Asiatic,0.0038229450648734863,6
Amharic,amha1245,Afro-Asiatic,0.008726178050241553,7
Amharic,amha1245,Afro-Asiatic,0.020013022144799244,8
Amharic,amha1245,Afro-Asiatic,0.010908226574692243,9
Kunzakh,kunz1243,Nakh-Daghestanian,-0.009347345406456311,0
Kunzakh,kunz1243,Nakh-Daghestanian,-0.02139070369873011,1
Kunzakh,kunz1243,Nakh-Daghestanian,-0.0633782505052152,2
Kunzakh,kunz1243,Nakh-Daghestanian,0.035110860262147464,3
Kunzakh,kunz1243,Nakh-Daghestanian,0.0023555444978684333,4
Kunzakh,kunz1243,Nakh-Daghestanian,-0.005245766846851493,5
Kunzakh,kunz1243,Nakh-Daghestanian,0.01069035324238062,6
Kunzakh,kunz1243,Nakh-Daghestanian,-0.006408946691624651,7
Kunzakh,kunz1243,Nakh-Daghestanian,-0.02319479041331164,8
Kunzakh,kunz1243,Nakh-Daghestanian,-0.0038645713601060698,9
Romanian,roma1327,Indo-European,0.0019194966369325767,0
Romanian,roma1327,Indo-European,-0.026613282336439288,1
Romanian,roma1327,Indo-European,-0.019902726244720677,2
Romanian,roma1327,Indo-European,-0.01806986522148099,3
Romanian,roma1327,Indo-European,-0.024639764517648245,4
Romanian,roma1327,Indo-European,-0.0016568746022623889,5
Romanian,roma1327,Indo-European,0.003126920668173181,6
Romanian,roma1327,Indo-European,0.01532613915736828,7
Romanian,roma1327,Indo-European,0.003564865593097551,8
Romanian,roma1327,Indo-European,0.004374739491299047,9
Marquesan,marq1246,Austronesian,-0.0358050069743295,0
Marquesan,marq1246,Austronesian,0.01799884737800315,1
Marquesan,marq1246,Austronesian,0.01852048338279774,2
Marquesan,marq1246,Austronesian,0.043060479008597635,3
Marquesan,marq1246,Austronesian,-0.016271067780385385,4
Marquesan,marq1246,Austronesian,0.0046326693548575,5
Marquesan,marq1246,Austronesian,-0.009567910286355605,6
Marquesan,marq1246,Austronesian,-0.006167121747149805,7
Marquesan,marq1246,Austronesian,-0.004609296555491608,8
Marquesan,marq1246,Austronesian,-0.022260434108433036,9
Tongva,tong1329,Uto-Aztecan,0.010223534652106027,0
Tongva,tong1329,Uto-Aztecan,-0.005185677845466382,1
Tongva,tong1329,Uto-Aztecan,0.03383796621736665,2
Tongva,tong1329,Uto-Aztecan,-0.03607641305872757,3
Tongva,tong1329,Uto-Aztecan,0.019725897882609044,4
Tongva,tong1329,Uto-Aztecan,-0.0390372381899725,5
Tongva,tong1329,Uto-Aztecan,0.018690424782973135,6
Tongva,tong1329,Uto-Aztecan,-0.020702178182613832,7
Tongva,tong1329,Uto-Aztecan,0.015633965543832475,8
Tongva,tong1329,Uto-Aztecan,0.015896957074491857,9
Umbundu,umbu1257,Atlantic-Congo,0.012238968394932319,0
Umbundu,umbu1257,Atlantic-Congo,0.015370561240255825,1
Umbundu,umbu1257,Atlantic-Congo,-0.003787578884748051,2
Umbundu,umbu1257,Atlantic-Congo,0.02281707415136313,3
Umbundu,umbu1257,Atlantic-Congo,0.02747235331632462,4
Umbundu,umbu1257,Atlantic-Congo,-0.010074384029762367,5
Umbundu,umbu1257,Atlantic-Congo,-0.001129803092349702,6
Umbundu,umbu1257,Atlantic-Congo,-0.013565351250195404,7
Umbundu,umbu1257,Atlantic-Congo,-0.012828927693023667,8
Umbundu,umbu1257,Atlantic-Congo,-0.015139626151541942,9
Albanian,alba1267,Indo-European,-0.005767649602009622,0
Albanian,alba1267,Indo-European,-0.012127680244806743,1
Albanian,alba1267,Indo-European,0.03563324200258294,2
Albanian,alba1267,Indo-European,-0.035347958774646415,3
Albanian,alba1267,Indo-European,-0.014730094783734611,4
Albanian,alba1267,Indo-European,-0.015281307013632162,5
Albanian,alba1267,Indo-European,0.069393124514538,6
Albanian,alba1267,Indo-European,0.0007190320218774648,7
Albanian,alba1267,Indo-European,-0.002924204108188925,8
Albanian,alba1267,Indo-European,-0.019056412429498112,9
Whitesands,whit1269,Austronesian,0.04445643929511382,0
Whitesands,whit1269,Austronesian,0.03157871552298792,1
Whitesands,whit1269,Austronesian,-0.030294952797004546,2
Whitesands,whit1269,Austronesian,-0.039177955554045595,3
Whitesands,whit1269,Austronesian,-0.010168313453017441,4
Whitesands,whit1269,Austronesian,-0.0014300712285597959,5
Whitesands,whit1269,Austronesian,-0.007434697813453688,6
Whitesands,whit1269,Austronesian,-0.02831929441247202,7
Whitesands,whit1269,Austronesian,-0.00655283171942758,8
Whitesands,whit1269,Austronesian,0.056562312595471426,9
Woleaian,wole1240,Austronesian,-0.038865947941961514,0
Woleaian,wole1240,Austronesian,-0.03281865958204119,1
Woleaian,wole1240,Austronesian,0.01980176217397373,2
Woleaian,wole1240,Austronesian,-0.08825411115446498,3
Woleaian,wole1240,Austronesian,-0.02209612283674916,4
Woleaian,wole1240,Austronesian,0.044954181586227604,5
Woleaian,wole1240,Austronesian,-0.04010248657677958,6
Woleaian,wole1240,Austronesian,0.06815108191915138,7
Woleaian,wole1240,Austronesian,0.04420316482224659,8
Woleaian,wole1240,Austronesian,0.07941783291826196,9
Yir-Yoront,yiry1245,Pama-Nyungan,-0.008888943336448688,0
Yir-Yoront,yiry1245,Pama-Nyungan,0.02296754195257427,1
Yir-Yoront,yiry1245,Pama-Nyungan,0.04328616847564166,2
Yir-Yoront,yiry1245,Pama-Nyungan,-0.01828265063937474,3
Yir-Yoront,yiry1245,Pama-Nyungan,0.017099241632319597,4
Yir-Yoront,yiry1245,Pama-Nyungan,0.033738779873039776,5
Yir-Yoront,yiry1245,Pama-Nyungan,0.030827191888145117,6
Yir-Yoront,yiry1245,Pama-Nyungan,-0.012251721569900894,7
Yir-Yoront,yiry1245,Pama-Nyungan,0.03567108825686208,8
Yir-Yoront,yiry1245,Pama-Nyungan,0.0033200165685258777,9
Totoli,toto1304,Austronesian,0.04708048147218678,0
Totoli,toto1304,Austronesian,-0.026892386418175623,1
Totoli,toto1304,Austronesian,0.012552108205241476,2
Totoli,toto1304,Austronesian,0.021616791722797762,3
Totoli,toto1304,Austronesian,0.0034248008060628983,4
Totoli,toto1304,Austronesian,0.006398595410244142,5
Totoli,toto1304,Austronesian,0.050194519627469694,6
Totoli,toto1304,Austronesian,-0.0067000353972301785,7
Totoli,toto1304,Austronesian,0.012169519183074198,8
Totoli,toto1304,Austronesian,0.002410249567423032,9
Pampanga,pamp1243,Austronesian,0.02034139929803947,0
Pampanga,pamp1243,Austronesian,0.06225457707093647,1
Pampanga,pamp1243,Austronesian,0.01691893733210241,2
Pampanga,pamp1243,Austronesian,0.05303853227999883,3
Pampanga,pamp1243,Austronesian,0.024294021010223682,4
Pampanga,pamp1243,Austronesian,-0.04509585151433637,5
Pampanga,pamp1243,Austronesian,0.04586064721053368,6
Pampanga,pamp1243,Austronesian,-0.010346801927837962,7
Pampanga,pamp1243,Austronesian,-0.018870573944841602,8
Pampanga,pamp1243,Austronesian,-0.003223202419914008,9
Atta,atta1244,Austronesian,0.0546908007774016,0
Atta,atta1244,Austronesian,-0.012976042127348757,1
Atta,atta1244,Austronesian,-0.004699679228619641,2
Atta,atta1244,Austronesian,-0.034223645667446956,3
Atta,atta1244,Austronesian,0.022960183245969962,4
Atta,atta1244,Austronesian,-0.03049991325034118,5
Atta,atta1244,Austronesian,0.019889696413710904,6
Atta,atta1244,Austronesian,0.008557551531521351,7
Atta,atta1244,Austronesian,-0.012185602180069779,8
Atta,atta1244,Austronesian,-0.05351156130219423,9
Abui,abui1241,,-0.022520695269441504,0
Abui,abui1241,,-0.007639035326727319,1
Abui,abui1241,,0.04313239007440986,2
Abui,abui1241,,0.024275269630109113,3
Abui,abui1241,,-0.021204184447634375,4
Abui,abui1241,,0.010407074132630437,5
Abui,abui1241,,0.00742981727146093,6
Abui,abui1241,,-0.00012926652271082369,7
Abui,abui1241,,-0.033723444655862495,8
Abui,abui1241,,-0.012430316613053213,9
Rejang,reja1240,Austronesian,-0.023269979149574727,0
Rejang,reja1240,Austronesian,-0.05460279550250563,1
Rejang,reja1240,Austronesian,0.010724102186715278,2
Rejang,reja1240,Austronesian,-0.041498927726040476,3
Rejang,reja1240,Austronesian,-0.022441838028875095,4
Rejang,reja1240,Austronesian,0.03818926970272603,5
Rejang,reja1240,Austronesian,-0.010889763091916733,6
Rejang,reja1240,Austronesian,0.0016982791554781451,7
Rejang,reja1240,Austronesian,0.014594662487354635,8
Rejang,reja1240,Austronesian,0.02254557865865324,9
Auslan,aust1271,,-0.00802592740365484,0
Auslan,aust1271,,0.005555602484424832,1
Auslan,aust1271,,0.03135596180867799,2
Auslan,aust1271,,-0.03453994697433492,3
Auslan,aust1271,,-0.014630017040965896,4
Auslan,aust1271,,-0.03529423846391333,5
Auslan,aust1271,,0.04231248128927809,6
Auslan,aust1271,,-0.0035271569418323942,7
Auslan,aust1271,,-0.0321495829153514,8
Auslan,aust1271,,-0.012654256704246553,9
Tokharian B,tokh1243,Indo-European,0.022474196814227538,0
Tokharian B,tokh1243,Indo-European,-0.08249247126890456,1
Tokharian B,tokh1243,Indo-European,0.045542158503250614,2
Tokharian B,tokh1243,Indo-European,-0.12255111650557891,3
Tokharian B,tokh1243,Indo-European,-0.11872540206109432,4
Tokharian B,tokh1243,Indo-European,-0.09964591809713179,5
Tokharian B,tokh1243,Indo-European,-0.01379427588220332,6
Tokharian B,tokh1243,Indo-European,0.030929193553333168,7
Tokharian B,tokh1243,Indo-European,-0.024407458127782423,8
Tokharian B,tokh1243,Indo-European,-0.0247421735391973,9
Jaru,jaru1254,Pama-Nyungan,-0.042642557471026195,0
Jaru,jaru1254,Pama-Nyungan,-0.02403545680179242,1
Jaru,jaru1254,Pama-Nyungan,-2.3420489474891272e-05,2
Jaru,jaru1254,Pama-Nyungan,0.025265253165243938,3
Jaru,jaru1254,Pama-Nyungan,0.0015528356423081162,4
Jaru,jaru1254,Pama-Nyungan,-0.024591922250567493,5
Jaru,jaru1254,Pama-Nyungan,0.02887264433276606,6
Jaru,jaru1254,Pama-Nyungan,0.03408341677610578,7
Jaru,jaru1254,Pama-Nyungan,-0.03010046220275516,8
Jaru,jaru1254,Pama-Nyungan,0.025335100630943866,9
Tagalog,taga1270,Austronesian,0.026927639710320007,0
Tagalog,taga1270,Austronesian,0.021826141582812642,1
Tagalog,taga1270,Austronesian,-0.02165653349012694,2
Tagalog,taga1270,Austronesian,0.01213762995214571,3
Tagalog,taga1270,Austronesian,0.032073084025525125,4
Tagalog,taga1270,Austronesian,0.046166032586914,5
Tagalog,taga1270,Austronesian,-0.016755163270716765,6
Tagalog,taga1270,Austronesian,0.026118029935989665,7
Tagalog,taga1270,Austronesian,-0.00477194984255081,8
Tagalog,taga1270,Austronesian,-0.01715159811574461,9
Old Norse,oldn1244,Indo-European,0.0016889250688553181,0
Old Norse,oldn1244,Indo-European,0.00461095126475471,1
Old Norse,oldn1244,Indo-European,0.005910712790583085,2
Old Norse,oldn1244,Indo-European,-0.015463467433204276,3
Old Norse,oldn1244,Indo-European,0.003354118634019505,4
Old Norse,oldn1244,Indo-European,0.010138362994209837,5
Old Norse,oldn1244,Indo-European,0.0012957490214543406,6
Old Norse,oldn1244,Indo-European,0.024850466727011702,7
Old Norse,oldn1244,Indo-European,0.002100704839405376,8
Old Norse,oldn1244,Indo-European,-0.018666028617979127,9
Warta Thuntai,gunt1241,,-0.06684145563519867,0
Warta Thuntai,gunt1241,,-0.08298445320808454,1
Warta Thuntai,gunt1241,,-0.042777270372948276,2
Warta Thuntai,gunt1241,,-0.03878052462765909,3
Warta Thuntai,gunt1241,,-0.0347544788299259,4
Warta Thuntai,gunt1241,,-0.10982063650069451,5
Warta Thuntai,gunt1241,,-0.01939233679487635,6
Warta Thuntai,gunt1241,,-0.011027635460377078,7
Warta Thuntai,gunt1241,,-0.08827406110270042,8
Warta Thuntai,gunt1241,,0.07805700016928546,9
Nogai,noga1249,Turkic,-0.005604853502651698,0
Nogai,noga1249,Turkic,-0.01971552734510424,1
Nogai,noga1249,Turkic,-0.0022693563668291904,2
Nogai,noga1249,Turkic,0.046006777774166716,3
Nogai,noga1249,Turkic,-0.012153521730918791,4
Nogai,noga1249,Turkic,-0.003924019586112595,5
Nogai,noga1249,Turkic,0.026344388906848773,6
Nogai,noga1249,Turkic,0.007220249531070633,7
Nogai,noga1249,Turkic,0.0025034553117519722,8
Nogai,noga1249,Turkic,0.00760581102268699,9
Blagar,blag1240,,0.014124170881549457,0
Blagar,blag1240,,-0.000116298368902427,1
Blagar,blag1240,,-0.016776562827179233,2
Blagar,blag1240,,0.04509478480729983,3
Blagar,blag1240,,0.0038841565132504375,4
Blagar,blag1240,,0.03627905093608706,5
Blagar,blag1240,,0.0019462034485426972,6
Blagar,blag1240,,0.013848552713692884,7
Blagar,blag1240,,0.007174304432756415,8
Blagar,blag1240,,0.004395334179810411,9
Kikuyu,kiku1240,Atlantic-Congo,-0.033703413623948845,0
Kikuyu,kiku1240,Atlantic-Congo,-0.02905562069679186,1
Kikuyu,kiku1240,Atlantic-Congo,-0.040714873868898,2
Kikuyu,kiku1240,Atlantic-Congo,0.023803875824146947,3
Kikuyu,kiku1240,Atlantic-Congo,-0.028112623586367257,4
Kikuyu,kiku1240,Atlantic-Congo,0.0034395819275758375,5
Kikuyu,kiku1240,Atlantic-Congo,0.008744799081696703,6
Kikuyu,kiku1240,Atlantic-Congo,-0.014945909965056374,7
Kikuyu,kiku1240,Atlantic-Congo,0.01622650650523815,8
Kikuyu,kiku1240,Atlantic-Congo,-0.018977808566137778,9
Meru,meru1245,Atlantic-Congo,-0.014996683451437011,0
Meru,meru1245,Atlantic-Congo,0.0013089051489043773,1
Meru,meru1245,Atlantic-Congo,-0.005893720930786438,2
Meru,meru1245,Atlantic-Congo,-0.008370682397589056,3
Meru,meru1245,Atlantic-Congo,0.0036525017539581523,4
Meru,meru1245,Atlantic-Congo,-0.028569661294938393,5
Meru,meru1245,Atlantic-Congo,-0.009193024375598184,6
Meru,meru1245,Atlantic-Congo,0.01588334934470159,7
Meru,meru1245,Atlantic-Congo,-0.003665560832566729,8
Meru,meru1245,Atlantic-Congo,-0.013475823564673826,9
Gigatl,giga1238,Nakh-Daghestanian,-0.05150948727829954,0
Gigatl,giga1238,Nakh-Daghestanian,-0.03434872941903895,1
Gigatl,giga1238,Nakh-Daghestanian,-0.03527185538702815,2
Gigatl,giga1238,Nakh-Daghestanian,0.014084644790312788,3
Gigatl,giga1238,Nakh-Daghestanian,0.012795552913255601,4
Gigatl,giga1238,Nakh-Daghestanian,-0.015033782220797503,5
Gigatl,giga1238,Nakh-Daghestanian,-0.01944930739248224,6
Gigatl,giga1238,Nakh-Daghestanian,-0.014158973118375036,7
Gigatl,giga1238,Nakh-Daghestanian,-0.004727851048289185,8
Gigatl,giga1238,Nakh-Daghestanian,-0.01196175598822085,9
Munsee,muns1251,Algic,0.025423630661179066,0
Munsee,muns1251,Algic,-0.0027948652329201407,1
Munsee,muns1251,Algic,-0.00997044196576536,2
Munsee,muns1251,Algic,0.0199800495854172,3
Munsee,muns1251,Algic,-0.01647515165926291,4
Munsee,muns1251,Algic,-0.018832958645237187,5
Munsee,muns1251,Algic,-0.022093917211239086,6
Munsee,muns1251,Algic,0.0463727168775482,7
Munsee,muns1251,Algic,-0.01211758327068727,8
Munsee,muns1251,Algic,0.06565461741845707,9
Zabana,zaba1237,Austronesian,-0.03990162638536374,0
Zabana,zaba1237,Austronesian,0.005635043187902716,1
Zabana,zaba1237,Austronesian,-0.040843879935438775,2
Zabana,zaba1237,Austronesian,0.009025025311939093,3
Zabana,zaba1237,Austronesian,-0.05210276162022594,4
Zabana,zaba1237,Austronesian,-0.0294153458587871,5
Zabana,zaba1237,Austronesian,-0.04479010369664588,6
Zabana,zaba1237,Austronesian,0.006732200034896225,7
Zabana,zaba1237,Austronesian,0.04582519522922363,8
Zabana,zaba1237,Austronesian,0.010998575865236936,9
Budukh,budu1248,Nakh-Daghestanian,0.021344695854588723,0
Budukh,budu1248,Nakh-Daghestanian,0.015754613223755733,1
Budukh,budu1248,Nakh-Daghestanian,0.009554322482518071,2
Budukh,budu1248,Nakh-Daghestanian,-0.004825517463096032,3
Budukh,budu1248,Nakh-Daghestanian,-0.026335812752915508,4
Budukh,budu1248,Nakh-Daghestanian,-0.0024789787832846114,5
Budukh,budu1248,Nakh-Daghestanian,-0.02277892562082768,6
Budukh,budu1248,Nakh-Daghestanian,-0.005807984128544189,7
Budukh,budu1248,Nakh-Daghestanian,0.011460517877993898,8
Budukh,budu1248,Nakh-Daghestanian,0.010736652289074656,9
Southern Cook Island Maori,raro1241,Austronesian,-0.005277861077554056,0
Southern Cook Island Maori,raro1241,Austronesian,-0.027158991617774044,1
Southern Cook Island Maori,raro1241,Austronesian,-0.009703231536218113,2
Southern Cook Island Maori,raro1241,Austronesian,-0.02154244182051133,3
Southern Cook Island Maori,raro1241,Austronesian,0.008490809072187229,4
Southern Cook Island Maori,raro1241,Austronesian,0.009517441594116553,5
Southern Cook Island Maori,raro1241,Austronesian,-0.002004794064657287,6
Southern Cook Island Maori,raro1241,Austronesian,-0.020024568372588945,7
Southern Cook Island Maori,raro1241,Austronesian,0.008433463324507026,8
Southern Cook Island Maori,raro1241,Austronesian,-0.011738793573503494,9
Tapirapé,tapi1254,Tupian,0.05031593814820971,0
Tapirapé,tapi1254,Tupian,0.02431244669860014,1
Tapirapé,tapi1254,Tupian,-0.005326516781829554,2
Tapirapé,tapi1254,Tupian,0.04048456744272538,3
Tapirapé,tapi1254,Tupian,0.011688347777023102,4
Tapirapé,tapi1254,Tupian,0.003986099659518691,5
Tapirapé,tapi1254,Tupian,0.05510394615380348,6
Tapirapé,tapi1254,Tupian,0.015556712000071131,7
Tapirapé,tapi1254,Tupian,-0.04759297195673133,8
Tapirapé,tapi1254,Tupian,0.016167642483902775,9
Peoria,peor1238,Algic,0.011613672187830281,0
Peoria,peor1238,Algic,-0.035997868050866674,1
Peoria,peor1238,Algic,0.05125612900192003,2
Peoria,peor1238,Algic,-0.03098705236913999,3
Peoria,peor1238,Algic,0.032934258842000234,4
Peoria,peor1238,Algic,0.03366181973724543,5
Peoria,peor1238,Algic,-0.019410046897341313,6
Peoria,peor1238,Algic,-0.03424181050338495,7
Peoria,peor1238,Algic,0.013673114527030381,8
Peoria,peor1238,Algic,-0.016013221467898624,9
Brunei-Sabah Malay,saba1263,Austronesian,0.02379051405142854,0
Brunei-Sabah Malay,saba1263,Austronesian,0.008908733312978784,1
Brunei-Sabah Malay,saba1263,Austronesian,0.012583745380687773,2
Brunei-Sabah Malay,saba1263,Austronesian,0.026156406709110576,3
Brunei-Sabah Malay,saba1263,Austronesian,0.0034195477289145535,4
Brunei-Sabah Malay,saba1263,Austronesian,-0.006047169879669937,5
Brunei-Sabah Malay,saba1263,Austronesian,-0.007137015381131051,6
Brunei-Sabah Malay,saba1263,Austronesian,-0.0208427722505657,7
Brunei-Sabah Malay,saba1263,Austronesian,-0.017060935106255486,8
Brunei-Sabah Malay,saba1263,Austronesian,-0.016176244319452623,9
Northern Gondi,nort2702,Dravidian,-0.04168354586200351,0
Northern Gondi,nort2702,Dravidian,0.04565625088820731,1
Northern Gondi,nort2702,Dravidian,-0.024121746608012282,2
Northern Gondi,nort2702,Dravidian,0.007767535566404779,3
Northern Gondi,nort2702,Dravidian,0.01868047609043984,4
Northern Gondi,nort2702,Dravidian,0.021313610850362562,5
Northern Gondi,nort2702,Dravidian,-0.012768952151328443,6
Northern Gondi,nort2702,Dravidian,0.00477163536774977,7
Northern Gondi,nort2702,Dravidian,-0.02908143807698439,8
Northern Gondi,nort2702,Dravidian,0.036707486034298034,9
Trumai,trum1247,,0.00135925650373899,0
Trumai,trum1247,,0.013896917025451748,1
Trumai,trum1247,,0.025062925018024967,2
Trumai,trum1247,,0.06606519938462992,3
Trumai,trum1247,,-0.01066118437826653,4
Trumai,trum1247,,-0.02366113689491206,5
Trumai,trum1247,,-0.014646229411855612,6
Trumai,trum1247,,-0.01457578251609982,7
Trumai,trum1247,,-0.0024928603910125973,8
Trumai,trum1247,,0.0021371041262900755,9
Alamblak,alam1246,Sepik,-0.01568282148918284,0
Alamblak,alam1246,Sepik,-0.012551659947210067,1
Alamblak,alam1246,Sepik,-0.02898621455554274,2
Alamblak,alam1246,Sepik,-0.04830612363720986,3
Alamblak,alam1246,Sepik,0.019077846290470213,4
Alamblak,alam1246,Sepik,-0.02883892896191214,5
Alamblak,alam1246,Sepik,0.033283140554198884,6
Alamblak,alam1246,Sepik,-0.02970398026050642,7
Alamblak,alam1246,Sepik,-0.014647671156178673,8
Alamblak,alam1246,Sepik,-0.00062464704870689,9
Zulu,zulu1248,Atlantic-Congo,-0.022812549355634003,0
Zulu,zulu1248,Atlantic-Congo,-0.04720954203163044,1
Zulu,zulu1248,Atlantic-Congo,0.0008285075193969712,2
Zulu,zulu1248,Atlantic-Congo,0.03295335685985222,3
Zulu,zulu1248,Atlantic-Congo,0.0356265069760061,4
Zulu,zulu1248,Atlantic-Congo,-0.00340886583510357,5
Zulu,zulu1248,Atlantic-Congo,-0.011535413890711707,6
Zulu,zulu1248,Atlantic-Congo,-0.034374780351259585,7
Zulu,zulu1248,Atlantic-Congo,0.0010359676759017764,8
Zulu,zulu1248,Atlantic-Congo,-0.00051483350431209,9
Brooke's Point Palawano,broo1239,Austronesian,-0.03472243387332066,0
Brooke's Point Palawano,broo1239,Austronesian,-0.030285155296244246,1
Brooke's Point Palawano,broo1239,Austronesian,-0.005243709426285125,2
Brooke's Point Palawano,broo1239,Austronesian,0.00192087184700211,3
Brooke's Point Palawano,broo1239,Austronesian,-0.032583444757874294,4
Brooke's Point Palawano,broo1239,Austronesian,-0.017891094115399353,5
Brooke's Point Palawano,broo1239,Austronesian,-0.006816642404869761,6
Brooke's Point Palawano,broo1239,Austronesian,-0.032076600034585775,7
Brooke's Point Palawano,broo1239,Austronesian,0.007782463040234161,8
Brooke's Point Palawano,broo1239,Austronesian,0.04160250097025429,9
Arosi,aros1241,Austronesian,0.03002469866777715,0
Arosi,aros1241,Austronesian,-0.018430347162494518,1
Arosi,aros1241,Austronesian,-0.01776554114990751,2
Arosi,aros1241,Austronesian,-0.0266272153590479,3
Arosi,aros1241,Austronesian,0.0002856086805512848,4
Arosi,aros1241,Austronesian,-0.001533777019448808,5
Arosi,aros1241,Austronesian,-0.022374743237051794,6
Arosi,aros1241,Austronesian,-0.018608892030661742,7
Arosi,aros1241,Austronesian,0.061006212383562616,8
Arosi,aros1241,Austronesian,-0.030728814075382957,9
Sula,sula1245,Austronesian,-0.023169554786092412,0
Sula,sula1245,Austronesian,-0.007038976475831294,1
Sula,sula1245,Austronesian,-0.007927328566333283,2
Sula,sula1245,Austronesian,0.04007650157108467,3
Sula,sula1245,Austronesian,0.0052313547328180394,4
Sula,sula1245,Austronesian,0.08069172387673154,5
Sula,sula1245,Austronesian,-0.0007185949759275604,6
Sula,sula1245,Austronesian,0.03989314998488785,7
Sula,sula1245,Austronesian,-0.03628882736868594,8
Sula,sula1245,Austronesian,-0.033048401547851707,9
Fe'fe',fefe1239,Atlantic-Congo,0.00619521447528889,0
Fe'fe',fefe1239,Atlantic-Congo,-0.0008565683141735844,1
Fe'fe',fefe1239,Atlantic-Congo,-0.050697360581850766,2
Fe'fe',fefe1239,Atlantic-Congo,-0.0646584343098912,3
Fe'fe',fefe1239,Atlantic-Congo,-0.02061938459723423,4
Fe'fe',fefe1239,Atlantic-Congo,-0.06173276803015572,5
Fe'fe',fefe1239,Atlantic-Congo,-0.01629313512317805,6
Fe'fe',fefe1239,Atlantic-Congo,0.0009196459619336697,7
Fe'fe',fefe1239,Atlantic-Congo,-0.03410260432263095,8
Fe'fe',fefe1239,Atlantic-Congo,0.03718827012404126,9
North Muyu,nort2916,Nuclear Trans New Guinea,-0.003740742360613755,0
North Muyu,nort2916,Nuclear Trans New Guinea,-0.004146607561771408,1
North Muyu,nort2916,Nuclear Trans New Guinea,-0.016317084606139298,2
North Muyu,nort2916,Nuclear Trans New Guinea,-0.018093010232059715,3
North Muyu,nort2916,Nuclear Trans New Guinea,0.002794402064691844,4
North Muyu,nort2916,Nuclear Trans New Guinea,0.05479627033135762,5
North Muyu,nort2916,Nuclear Trans New Guinea,0.0008367037639507355,6
North Muyu,nort2916,Nuclear Trans New Guinea,-0.0011574164227750054,7
North Muyu,nort2916,Nuclear Trans New Guinea,-0.01790530696319578,8
North Muyu,nort2916,Nuclear Trans New Guinea,-0.021955536185715545,9
Movono,tang1347,Austronesian,-0.13166719155140827,0
Movono,tang1347,Austronesian,-0.16625062617939318,1
Movono,tang1347,Austronesian,-0.06704906727732296,2
Movono,tang1347,Austronesian,0.07998317762046478,3
Movono,tang1347,Austronesian,-0.0545602500165812,4
Movono,tang1347,Austronesian,0.08758546473106409,5
Movono,tang1347,Austronesian,0.005198689008667573,6
Movono,tang1347,Austronesian,-0.014484290126825769,7
Movono,tang1347,Austronesian,0.05177107957551595,8
Movono,tang1347,Austronesian,-0.02095753830273555,9
Sundanese,sund1252,Austronesian,0.02324744080844473,0
Sundanese,sund1252,Austronesian,0.05706361789569914,1
Sundanese,sund1252,Austronesian,-0.012579715344145554,2
Sundanese,sund1252,Austronesian,-0.017910616690503645,3
Sundanese,sund1252,Austronesian,-0.034136034222667505,4
Sundanese,sund1252,Austronesian,-0.02344283446135373,5
Sundanese,sund1252,Austronesian,-0.03830490756602732,6
Sundanese,sund1252,Austronesian,0.0013209005625292054,7
Sundanese,sund1252,Austronesian,0.02987689828535963,8
Sundanese,sund1252,Austronesian,-0.0043183610138061174,9
Luiseno-Juaneño,luis1253,Uto-Aztecan,-0.040929489722597814,0
Luiseno-Juaneño,luis1253,Uto-Aztecan,0.02327249650971358,1
Luiseno-Juaneño,luis1253,Uto-Aztecan,0.013873761460975886,2
Luiseno-Juaneño,luis1253,Uto-Aztecan,-0.0490588038545925,3
Luiseno-Juaneño,luis1253,Uto-Aztecan,0.017999612239085305,4
Luiseno-Juaneño,luis1253,Uto-Aztecan,-0.03954209879961752,5
Luiseno-Juaneño,luis1253,Uto-Aztecan,-0.03515112305863659,6
Luiseno-Juaneño,luis1253,Uto-Aztecan,-0.018601717263475214,7
Luiseno-Juaneño,luis1253,Uto-Aztecan,0.04108275644154647,8
Luiseno-Juaneño,luis1253,Uto-Aztecan,0.014939915472283165,9
Ganggalida,gang1267,,0.004499422038335124,0
Ganggalida,gang1267,,0.016525956213751233,1
Ganggalida,gang1267,,0.004024404796818829,2
Ganggalida,gang1267,,-0.011360643471636003,3
Ganggalida,gang1267,,-0.02030094313280442,4
Ganggalida,gang1267,,0.051357765552483725,5
Ganggalida,gang1267,,0.005577545060309219,6
Ganggalida,gang1267,,0.02337711096354131,7
Ganggalida,gang1267,,0.0043049748029211354,8
Ganggalida,gang1267,,-0.02998958818238927,9
Kaure-Narau,kaur1271,Kaure-Narau,0.01347181782881728,0
Kaure-Narau,kaur1271,Kaure-Narau,-0.003590675377865319,1
Kaure-Narau,kaur1271,Kaure-Narau,0.03663597493952321,2
Kaure-Narau,kaur1271,Kaure-Narau,0.011139822997709985,3
Kaure-Narau,kaur1271,Kaure-Narau,-0.039502301597900566,4
Kaure-Narau,kaur1271,Kaure-Narau,0.03753937999427351,5
Kaure-Narau,kaur1271,Kaure-Narau,0.030981253807132222,6
Kaure-Narau,kaur1271,Kaure-Narau,0.005199675371610526,7
Kaure-Narau,kaur1271,Kaure-Narau,0.0055111645757229015,8
Kaure-Narau,kaur1271,Kaure-Narau,0.0021727886980391466,9
Tupinambá,tupi1273,Tupian,0.06785628367728087,0
Tupinambá,tupi1273,Tupian,0.04893996451329395,1
Tupinambá,tupi1273,Tupian,-0.025593680065173426,2
Tupinambá,tupi1273,Tupian,-0.004992398247154966,3
Tupinambá,tupi1273,Tupian,0.018084399537952708,4
Tupinambá,tupi1273,Tupian,0.02956420555458574,5
Tupinambá,tupi1273,Tupian,0.0010951820467627001,6
Tupinambá,tupi1273,Tupian,0.005077287663392856,7
Tupinambá,tupi1273,Tupian,0.04537140459997964,8
Tupinambá,tupi1273,Tupian,-0.038535725090027714,9
Kosraean,kosr1238,Austronesian,-0.010688907021584305,0
Kosraean,kosr1238,Austronesian,0.01996660296913875,1
Kosraean,kosr1238,Austronesian,0.006873817192644998,2
Kosraean,kosr1238,Austronesian,-0.006562347000968227,3
Kosraean,kosr1238,Austronesian,0.012055932149938314,4
Kosraean,kosr1238,Austronesian,-0.030546594697276063,5
Kosraean,kosr1238,Austronesian,-0.04132722184319207,6
Kosraean,kosr1238,Austronesian,-0.03218597751247587,7
Kosraean,kosr1238,Austronesian,-0.00025176940789974674,8
Kosraean,kosr1238,Austronesian,-0.008067513837027989,9
Wulguru,wulg1239,Pama-Nyungan,-0.0028248600636578435,0
Wulguru,wulg1239,Pama-Nyungan,0.03937650206327806,1
Wulguru,wulg1239,Pama-Nyungan,-0.029336288446049873,2
Wulguru,wulg1239,Pama-Nyungan,0.04098847287041308,3
Wulguru,wulg1239,Pama-Nyungan,-0.045263277439420026,4
Wulguru,wulg1239,Pama-Nyungan,-0.006708991447197285,5
Wulguru,wulg1239,Pama-Nyungan,-0.0052938448331033075,6
Wulguru,wulg1239,Pama-Nyungan,0.014235053929682438,7
Wulguru,wulg1239,Pama-Nyungan,-0.029630825537108888,8
Wulguru,wulg1239,Pama-Nyungan,-0.017046596631890204,9
Sirionó,siri1273,Tupian,-0.003285638079914101,0
Sirionó,siri1273,Tupian,0.0317094306281855,1
Sirionó,siri1273,Tupian,0.004115095705353187,2
Sirionó,siri1273,Tupian,0.005923699354006673,3
Sirionó,siri1273,Tupian,-0.0039973417228684905,4
Sirionó,siri1273,Tupian,-0.004685316575047328,5
Sirionó,siri1273,Tupian,-0.016091835627158053,6
Sirionó,siri1273,Tupian,0.011910484895856641,7
Sirionó,siri1273,Tupian,-0.0021993531051195322,8
Sirionó,siri1273,Tupian,0.04138130225762911,9
Southern Paiute,sout2969,Uto-Aztecan,-0.016997918519070485,0
Southern Paiute,sout2969,Uto-Aztecan,0.056367395818732256,1
Southern Paiute,sout2969,Uto-Aztecan,0.033934033174808476,2
Southern Paiute,sout2969,Uto-Aztecan,-0.021347370060172736,3
Southern Paiute,sout2969,Uto-Aztecan,-0.0451299152821821,4
Southern Paiute,sout2969,Uto-Aztecan,-0.0192806313144778,5
Southern Paiute,sout2969,Uto-Aztecan,-0.009984134128447755,6
Southern Paiute,sout2969,Uto-Aztecan,-0.03587831375210482,7
Southern Paiute,sout2969,Uto-Aztecan,-0.011660096263489699,8
Southern Paiute,sout2969,Uto-Aztecan,0.0680968280827347,9
Serrano,serr1255,Uto-Aztecan,0.014362424624728117,0
Serrano,serr1255,Uto-Aztecan,0.002416406979582661,1
Serrano,serr1255,Uto-Aztecan,-0.015407949496751786,2
Serrano,serr1255,Uto-Aztecan,-0.012732484973391647,3
Serrano,serr1255,Uto-Aztecan,-0.002669793740891913,4
Serrano,serr1255,Uto-Aztecan,0.02355185528470524,5
Serrano,serr1255,Uto-Aztecan,-0.0037593899448499684,6
Serrano,serr1255,Uto-Aztecan,0.0008669727055566079,7
Serrano,serr1255,Uto-Aztecan,0.019516760789162788,8
Serrano,serr1255,Uto-Aztecan,0.026713715150244004,9
Lala-Bisa,lala1264,Atlantic-Congo,-0.023564746704364276,0
Lala-Bisa,lala1264,Atlantic-Congo,0.004830347142147445,1
Lala-Bisa,lala1264,Atlantic-Congo,0.013887710636444232,2
Lala-Bisa,lala1264,Atlantic-Congo,0.007866871131207927,3
Lala-Bisa,lala1264,Atlantic-Congo,-0.03556827079303149,4
Lala-Bisa,lala1264,Atlantic-Congo,-0.026551969116426474,5
Lala-Bisa,lala1264,Atlantic-Congo,-0.03570952633279991,6
Lala-Bisa,lala1264,Atlantic-Congo,0.03184032596688062,7
Lala-Bisa,lala1264,Atlantic-Congo,0.0005294014842646263,8
Lala-Bisa,lala1264,Atlantic-Congo,0.018528910759609604,9
Pwo,pwoo1239,Sino-Tibetan,-0.016614664729848884,0
Pwo,pwoo1239,Sino-Tibetan,-0.024563461423316422,1
Pwo,pwoo1239,Sino-Tibetan,-0.005917192332133382,2
Pwo,pwoo1239,Sino-Tibetan,-0.029097937030888,3
Pwo,pwoo1239,Sino-Tibetan,-0.010024039996334255,4
Pwo,pwoo1239,Sino-Tibetan,0.004685987700374321,5
Pwo,pwoo1239,Sino-Tibetan,-0.00432741995858105,6
Pwo,pwoo1239,Sino-Tibetan,-0.019094335153099794,7
Pwo,pwoo1239,Sino-Tibetan,0.0030089138037400235,8
Pwo,pwoo1239,Sino-Tibetan,-0.00234198485293015,9
Hungarian,hung1274,Uralic,0.04793293780717543,0
Hungarian,hung1274,Uralic,-0.013347669106146098,1
Hungarian,hung1274,Uralic,0.04569476048082524,2
Hungarian,hung1274,Uralic,-0.023591029744992897,3
Hungarian,hung1274,Uralic,0.010872944576067972,4
Hungarian,hung1274,Uralic,0.009845085747248607,5
Hungarian,hung1274,Uralic,0.0012441986602141379,6
Hungarian,hung1274,Uralic,-0.032956125967217274,7
Hungarian,hung1274,Uralic,0.02799296418733943,8
Hungarian,hung1274,Uralic,-0.04385770107087815,9
Moselle Franconian,luxe1241,Indo-European,-0.022617689254794272,0
Moselle Franconian,luxe1241,Indo-European,0.02430947780203311,1
Moselle Franconian,luxe1241,Indo-European,-0.04379698695597469,2
Moselle Franconian,luxe1241,Indo-European,0.010614068294056415,3
Moselle Franconian,luxe1241,Indo-European,0.03630234931657025,4
Moselle Franconian,luxe1241,Indo-European,0.010779682061484795,5
Moselle Franconian,luxe1241,Indo-European,0.007894985460893554,6
Moselle Franconian,luxe1241,Indo-European,0.01927222589990655,7
Moselle Franconian,luxe1241,Indo-European,-0.03524719837997903,8
Moselle Franconian,luxe1241,Indo-European,0.005370635984383837,9
Central Tarahumara,cent2131,Uto-Aztecan,-0.04866592811784449,0
Central Tarahumara,cent2131,Uto-Aztecan,-0.006910249192170585,1
Central Tarahumara,cent2131,Uto-Aztecan,-0.035225947120027044,2
Central Tarahumara,cent2131,Uto-Aztecan,-0.02897013638030759,3
Central Tarahumara,cent2131,Uto-Aztecan,-0.005738047490842584,4
Central Tarahumara,cent2131,Uto-Aztecan,-0.03895477669370708,5
Central Tarahumara,cent2131,Uto-Aztecan,0.016076963610818167,6
Central Tarahumara,cent2131,Uto-Aztecan,0.01597842662032313,7
Central Tarahumara,cent2131,Uto-Aztecan,0.005709163017375717,8
Central Tarahumara,cent2131,Uto-Aztecan,0.013601176259541319,9
Chokwe,chok1245,Atlantic-Congo,0.011261052454226195,0
Chokwe,chok1245,Atlantic-Congo,0.008851651065825123,1
Chokwe,chok1245,Atlantic-Congo,0.009290070722211096,2
Chokwe,chok1245,Atlantic-Congo,-0.008195997154739761,3
Chokwe,chok1245,Atlantic-Congo,0.048459439812149764,4
Chokwe,chok1245,Atlantic-Congo,0.0038945639041544633,5
Chokwe,chok1245,Atlantic-Congo,0.014445951891227979,6
Chokwe,chok1245,Atlantic-Congo,-0.010836798965534765,7
Chokwe,chok1245,Atlantic-Congo,-0.001210552251060279,8
Chokwe,chok1245,Atlantic-Congo,0.0039027156390393797,9
Potawatomi,pota1247,Algic,0.00715796611147362,0
Potawatomi,pota1247,Algic,-0.028756991274641083,1
Potawatomi,pota1247,Algic,-0.0014223559845754487,2
Potawatomi,pota1247,Algic,0.013499056731927951,3
Potawatomi,pota1247,Algic,0.00262210041263106,4
Potawatomi,pota1247,Algic,0.0015312726916726423,5
Potawatomi,pota1247,Algic,0.031133660326819152,6
Potawatomi,pota1247,Algic,-0.043738611453263805,7
Potawatomi,pota1247,Algic,-0.008294590901491402,8
Potawatomi,pota1247,Algic,0.00019722455805458298,9
Olal,olal1237,Austronesian,-0.013611247919119517,0
Olal,olal1237,Austronesian,-0.056741355684958666,1
Olal,olal1237,Austronesian,-0.02530516347620809,2
Olal,olal1237,Austronesian,0.026539287408574277,3
Olal,olal1237,Austronesian,0.02829572811410235,4
Olal,olal1237,Austronesian,0.0005542655652932275,5
Olal,olal1237,Austronesian,-0.021135608067728,6
Olal,olal1237,Austronesian,0.03707360980592247,7
Olal,olal1237,Austronesian,-0.024063168950219153,8
Olal,olal1237,Austronesian,-0.031124655553803688,9
Tsonga,tson1249,Atlantic-Congo,-0.030736196823184847,0
Tsonga,tson1249,Atlantic-Congo,0.005856829394910711,1
Tsonga,tson1249,Atlantic-Congo,0.029648515899529684,2
Tsonga,tson1249,Atlantic-Congo,-0.006907010629576019,3
Tsonga,tson1249,Atlantic-Congo,0.023088551199155177,4
Tsonga,tson1249,Atlantic-Congo,-0.01847406586447726,5
Tsonga,tson1249,Atlantic-Congo,0.0004073809068153144,6
Tsonga,tson1249,Atlantic-Congo,0.024142776999933543,7
Tsonga,tson1249,Atlantic-Congo,0.02982205653865911,8
Tsonga,tson1249,Atlantic-Congo,0.00011255355376997133,9
Njebi,njeb1242,Atlantic-Congo,0.056682732878247925,0
Njebi,njeb1242,Atlantic-Congo,-0.038121712898958,1
Njebi,njeb1242,Atlantic-Congo,0.044378210423448285,2
Njebi,njeb1242,Atlantic-Congo,0.01714153549051053,3
Njebi,njeb1242,Atlantic-Congo,-0.01222370734665717,4
Njebi,njeb1242,Atlantic-Congo,-0.06372842196686913,5
Njebi,njeb1242,Atlantic-Congo,0.031778107152575,6
Njebi,njeb1242,Atlantic-Congo,0.022405627713928556,7
Njebi,njeb1242,Atlantic-Congo,0.03744081652745516,8
Njebi,njeb1242,Atlantic-Congo,-0.06705102768456754,9
Ems-Weser Frisian,sate1242,Indo-European,0.016581888166796788,0
Ems-Weser Frisian,sate1242,Indo-European,-0.0015937849848924063,1
Ems-Weser Frisian,sate1242,Indo-European,-0.01570310452341594,2
Ems-Weser Frisian,sate1242,Indo-European,8.200397766259908e-05,3
Ems-Weser Frisian,sate1242,Indo-European,-0.015302327353654608,4
Ems-Weser Frisian,sate1242,Indo-European,-0.00023865398564436443,5
Ems-Weser Frisian,sate1242,Indo-European,0.022089320968522397,6
Ems-Weser Frisian,sate1242,Indo-European,0.025828501765533758,7
Ems-Weser Frisian,sate1242,Indo-European,-0.0017543563803393393,8
Ems-Weser Frisian,sate1242,Indo-European,0.028110458290516026,9
Samoan,samo1305,Austronesian,-0.022253152079392168,0
Samoan,samo1305,Austronesian,-0.017968628999958082,1
Samoan,samo1305,Austronesian,-0.041832988023343266,2
Samoan,samo1305,Austronesian,0.03193319417025052,3
Samoan,samo1305,Austronesian,-0.025696081341597878,4
Samoan,samo1305,Austronesian,0.018117092431038085,5
Samoan,samo1305,Austronesian,-0.03461106552522222,6
Samoan,samo1305,Austronesian,-0.005904604491158134,7
Samoan,samo1305,Austronesian,-0.03515389822729451,8
Samoan,samo1305,Austronesian,0.04791956328648631,9
Sangu (Tanzania),sang1330,Atlantic-Congo,-0.013144433592289001,0
Sangu (Tanzania),sang1330,Atlantic-Congo,-0.00017273514332348012,1
Sangu (Tanzania),sang1330,Atlantic-Congo,0.04008415554430723,2
Sangu (Tanzania),sang1330,Atlantic-Congo,0.00389743071924206,3
Sangu (Tanzania),sang1330,Atlantic-Congo,-0.027936648702718402,4
Sangu (Tanzania),sang1330,Atlantic-Congo,-0.022827414384979462,5
Sangu (Tanzania),sang1330,Atlantic-Congo,-0.03144794764273192,6
Sangu (Tanzania),sang1330,Atlantic-Congo,-0.02366825268489885,7
Sangu (Tanzania),sang1330,Atlantic-Congo,0.005143786769776147,8
Sangu (Tanzania),sang1330,Atlantic-Congo,-0.005115226198083837,9
Adnyamathanha,adny1235,Pama-Nyungan,0.14510375093022243,0
Adnyamathanha,adny1235,Pama-Nyungan,-0.016848819819030105,1
Adnyamathanha,adny1235,Pama-Nyungan,0.024559022650784697,2
Adnyamathanha,adny1235,Pama-Nyungan,0.02141044481673199,3
Adnyamathanha,adny1235,Pama-Nyungan,-0.012311313653310011,4
Adnyamathanha,adny1235,Pama-Nyungan,-0.03357880455519096,5
Adnyamathanha,adny1235,Pama-Nyungan,-0.029757514801875384,6
Adnyamathanha,adny1235,Pama-Nyungan,-0.04323146587652264,7
Adnyamathanha,adny1235,Pama-Nyungan,0.020200121581000728,8
Adnyamathanha,adny1235,Pama-Nyungan,-0.018692747215291235,9
Bacanese Malay,baca1243,Austronesian,0.08321074209709972,0
Bacanese Malay,baca1243,Austronesian,0.03905182297451562,1
Bacanese Malay,baca1243,Austronesian,0.028956635602418207,2
Bacanese Malay,baca1243,Austronesian,-0.03806567808187267,3
Bacanese Malay,baca1243,Austronesian,0.09798518152939657,4
Bacanese Malay,baca1243,Austronesian,-0.03292446443496149,5
Bacanese Malay,baca1243,Austronesian,0.007607877056372736,6
Bacanese Malay,baca1243,Austronesian,-0.04634972467110484,7
Bacanese Malay,baca1243,Austronesian,-0.05042005068204484,8
Bacanese Malay,baca1243,Austronesian,-0.0324366268734041,9
Javanese,java1254,Austronesian,-0.029051721850010172,0
Javanese,java1254,Austronesian,0.01325572265099522,1
Javanese,java1254,Austronesian,-0.014118054296550428,2
Javanese,java1254,Austronesian,-0.0005491306662031819,3
Javanese,java1254,Austronesian,0.08498302466134056,4
Javanese,java1254,Austronesian,-0.017269447608800816,5
Javanese,java1254,Austronesian,-0.04645003862634221,6
Javanese,java1254,Austronesian,-0.01614402452009856,7
Javanese,java1254,Austronesian,0.04944491615751473,8
Javanese,java1254,Austronesian,0.04359394824822631,9
Cogui,cogu1240,,0.01332106588524623,0
Cogui,cogu1240,,-0.00690333054918691,1
Cogui,cogu1240,,-0.007200440137132507,2
Cogui,cogu1240,,8.600677297842044e-06,3
Cogui,cogu1240,,-0.029219048371501667,4
Cogui,cogu1240,,-0.02203388253399908,5
Cogui,cogu1240,,-0.00807311638153407,6
Cogui,cogu1240,,0.05829832183705776,7
Cogui,cogu1240,,-0.036476972781594244,8
Cogui,cogu1240,,-0.024898914352963732,9
Acehnese,achi1257,Austronesian,-0.00190589068302233,0
Acehnese,achi1257,Austronesian,-0.016961843039640722,1
Acehnese,achi1257,Austronesian,0.042164048968052786,2
Acehnese,achi1257,Austronesian,0.0276107931426023,3
Acehnese,achi1257,Austronesian,0.005454953631018959,4
Acehnese,achi1257,Austronesian,-0.02991930578472002,5
Acehnese,achi1257,Austronesian,0.013037777607364267,6
Acehnese,achi1257,Austronesian,0.020402570384144496,7
Acehnese,achi1257,Austronesian,-0.013401927132887601,8
Acehnese,achi1257,Austronesian,0.01869346563412047,9
Kanum,kanu1280,,-0.4999999999999999,0
Kanum,kanu1280,,-0.5,1
Kanum,kanu1280,,0.9999999999999999,2
Kanum,kanu1280,,-0.5,3
Kanum,kanu1280,,-0.5,4
Kanum,kanu1280,,-0.4999999999999999,5
Kanum,kanu1280,,0.9999999999999999,6
Kanum,kanu1280,,-0.4999999999999999,7
Kanum,kanu1280,,0.9999999999999999,8
Kanum,kanu1280,,-0.4999999999999999,9
Mungaka,mung1266,Atlantic-Congo,-0.002502790121581203,0
Mungaka,mung1266,Atlantic-Congo,0.04255549470440155,1
Mungaka,mung1266,Atlantic-Congo,-0.043200948821978065,2
Mungaka,mung1266,Atlantic-Congo,0.04419495660937871,3
Mungaka,mung1266,Atlantic-Congo,0.010920294385443119,4
Mungaka,mung1266,Atlantic-Congo,0.022162525186887518,5
Mungaka,mung1266,Atlantic-Congo,-0.02864506143593709,6
Mungaka,mung1266,Atlantic-Congo,-0.00015885410635620793,7
Mungaka,mung1266,Atlantic-Congo,-0.018339696318205957,8
Mungaka,mung1266,Atlantic-Congo,0.0043301644609103455,9
Matukar,matu1261,Austronesian,-0.0003102230300281732,0
Matukar,matu1261,Austronesian,0.03230475431847246,1
Matukar,matu1261,Austronesian,0.023663421524875876,2
Matukar,matu1261,Austronesian,-0.01905769162978707,3
Matukar,matu1261,Austronesian,-0.01459001140796672,4
Matukar,matu1261,Austronesian,-0.011369592855655822,5
Matukar,matu1261,Austronesian,-0.03785076094420293,6
Matukar,matu1261,Austronesian,-0.013622797668187771,7
Matukar,matu1261,Austronesian,-0.0471709209184894,8
Matukar,matu1261,Austronesian,0.02244847169703637,9
Sangtam Naga,sang1321,Sino-Tibetan,-0.01923974651931022,0
Sangtam Naga,sang1321,Sino-Tibetan,-0.04113963991872559,1
Sangtam Naga,sang1321,Sino-Tibetan,-0.02673299195124293,2
Sangtam Naga,sang1321,Sino-Tibetan,-0.005668884905824296,3
Sangtam Naga,sang1321,Sino-Tibetan,-0.004381060813400374,4
Sangtam Naga,sang1321,Sino-Tibetan,-0.03837297648822342,5
Sangtam Naga,sang1321,Sino-Tibetan,0.02687202497242239,6
Sangtam Naga,sang1321,Sino-Tibetan,0.008306593783533382,7
Sangtam Naga,sang1321,Sino-Tibetan,0.011242422616249068,8
Sangtam Naga,sang1321,Sino-Tibetan,0.015205410187295546,9
Hewa,hewa1241,Sepik,0.0683174229623392,0
Hewa,hewa1241,Sepik,-0.004871848328134313,1
Hewa,hewa1241,Sepik,-0.026470457055138716,2
Hewa,hewa1241,Sepik,0.005074872627174971,3
Hewa,hewa1241,Sepik,-0.01798144446368652,4
Hewa,hewa1241,Sepik,0.009026464076109665,5
Hewa,hewa1241,Sepik,-0.027984501864119785,6
Hewa,hewa1241,Sepik,0.009557387803750234,7
Hewa,hewa1241,Sepik,0.02035735947940253,8
Hewa,hewa1241,Sepik,-0.0024907093446795295,9
Kamba (Kenya),kamb1297,Atlantic-Congo,-0.036216544999107626,0
Kamba (Kenya),kamb1297,Atlantic-Congo,0.026864939647822404,1
Kamba (Kenya),kamb1297,Atlantic-Congo,0.043127837002202275,2
Kamba (Kenya),kamb1297,Atlantic-Congo,0.00863330402783987,3
Kamba (Kenya),kamb1297,Atlantic-Congo,0.06374126836588742,4
Kamba (Kenya),kamb1297,Atlantic-Congo,-0.00545278908776845,5
Kamba (Kenya),kamb1297,Atlantic-Congo,0.0177550119381997,6
Kamba (Kenya),kamb1297,Atlantic-Congo,-0.03152046242423111,7
Kamba (Kenya),kamb1297,Atlantic-Congo,0.02259872490715846,8
Kamba (Kenya),kamb1297,Atlantic-Congo,-0.023032732471313974,9
Berik,beri1254,Tor-Orya,-0.03191693011681846,0
Berik,beri1254,Tor-Orya,-0.014455462431874712,1
Berik,beri1254,Tor-Orya,0.02712447867530255,2
Berik,beri1254,Tor-Orya,-0.02278295652455401,3
Berik,beri1254,Tor-Orya,-0.02484025849657139,4
Berik,beri1254,Tor-Orya,-0.00985239686875912,5
Berik,beri1254,Tor-Orya,0.03481262536051138,6
Berik,beri1254,Tor-Orya,-0.01326861517734443,7
Berik,beri1254,Tor-Orya,0.03862672392746134,8
Berik,beri1254,Tor-Orya,0.011777066097412815,9
Shi,shii1238,Atlantic-Congo,0.01771836187525157,0
Shi,shii1238,Atlantic-Congo,0.00293568500102494,1
Shi,shii1238,Atlantic-Congo,-0.025863219643214874,2
Shi,shii1238,Atlantic-Congo,-0.016517302498812208,3
Shi,shii1238,Atlantic-Congo,0.012306495617058953,4
Shi,shii1238,Atlantic-Congo,0.031178478865275853,5
Shi,shii1238,Atlantic-Congo,-0.010600064154806953,6
Shi,shii1238,Atlantic-Congo,-0.011583435634808167,7
Shi,shii1238,Atlantic-Congo,0.02260573362900072,8
Shi,shii1238,Atlantic-Congo,-0.005891424406444679,9
Mori Atas,mori1269,Austronesian,0.0348442145817089,0
Mori Atas,mori1269,Austronesian,0.05062096725407191,1
Mori Atas,mori1269,Austronesian,-0.019205502238947663,2
Mori Atas,mori1269,Austronesian,0.03782791865403429,3
Mori Atas,mori1269,Austronesian,-0.03935597081383206,4
Mori Atas,mori1269,Austronesian,-0.03708168055625132,5
Mori Atas,mori1269,Austronesian,-0.030192883890810193,6
Mori Atas,mori1269,Austronesian,0.03023221908210454,7
Mori Atas,mori1269,Austronesian,-0.028149327704692126,8
Mori Atas,mori1269,Austronesian,3.7673708113000748e-06,9
Telefol,tele1256,Nuclear Trans New Guinea,0.006159603878436995,0
Telefol,tele1256,Nuclear Trans New Guinea,-0.014415048608416836,1
Telefol,tele1256,Nuclear Trans New Guinea,-0.0007539682403225603,2
Telefol,tele1256,Nuclear Trans New Guinea,-0.016146049679806748,3
Telefol,tele1256,Nuclear Trans New Guinea,0.0020742152820454737,4
Telefol,tele1256,Nuclear Trans New Guinea,-0.011675832239789786,5
Telefol,tele1256,Nuclear Trans New Guinea,0.013590696774392811,6
Telefol,tele1256,Nuclear Trans New Guinea,0.0029167001203538635,7
Telefol,tele1256,Nuclear Trans New Guinea,-0.01689100829676461,8
Telefol,tele1256,Nuclear Trans New Guinea,-0.01307572669764487,9
Modole,modo1249,North Halmahera,-0.058161881919614196,0
Modole,modo1249,North Halmahera,0.0074078297319645145,1
Modole,modo1249,North Halmahera,-0.01789120566145032,2
Modole,modo1249,North Halmahera,-0.025796095430089386,3
Modole,modo1249,North Halmahera,-0.08251514019241528,4
Modole,modo1249,North Halmahera,0.03135071553201249,5
Modole,modo1249,North Halmahera,-0.02175008555543258,6
Modole,modo1249,North Halmahera,0.024357477824142083,7
Modole,modo1249,North Halmahera,0.0034190337160871233,8
Modole,modo1249,North Halmahera,0.13462319815556037,9
Prakaa,prak1243,Sino-Tibetan,0.007117639271907302,0
Prakaa,prak1243,Sino-Tibetan,0.08646231037114392,1
Prakaa,prak1243,Sino-Tibetan,-0.07564433014108717,2
Prakaa,prak1243,Sino-Tibetan,-0.04447740204760213,3
Prakaa,prak1243,Sino-Tibetan,0.03066192390639091,4
Prakaa,prak1243,Sino-Tibetan,0.019303655280376898,5
Prakaa,prak1243,Sino-Tibetan,0.032781301424474676,6
Prakaa,prak1243,Sino-Tibetan,0.06907036391559292,7
Prakaa,prak1243,Sino-Tibetan,-0.06556104405502895,8
Prakaa,prak1243,Sino-Tibetan,-0.004028454105129545,9
Mangaia,mang1402,Austronesian,0.012114854826875524,0
Mangaia,mang1402,Austronesian,-0.0050796336271524195,1
Mangaia,mang1402,Austronesian,-0.0007019895089601189,2
Mangaia,mang1402,Austronesian,0.024510736500016558,3
Mangaia,mang1402,Austronesian,-0.00936712810668223,4
Mangaia,mang1402,Austronesian,-0.029133482034844616,5
Mangaia,mang1402,Austronesian,-0.01845834483250436,6
Mangaia,mang1402,Austronesian,0.048807332559681366,7
Mangaia,mang1402,Austronesian,-0.03154608879961222,8
Mangaia,mang1402,Austronesian,-0.04061661085574749,9
Old Aramaic-Sam'alian,olda1245,Afro-Asiatic,0.09282676013451985,0
Old Aramaic-Sam'alian,olda1245,Afro-Asiatic,-0.02683418267514482,1
Old Aramaic-Sam'alian,olda1245,Afro-Asiatic,0.022098847642910292,2
Old Aramaic-Sam'alian,olda1245,Afro-Asiatic,-0.06511834799026593,3
Old Aramaic-Sam'alian,olda1245,Afro-Asiatic,0.0486552809564616,4
Old Aramaic-Sam'alian,olda1245,Afro-Asiatic,0.031027637831199873,5
Old Aramaic-Sam'alian,olda1245,Afro-Asiatic,0.04281663412010386,6
Old Aramaic-Sam'alian,olda1245,Afro-Asiatic,0.004425514001042518,7
Old Aramaic-Sam'alian,olda1245,Afro-Asiatic,0.02449705048760002,8
Old Aramaic-Sam'alian,olda1245,Afro-Asiatic,-0.046131534633565424,9
Vera'a,vera1241,Austronesian,-0.02297271324041962,0
Vera'a,vera1241,Austronesian,0.01727463894221585,1
Vera'a,vera1241,Austronesian,0.0057713109400267925,2
Vera'a,vera1241,Austronesian,0.02130752382911156,3
Vera'a,vera1241,Austronesian,-0.0038723768317520963,4
Vera'a,vera1241,Austronesian,0.02569429742361124,5
Vera'a,vera1241,Austronesian,0.02307912559127985,6
Vera'a,vera1241,Austronesian,0.029415557376628626,7
Vera'a,vera1241,Austronesian,0.06106264415978431,8
Vera'a,vera1241,Austronesian,0.07646380133948275,9
Suku,suku1259,Atlantic-Congo,-0.02847503918160627,0
Suku,suku1259,Atlantic-Congo,-0.014615861111694259,1
Suku,suku1259,Atlantic-Congo,-0.019880352468603264,2
Suku,suku1259,Atlantic-Congo,0.012186274699835053,3
Suku,suku1259,Atlantic-Congo,-0.02841543654778062,4
Suku,suku1259,Atlantic-Congo,-6.210912185743881e-05,5
Suku,suku1259,Atlantic-Congo,0.07316150507379353,6
Suku,suku1259,Atlantic-Congo,-0.032051799246267,7
Suku,suku1259,Atlantic-Congo,0.0003425510398693562,8
Suku,suku1259,Atlantic-Congo,0.018230134596792454,9
Andalal-Gxdatl,anda1281,Nakh-Daghestanian,0.010813783742639584,0
Andalal-Gxdatl,anda1281,Nakh-Daghestanian,0.011749866850474251,1
Andalal-Gxdatl,anda1281,Nakh-Daghestanian,0.004501304602546862,2
Andalal-Gxdatl,anda1281,Nakh-Daghestanian,0.03368533724935399,3
Andalal-Gxdatl,anda1281,Nakh-Daghestanian,0.013069286135276161,4
Andalal-Gxdatl,anda1281,Nakh-Daghestanian,0.0013347648124916408,5
Andalal-Gxdatl,anda1281,Nakh-Daghestanian,-0.0005089020755424719,6
Andalal-Gxdatl,anda1281,Nakh-Daghestanian,-0.009402066651176101,7
Andalal-Gxdatl,anda1281,Nakh-Daghestanian,0.04328483511786311,8
Andalal-Gxdatl,anda1281,Nakh-Daghestanian,0.017739289008560588,9
Cruzeño,cruz1243,,0.039803797196006,0
Cruzeño,cruz1243,,-0.019830611851605177,1
Cruzeño,cruz1243,,0.01256923285305719,2
Cruzeño,cruz1243,,-0.03123932214850919,3
Cruzeño,cruz1243,,0.2649203910865593,4
Cruzeño,cruz1243,,0.06568441894124681,5
Cruzeño,cruz1243,,0.04429277739367,6
Cruzeño,cruz1243,,0.1495382309474335,7
Cruzeño,cruz1243,,0.0028269278977917783,8
Cruzeño,cruz1243,,-0.06707706049856693,9
Tokelau,toke1240,Austronesian,-0.03460430223816376,0
Tokelau,toke1240,Austronesian,-0.018374533481523306,1
Tokelau,toke1240,Austronesian,-0.02682127761958032,2
Tokelau,toke1240,Austronesian,0.000555880071599002,3
Tokelau,toke1240,Austronesian,0.014497412773366107,4
Tokelau,toke1240,Austronesian,0.024175502263513948,5
Tokelau,toke1240,Austronesian,0.060511988632889445,6
Tokelau,toke1240,Austronesian,-0.0029034377065359674,7
Tokelau,toke1240,Austronesian,-0.023711559490263268,8
Tokelau,toke1240,Austronesian,-0.03813070764952255,9
Uripiv-Wala-Rano-Atchin,urip1239,Austronesian,-0.00627495586115291,0
Uripiv-Wala-Rano-Atchin,urip1239,Austronesian,-0.011207424077108076,1
Uripiv-Wala-Rano-Atchin,urip1239,Austronesian,0.024734166987657423,2
Uripiv-Wala-Rano-Atchin,urip1239,Austronesian,0.020397182314931775,3
Uripiv-Wala-Rano-Atchin,urip1239,Austronesian,-0.02216667498941539,4
Uripiv-Wala-Rano-Atchin,urip1239,Austronesian,-0.007544427426522045,5
Uripiv-Wala-Rano-Atchin,urip1239,Austronesian,-0.0009825308254626153,6
Uripiv-Wala-Rano-Atchin,urip1239,Austronesian,0.025096303537650886,7
Uripiv-Wala-Rano-Atchin,urip1239,Austronesian,0.010736282383017885,8
Uripiv-Wala-Rano-Atchin,urip1239,Austronesian,0.03494505088144868,9
Shona,shon1251,Atlantic-Congo,0.9999999995211605,0
Shona,shon1251,Atlantic-Congo,-0.07142160706910336,1
Shona,shon1251,Atlantic-Congo,-0.0714216070691034,2
Shona,shon1251,Atlantic-Congo,-0.07143986312798965,3
Shona,shon1251,Atlantic-Congo,-0.07143986312798965,4
Shona,shon1251,Atlantic-Congo,-0.07143986312798968,5
Shona,shon1251,Atlantic-Congo,-0.0714216070691033,6
Shona,shon1251,Atlantic-Congo,-0.07142160706910335,7
Shona,shon1251,Atlantic-Congo,-0.07142160706910333,8
Shona,shon1251,Atlantic-Congo,-0.07142782732838525,9
Momu-Fas,fass1245,Baibai-Fas,0.011498659767909137,0
Momu-Fas,fass1245,Baibai-Fas,-0.03950829492813705,1
Momu-Fas,fass1245,Baibai-Fas,0.03661162250915472,2
Momu-Fas,fass1245,Baibai-Fas,0.002297705098444062,3
Momu-Fas,fass1245,Baibai-Fas,0.007384198196047618,4
Momu-Fas,fass1245,Baibai-Fas,0.0015987253949995615,5
Momu-Fas,fass1245,Baibai-Fas,-0.00883106966745435,6
Momu-Fas,fass1245,Baibai-Fas,0.051722376993448976,7
Momu-Fas,fass1245,Baibai-Fas,-0.009674637873911122,8
Momu-Fas,fass1245,Baibai-Fas,-0.024828164388290903,9
Mbyá Guaraní,mbya1239,Tupian,-0.007657322365216862,0
Mbyá Guaraní,mbya1239,Tupian,-0.014535148023593576,1
Mbyá Guaraní,mbya1239,Tupian,-0.01882973165198664,2
Mbyá Guaraní,mbya1239,Tupian,0.005855259272491735,3
Mbyá Guaraní,mbya1239,Tupian,0.0003661366472870577,4
Mbyá Guaraní,mbya1239,Tupian,-0.050551041790616764,5
Mbyá Guaraní,mbya1239,Tupian,0.026302371045214736,6
Mbyá Guaraní,mbya1239,Tupian,0.051509004091302,7
Mbyá Guaraní,mbya1239,Tupian,0.016069755634203473,8
Mbyá Guaraní,mbya1239,Tupian,-0.015033767365026537,9
Wirangu,wira1265,Pama-Nyungan,-0.03511545898511517,0
Wirangu,wira1265,Pama-Nyungan,-0.025816911244494128,1
Wirangu,wira1265,Pama-Nyungan,-0.01053991936407147,2
Wirangu,wira1265,Pama-Nyungan,0.0035511918201516874,3
Wirangu,wira1265,Pama-Nyungan,-0.03094115265296399,4
Wirangu,wira1265,Pama-Nyungan,-0.025266479946439314,5
Wirangu,wira1265,Pama-Nyungan,-0.023371320063662753,6
Wirangu,wira1265,Pama-Nyungan,-0.02550245929151047,7
Wirangu,wira1265,Pama-Nyungan,0.016067949678414628,8
Wirangu,wira1265,Pama-Nyungan,0.005357555433384074,9
Puluwatese,pulu1242,Austronesian,-0.017823735230763634,0
Puluwatese,pulu1242,Austronesian,-0.016825089928404265,1
Puluwatese,pulu1242,Austronesian,-0.007337498718540519,2
Puluwatese,pulu1242,Austronesian,-0.009525247843849676,3
Puluwatese,pulu1242,Austronesian,-0.0010192347697704066,4
Puluwatese,pulu1242,Austronesian,-0.010043698393180173,5
Puluwatese,pulu1242,Austronesian,0.00786629418221164,6
Puluwatese,pulu1242,Austronesian,-0.01078059262234259,7
Puluwatese,pulu1242,Austronesian,0.001552278655031245,8
Puluwatese,pulu1242,Austronesian,0.05814600563302611,9
Bindal-Mount Elliot,bind1236,Pama-Nyungan,-0.003367413017901691,0
Bindal-Mount Elliot,bind1236,Pama-Nyungan,-0.03545172144089117,1
Bindal-Mount Elliot,bind1236,Pama-Nyungan,0.009660671966736716,2
Bindal-Mount Elliot,bind1236,Pama-Nyungan,0.07392627523110293,3
Bindal-Mount Elliot,bind1236,Pama-Nyungan,-0.39903638738899505,4
Bindal-Mount Elliot,bind1236,Pama-Nyungan,-0.3990363873889952,5
Bindal-Mount Elliot,bind1236,Pama-Nyungan,0.10539071242446071,6
Bindal-Mount Elliot,bind1236,Pama-Nyungan,-0.21261243663630514,7
Bindal-Mount Elliot,bind1236,Pama-Nyungan,0.17907671626933672,8
Bindal-Mount Elliot,bind1236,Pama-Nyungan,-0.04173321234865186,9
Maithili,mait1250,Indo-European,-0.008208261739511297,0
Maithili,mait1250,Indo-European,0.022512851116998394,1
Maithili,mait1250,Indo-European,0.0005546328553204154,2
Maithili,mait1250,Indo-European,-0.03110492773027318,3
Maithili,mait1250,Indo-European,-0.008797434231485013,4
Maithili,mait1250,Indo-European,-0.009476428796841494,5
Maithili,mait1250,Indo-European,-9.248841755495735e-05,6
Maithili,mait1250,Indo-European,-0.006829729154449418,7
Maithili,mait1250,Indo-European,-0.0017167099944261242,8
Maithili,mait1250,Indo-European,0.05345265290678754,9
Wiwirano,wiwi1237,Austronesian,0.06508813895779161,0
Wiwirano,wiwi1237,Austronesian,0.032977340689854195,1
Wiwirano,wiwi1237,Austronesian,-0.023789035805620792,2
Wiwirano,wiwi1237,Austronesian,0.04009035754697102,3
Wiwirano,wiwi1237,Austronesian,-0.012049263095435771,4
Wiwirano,wiwi1237,Austronesian,-0.03481078170314847,5
Wiwirano,wiwi1237,Austronesian,0.06305542568453319,6
Wiwirano,wiwi1237,Austronesian,-0.011183474898541308,7
Wiwirano,wiwi1237,Austronesian,-0.04640898329916253,8
Wiwirano,wiwi1237,Austronesian,-0.0018683393363074768,9
Kukatja,kuka1246,Pama-Nyungan,-0.049475400319721675,0
Kukatja,kuka1246,Pama-Nyungan,-0.04694342957522742,1
Kukatja,kuka1246,Pama-Nyungan,0.013179778708306063,2
Kukatja,kuka1246,Pama-Nyungan,0.0451105098592858,3
Kukatja,kuka1246,Pama-Nyungan,0.005166946191021672,4
Kukatja,kuka1246,Pama-Nyungan,-0.017950885848229552,5
Kukatja,kuka1246,Pama-Nyungan,-0.04400867016788053,6
Kukatja,kuka1246,Pama-Nyungan,0.031501340237640604,7
Kukatja,kuka1246,Pama-Nyungan,0.12689056103016674,8
Kukatja,kuka1246,Pama-Nyungan,-0.016117669136827377,9
Tuyuca,tuyu1244,,-0.0009433862000347621,0
Tuyuca,tuyu1244,,0.02040782986514939,1
Tuyuca,tuyu1244,,-0.014962013971916724,2
Tuyuca,tuyu1244,,0.025089935467172263,3
Tuyuca,tuyu1244,,-0.059206745824242284,4
Tuyuca,tuyu1244,,0.041050027989183044,5
Tuyuca,tuyu1244,,0.030875190531323413,6
Tuyuca,tuyu1244,,0.003127119643949725,7
Tuyuca,tuyu1244,,0.017880928336734346,8
Tuyuca,tuyu1244,,-0.03626650870265661,9
Avar,avar1256,Nakh-Daghestanian,0.0031012303741574125,0
Avar,avar1256,Nakh-Daghestanian,0.011533701869358617,1
Avar,avar1256,Nakh-Daghestanian,0.03614104637305398,2
Avar,avar1256,Nakh-Daghestanian,-0.024765696859357433,3
Avar,avar1256,Nakh-Daghestanian,0.038606078260924395,4
Avar,avar1256,Nakh-Daghestanian,0.06189798354341124,5
Avar,avar1256,Nakh-Daghestanian,-0.005029141474446909,6
Avar,avar1256,Nakh-Daghestanian,-0.014746928123079124,7
Avar,avar1256,Nakh-Daghestanian,0.017235045576771017,8
Avar,avar1256,Nakh-Daghestanian,-0.05011832310336845,9
Kunza,kunz1244,,0.004150012311923219,0
Kunza,kunz1244,,-0.013878830279064454,1
Kunza,kunz1244,,0.03064771217563333,2
Kunza,kunz1244,,0.0729150117730401,3
Kunza,kunz1244,,-0.05170752339836825,4
Kunza,kunz1244,,-0.04979497915300701,5
Kunza,kunz1244,,-0.021742569323488718,6
Kunza,kunz1244,,-0.03414502987717085,7
Kunza,kunz1244,,0.0017519302196569982,8
Kunza,kunz1244,,0.055926903817348834,9
Kuman,kuma1280,Nuclear Trans New Guinea,0.04451523359713247,0
Kuman,kuma1280,Nuclear Trans New Guinea,-0.038797013196997264,1
Kuman,kuma1280,Nuclear Trans New Guinea,0.006609917260140514,2
Kuman,kuma1280,Nuclear Trans New Guinea,-0.02789016997740431,3
Kuman,kuma1280,Nuclear Trans New Guinea,0.056432305143878786,4
Kuman,kuma1280,Nuclear Trans New Guinea,-0.03411415592302154,5
Kuman,kuma1280,Nuclear Trans New Guinea,0.016162412750874433,6
Kuman,kuma1280,Nuclear Trans New Guinea,-0.02569301461249335,7
Kuman,kuma1280,Nuclear Trans New Guinea,0.003671799649969018,8
Kuman,kuma1280,Nuclear Trans New Guinea,0.020394267944001683,9
Tohono O'odham,toho1245,Uto-Aztecan,-0.03185871810456848,0
Tohono O'odham,toho1245,Uto-Aztecan,-0.032027550452115056,1
Tohono O'odham,toho1245,Uto-Aztecan,0.03927556091748442,2
Tohono O'odham,toho1245,Uto-Aztecan,-0.01648566290109776,3
Tohono O'odham,toho1245,Uto-Aztecan,0.02060585532932045,4
Tohono O'odham,toho1245,Uto-Aztecan,0.00699169461250355,5
Tohono O'odham,toho1245,Uto-Aztecan,-0.0703577948639545,6
Tohono O'odham,toho1245,Uto-Aztecan,-0.07363122140539065,7
Tohono O'odham,toho1245,Uto-Aztecan,0.014580902794722078,8
Tohono O'odham,toho1245,Uto-Aztecan,0.04275058850370269,9
Serbian-Croatian-Bosnian,sout1528,Indo-European,0.008933787386008678,0
Serbian-Croatian-Bosnian,sout1528,Indo-European,-0.00698838845972867,1
Serbian-Croatian-Bosnian,sout1528,Indo-European,0.01697929238765003,2
Serbian-Croatian-Bosnian,sout1528,Indo-European,0.015357003917358697,3
Serbian-Croatian-Bosnian,sout1528,Indo-European,-0.03910471897468151,4
Serbian-Croatian-Bosnian,sout1528,Indo-European,0.019327297409011505,5
Serbian-Croatian-Bosnian,sout1528,Indo-European,-0.00326675929963665,6
Serbian-Croatian-Bosnian,sout1528,Indo-European,0.007075039802384178,7
Serbian-Croatian-Bosnian,sout1528,Indo-European,0.011948221758553916,8
Serbian-Croatian-Bosnian,sout1528,Indo-European,-0.021948030260004886,9
Northern Mansi,mans1258,Uralic,0.002866618925274002,0
Northern Mansi,mans1258,Uralic,-0.0022654908834579255,1
Northern Mansi,mans1258,Uralic,0.008956276424335798,2
Northern Mansi,mans1258,Uralic,-0.0035375256577483355,3
Northern Mansi,mans1258,Uralic,-0.02517730208064233,4
Northern Mansi,mans1258,Uralic,0.005980715011443309,5
Northern Mansi,mans1258,Uralic,-0.03998102511135317,6
Northern Mansi,mans1258,Uralic,-0.025834277917809984,7
Northern Mansi,mans1258,Uralic,0.009898356742069504,8
Northern Mansi,mans1258,Uralic,-0.016487033917566687,9
Aché,ache1246,Tupian,-0.006446099553727528,0
Aché,ache1246,Tupian,-0.006661302997097584,1
Aché,ache1246,Tupian,0.0020890557067009766,2
Aché,ache1246,Tupian,0.005938787530563406,3
Aché,ache1246,Tupian,0.0028169339528763965,4
Aché,ache1246,Tupian,-0.017185896019089045,5
Aché,ache1246,Tupian,-0.00674882489392599,6
Aché,ache1246,Tupian,0.0035015919327436034,7
Aché,ache1246,Tupian,0.034701994101976094,8
Aché,ache1246,Tupian,0.0043639679481678175,9
Upper Michigan-Wisconsin Chippewa,uppe1274,Algic,-0.019684777517590346,0
Upper Michigan-Wisconsin Chippewa,uppe1274,Algic,-0.032343778853792,1
Upper Michigan-Wisconsin Chippewa,uppe1274,Algic,-0.006895681301455808,2
Upper Michigan-Wisconsin Chippewa,uppe1274,Algic,-0.032650420990691334,3
Upper Michigan-Wisconsin Chippewa,uppe1274,Algic,-0.030726088227445096,4
Upper Michigan-Wisconsin Chippewa,uppe1274,Algic,-0.01816443206241692,5
Upper Michigan-Wisconsin Chippewa,uppe1274,Algic,0.005896116171068921,6
Upper Michigan-Wisconsin Chippewa,uppe1274,Algic,0.027495456454254698,7
Upper Michigan-Wisconsin Chippewa,uppe1274,Algic,0.018962042115392954,8
Upper Michigan-Wisconsin Chippewa,uppe1274,Algic,-0.012031133535745074,9
Tomadino,toma1248,Austronesian,0.0031635172890135087,0
Tomadino,toma1248,Austronesian,0.0056809981459112705,1
Tomadino,toma1248,Austronesian,0.004923678621729207,2
Tomadino,toma1248,Austronesian,-0.03503444389392288,3
Tomadino,toma1248,Austronesian,0.02710504841591036,4
Tomadino,toma1248,Austronesian,0.028275305796994818,5
Tomadino,toma1248,Austronesian,-0.02225525626707025,6
Tomadino,toma1248,Austronesian,0.024178930833235635,7
Tomadino,toma1248,Austronesian,-0.062657586360544,8
Tomadino,toma1248,Austronesian,-0.0033165845527507337,9
Sarangani Blaan,sara1326,Austronesian,-0.01823111904682778,0
Sarangani Blaan,sara1326,Austronesian,-0.013154842362740471,1
Sarangani Blaan,sara1326,Austronesian,-0.0030933927089894448,2
Sarangani Blaan,sara1326,Austronesian,-0.009610680817234344,3
Sarangani Blaan,sara1326,Austronesian,-0.012292847400651612,4
Sarangani Blaan,sara1326,Austronesian,-0.00798374660006063,5
Sarangani Blaan,sara1326,Austronesian,0.007409323794605979,6
Sarangani Blaan,sara1326,Austronesian,0.02049889754758223,7
Sarangani Blaan,sara1326,Austronesian,-0.001822092031781893,8
Sarangani Blaan,sara1326,Austronesian,0.02165290009007625,9
Ahin-Kayapa Kalanguya,ahin1234,Austronesian,-0.007660029499234763,0
Ahin-Kayapa Kalanguya,ahin1234,Austronesian,-0.03593483276268599,1
Ahin-Kayapa Kalanguya,ahin1234,Austronesian,0.028837026367338137,2
Ahin-Kayapa Kalanguya,ahin1234,Austronesian,0.014569527329689923,3
Ahin-Kayapa Kalanguya,ahin1234,Austronesian,-0.020016812280682875,4
Ahin-Kayapa Kalanguya,ahin1234,Austronesian,-0.008404928125776402,5
Ahin-Kayapa Kalanguya,ahin1234,Austronesian,-0.03719330353260485,6
Ahin-Kayapa Kalanguya,ahin1234,Austronesian,0.007318558756017547,7
Ahin-Kayapa Kalanguya,ahin1234,Austronesian,-0.02313027961833425,8
Ahin-Kayapa Kalanguya,ahin1234,Austronesian,-0.01869469853090807,9
Nganasan,ngan1291,Uralic,0.004234216577061443,0
Nganasan,ngan1291,Uralic,0.05391654097077161,1
Nganasan,ngan1291,Uralic,0.037489941742774605,2
Nganasan,ngan1291,Uralic,0.051069195274385956,3
Nganasan,ngan1291,Uralic,0.032666605243193876,4
Nganasan,ngan1291,Uralic,0.015405856781949091,5
Nganasan,ngan1291,Uralic,-0.008025521050177129,6
Nganasan,ngan1291,Uralic,-0.022692086480118275,7
Nganasan,ngan1291,Uralic,-0.06447711284376564,8
Nganasan,ngan1291,Uralic,-0.013224229904156138,9
Indonesian,indo1316,Austronesian,0.015202248080846786,0
Indonesian,indo1316,Austronesian,-0.008226573081887179,1
Indonesian,indo1316,Austronesian,0.019284208138527117,2
Indonesian,indo1316,Austronesian,0.005495828532508046,3
Indonesian,indo1316,Austronesian,-0.0012145575276167942,4
Indonesian,indo1316,Austronesian,0.011703056349868885,5
Indonesian,indo1316,Austronesian,0.0025101958836077055,6
Indonesian,indo1316,Austronesian,-0.002479198165690824,7
Indonesian,indo1316,Austronesian,0.035122640979094996,8
Indonesian,indo1316,Austronesian,-0.026356721397118275,9
Tiv,tivv1240,Atlantic-Congo,-0.022284712614451824,0
Tiv,tivv1240,Atlantic-Congo,-0.012777298763363582,1
Tiv,tivv1240,Atlantic-Congo,-0.049812787790616576,2
Tiv,tivv1240,Atlantic-Congo,-0.0183669702507529,3
Tiv,tivv1240,Atlantic-Congo,-0.04276992356884343,4
Tiv,tivv1240,Atlantic-Congo,-0.038103994389111134,5
Tiv,tivv1240,Atlantic-Congo,0.009797429987769597,6
Tiv,tivv1240,Atlantic-Congo,-0.0353964604230085,7
Tiv,tivv1240,Atlantic-Congo,0.020522023475937973,8
Tiv,tivv1240,Atlantic-Congo,0.020727527813180015,9
Kaurna,kaur1267,Pama-Nyungan,-0.01228161368870773,0
Kaurna,kaur1267,Pama-Nyungan,0.01972212211226738,1
Kaurna,kaur1267,Pama-Nyungan,-0.009383792112613594,2
Kaurna,kaur1267,Pama-Nyungan,0.004924973472411451,3
Kaurna,kaur1267,Pama-Nyungan,-0.012538904906366458,4
Kaurna,kaur1267,Pama-Nyungan,0.007395207559561145,5
Kaurna,kaur1267,Pama-Nyungan,0.04798242071488186,6
Kaurna,kaur1267,Pama-Nyungan,-0.007767069854953301,7
Kaurna,kaur1267,Pama-Nyungan,0.0005058853708769702,8
Kaurna,kaur1267,Pama-Nyungan,-0.0012280396751884778,9
Itonama,iton1250,,-0.012793577081780057,0
Itonama,iton1250,,0.035925136914736894,1
Itonama,iton1250,,-0.01608258034185136,2
Itonama,iton1250,,0.03793669934694419,3
Itonama,iton1250,,-0.042975953535403524,4
Itonama,iton1250,,-0.04506872142233802,5
Itonama,iton1250,,-0.029966624224938884,6
Itonama,iton1250,,0.08192885276182504,7
Itonama,iton1250,,0.016897372899956863,8
Itonama,iton1250,,0.03884486435814735,9
Hopi,hopi1249,Uto-Aztecan,0.00582596735562763,0
Hopi,hopi1249,Uto-Aztecan,0.11216607222547148,1
Hopi,hopi1249,Uto-Aztecan,0.03653178859566088,2
Hopi,hopi1249,Uto-Aztecan,0.019901267820084265,3
Hopi,hopi1249,Uto-Aztecan,0.14876071783255498,4
Hopi,hopi1249,Uto-Aztecan,0.026790367782220097,5
Hopi,hopi1249,Uto-Aztecan,0.010907084598984703,6
Hopi,hopi1249,Uto-Aztecan,0.00011637267815139548,7
Hopi,hopi1249,Uto-Aztecan,-0.016211297046211926,8
Hopi,hopi1249,Uto-Aztecan,-0.04974378303512425,9
Mayo,mayo1264,Uto-Aztecan,-0.001093089714389911,0
Mayo,mayo1264,Uto-Aztecan,-0.030137740325712887,1
Mayo,mayo1264,Uto-Aztecan,-0.0939400013428468,2
Mayo,mayo1264,Uto-Aztecan,0.08335912695555146,3
Mayo,mayo1264,Uto-Aztecan,-0.01060204047254728,4
Mayo,mayo1264,Uto-Aztecan,-0.05343528424546103,5
Mayo,mayo1264,Uto-Aztecan,-0.05397787069404834,6
Mayo,mayo1264,Uto-Aztecan,-0.02378233494954439,7
Mayo,mayo1264,Uto-Aztecan,-0.02106918602558583,8
Mayo,mayo1264,Uto-Aztecan,-0.013748853959652446,9
Kiput,kipu1237,Austronesian,-0.007662525487544806,0
Kiput,kipu1237,Austronesian,-0.003240993662189242,1
Kiput,kipu1237,Austronesian,-0.022645840611489873,2
Kiput,kipu1237,Austronesian,-0.02307129895181496,3
Kiput,kipu1237,Austronesian,-0.002391003740336447,4
Kiput,kipu1237,Austronesian,-0.03510794121038119,5
Kiput,kipu1237,Austronesian,0.0200218067803742,6
Kiput,kipu1237,Austronesian,-0.02147437417050895,7
Kiput,kipu1237,Austronesian,0.0017102330164716422,8
Kiput,kipu1237,Austronesian,0.02372126595250215,9
Urak Lawoi',urak1238,Austronesian,-0.00806115714695239,0
Urak Lawoi',urak1238,Austronesian,-0.018450884056256597,1
Urak Lawoi',urak1238,Austronesian,0.038360538099769165,2
Urak Lawoi',urak1238,Austronesian,0.01734250337284033,3
Urak Lawoi',urak1238,Austronesian,-0.020597997228279076,4
Urak Lawoi',urak1238,Austronesian,-0.005311922096996898,5
Urak Lawoi',urak1238,Austronesian,0.013225545468621272,6
Urak Lawoi',urak1238,Austronesian,0.04579202754307417,7
Urak Lawoi',urak1238,Austronesian,-0.026452980005729917,8
Urak Lawoi',urak1238,Austronesian,0.022645116733672407,9
Tombulu,tomb1243,Austronesian,0.031150018149535896,0
Tombulu,tomb1243,Austronesian,-0.0340133938987937,1
Tombulu,tomb1243,Austronesian,0.020287529420796716,2
Tombulu,tomb1243,Austronesian,0.005733389829845392,3
Tombulu,tomb1243,Austronesian,-0.009692220383063412,4
Tombulu,tomb1243,Austronesian,-0.00986015840652077,5
Tombulu,tomb1243,Austronesian,0.03672664008606778,6
Tombulu,tomb1243,Austronesian,-0.020195663008979466,7
Tombulu,tomb1243,Austronesian,-0.04332623111409464,8
Tombulu,tomb1243,Austronesian,-0.008239796582800989,9
Bukat,buka1261,Austronesian,-0.004033155175556233,0
Bukat,buka1261,Austronesian,0.02453064633770987,1
Bukat,buka1261,Austronesian,-0.012815935615287377,2
Bukat,buka1261,Austronesian,0.0005706365413976329,3
Bukat,buka1261,Austronesian,0.043869338588112226,4
Bukat,buka1261,Austronesian,0.035996783637473204,5
Bukat,buka1261,Austronesian,0.012407075996919367,6
Bukat,buka1261,Austronesian,-0.002971885985358014,7
Bukat,buka1261,Austronesian,0.07932141413527324,8
Bukat,buka1261,Austronesian,0.010063257855067564,9
Sateré-Mawé,sate1243,Tupian,0.0406588933682012,0
Sateré-Mawé,sate1243,Tupian,0.009083164786034497,1
Sateré-Mawé,sate1243,Tupian,0.0206674564322621,2
Sateré-Mawé,sate1243,Tupian,0.01081998898172083,3
Sateré-Mawé,sate1243,Tupian,0.00027102859236014887,4
Sateré-Mawé,sate1243,Tupian,-0.0020735703122001623,5
Sateré-Mawé,sate1243,Tupian,0.05701250748003544,6
Sateré-Mawé,sate1243,Tupian,-0.016857730075813506,7
Sateré-Mawé,sate1243,Tupian,0.020169935791938397,8
Sateré-Mawé,sate1243,Tupian,0.043297147905902465,9
Colloquial Malay,mala1479,Austronesian,0.013205342751001608,0
Colloquial Malay,mala1479,Austronesian,-0.0434108270116089,1
Colloquial Malay,mala1479,Austronesian,-0.00976927311985638,2
Colloquial Malay,mala1479,Austronesian,0.0866048654872543,3
Colloquial Malay,mala1479,Austronesian,0.04929816117015487,4
Colloquial Malay,mala1479,Austronesian,-0.004217398702584547,5
Colloquial Malay,mala1479,Austronesian,-0.03231472835296635,6
Colloquial Malay,mala1479,Austronesian,0.01619077675003992,7
Colloquial Malay,mala1479,Austronesian,0.05788549316615572,8
Colloquial Malay,mala1479,Austronesian,-0.05584973363428045,9
Ibanag,iban1267,Austronesian,0.019975522529919652,0
Ibanag,iban1267,Austronesian,0.014104162855528776,1
Ibanag,iban1267,Austronesian,0.036807122698081826,2
Ibanag,iban1267,Austronesian,0.004568036435860996,3
Ibanag,iban1267,Austronesian,0.03429117301599094,4
Ibanag,iban1267,Austronesian,-0.0008025073603754032,5
Ibanag,iban1267,Austronesian,0.0033275210065363426,6
Ibanag,iban1267,Austronesian,0.013901091108371705,7
Ibanag,iban1267,Austronesian,-0.01411263415626229,8
Ibanag,iban1267,Austronesian,0.04242548421889866,9
Chickasaw,chic1270,,0.015582208042001684,0
Chickasaw,chic1270,,-0.019439987722319647,1
Chickasaw,chic1270,,0.005258027630055427,2
Chickasaw,chic1270,,0.019808292579921727,3
Chickasaw,chic1270,,0.02775232266584944,4
Chickasaw,chic1270,,0.00999527776323611,5
Chickasaw,chic1270,,0.020973051742781416,6
Chickasaw,chic1270,,0.026287092839710764,7
Chickasaw,chic1270,,0.0072662486539007455,8
Chickasaw,chic1270,,-0.04402850541221883,9
Angaité,anga1316,,-0.03267073137026502,0
Angaité,anga1316,,-0.026123310929837423,1
Angaité,anga1316,,0.021491751358544635,2
Angaité,anga1316,,-0.024901745999772632,3
Angaité,anga1316,,0.07345751824131674,4
Angaité,anga1316,,0.004647673814516478,5
Angaité,anga1316,,0.016459556719247464,6
Angaité,anga1316,,0.014837368843915807,7
Angaité,anga1316,,-0.0070692998345624905,8
Angaité,anga1316,,-0.0002413800499820076,9
Karadjeri,kara1476,Pama-Nyungan,-0.026017774405493913,0
Karadjeri,kara1476,Pama-Nyungan,0.016320944297727076,1
Karadjeri,kara1476,Pama-Nyungan,0.019547933757056275,2
Karadjeri,kara1476,Pama-Nyungan,-0.021163149335169218,3
Karadjeri,kara1476,Pama-Nyungan,-0.03075887401783598,4
Karadjeri,kara1476,Pama-Nyungan,0.005941396029334607,5
Karadjeri,kara1476,Pama-Nyungan,-0.00022913337008991636,6
Karadjeri,kara1476,Pama-Nyungan,-0.01933455893233526,7
Karadjeri,kara1476,Pama-Nyungan,0.011252221972462437,8
Karadjeri,kara1476,Pama-Nyungan,-0.04646351641215503,9
Tirax,maee1241,Austronesian,0.019010388320868647,0
Tirax,maee1241,Austronesian,-0.01442594674938853,1
Tirax,maee1241,Austronesian,0.01027761487104009,2
Tirax,maee1241,Austronesian,-0.01687723036858495,3
Tirax,maee1241,Austronesian,-0.00421949431290333,4
Tirax,maee1241,Austronesian,-0.015320931951261312,5
Tirax,maee1241,Austronesian,-0.024319422397583453,6
Tirax,maee1241,Austronesian,0.01235467177134599,7
Tirax,maee1241,Austronesian,-0.00047553854216199077,8
Tirax,maee1241,Austronesian,0.030377495084877883,9
Malacca-Batavia Portuguese Creole,mala1533,Indo-European,0.012609561001815558,0
Malacca-Batavia Portuguese Creole,mala1533,Indo-European,0.057916668762475365,1
Malacca-Batavia Portuguese Creole,mala1533,Indo-European,-0.014208834292779741,2
Malacca-Batavia Portuguese Creole,mala1533,Indo-European,-0.03290977534548316,3
Malacca-Batavia Portuguese Creole,mala1533,Indo-European,0.010159834376329188,4
Malacca-Batavia Portuguese Creole,mala1533,Indo-European,-0.03743503642814969,5
Malacca-Batavia Portuguese Creole,mala1533,Indo-European,-0.006863122178512737,6
Malacca-Batavia Portuguese Creole,mala1533,Indo-European,0.09718282201791233,7
Malacca-Batavia Portuguese Creole,mala1533,Indo-European,0.041711475126450966,8
Malacca-Batavia Portuguese Creole,mala1533,Indo-European,0.08733442952543265,9
Tswana,tswa1253,Atlantic-Congo,0.01502521285122621,0
Tswana,tswa1253,Atlantic-Congo,0.009349578154949856,1
Tswana,tswa1253,Atlantic-Congo,0.003189231074664899,2
Tswana,tswa1253,Atlantic-Congo,0.032185381691357276,3
Tswana,tswa1253,Atlantic-Congo,-0.0158275022561379,4
Tswana,tswa1253,Atlantic-Congo,0.004887882314966789,5
Tswana,tswa1253,Atlantic-Congo,0.003509648061394139,6
Tswana,tswa1253,Atlantic-Congo,0.002218490751937981,7
Tswana,tswa1253,Atlantic-Congo,0.00027842376766208334,8
Tswana,tswa1253,Atlantic-Congo,0.008642277331281157,9
Sira,sira1266,Atlantic-Congo,-0.07906075443934452,0
Sira,sira1266,Atlantic-Congo,-0.259900984582898,1
Sira,sira1266,Atlantic-Congo,0.02612823850959761,2
Sira,sira1266,Atlantic-Congo,0.2931677479210828,3
Sira,sira1266,Atlantic-Congo,0.036517614647227546,4
Sira,sira1266,Atlantic-Congo,0.01135936063243228,5
Sira,sira1266,Atlantic-Congo,-0.0790607544393445,6
Sira,sira1266,Atlantic-Congo,-0.157738785896204,7
Sira,sira1266,Atlantic-Congo,0.13002199988589663,8
Sira,sira1266,Atlantic-Congo,0.04690699078485742,9
Karok,karo1304,,-0.020918819102315182,0
Karok,karo1304,,0.004050428506582547,1
Karok,karo1304,,-0.007861228401682454,2
Karok,karo1304,,0.00043132364307714183,3
Karok,karo1304,,0.035488770569392966,4
Karok,karo1304,,0.009332142908625052,5
Karok,karo1304,,-0.04523375716427868,6
Karok,karo1304,,-0.001361022982573859,7
Karok,karo1304,,-0.0029588773050652903,8
Karok,karo1304,,0.01949853714084934,9
Warrongo,waru1264,Pama-Nyungan,0.01678926595063633,0
Warrongo,waru1264,Pama-Nyungan,-0.0192805917411987,1
Warrongo,waru1264,Pama-Nyungan,0.05584363127765536,2
Warrongo,waru1264,Pama-Nyungan,-0.023913146419866506,3
Warrongo,waru1264,Pama-Nyungan,-0.021932990492991505,4
Warrongo,waru1264,Pama-Nyungan,-0.015414543393965254,5
Warrongo,waru1264,Pama-Nyungan,-0.006745610385927573,6
Warrongo,waru1264,Pama-Nyungan,-0.04483852890998067,7
Warrongo,waru1264,Pama-Nyungan,-0.027008916910838714,8
Warrongo,waru1264,Pama-Nyungan,0.02171924007069298,9
Mali,mali1284,,0.025331259050817997,0
Mali,mali1284,,-0.056172373695797216,1
Mali,mali1284,,-0.06974583816382665,2
Mali,mali1284,,-0.027794597089063757,3
Mali,mali1284,,-0.023178034103170406,4
Mali,mali1284,,0.04102720413393029,5
Mali,mali1284,,0.04484238330484576,6
Mali,mali1284,,0.029521450650831855,7
Mali,mali1284,,-0.06115391311573029,8
Mali,mali1284,,0.00723297791136691,9
Southwest Tanna,sout2869,Austronesian,0.044540841039288424,0
Southwest Tanna,sout2869,Austronesian,-0.005093921385289069,1
Southwest Tanna,sout2869,Austronesian,-0.012252002967526935,2
Southwest Tanna,sout2869,Austronesian,-0.003601921754283529,3
Southwest Tanna,sout2869,Austronesian,-0.02768900671139393,4
Southwest Tanna,sout2869,Austronesian,-0.07189008282500824,5
Southwest Tanna,sout2869,Austronesian,-0.022888631137217605,6
Southwest Tanna,sout2869,Austronesian,-0.007509427911368093,7
Southwest Tanna,sout2869,Austronesian,-0.017554589315471755,8
Southwest Tanna,sout2869,Austronesian,-0.01321506412122783,9
Oroko,orok1266,Atlantic-Congo,-0.5,0
Oroko,orok1266,Atlantic-Congo,1.0,1
Oroko,orok1266,Atlantic-Congo,-0.5,2
Oroko,orok1266,Atlantic-Congo,-0.5,3
Oroko,orok1266,Atlantic-Congo,-0.5,4
Oroko,orok1266,Atlantic-Congo,1.0,5
Oroko,orok1266,Atlantic-Congo,-0.5,6
Oroko,orok1266,Atlantic-Congo,-0.49999999999999994,7
Oroko,orok1266,Atlantic-Congo,1.0,8
Oroko,orok1266,Atlantic-Congo,-0.5,9
Paicî,paic1239,Austronesian,0.008286680283335434,0
Paicî,paic1239,Austronesian,-0.0095094351891477,1
Paicî,paic1239,Austronesian,-0.011335711368876396,2
Paicî,paic1239,Austronesian,0.04128948305424886,3
Paicî,paic1239,Austronesian,0.04183600991343986,4
Paicî,paic1239,Austronesian,-0.011783919520780242,5
Paicî,paic1239,Austronesian,0.0031057952623531407,6
Paicî,paic1239,Austronesian,0.013341831140110637,7
Paicî,paic1239,Austronesian,-0.009652038838353107,8
Paicî,paic1239,Austronesian,-0.027175886441887558,9
Hanunoo,hanu1241,Austronesian,-0.01416140399963282,0
Hanunoo,hanu1241,Austronesian,-0.019113419510253804,1
Hanunoo,hanu1241,Austronesian,-0.026280814361122742,2
Hanunoo,hanu1241,Austronesian,-0.04101837682989971,3
Hanunoo,hanu1241,Austronesian,-0.004631797766267235,4
Hanunoo,hanu1241,Austronesian,-0.013890895683697979,5
Hanunoo,hanu1241,Austronesian,-0.007282098687325208,6
Hanunoo,hanu1241,Austronesian,-0.0033271850332327116,7
Hanunoo,hanu1241,Austronesian,-0.015505686196815385,8
Hanunoo,hanu1241,Austronesian,-0.0011058278152428448,9
Mala,mala1494,,0.016036970307940678,0
Mala,mala1494,,-0.004424549130840384,1
Mala,mala1494,,0.028890570164371653,2
Mala,mala1494,,-0.035435695675532876,3
Mala,mala1494,,-0.014222322410658999,4
Mala,mala1494,,0.018964119274210982,5
Mala,mala1494,,-0.012830402833102113,6
Mala,mala1494,,0.03269997522651791,7
Mala,mala1494,,-0.03269368166832322,8
Mala,mala1494,,0.018629457711997116,9
Tamambo,malo1243,Austronesian,0.005656229644650678,0
Tamambo,malo1243,Austronesian,0.051271656460071466,1
Tamambo,malo1243,Austronesian,0.001417372774402821,2
Tamambo,malo1243,Austronesian,-0.004464238382248685,3
Tamambo,malo1243,Austronesian,0.015056245129006099,4
Tamambo,malo1243,Austronesian,-0.009656649580669422,5
Tamambo,malo1243,Austronesian,0.03376081685565289,6
Tamambo,malo1243,Austronesian,-0.006869616952782702,7
Tamambo,malo1243,Austronesian,-0.004279694603742527,8
Tamambo,malo1243,Austronesian,-0.010052487986157698,9
Atampaya,atam1239,Pama-Nyungan,0.03342201449311597,0
Atampaya,atam1239,Pama-Nyungan,-0.03371200395609042,1
Atampaya,atam1239,Pama-Nyungan,0.07639887139942683,2
Atampaya,atam1239,Pama-Nyungan,0.006728692575815133,3
Atampaya,atam1239,Pama-Nyungan,-0.06562725197104151,4
Atampaya,atam1239,Pama-Nyungan,-0.04245645972574427,5
Atampaya,atam1239,Pama-Nyungan,-0.009507857090984517,6
Atampaya,atam1239,Pama-Nyungan,0.10247117639411246,7
Atampaya,atam1239,Pama-Nyungan,0.004501380694179755,8
Atampaya,atam1239,Pama-Nyungan,0.08162568090839667,9
Cayubaba,cayu1262,,-0.02834787398570387,0
Cayubaba,cayu1262,,-0.03818607809683289,1
Cayubaba,cayu1262,,0.04644251992600258,2
Cayubaba,cayu1262,,-0.011898667030714984,3
Cayubaba,cayu1262,,0.10319923461961772,4
Cayubaba,cayu1262,,0.043665446308992446,5
Cayubaba,cayu1262,,0.02830011466829923,6
Cayubaba,cayu1262,,-0.02023295627747891,7
Cayubaba,cayu1262,,-0.09885675446986429,8
Cayubaba,cayu1262,,0.12601217752503469,9
Hunza,hunz1248,Isolate,0.06261881877229648,0
Hunza,hunz1248,Isolate,0.015442572836937077,1
Hunza,hunz1248,Isolate,-0.040723748877363804,2
Hunza,hunz1248,Isolate,-0.12319999390095032,3
Hunza,hunz1248,Isolate,-0.03700579204656095,4
Hunza,hunz1248,Isolate,0.050008059196955765,5
Hunza,hunz1248,Isolate,0.13197194465881454,6
Hunza,hunz1248,Isolate,-0.08440419114840103,7
Hunza,hunz1248,Isolate,0.00015629601079152777,8
Hunza,hunz1248,Isolate,-0.021146564768376806,9
Koroni,koro1311,Austronesian,0.000486623845833767,0
Koroni,koro1311,Austronesian,0.1346105727641082,1
Koroni,koro1311,Austronesian,7.426079679414936e-05,2
Koroni,koro1311,Austronesian,0.03220699706660819,3
Koroni,koro1311,Austronesian,-0.04823614632859047,4
Koroni,koro1311,Austronesian,-0.01420684281885878,5
Koroni,koro1311,Austronesian,-0.017702263472744957,6
Koroni,koro1311,Austronesian,-0.025391059434136304,7
Koroni,koro1311,Austronesian,0.026596827420381643,8
Koroni,koro1311,Austronesian,0.01471234601301142,9
Western Farsi,west2369,Indo-European,0.046879965963616016,0
Western Farsi,west2369,Indo-European,0.02950812573988152,1
Western Farsi,west2369,Indo-European,-0.05299350775519341,2
Western Farsi,west2369,Indo-European,-0.0056809113936226695,3
Western Farsi,west2369,Indo-European,-0.019836856221683026,4
Western Farsi,west2369,Indo-European,0.0059295116093420145,5
Western Farsi,west2369,Indo-European,0.0016754240391686657,6
Western Farsi,west2369,Indo-European,0.03438761867413284,7
Western Farsi,west2369,Indo-European,-0.011577021620515294,8
Western Farsi,west2369,Indo-European,-0.041602169753873465,9
Urdu,urdu1245,Indo-European,0.008682222372838968,0
Urdu,urdu1245,Indo-European,0.004009717310839047,1
Urdu,urdu1245,Indo-European,0.014148183913904346,2
Urdu,urdu1245,Indo-European,0.04181707618420569,3
Urdu,urdu1245,Indo-European,0.016752652077496266,4
Urdu,urdu1245,Indo-European,-0.0013911821596860206,5
Urdu,urdu1245,Indo-European,0.02944290639694226,6
Urdu,urdu1245,Indo-European,0.009406617244077268,7
Urdu,urdu1245,Indo-European,-0.008213977908175563,8
Urdu,urdu1245,Indo-European,-0.011980494204599668,9
Tübatulabal,tuba1278,Uto-Aztecan,0.057532372857729094,0
Tübatulabal,tuba1278,Uto-Aztecan,0.055607308316718104,1
Tübatulabal,tuba1278,Uto-Aztecan,-0.0034001038083689714,2
Tübatulabal,tuba1278,Uto-Aztecan,0.11529303082315664,3
Tübatulabal,tuba1278,Uto-Aztecan,0.0037795908237628173,4
Tübatulabal,tuba1278,Uto-Aztecan,0.04016579188009319,5
Tübatulabal,tuba1278,Uto-Aztecan,0.02641488482124479,6
Tübatulabal,tuba1278,Uto-Aztecan,-0.037604615108499044,7
Tübatulabal,tuba1278,Uto-Aztecan,0.020000890857680392,8
Tübatulabal,tuba1278,Uto-Aztecan,-0.01434642803890894,9
Kaiwá,kaiw1246,Tupian,0.020961067638811684,0
Kaiwá,kaiw1246,Tupian,0.010439765965831328,1
Kaiwá,kaiw1246,Tupian,0.01829383143585486,2
Kaiwá,kaiw1246,Tupian,-0.03849097141273321,3
Kaiwá,kaiw1246,Tupian,0.0009924164948030435,4
Kaiwá,kaiw1246,Tupian,-0.014460331990496362,5
Kaiwá,kaiw1246,Tupian,-0.039702051784884076,6
Kaiwá,kaiw1246,Tupian,0.003458917806119733,7
Kaiwá,kaiw1246,Tupian,-0.010717889702085724,8
Kaiwá,kaiw1246,Tupian,0.02044897069322129,9
Ding,ding1239,Atlantic-Congo,-0.03400111345823263,0
Ding,ding1239,Atlantic-Congo,0.016394911037377495,1
Ding,ding1239,Atlantic-Congo,-0.010089320810928646,2
Ding,ding1239,Atlantic-Congo,-0.02394900483838518,3
Ding,ding1239,Atlantic-Congo,0.012366097084397596,4
Ding,ding1239,Atlantic-Congo,0.0023557067374319687,5
Ding,ding1239,Atlantic-Congo,0.04220268666411935,6
Ding,ding1239,Atlantic-Congo,0.001212537690944777,7
Ding,ding1239,Atlantic-Congo,-0.022490945690821405,8
Ding,ding1239,Atlantic-Congo,0.03105440259199813,9
Tukang Besi South,tuka1249,Austronesian,0.020501032839062714,0
Tukang Besi South,tuka1249,Austronesian,0.04688798917665544,1
Tukang Besi South,tuka1249,Austronesian,0.003976564959787271,2
Tukang Besi South,tuka1249,Austronesian,-0.04385165134515234,3
Tukang Besi South,tuka1249,Austronesian,0.06310802625725413,4
Tukang Besi South,tuka1249,Austronesian,0.05163924590638017,5
Tukang Besi South,tuka1249,Austronesian,-0.025249695030420308,6
Tukang Besi South,tuka1249,Austronesian,0.05034597785393977,7
Tukang Besi South,tuka1249,Austronesian,-0.029818826845105395,8
Tukang Besi South,tuka1249,Austronesian,0.0033362344041676394,9
Bau-Jagoi Bidayuh,baub1235,Austronesian,-0.035000296631878446,0
Bau-Jagoi Bidayuh,baub1235,Austronesian,-0.09888140193973882,1
Bau-Jagoi Bidayuh,baub1235,Austronesian,0.10497101196960315,2
Bau-Jagoi Bidayuh,baub1235,Austronesian,0.05847676147878971,3
Bau-Jagoi Bidayuh,baub1235,Austronesian,0.021923649201141936,4
Bau-Jagoi Bidayuh,baub1235,Austronesian,0.02300839496886201,5
Bau-Jagoi Bidayuh,baub1235,Austronesian,0.05613756515358254,6
Bau-Jagoi Bidayuh,baub1235,Austronesian,-0.048221980342406545,7
Bau-Jagoi Bidayuh,baub1235,Austronesian,0.051778506839768604,8
Bau-Jagoi Bidayuh,baub1235,Austronesian,0.006168314467423219,9
Tubuai,tubu1240,Austronesian,-0.02179815394614471,0
Tubuai,tubu1240,Austronesian,-0.006819795612456242,1
Tubuai,tubu1240,Austronesian,-0.005597117217662229,2
Tubuai,tubu1240,Austronesian,0.016667508462764047,3
Tubuai,tubu1240,Austronesian,-0.03139575483936436,4
Tubuai,tubu1240,Austronesian,-0.032909869917917334,5
Tubuai,tubu1240,Austronesian,0.043452643978991866,6
Tubuai,tubu1240,Austronesian,0.0007845793186016491,7
Tubuai,tubu1240,Austronesian,-0.02543354589771507,8
Tubuai,tubu1240,Austronesian,-0.030431898646476427,9
Oceanic,ocea1241,Austronesian,0.002912175184219127,0
Oceanic,ocea1241,Austronesian,-0.01532138578388659,1
Oceanic,ocea1241,Austronesian,0.08140747925951462,2
Oceanic,ocea1241,Austronesian,0.037156007516173616,3
Oceanic,ocea1241,Austronesian,-0.02378701579089792,4
Oceanic,ocea1241,Austronesian,-0.041218966279690315,5
Oceanic,ocea1241,Austronesian,-0.01577463765860537,6
Oceanic,ocea1241,Austronesian,-0.027722971801888083,7
Oceanic,ocea1241,Austronesian,-0.0231461699397691,8
Oceanic,ocea1241,Austronesian,-0.011434346239748127,9
Galibi Carib,gali1262,Cariban,-0.017479995909310084,0
Galibi Carib,gali1262,Cariban,-0.03483043658467255,1
Galibi Carib,gali1262,Cariban,-0.023738077759920134,2
Galibi Carib,gali1262,Cariban,0.008693741828062073,3
Galibi Carib,gali1262,Cariban,0.0072742967051567615,4
Galibi Carib,gali1262,Cariban,0.006390997515741062,5
Galibi Carib,gali1262,Cariban,0.004194754571620805,6
Galibi Carib,gali1262,Cariban,0.007907948097391327,7
Galibi Carib,gali1262,Cariban,0.028982279945905246,8
Galibi Carib,gali1262,Cariban,0.03257946792617705,9
Mapudungun,mapu1245,,-0.03452635982022079,0
Mapudungun,mapu1245,,0.020811834572577365,1
Mapudungun,mapu1245,,0.050373246959782805,2
Mapudungun,mapu1245,,-0.04210474031449704,3
Mapudungun,mapu1245,,0.012504225495047965,4
Mapudungun,mapu1245,,-0.033901217619877216,5
Mapudungun,mapu1245,,0.038299114487921906,6
Mapudungun,mapu1245,,0.001508989053306428,7
Mapudungun,mapu1245,,-0.052289927462740526,8
Mapudungun,mapu1245,,-0.028378745804903162,9
Malgana,malg1242,Pama-Nyungan,-0.040162867567271165,0
Malgana,malg1242,Pama-Nyungan,0.058280406919060515,1
Malgana,malg1242,Pama-Nyungan,-0.041781037921381034,2
Malgana,malg1242,Pama-Nyungan,0.021209830660636978,3
Malgana,malg1242,Pama-Nyungan,-0.02515343905379853,4
Malgana,malg1242,Pama-Nyungan,0.021481554207711036,5
Malgana,malg1242,Pama-Nyungan,0.04978925372847521,6
Malgana,malg1242,Pama-Nyungan,0.02897909271596665,7
Malgana,malg1242,Pama-Nyungan,-0.03519481656026672,8
Malgana,malg1242,Pama-Nyungan,0.006846297930572188,9
Malapandaram,mala1468,Dravidian,-0.03573779405182753,0
Malapandaram,mala1468,Dravidian,-0.011594389949895093,1
Malapandaram,mala1468,Dravidian,0.010210739232943833,2
Malapandaram,mala1468,Dravidian,0.0406496872170851,3
Malapandaram,mala1468,Dravidian,0.02257283166992857,4
Malapandaram,mala1468,Dravidian,-0.023230223529939524,5
Malapandaram,mala1468,Dravidian,-0.017626782675464064,6
Malapandaram,mala1468,Dravidian,0.017352791903063682,7
Malapandaram,mala1468,Dravidian,0.04653489338849968,8
Malapandaram,mala1468,Dravidian,-0.0213214521867973,9
Marwari (India),marw1260,Indo-European,0.004162293434662327,0
Marwari (India),marw1260,Indo-European,-0.03874498726281093,1
Marwari (India),marw1260,Indo-European,-0.03942104717638782,2
Marwari (India),marw1260,Indo-European,-9.733086577124562e-05,3
Marwari (India),marw1260,Indo-European,0.02638007461553733,4
Marwari (India),marw1260,Indo-European,-0.035392853402717,5
Marwari (India),marw1260,Indo-European,-0.008222466947017332,6
Marwari (India),marw1260,Indo-European,0.039699779795891926,7
Marwari (India),marw1260,Indo-European,0.00985248775139755,8
Marwari (India),marw1260,Indo-European,0.00844984694980272,9
Wawonii,wawo1239,Austronesian,0.008110980076098801,0
Wawonii,wawo1239,Austronesian,0.00748365892904488,1
Wawonii,wawo1239,Austronesian,0.028204885980642188,2
Wawonii,wawo1239,Austronesian,-0.03817913507440235,3
Wawonii,wawo1239,Austronesian,0.0324718606349977,4
Wawonii,wawo1239,Austronesian,-0.036072823190866146,5
Wawonii,wawo1239,Austronesian,-0.004691542594407515,6
Wawonii,wawo1239,Austronesian,-0.011746017013719448,7
Wawonii,wawo1239,Austronesian,0.014837231708649123,8
Wawonii,wawo1239,Austronesian,-0.03215121157487026,9
Kurukh,kuru1302,Dravidian,0.0023516801364079527,0
Kurukh,kuru1302,Dravidian,-0.04663061118501867,1
Kurukh,kuru1302,Dravidian,0.0009342914827896258,2
Kurukh,kuru1302,Dravidian,0.023261560936646747,3
Kurukh,kuru1302,Dravidian,0.01399575231374767,4
Kurukh,kuru1302,Dravidian,-0.0005894795511587718,5
Kurukh,kuru1302,Dravidian,-0.011945679088849491,6
Kurukh,kuru1302,Dravidian,0.061955618714582494,7
Kurukh,kuru1302,Dravidian,0.007826046027081712,8
Kurukh,kuru1302,Dravidian,0.0073332235834139125,9
Aghul,aghu1253,Nakh-Daghestanian,0.0006399481374366803,0
Aghul,aghu1253,Nakh-Daghestanian,0.04186310247493624,1
Aghul,aghu1253,Nakh-Daghestanian,-0.03376751585891358,2
Aghul,aghu1253,Nakh-Daghestanian,-0.018548210415961396,3
Aghul,aghu1253,Nakh-Daghestanian,0.012601751302759416,4
Aghul,aghu1253,Nakh-Daghestanian,-0.013302424035847452,5
Aghul,aghu1253,Nakh-Daghestanian,0.00421843903973372,6
Aghul,aghu1253,Nakh-Daghestanian,0.01912183091190963,7
Aghul,aghu1253,Nakh-Daghestanian,0.026294117393370006,8
Aghul,aghu1253,Nakh-Daghestanian,0.03772825230745264,9
Bemba (Zambia),bemb1257,Atlantic-Congo,-0.030067578459880707,0
Bemba (Zambia),bemb1257,Atlantic-Congo,0.026164115803428742,1
Bemba (Zambia),bemb1257,Atlantic-Congo,0.005381975238332273,2
Bemba (Zambia),bemb1257,Atlantic-Congo,-0.032460268878746174,3
Bemba (Zambia),bemb1257,Atlantic-Congo,-0.0194041023599434,4
Bemba (Zambia),bemb1257,Atlantic-Congo,-0.02026233455037799,5
Bemba (Zambia),bemb1257,Atlantic-Congo,0.018194254673103573,6
Bemba (Zambia),bemb1257,Atlantic-Congo,-0.015597191918344352,7
Bemba (Zambia),bemb1257,Atlantic-Congo,-0.005285235572818871,8
Bemba (Zambia),bemb1257,Atlantic-Congo,-0.01711137976626819,9
Minigir,mini1251,Austronesian,-0.03296141855991938,0
Minigir,mini1251,Austronesian,-0.074663341092146,1
Minigir,mini1251,Austronesian,-0.018000175666455343,2
Minigir,mini1251,Austronesian,-0.025612216084446908,3
Minigir,mini1251,Austronesian,0.02763753214165421,4
Minigir,mini1251,Austronesian,-0.05288238020837359,5
Minigir,mini1251,Austronesian,0.008417011485006806,6
Minigir,mini1251,Austronesian,0.032573969554144155,7
Minigir,mini1251,Austronesian,0.03640037222252804,8
Minigir,mini1251,Austronesian,-0.027964445502315145,9
Chirag,chir1284,Nakh-Daghestanian,0.023186820977442374,0
Chirag,chir1284,Nakh-Daghestanian,-0.031322634894623044,1
Chirag,chir1284,Nakh-Daghestanian,-0.049714645034305775,2
Chirag,chir1284,Nakh-Daghestanian,-0.003349177854017444,3
Chirag,chir1284,Nakh-Daghestanian,0.03517865020967536,4
Chirag,chir1284,Nakh-Daghestanian,0.015686174299141032,5
Chirag,chir1284,Nakh-Daghestanian,-0.04255993556408537,6
Chirag,chir1284,Nakh-Daghestanian,0.0416481181055194,7
Chirag,chir1284,Nakh-Daghestanian,-0.034701492174207024,8
Chirag,chir1284,Nakh-Daghestanian,-0.0008443524049853417,9
Herero,here1253,Atlantic-Congo,-0.006743425415769798,0
Herero,here1253,Atlantic-Congo,0.03336461535437533,1
Herero,here1253,Atlantic-Congo,0.028441794747091003,2
Herero,here1253,Atlantic-Congo,0.013921355867320137,3
Herero,here1253,Atlantic-Congo,0.05037817782989446,4
Herero,here1253,Atlantic-Congo,0.013242086434771004,5
Herero,here1253,Atlantic-Congo,-0.0351050889731448,6
Herero,here1253,Atlantic-Congo,-0.024068727676962717,7
Herero,here1253,Atlantic-Congo,-0.0030326847812263895,8
Herero,here1253,Atlantic-Congo,-0.03530602284113615,9
Siona-Tetete,sion1247,,0.01840551401274051,0
Siona-Tetete,sion1247,,0.015907665415388433,1
Siona-Tetete,sion1247,,0.002603998209145329,2
Siona-Tetete,sion1247,,0.08557485039610194,3
Siona-Tetete,sion1247,,-0.022855125067606216,4
Siona-Tetete,sion1247,,-0.002430376073230688,5
Siona-Tetete,sion1247,,0.03003467896585944,6
Siona-Tetete,sion1247,,-0.06260298571887828,7
Siona-Tetete,sion1247,,0.1185916504705465,8
Siona-Tetete,sion1247,,0.02797343758273546,9
Odia,oriy1255,Indo-European,-0.0055149588864794,0
Odia,oriy1255,Indo-European,0.023984741685011756,1
Odia,oriy1255,Indo-European,-0.008877433722978166,2
Odia,oriy1255,Indo-European,-0.035441714988674024,3
Odia,oriy1255,Indo-European,0.0001037890277800117,4
Odia,oriy1255,Indo-European,-0.03798148976995554,5
Odia,oriy1255,Indo-European,0.0016136677770537716,6
Odia,oriy1255,Indo-European,0.014664530713499083,7
Odia,oriy1255,Indo-European,0.017818430610433998,8
Odia,oriy1255,Indo-European,0.009074829666114928,9
Spanish,stan1288,Indo-European,-8.093098340703538e-05,0
Spanish,stan1288,Indo-European,-0.02700948703898158,1
Spanish,stan1288,Indo-European,0.0534541195719241,2
Spanish,stan1288,Indo-European,0.004804423520083666,3
Spanish,stan1288,Indo-European,0.02028689438520801,4
Spanish,stan1288,Indo-European,-0.03517236512789372,5
Spanish,stan1288,Indo-European,-0.017734932797175088,6
Spanish,stan1288,Indo-European,0.011342784431947639,7
Spanish,stan1288,Indo-European,-0.043776035100995356,8
Spanish,stan1288,Indo-European,0.024191392741152132,9
Avá-Canoeiro,avac1239,Tupian,-0.1058026648413812,0
Avá-Canoeiro,avac1239,Tupian,-0.008160183092651539,1
Avá-Canoeiro,avac1239,Tupian,0.023960980946742032,2
Avá-Canoeiro,avac1239,Tupian,0.1635508490658591,3
Avá-Canoeiro,avac1239,Tupian,0.1241724693029492,4
Avá-Canoeiro,avac1239,Tupian,0.06912361394587399,5
Avá-Canoeiro,avac1239,Tupian,-0.013542843268723657,6
Avá-Canoeiro,avac1239,Tupian,0.15889871315372595,7
Avá-Canoeiro,avac1239,Tupian,-0.0743434071903303,8
Avá-Canoeiro,avac1239,Tupian,0.03479390618771515,9
Ulawa,ulaw1237,Austronesian,0.02625886626752787,0
Ulawa,ulaw1237,Austronesian,-0.018281963963680453,1
Ulawa,ulaw1237,Austronesian,-0.03296828491027114,2
Ulawa,ulaw1237,Austronesian,-0.004111149092270401,3
Ulawa,ulaw1237,Austronesian,-0.006392198501162491,4
Ulawa,ulaw1237,Austronesian,-0.03583675635030894,5
Ulawa,ulaw1237,Austronesian,0.003242916110662624,6
Ulawa,ulaw1237,Austronesian,0.004144174174901328,7
Ulawa,ulaw1237,Austronesian,-0.016607341129388102,8
Ulawa,ulaw1237,Austronesian,0.07401540894840734,9
Vao,vaoo1237,Austronesian,0.03509487013039077,0
Vao,vaoo1237,Austronesian,-0.03553277665693888,1
Vao,vaoo1237,Austronesian,-0.004236454149412048,2
Vao,vaoo1237,Austronesian,-0.012752670570471691,3
Vao,vaoo1237,Austronesian,-0.007433364875722731,4
Vao,vaoo1237,Austronesian,-0.004681753440860563,5
Vao,vaoo1237,Austronesian,0.008820816769221643,6
Vao,vaoo1237,Austronesian,0.03536411651134977,7
Vao,vaoo1237,Austronesian,-0.028856631363735438,8
Vao,vaoo1237,Austronesian,-0.04009132357221053,9
West Kewa,west2599,Nuclear Trans New Guinea,-0.0006719372656132593,0
West Kewa,west2599,Nuclear Trans New Guinea,0.013883325402992882,1
West Kewa,west2599,Nuclear Trans New Guinea,0.011853023615320108,2
West Kewa,west2599,Nuclear Trans New Guinea,-0.027910902723687517,3
West Kewa,west2599,Nuclear Trans New Guinea,0.03428009228691326,4
West Kewa,west2599,Nuclear Trans New Guinea,-0.039274843427127656,5
West Kewa,west2599,Nuclear Trans New Guinea,-0.026498546169121603,6
West Kewa,west2599,Nuclear Trans New Guinea,-0.025942703665644995,7
West Kewa,west2599,Nuclear Trans New Guinea,0.020288414099816805,8
West Kewa,west2599,Nuclear Trans New Guinea,-0.032667366497702105,9
Mori Bawah,mori1268,Austronesian,0.0210970912890313,0
Mori Bawah,mori1268,Austronesian,-0.012995744417502772,1
Mori Bawah,mori1268,Austronesian,0.061816553819758285,2
Mori Bawah,mori1268,Austronesian,-0.019181576056497073,3
Mori Bawah,mori1268,Austronesian,0.00040776221645474745,4
Mori Bawah,mori1268,Austronesian,0.0022976904558702185,5
Mori Bawah,mori1268,Austronesian,-0.01703957726423706,6
Mori Bawah,mori1268,Austronesian,-0.0018589308784482867,7
Mori Bawah,mori1268,Austronesian,0.006612483111047107,8
Mori Bawah,mori1268,Austronesian,-0.025525594824908737,9
Ancux,ancu1238,Nakh-Daghestanian,-0.003327081797424889,0
Ancux,ancu1238,Nakh-Daghestanian,-0.003672130772772848,1
Ancux,ancu1238,Nakh-Daghestanian,-0.04552060447488217,2
Ancux,ancu1238,Nakh-Daghestanian,-0.008080890906937855,3
Ancux,ancu1238,Nakh-Daghestanian,0.009494448436980454,4
Ancux,ancu1238,Nakh-Daghestanian,0.023743852626078588,5
Ancux,ancu1238,Nakh-Daghestanian,-0.021020232776250716,6
Ancux,ancu1238,Nakh-Daghestanian,-0.014302788518175857,7
Ancux,ancu1238,Nakh-Daghestanian,-0.018360624988812094,8
Ancux,ancu1238,Nakh-Daghestanian,0.1150022700005773,9
Kankanaey,kank1243,Austronesian,-0.006400118365745586,0
Kankanaey,kank1243,Austronesian,-0.00031040088539924303,1
Kankanaey,kank1243,Austronesian,-0.041338882458259334,2
Kankanaey,kank1243,Austronesian,0.011374281924236236,3
Kankanaey,kank1243,Austronesian,0.016198898154134663,4
Kankanaey,kank1243,Austronesian,0.008102820995917288,5
Kankanaey,kank1243,Austronesian,0.030558410669867253,6
Kankanaey,kank1243,Austronesian,0.00882961602258027,7
Kankanaey,kank1243,Austronesian,0.0020104257497759186,8
Kankanaey,kank1243,Austronesian,0.03207849217342838,9
Ketengban,kete1254,Nuclear Trans New Guinea,-0.025911535983316733,0
Ketengban,kete1254,Nuclear Trans New Guinea,0.002880392048372086,1
Ketengban,kete1254,Nuclear Trans New Guinea,-0.004073246546128323,2
Ketengban,kete1254,Nuclear Trans New Guinea,0.031012855257596107,3
Ketengban,kete1254,Nuclear Trans New Guinea,0.007944670037670203,4
Ketengban,kete1254,Nuclear Trans New Guinea,-0.0209828457219674,5
Ketengban,kete1254,Nuclear Trans New Guinea,-0.011175227689354462,6
Ketengban,kete1254,Nuclear Trans New Guinea,-0.010419085180021825,7
Ketengban,kete1254,Nuclear Trans New Guinea,-0.003904029225620471,8
Ketengban,kete1254,Nuclear Trans New Guinea,-0.020162106494977343,9
Gayo,gayo1244,Austronesian,-0.005336801770751922,0
Gayo,gayo1244,Austronesian,-0.018883962177375875,1
Gayo,gayo1244,Austronesian,0.01725818510907758,2
Gayo,gayo1244,Austronesian,-0.007041079371783108,3
Gayo,gayo1244,Austronesian,-0.03132301720815041,4
Gayo,gayo1244,Austronesian,-0.02134062991082871,5
Gayo,gayo1244,Austronesian,-0.010384607995886842,6
Gayo,gayo1244,Austronesian,-0.009287064296097212,7
Gayo,gayo1244,Austronesian,0.0017904881455861653,8
Gayo,gayo1244,Austronesian,-0.023240386077915995,9
Kadar,kada1242,Dravidian,-0.019264650884845063,0
Kadar,kada1242,Dravidian,0.006372366445624818,1
Kadar,kada1242,Dravidian,0.03397573856158258,2
Kadar,kada1242,Dravidian,-0.02602351091878678,3
Kadar,kada1242,Dravidian,0.04699488176717092,4
Kadar,kada1242,Dravidian,0.01646368388895581,5
Kadar,kada1242,Dravidian,-0.031101855033984098,6
Kadar,kada1242,Dravidian,0.0004882059940693505,7
Kadar,kada1242,Dravidian,-0.034747311791478455,8
Kadar,kada1242,Dravidian,0.011468334518868334,9
Myene,myen1241,Atlantic-Congo,-0.04067217503997399,0
Myene,myen1241,Atlantic-Congo,-0.026689611368101798,1
Myene,myen1241,Atlantic-Congo,0.021305641291066164,2
Myene,myen1241,Atlantic-Congo,0.012901882159420095,3
Myene,myen1241,Atlantic-Congo,-0.014842598960809595,4
Myene,myen1241,Atlantic-Congo,0.01916555465476703,5
Myene,myen1241,Atlantic-Congo,-0.000230378773594233,6
Myene,myen1241,Atlantic-Congo,-0.017366307422452106,7
Myene,myen1241,Atlantic-Congo,-0.015242638394949349,8
Myene,myen1241,Atlantic-Congo,0.00025428845744040357,9
Ottawa,otta1242,Algic,0.06001023557557607,0
Ottawa,otta1242,Algic,0.0007004989866588474,1
Ottawa,otta1242,Algic,0.00511050740798549,2
Ottawa,otta1242,Algic,-0.023117681085383385,3
Ottawa,otta1242,Algic,0.039341500592446635,4
Ottawa,otta1242,Algic,0.06706499644867586,5
Ottawa,otta1242,Algic,0.011222811919590125,6
Ottawa,otta1242,Algic,0.002187123803519095,7
Ottawa,otta1242,Algic,-0.04994502578015096,8
Ottawa,otta1242,Algic,-0.0015200618241073037,9
Meyah,meya1236,,-0.029186149501995006,0
Meyah,meya1236,,0.010435561847408958,1
Meyah,meya1236,,-4.698788296816914e-05,2
Meyah,meya1236,,-0.030660384371469535,3
Meyah,meya1236,,-0.023029665531850152,4
Meyah,meya1236,,0.012316454942595296,5
Meyah,meya1236,,0.019826346779751154,6
Meyah,meya1236,,0.03797766336740335,7
Meyah,meya1236,,0.0022779953189419116,8
Meyah,meya1236,,0.03826810214561681,9
Belarusian,bela1254,Indo-European,0.06119663741384959,0
Belarusian,bela1254,Indo-European,0.004684944511129524,1
Belarusian,bela1254,Indo-European,0.02600197823526472,2
Belarusian,bela1254,Indo-European,-0.00021709065483812347,3
Belarusian,bela1254,Indo-European,-0.007998237566726168,4
Belarusian,bela1254,Indo-European,-0.02677146039238636,5
Belarusian,bela1254,Indo-European,-0.0038464889247962326,6
Belarusian,bela1254,Indo-European,0.016288082004709846,7
Belarusian,bela1254,Indo-European,0.03954290038421459,8
Belarusian,bela1254,Indo-European,0.02055897464942054,9
Kimaama,kima1246,Kolopom,-0.010415461755109927,0
Kimaama,kima1246,Kolopom,0.004483924353210994,1
Kimaama,kima1246,Kolopom,-0.034810606667874,2
Kimaama,kima1246,Kolopom,-0.015000141648649858,3
Kimaama,kima1246,Kolopom,0.017417240081972762,4
Kimaama,kima1246,Kolopom,-0.03060075039064687,5
Kimaama,kima1246,Kolopom,0.05793314764456804,6
Kimaama,kima1246,Kolopom,-0.02893517180830172,7
Kimaama,kima1246,Kolopom,0.01937953240658859,8
Kimaama,kima1246,Kolopom,-0.00875681351455212,9
North Azerbaijani,nort2697,Turkic,-0.03943886763653978,0
North Azerbaijani,nort2697,Turkic,0.017840687560803085,1
North Azerbaijani,nort2697,Turkic,0.0002834951528980121,2
North Azerbaijani,nort2697,Turkic,0.011931520284431795,3
North Azerbaijani,nort2697,Turkic,-0.04033144045070665,4
North Azerbaijani,nort2697,Turkic,-0.001748218515836905,5
North Azerbaijani,nort2697,Turkic,-0.02880419945902285,6
North Azerbaijani,nort2697,Turkic,-0.036326320630945076,7
North Azerbaijani,nort2697,Turkic,-0.020354417964060036,8
North Azerbaijani,nort2697,Turkic,-0.0021163398313082888,9
Zigula,zigu1242,Atlantic-Congo,-0.00037698436233228074,0
Zigula,zigu1242,Atlantic-Congo,-0.0015798323721278116,1
Zigula,zigu1242,Atlantic-Congo,-0.013380029625077665,2
Zigula,zigu1242,Atlantic-Congo,-0.0314626306174775,3
Zigula,zigu1242,Atlantic-Congo,0.024455857100557213,4
Zigula,zigu1242,Atlantic-Congo,-0.0036574997239848537,5
Zigula,zigu1242,Atlantic-Congo,0.03244108437921393,6
Zigula,zigu1242,Atlantic-Congo,0.0075472872165393695,7
Zigula,zigu1242,Atlantic-Congo,0.02013352904043697,8
Zigula,zigu1242,Atlantic-Congo,-0.011115742540858677,9
Taumako,taum1237,Austronesian,0.0281754998642044,0
Taumako,taum1237,Austronesian,-0.04490058165869294,1
Taumako,taum1237,Austronesian,-0.030091526293848335,2
Taumako,taum1237,Austronesian,0.0026715269716322547,3
Taumako,taum1237,Austronesian,-0.0035099701663634216,4
Taumako,taum1237,Austronesian,-0.009931621177847688,5
Taumako,taum1237,Austronesian,-0.027705865713465873,6
Taumako,taum1237,Austronesian,0.04737092822297921,7
Taumako,taum1237,Austronesian,0.012314338347665026,8
Taumako,taum1237,Austronesian,-0.01977675797975694,9
Brulé,brul1239,,0.014520953959451521,0
Brulé,brul1239,,0.01730358331660515,1
Brulé,brul1239,,-0.0007386082324852133,2
Brulé,brul1239,,0.021728038124046542,3
Brulé,brul1239,,0.024484699640447846,4
Brulé,brul1239,,-0.023680847810371143,5
Brulé,brul1239,,0.011958415569410873,6
Brulé,brul1239,,0.04668742295328546,7
Brulé,brul1239,,0.024406853973321034,8
Brulé,brul1239,,0.031529499714159914,9
Eastern Pahari,east1436,Indo-European,-0.04499142044489019,0
Eastern Pahari,east1436,Indo-European,0.022359891015047897,1
Eastern Pahari,east1436,Indo-European,0.0676149657246929,2
Eastern Pahari,east1436,Indo-European,-0.04719990939667115,3
Eastern Pahari,east1436,Indo-European,-0.03430979137710628,4
Eastern Pahari,east1436,Indo-European,-0.02232314685258393,5
Eastern Pahari,east1436,Indo-European,0.020776151299231264,6
Eastern Pahari,east1436,Indo-European,-0.05160578222104591,7
Eastern Pahari,east1436,Indo-European,-0.030890750959582537,8
Eastern Pahari,east1436,Indo-European,0.006005635115731274,9
Naasioi,naas1242,South Bougainville,0.010963063065731894,0
Naasioi,naas1242,South Bougainville,-0.016502560131872464,1
Naasioi,naas1242,South Bougainville,-0.011453403727223262,2
Naasioi,naas1242,South Bougainville,0.0034465822534716743,3
Naasioi,naas1242,South Bougainville,-0.004579493045165578,4
Naasioi,naas1242,South Bougainville,0.02422103716593933,5
Naasioi,naas1242,South Bougainville,-0.00993124499898014,6
Naasioi,naas1242,South Bougainville,0.024853671285476074,7
Naasioi,naas1242,South Bougainville,0.012958543816395485,8
Naasioi,naas1242,South Bougainville,-0.052547619791123615,9
German,stan1295,Indo-European,-0.006742232218447379,0
German,stan1295,Indo-European,0.0018739797761248471,1
German,stan1295,Indo-European,0.009669005755670264,2
German,stan1295,Indo-European,-0.0180671283869154,3
German,stan1295,Indo-European,-0.025399747530664277,4
German,stan1295,Indo-European,0.04596429872470551,5
German,stan1295,Indo-European,-0.01793235015696508,6
German,stan1295,Indo-European,-0.0008543558297208565,7
German,stan1295,Indo-European,-0.0019236491931372106,8
German,stan1295,Indo-European,-0.03414532343869488,9
Northern Emberá,nort2972,,-0.00688636890633822,0
Northern Emberá,nort2972,,-0.047743071798026,1
Northern Emberá,nort2972,,-0.01271823256029465,2
Northern Emberá,nort2972,,-0.014098147987159235,3
Northern Emberá,nort2972,,0.048526405521388045,4
Northern Emberá,nort2972,,0.015155335100067563,5
Northern Emberá,nort2972,,0.002553084901041382,6
Northern Emberá,nort2972,,-0.018132883641025156,7
Northern Emberá,nort2972,,0.05842598335541812,8
Northern Emberá,nort2972,,-0.012717256255173113,9
Onobasulu,onob1238,Bosavi,0.001479163921954885,0
Onobasulu,onob1238,Bosavi,-0.015263750245274354,1
Onobasulu,onob1238,Bosavi,-0.0017960081562013938,2
Onobasulu,onob1238,Bosavi,0.03321845316524354,3
Onobasulu,onob1238,Bosavi,0.012544187590973959,4
Onobasulu,onob1238,Bosavi,0.011758378661335483,5
Onobasulu,onob1238,Bosavi,-0.04498139387060786,6
Onobasulu,onob1238,Bosavi,0.010335497301543217,7
Onobasulu,onob1238,Bosavi,0.00922668108089013,8
Onobasulu,onob1238,Bosavi,0.011549688202937567,9
Kalkutung,kalk1246,Pama-Nyungan,0.011731867886926841,0
Kalkutung,kalk1246,Pama-Nyungan,-0.004611334134505013,1
Kalkutung,kalk1246,Pama-Nyungan,-0.0010955295611677642,2
Kalkutung,kalk1246,Pama-Nyungan,-0.0037499451389081083,3
Kalkutung,kalk1246,Pama-Nyungan,-0.0038795643964427873,4
Kalkutung,kalk1246,Pama-Nyungan,0.0034434472675375573,5
Kalkutung,kalk1246,Pama-Nyungan,0.04850810509201132,6
Kalkutung,kalk1246,Pama-Nyungan,0.015560963329729395,7
Kalkutung,kalk1246,Pama-Nyungan,0.00463902104725725,8
Kalkutung,kalk1246,Pama-Nyungan,-0.012215243413344862,9
Niuean,niue1239,Austronesian,-0.04982454167488301,0
Niuean,niue1239,Austronesian,-0.000815695085550355,1
Niuean,niue1239,Austronesian,0.02286960444102113,2
Niuean,niue1239,Austronesian,-0.02810818036441646,3
Niuean,niue1239,Austronesian,0.015076709540777479,4
Niuean,niue1239,Austronesian,0.010206381854533203,5
Niuean,niue1239,Austronesian,-0.006741462625735753,6
Niuean,niue1239,Austronesian,0.04801466537269391,7
Niuean,niue1239,Austronesian,-0.04370517579878257,8
Niuean,niue1239,Austronesian,0.03272876869290045,9
Galela,gale1259,North Halmahera,-0.016663584757403545,0
Galela,gale1259,North Halmahera,0.011411864062819917,1
Galela,gale1259,North Halmahera,-0.0349419958341923,2
Galela,gale1259,North Halmahera,0.03663752962139268,3
Galela,gale1259,North Halmahera,0.005513331827436569,4
Galela,gale1259,North Halmahera,0.021520022141115137,5
Galela,gale1259,North Halmahera,-0.022822989629717176,6
Galela,gale1259,North Halmahera,-0.007310877984101348,7
Galela,gale1259,North Halmahera,-0.0301653777089129,8
Galela,gale1259,North Halmahera,0.020334167797743906,9
Wayuu,wayu1243,Arawakan,0.02265547040537034,0
Wayuu,wayu1243,Arawakan,-0.03286468841656133,1
Wayuu,wayu1243,Arawakan,-0.0037521001866408013,2
Wayuu,wayu1243,Arawakan,0.03764853571099592,3
Wayuu,wayu1243,Arawakan,0.005998148206640977,4
Wayuu,wayu1243,Arawakan,0.018798192133804507,5
Wayuu,wayu1243,Arawakan,-0.03654147101223196,6
Wayuu,wayu1243,Arawakan,0.020143591359621897,7
Wayuu,wayu1243,Arawakan,0.0376571259303041,8
Wayuu,wayu1243,Arawakan,-0.03091400022874378,9
Pohnpeian,pohn1238,Austronesian,-0.03319900756002071,0
Pohnpeian,pohn1238,Austronesian,0.028359441940989553,1
Pohnpeian,pohn1238,Austronesian,0.06167415835275787,2
Pohnpeian,pohn1238,Austronesian,-0.03849074913338977,3
Pohnpeian,pohn1238,Austronesian,0.060807346370967595,4
Pohnpeian,pohn1238,Austronesian,0.053608689269192586,5
Pohnpeian,pohn1238,Austronesian,0.01997137240751393,6
Pohnpeian,pohn1238,Austronesian,-0.05129298381978603,7
Pohnpeian,pohn1238,Austronesian,0.009972860886385751,8
Pohnpeian,pohn1238,Austronesian,-0.0007131774373028321,9
Bafia,bafi1243,Atlantic-Congo,-0.0014554504472041095,0
Bafia,bafi1243,Atlantic-Congo,0.11413481857952847,1
Bafia,bafi1243,Atlantic-Congo,0.020165220886329854,2
Bafia,bafi1243,Atlantic-Congo,-0.040705006113445706,3
Bafia,bafi1243,Atlantic-Congo,-0.05376770665822302,4
Bafia,bafi1243,Atlantic-Congo,-0.031341092197732325,5
Bafia,bafi1243,Atlantic-Congo,0.021044920732636568,6
Bafia,bafi1243,Atlantic-Congo,0.08759108865307115,7
Bafia,bafi1243,Atlantic-Congo,-0.025957531547694916,8
Bafia,bafi1243,Atlantic-Congo,-0.0022074222557412395,9
Ossetic,osse1245,Indo-European,-0.007502338953123666,0
Ossetic,osse1245,Indo-European,-0.13762383381559745,1
Ossetic,osse1245,Indo-European,-0.16866684520779882,2
Ossetic,osse1245,Indo-European,-0.054066856041425734,3
Ossetic,osse1245,Indo-European,-0.16866684520779887,4
Ossetic,osse1245,Indo-European,-0.050186479617400574,5
Ossetic,osse1245,Indo-European,-0.13225609506815525,6
Ossetic,osse1245,Indo-European,-0.09105931672729545,7
Ossetic,osse1245,Indo-European,-0.05406685604142577,8
Ossetic,osse1245,Indo-European,0.10970662513450086,9
Yugumbir,yugu1249,Pama-Nyungan,-0.008357153753845641,0
Yugumbir,yugu1249,Pama-Nyungan,0.02855514793252821,1
Yugumbir,yugu1249,Pama-Nyungan,-0.024641301276160855,2
Yugumbir,yugu1249,Pama-Nyungan,0.04032159400402764,3
Yugumbir,yugu1249,Pama-Nyungan,-0.033979723396462165,4
Yugumbir,yugu1249,Pama-Nyungan,-0.01706756482090097,5
Yugumbir,yugu1249,Pama-Nyungan,-0.048419161836599736,6
Yugumbir,yugu1249,Pama-Nyungan,0.020679490161866904,7
Yugumbir,yugu1249,Pama-Nyungan,0.023250894371167535,8
Yugumbir,yugu1249,Pama-Nyungan,-0.011359879374554897,9
Gusii,gusi1247,Atlantic-Congo,0.0006922067579557223,0
Gusii,gusi1247,Atlantic-Congo,-0.046839373124839795,1
Gusii,gusi1247,Atlantic-Congo,0.006836689328195037,2
Gusii,gusi1247,Atlantic-Congo,-0.045543074816714664,3
Gusii,gusi1247,Atlantic-Congo,0.017616276919982854,4
Gusii,gusi1247,Atlantic-Congo,0.0004007329371927729,5
Gusii,gusi1247,Atlantic-Congo,0.0001102032183413909,6
Gusii,gusi1247,Atlantic-Congo,0.004524166416775197,7
Gusii,gusi1247,Atlantic-Congo,-0.004564398840594447,8
Gusii,gusi1247,Atlantic-Congo,0.02922952931730011,9
Tooro,toor1238,Atlantic-Congo,-0.02772677415839918,0
Tooro,toor1238,Atlantic-Congo,0.028061403011804077,1
Tooro,toor1238,Atlantic-Congo,-0.010173643083143903,2
Tooro,toor1238,Atlantic-Congo,-0.012528525324873092,3
Tooro,toor1238,Atlantic-Congo,-0.010440457029064818,4
Tooro,toor1238,Atlantic-Congo,0.0008124254143549941,5
Tooro,toor1238,Atlantic-Congo,-0.013257574078653482,6
Tooro,toor1238,Atlantic-Congo,-0.011831396834177875,7
Tooro,toor1238,Atlantic-Congo,-0.04048921599388356,8
Tooro,toor1238,Atlantic-Congo,0.007814292636833382,9
Carolinian,caro1242,Austronesian,-0.10430003914689694,0
Carolinian,caro1242,Austronesian,-0.08384887990753703,1
Carolinian,caro1242,Austronesian,0.03885807552862258,2
Carolinian,caro1242,Austronesian,-0.10430003914689696,3
Carolinian,caro1242,Austronesian,-0.10430003914689698,4
Carolinian,caro1242,Austronesian,-0.10430003914689698,5
Carolinian,caro1242,Austronesian,-0.10430003914689696,6
Carolinian,caro1242,Austronesian,-0.10430003914689702,7
Carolinian,caro1242,Austronesian,-0.10430003914689703,8
Carolinian,caro1242,Austronesian,0.9898267954640755,9
Big Nambas,bign1238,Austronesian,-0.007335367230225973,0
Big Nambas,bign1238,Austronesian,-0.03316679239342202,1
Big Nambas,bign1238,Austronesian,0.018648739527795093,2
Big Nambas,bign1238,Austronesian,0.005941808315164702,3
Big Nambas,bign1238,Austronesian,-0.0025982229270732453,4
Big Nambas,bign1238,Austronesian,-0.017959944437906095,5
Big Nambas,bign1238,Austronesian,0.038571738769348704,6
Big Nambas,bign1238,Austronesian,-0.022429575250836376,7
Big Nambas,bign1238,Austronesian,0.0007821376132673679,8
Big Nambas,bign1238,Austronesian,0.007707313892172489,9
Umpila,umpi1239,Pama-Nyungan,-0.011597672317213106,0
Umpila,umpi1239,Pama-Nyungan,0.03851280789271634,1
Umpila,umpi1239,Pama-Nyungan,0.009109153100727962,2
Umpila,umpi1239,Pama-Nyungan,0.023436041040634004,3
Umpila,umpi1239,Pama-Nyungan,-0.008085088529914393,4
Umpila,umpi1239,Pama-Nyungan,-0.02040319112064477,5
Umpila,umpi1239,Pama-Nyungan,0.00740149183948673,6
Umpila,umpi1239,Pama-Nyungan,-0.025495871707359407,7
Umpila,umpi1239,Pama-Nyungan,0.0050548551453965,8
Umpila,umpi1239,Pama-Nyungan,-0.014506536190269856,9
Mortlockese,mort1237,Austronesian,-0.03678077135015794,0
Mortlockese,mort1237,Austronesian,0.09957176847563481,1
Mortlockese,mort1237,Austronesian,0.06142944517909225,2
Mortlockese,mort1237,Austronesian,-0.017954358126701764,3
Mortlockese,mort1237,Austronesian,0.055348662928440595,4
Mortlockese,mort1237,Austronesian,0.004490400014804034,5
Mortlockese,mort1237,Austronesian,-0.08205687650473303,6
Mortlockese,mort1237,Austronesian,-0.041275854803794206,7
Mortlockese,mort1237,Austronesian,0.04002942363015053,8
Mortlockese,mort1237,Austronesian,-0.04551760486823177,9
Lauan,laua1243,Austronesian,-0.03254570885172086,0
Lauan,laua1243,Austronesian,0.01936677883862087,1
Lauan,laua1243,Austronesian,-0.012720972892591578,2
Lauan,laua1243,Austronesian,0.02541176096735964,3
Lauan,laua1243,Austronesian,-0.006611742194591352,4
Lauan,laua1243,Austronesian,0.01799309106368726,5
Lauan,laua1243,Austronesian,0.01644793870417456,6
Lauan,laua1243,Austronesian,-0.007829444687730835,7
Lauan,laua1243,Austronesian,-0.03473063117057973,8
Lauan,laua1243,Austronesian,-0.01841080211028196,9
Wolio,woli1241,Austronesian,0.02663539464078873,0
Wolio,woli1241,Austronesian,-0.0047426992858653665,1
Wolio,woli1241,Austronesian,-0.022377787784406,2
Wolio,woli1241,Austronesian,-0.031848561742713,3
Wolio,woli1241,Austronesian,-0.005416556591272989,4
Wolio,woli1241,Austronesian,-0.018959459563549247,5
Wolio,woli1241,Austronesian,-0.04566418595307459,6
Wolio,woli1241,Austronesian,0.012934046153851771,7
Wolio,woli1241,Austronesian,0.04928201299593342,8
Wolio,woli1241,Austronesian,-9.485076618644083e-05,9
Ampibabo,ampi1237,Austronesian,0.003427570537938845,0
Ampibabo,ampi1237,Austronesian,-0.01783316161883238,1
Ampibabo,ampi1237,Austronesian,0.04535934229917936,2
Ampibabo,ampi1237,Austronesian,0.02200299454870688,3
Ampibabo,ampi1237,Austronesian,0.0057312024876309065,4
Ampibabo,ampi1237,Austronesian,0.029861590556928105,5
Ampibabo,ampi1237,Austronesian,-0.028153449869274077,6
Ampibabo,ampi1237,Austronesian,0.04257014012411518,7
Ampibabo,ampi1237,Austronesian,0.04700615482417628,8
Ampibabo,ampi1237,Austronesian,0.04011492133672997,9
Northeast Maidu,nort2952,,-0.015294518944463504,0
Northeast Maidu,nort2952,,-0.017697290296165492,1
Northeast Maidu,nort2952,,-0.023936004195820447,2
Northeast Maidu,nort2952,,-0.030907923429855808,3
Northeast Maidu,nort2952,,0.040253226630104014,4
Northeast Maidu,nort2952,,-0.028617976718121416,5
Northeast Maidu,nort2952,,-0.012547158608095074,6
Northeast Maidu,nort2952,,-0.01791156956108711,7
Northeast Maidu,nort2952,,0.08742671048558641,8
Northeast Maidu,nort2952,,-0.029168989881355467,9
Macedonian,mace1250,Indo-European,0.025837740887443113,0
Macedonian,mace1250,Indo-European,0.024904775780598826,1
Macedonian,mace1250,Indo-European,0.011512519536589876,2
Macedonian,mace1250,Indo-European,0.002060082872926438,3
Macedonian,mace1250,Indo-European,-0.040629491654503906,4
Macedonian,mace1250,Indo-European,0.009393582593947326,5
Macedonian,mace1250,Indo-European,-0.023228631491781844,6
Macedonian,mace1250,Indo-European,0.01903886113612463,7
Macedonian,mace1250,Indo-European,0.004200961440572958,8
Macedonian,mace1250,Indo-European,0.0012565910864459585,9
Hehe,hehe1240,Atlantic-Congo,-0.026817212345420543,0
Hehe,hehe1240,Atlantic-Congo,0.010439065717273089,1
Hehe,hehe1240,Atlantic-Congo,-0.03749919465631375,2
Hehe,hehe1240,Atlantic-Congo,-0.0054062088775179455,3
Hehe,hehe1240,Atlantic-Congo,-0.011140378575218867,4
Hehe,hehe1240,Atlantic-Congo,-0.00023035821987347374,5
Hehe,hehe1240,Atlantic-Congo,-0.006931462073658189,6
Hehe,hehe1240,Atlantic-Congo,-0.02688946261610379,7
Hehe,hehe1240,Atlantic-Congo,0.010218456295974709,8
Hehe,hehe1240,Atlantic-Congo,0.00479689212115619,9
Tlingit,tlin1245,,0.023269218002522477,0
Tlingit,tlin1245,,-0.004232149911301292,1
Tlingit,tlin1245,,0.03315482942983481,2
Tlingit,tlin1245,,-0.01960859142391401,3
Tlingit,tlin1245,,-0.009827627625944342,4
Tlingit,tlin1245,,0.00011298148395537786,5
Tlingit,tlin1245,,-0.020251146216213822,6
Tlingit,tlin1245,,0.026346913139833967,7
Tlingit,tlin1245,,-0.06106154919196858,8
Tlingit,tlin1245,,-0.001953516469872688,9
Kannada,nucl1305,Dravidian,-0.004499020501376775,0
Kannada,nucl1305,Dravidian,-0.06014360290170742,1
Kannada,nucl1305,Dravidian,0.03405248789704107,2
Kannada,nucl1305,Dravidian,0.03189285531863219,3
Kannada,nucl1305,Dravidian,0.018976394255598484,4
Kannada,nucl1305,Dravidian,0.046484759499681824,5
Kannada,nucl1305,Dravidian,0.009957773271689774,6
Kannada,nucl1305,Dravidian,-0.019400776403537066,7
Kannada,nucl1305,Dravidian,-0.04117816533531945,8
Kannada,nucl1305,Dravidian,-0.025688238250088632,9
Mashco Piro,mash1270,Arawakan,0.03015496023496486,0
Mashco Piro,mash1270,Arawakan,0.02051031152562948,1
Mashco Piro,mash1270,Arawakan,-0.04263655140841236,2
Mashco Piro,mash1270,Arawakan,0.031845357949057705,3
Mashco Piro,mash1270,Arawakan,0.05315815156410794,4
Mashco Piro,mash1270,Arawakan,-0.06369012405577916,5
Mashco Piro,mash1270,Arawakan,0.011872618609649034,6
Mashco Piro,mash1270,Arawakan,-0.053119994837906526,7
Mashco Piro,mash1270,Arawakan,0.041371776526526446,8
Mashco Piro,mash1270,Arawakan,0.017538718337410872,9
Tonga (Tonga Islands),tong1325,Austronesian,0.02200349405793455,0
Tonga (Tonga Islands),tong1325,Austronesian,0.07193797082192083,1
Tonga (Tonga Islands),tong1325,Austronesian,-0.021653312653166223,2
Tonga (Tonga Islands),tong1325,Austronesian,-0.009894740847132398,3
Tonga (Tonga Islands),tong1325,Austronesian,-0.030996158552132606,4
Tonga (Tonga Islands),tong1325,Austronesian,-0.015173078762790424,5
Tonga (Tonga Islands),tong1325,Austronesian,0.027360910583236336,6
Tonga (Tonga Islands),tong1325,Austronesian,-0.014503463876590163,7
Tonga (Tonga Islands),tong1325,Austronesian,0.002596052341747785,8
Tonga (Tonga Islands),tong1325,Austronesian,-0.030155173647132594,9
Qawasqar,qawa1238,,-0.018380141765623782,0
Qawasqar,qawa1238,,-0.04790088000192051,1
Qawasqar,qawa1238,,0.024839338734762552,2
Qawasqar,qawa1238,,0.060911204352309095,3
Qawasqar,qawa1238,,0.018382778714820677,4
Qawasqar,qawa1238,,0.08762663685814504,5
Qawasqar,qawa1238,,0.035115240263305425,6
Qawasqar,qawa1238,,0.09471719018900099,7
Qawasqar,qawa1238,,0.0425534209542382,8
Qawasqar,qawa1238,,0.05783089216792282,9
Eastern Bolivian Guaraní,east2555,Tupian,-0.039815107589872244,0
Eastern Bolivian Guaraní,east2555,Tupian,-0.008735624473654726,1
Eastern Bolivian Guaraní,east2555,Tupian,-0.023624825621509325,2
Eastern Bolivian Guaraní,east2555,Tupian,-0.021583144877775115,3
Eastern Bolivian Guaraní,east2555,Tupian,-0.012066946778406583,4
Eastern Bolivian Guaraní,east2555,Tupian,-0.01597217110710035,5
Eastern Bolivian Guaraní,east2555,Tupian,-0.008948232700528374,6
Eastern Bolivian Guaraní,east2555,Tupian,0.01940819699362389,7
Eastern Bolivian Guaraní,east2555,Tupian,-0.04323842577488696,8
Eastern Bolivian Guaraní,east2555,Tupian,-0.0037678720484365,9
Yelmek,yelm1242,,-0.034197180540324223,0
Yelmek,yelm1242,,-0.012819394282418546,1
Yelmek,yelm1242,,-0.027126907697725654,2
Yelmek,yelm1242,,-0.016873686559313903,3
Yelmek,yelm1242,,-0.0371345688498029,4
Yelmek,yelm1242,,0.04672405353648859,5
Yelmek,yelm1242,,-0.012836132668984998,6
Yelmek,yelm1242,,-0.02746406653953934,7
Yelmek,yelm1242,,-0.0011485501319692705,8
Yelmek,yelm1242,,-0.05376712067722385,9
Cubeo,cube1242,,-0.012469387891395243,0
Cubeo,cube1242,,0.003546919457765302,1
Cubeo,cube1242,,0.039280953810133586,2
Cubeo,cube1242,,-0.02483675843259741,3
Cubeo,cube1242,,0.011537561309391197,4
Cubeo,cube1242,,-0.004451023044611302,5
Cubeo,cube1242,,0.002143971527033829,6
Cubeo,cube1242,,0.027050103191022905,7
Cubeo,cube1242,,-0.001313229627111709,8
Cubeo,cube1242,,0.05981518057863466,9
Ponca,ponc1241,,0.006072099642057296,0
Ponca,ponc1241,,0.12285343460350273,1
Ponca,ponc1241,,0.010083559100848983,2
Ponca,ponc1241,,0.02590942463014871,3
Ponca,ponc1241,,-0.024844982728831823,4
Ponca,ponc1241,,-0.02225829596107813,5
Ponca,ponc1241,,0.009361385334018285,6
Ponca,ponc1241,,-0.049492918131218255,7
Ponca,ponc1241,,0.04734499920755637,8
Ponca,ponc1241,,0.011854214198876997,9
Prai,phai1238,Austroasiatic,0.010358635849778869,0
Prai,phai1238,Austroasiatic,-0.04285609272107432,1
Prai,phai1238,Austroasiatic,-0.026395330723949808,2
Prai,phai1238,Austroasiatic,0.0653191583965485,3
Prai,phai1238,Austroasiatic,-0.06501329714464515,4
Prai,phai1238,Austroasiatic,0.03924402412865441,5
Prai,phai1238,Austroasiatic,0.008691477685254112,6
Prai,phai1238,Austroasiatic,0.05448917297955751,7
Prai,phai1238,Austroasiatic,0.022323302025997326,8
Prai,phai1238,Austroasiatic,-0.040157974585195995,9
Hano,hano1246,Austronesian,0.0021215019274958844,0
Hano,hano1246,Austronesian,-0.0017970273256196247,1
Hano,hano1246,Austronesian,0.017885590467504785,2
Hano,hano1246,Austronesian,0.025907576641145333,3
Hano,hano1246,Austronesian,0.000695124283097833,4
Hano,hano1246,Austronesian,0.011555060601970537,5
Hano,hano1246,Austronesian,-0.00712274220259375,6
Hano,hano1246,Austronesian,-0.012247651471070035,7
Hano,hano1246,Austronesian,-0.01949532981655941,8
Hano,hano1246,Austronesian,-0.013838738682531448,9
Avestan,aves1237,Indo-European,0.0017482752947217714,0
Avestan,aves1237,Indo-European,0.0022637848817816933,1
Avestan,aves1237,Indo-European,-0.026282070736949905,2
Avestan,aves1237,Indo-European,-0.0028208978973485524,3
Avestan,aves1237,Indo-European,0.016636161841186298,4
Avestan,aves1237,Indo-European,-0.04773904180224548,5
Avestan,aves1237,Indo-European,-0.025110031540853738,6
Avestan,aves1237,Indo-European,0.012606308905322175,7
Avestan,aves1237,Indo-European,-0.03224512222578983,8
Avestan,aves1237,Indo-European,0.005568476040121927,9
Paraguayan Guaraní,para1311,Tupian,0.05126070177115413,0
Paraguayan Guaraní,para1311,Tupian,0.057033561957763886,1
Paraguayan Guaraní,para1311,Tupian,-0.013353577885600921,2
Paraguayan Guaraní,para1311,Tupian,0.050752629962021165,3
Paraguayan Guaraní,para1311,Tupian,-0.011845277335566262,4
Paraguayan Guaraní,para1311,Tupian,0.017835465612419856,5
Paraguayan Guaraní,para1311,Tupian,0.08313315824098738,6
Paraguayan Guaraní,para1311,Tupian,0.0453560385225709,7
Paraguayan Guaraní,para1311,Tupian,0.05808692566311256,8
Paraguayan Guaraní,para1311,Tupian,-0.0550397019259077,9
Movima,movi1243,,-0.003672681061801887,0
Movima,movi1243,,-0.03587512517290847,1
Movima,movi1243,,0.05019225418041638,2
Movima,movi1243,,0.045329586136690136,3
Movima,movi1243,,-0.01948477424727372,4
Movima,movi1243,,0.0014817918778505918,5
Movima,movi1243,,0.028154016863911297,6
Movima,movi1243,,0.0037380121633062255,7
Movima,movi1243,,-0.02235070524765016,8
Movima,movi1243,,-0.025913099955328266,9
Andi,andi1255,Nakh-Daghestanian,-0.03854443422747615,0
Andi,andi1255,Nakh-Daghestanian,-0.014520242714290577,1
Andi,andi1255,Nakh-Daghestanian,-0.0225075629700724,2
Andi,andi1255,Nakh-Daghestanian,-0.0072185357045754,3
Andi,andi1255,Nakh-Daghestanian,0.007791328074187953,4
Andi,andi1255,Nakh-Daghestanian,-0.025491948466767576,5
Andi,andi1255,Nakh-Daghestanian,-0.0076942461439790544,6
Andi,andi1255,Nakh-Daghestanian,-0.020955465636917664,7
Andi,andi1255,Nakh-Daghestanian,-0.0059170244716044915,8
Andi,andi1255,Nakh-Daghestanian,0.03716005892554282,9
Kawaiisu,kawa1283,Uto-Aztecan,0.003389012334587293,0
Kawaiisu,kawa1283,Uto-Aztecan,0.025559382762439974,1
Kawaiisu,kawa1283,Uto-Aztecan,0.024282616079807612,2
Kawaiisu,kawa1283,Uto-Aztecan,0.018408971575478338,3
Kawaiisu,kawa1283,Uto-Aztecan,-0.09680595407914162,4
Kawaiisu,kawa1283,Uto-Aztecan,-0.08251802799093416,5
Kawaiisu,kawa1283,Uto-Aztecan,0.0199539212835421,6
Kawaiisu,kawa1283,Uto-Aztecan,-0.007034783184813016,7
Kawaiisu,kawa1283,Uto-Aztecan,-0.00845785365704196,8
Kawaiisu,kawa1283,Uto-Aztecan,-0.024853931983125865,9
'Are'are,area1240,Austronesian,-0.0004894131226313009,0
'Are'are,area1240,Austronesian,0.020159435188505496,1
'Are'are,area1240,Austronesian,-0.006458695943132096,2
'Are'are,area1240,Austronesian,-0.007599019142257068,3
'Are'are,area1240,Austronesian,0.014324570945080009,4
'Are'are,area1240,Austronesian,-0.014801380409709134,5
'Are'are,area1240,Austronesian,0.018248130619756234,6
'Are'are,area1240,Austronesian,0.066912063134126,7
'Are'are,area1240,Austronesian,-0.012017990372527473,8
'Are'are,area1240,Austronesian,-0.028388185572069857,9
Cotabato Manobo,cota1241,Austronesian,-0.03631751506659951,0
Cotabato Manobo,cota1241,Austronesian,-0.014136736890867464,1
Cotabato Manobo,cota1241,Austronesian,0.016832396604565737,2
Cotabato Manobo,cota1241,Austronesian,-0.011504086390672304,3
Cotabato Manobo,cota1241,Austronesian,0.019673634779466865,4
Cotabato Manobo,cota1241,Austronesian,-0.008125285532634563,5
Cotabato Manobo,cota1241,Austronesian,0.020407309336996256,6
Cotabato Manobo,cota1241,Austronesian,-0.002790019297370069,7
Cotabato Manobo,cota1241,Austronesian,-0.01252701708755016,8
Cotabato Manobo,cota1241,Austronesian,-0.03079095706334717,9
Northern Tosk Albanian,tosk1239,Indo-European,-0.021218024132006505,0
Northern Tosk Albanian,tosk1239,Indo-European,-0.0017461621586014127,1
Northern Tosk Albanian,tosk1239,Indo-European,-0.050381398589056686,2
Northern Tosk Albanian,tosk1239,Indo-European,-0.026341594464947164,3
Northern Tosk Albanian,tosk1239,Indo-European,-0.00512754050180818,4
Northern Tosk Albanian,tosk1239,Indo-European,0.03741488087080332,5
Northern Tosk Albanian,tosk1239,Indo-European,0.01875407310525592,6
Northern Tosk Albanian,tosk1239,Indo-European,-0.02133226376938145,7
Northern Tosk Albanian,tosk1239,Indo-European,-0.002808370552849505,8
Northern Tosk Albanian,tosk1239,Indo-European,-0.01207685677423999,9
Eel River Athabaskan,wail1244,,-0.02705814323835836,0
Eel River Athabaskan,wail1244,,-0.02238428091068906,1
Eel River Athabaskan,wail1244,,0.013435555883138427,2
Eel River Athabaskan,wail1244,,0.0013793271409023164,3
Eel River Athabaskan,wail1244,,-0.0017813584531149928,4
Eel River Athabaskan,wail1244,,-0.0019602631365501296,5
Eel River Athabaskan,wail1244,,-0.017996338551171165,6
Eel River Athabaskan,wail1244,,0.016654881658749742,7
Eel River Athabaskan,wail1244,,-0.01513983747330078,8
Eel River Athabaskan,wail1244,,0.01518236736631825,9
Bungku,bung1269,Austronesian,0.00915577699642331,0
Bungku,bung1269,Austronesian,0.009525366518147858,1
Bungku,bung1269,Austronesian,-0.003060815961093171,2
Bungku,bung1269,Austronesian,-0.001852767115489172,3
Bungku,bung1269,Austronesian,-0.012851587187360845,4
Bungku,bung1269,Austronesian,-0.012252801014345085,5
Bungku,bung1269,Austronesian,-0.028914793822050925,6
Bungku,bung1269,Austronesian,-0.002446714224072535,7
Bungku,bung1269,Austronesian,0.005512352049565716,8
Bungku,bung1269,Austronesian,0.023018093678080193,9
Forest Enets,fore1265,Uralic,-0.03249893141110983,0
Forest Enets,fore1265,Uralic,-0.03975552859264233,1
Forest Enets,fore1265,Uralic,0.014451540895636647,2
Forest Enets,fore1265,Uralic,-0.06726483533336333,3
Forest Enets,fore1265,Uralic,0.04042344373033252,4
Forest Enets,fore1265,Uralic,0.03787330589394779,5
Forest Enets,fore1265,Uralic,-0.03406545421027232,6
Forest Enets,fore1265,Uralic,-0.0700112938488992,7
Forest Enets,fore1265,Uralic,-0.010827303085903335,8
Forest Enets,fore1265,Uralic,0.057936690322157196,9
Quechan,quec1382,,-0.01292097649180992,0
Quechan,quec1382,,-0.02462371198600215,1
Quechan,quec1382,,-0.014443230225579508,2
Quechan,quec1382,,0.054971573089075874,3
Quechan,quec1382,,0.014925085178303356,4
Quechan,quec1382,,0.060717428752823425,5
Quechan,quec1382,,-0.018200204214277222,6
Quechan,quec1382,,-0.00041855827643153963,7
Quechan,quec1382,,0.011337271902924533,8
Quechan,quec1382,,0.012050140860082083,9
Barok,baro1253,Austronesian,0.00744123211441039,0
Barok,baro1253,Austronesian,-0.004140663884107897,1
Barok,baro1253,Austronesian,-0.002932214309607906,2
Barok,baro1253,Austronesian,-0.0008500610785517884,3
Barok,baro1253,Austronesian,0.03375634797144382,4
Barok,baro1253,Austronesian,0.0548749844995176,5
Barok,baro1253,Austronesian,0.0282384640482027,6
Barok,baro1253,Austronesian,-0.007710396368140873,7
Barok,baro1253,Austronesian,-0.0191581613556932,8
Barok,baro1253,Austronesian,-0.056310739398883994,9
Iwam,iwam1256,Sepik,0.021558706470032878,0
Iwam,iwam1256,Sepik,-0.03769942711680363,1
Iwam,iwam1256,Sepik,-0.009791126676930977,2
Iwam,iwam1256,Sepik,-0.0022953879434370696,3
Iwam,iwam1256,Sepik,-0.017025342840933468,4
Iwam,iwam1256,Sepik,-0.00990216827955446,5
Iwam,iwam1256,Sepik,-0.020075360918910025,6
Iwam,iwam1256,Sepik,0.01874616489170037,7
Iwam,iwam1256,Sepik,-9.413021307430028e-05,8
Iwam,iwam1256,Sepik,0.006183759011744169,9
Oto,otoo1241,,-0.03306206588704249,0
Oto,otoo1241,,0.0031177997010098596,1
Oto,otoo1241,,-0.015622783364678754,2
Oto,otoo1241,,-0.030338984854556782,3
Oto,otoo1241,,0.056317033086670215,4
Oto,otoo1241,,-0.010879794520603132,5
Oto,otoo1241,,0.028875801150507543,6
Oto,otoo1241,,-0.01106237379430642,7
Oto,otoo1241,,0.0016810925281135326,8
Oto,otoo1241,,0.009786980426722432,9
Erave,erav1244,Nuclear Trans New Guinea,0.024854170345078145,0
Erave,erav1244,Nuclear Trans New Guinea,-0.02394285791803566,1
Erave,erav1244,Nuclear Trans New Guinea,0.017229577624126004,2
Erave,erav1244,Nuclear Trans New Guinea,-0.03602579137508952,3
Erave,erav1244,Nuclear Trans New Guinea,0.018227380257304478,4
Erave,erav1244,Nuclear Trans New Guinea,-0.030821406409588876,5
Erave,erav1244,Nuclear Trans New Guinea,0.016231099730759358,6
Erave,erav1244,Nuclear Trans New Guinea,0.021014110178120497,7
Erave,erav1244,Nuclear Trans New Guinea,0.015639211607885832,8
Erave,erav1244,Nuclear Trans New Guinea,-0.027114331479691174,9
Latin,lati1261,Indo-European,-0.027002338080311356,0
Latin,lati1261,Indo-European,-0.0038768366681184146,1
Latin,lati1261,Indo-European,-0.0018120357086050469,2
Latin,lati1261,Indo-European,-0.011586154604414988,3
Latin,lati1261,Indo-European,0.007127473214595802,4
Latin,lati1261,Indo-European,0.032340953596574976,5
Latin,lati1261,Indo-European,0.0125489884538029,6
Latin,lati1261,Indo-European,0.009527513955336752,7
Latin,lati1261,Indo-European,0.01618910647387453,8
Latin,lati1261,Indo-European,-0.011799686774665159,9
Jingulu,djin1251,,-0.005239256070075696,0
Jingulu,djin1251,,-0.009617547889280027,1
Jingulu,djin1251,,0.006832621920252907,2
Jingulu,djin1251,,0.004625541303270335,3
Jingulu,djin1251,,0.0286320855086372,4
Jingulu,djin1251,,-0.0023317220254724454,5
Jingulu,djin1251,,0.04008157271551886,6
Jingulu,djin1251,,-0.011604152206971592,7
Jingulu,djin1251,,-0.007871973048641238,8
Jingulu,djin1251,,-0.03317870587466888,9
Wanman,wanm1242,Pama-Nyungan,0.05788717976680951,0
Wanman,wanm1242,Pama-Nyungan,-0.04985289058835542,1
Wanman,wanm1242,Pama-Nyungan,0.028399835575283652,2
Wanman,wanm1242,Pama-Nyungan,0.028130222717652014,3
Wanman,wanm1242,Pama-Nyungan,0.10313544655776924,4
Wanman,wanm1242,Pama-Nyungan,-0.033939616613693775,5
Wanman,wanm1242,Pama-Nyungan,-0.008387531294009447,6
Wanman,wanm1242,Pama-Nyungan,0.0016726789491524313,7
Wanman,wanm1242,Pama-Nyungan,0.0038147168998026756,8
Wanman,wanm1242,Pama-Nyungan,-0.019829023967257053,9
Äiwoo,ayiw1239,Austronesian,-0.011582918122418812,0
Äiwoo,ayiw1239,Austronesian,-0.0008592657569118842,1
Äiwoo,ayiw1239,Austronesian,-0.018835742369069666,2
Äiwoo,ayiw1239,Austronesian,0.039082993397013294,3
Äiwoo,ayiw1239,Austronesian,0.0034715543633907562,4
Äiwoo,ayiw1239,Austronesian,0.02296866657620105,5
Äiwoo,ayiw1239,Austronesian,-0.005269349678441077,6
Äiwoo,ayiw1239,Austronesian,-0.012243794192871669,7
Äiwoo,ayiw1239,Austronesian,-0.01445375346573556,8
Äiwoo,ayiw1239,Austronesian,0.021543566389657542,9
Landawe,land1259,Austronesian,0.00991652017518143,0
Landawe,land1259,Austronesian,-0.016724504072806755,1
Landawe,land1259,Austronesian,0.06046376265074767,2
Landawe,land1259,Austronesian,0.011821677465422623,3
Landawe,land1259,Austronesian,0.012655406985981915,4
Landawe,land1259,Austronesian,0.02754837396965122,5
Landawe,land1259,Austronesian,-0.015690712178813872,6
Landawe,land1259,Austronesian,0.07004067137974904,7
Landawe,land1259,Austronesian,0.05228435604348568,8
Landawe,land1259,Austronesian,0.0028167534268641794,9
Ibaloi,ibal1244,Austronesian,-0.003050489598602575,0
Ibaloi,ibal1244,Austronesian,-0.01521139536621285,1
Ibaloi,ibal1244,Austronesian,-0.0018739559044825063,2
Ibaloi,ibal1244,Austronesian,0.01835561539771805,3
Ibaloi,ibal1244,Austronesian,0.010650034450012558,4
Ibaloi,ibal1244,Austronesian,-0.003351205677221072,5
Ibaloi,ibal1244,Austronesian,-0.029438872468514676,6
Ibaloi,ibal1244,Austronesian,0.0172507258153894,7
Ibaloi,ibal1244,Austronesian,-0.003933055664658312,8
Ibaloi,ibal1244,Austronesian,-0.032155182938294904,9
Pawnee,pawn1254,,-0.0034453261982629506,0
Pawnee,pawn1254,,-0.011073139563823001,1
Pawnee,pawn1254,,0.005269635643789104,2
Pawnee,pawn1254,,0.006093821605390122,3
Pawnee,pawn1254,,-0.005449646278084995,4
Pawnee,pawn1254,,-0.030025322144995766,5
Pawnee,pawn1254,,0.006828450867739245,6
Pawnee,pawn1254,,-0.006996662567987374,7
Pawnee,pawn1254,,0.010162802432715175,8
Pawnee,pawn1254,,0.019505136334671873,9
Luguru,lugu1238,Atlantic-Congo,-0.014156047104390806,0
Luguru,lugu1238,Atlantic-Congo,0.028025243850547332,1
Luguru,lugu1238,Atlantic-Congo,0.026711281634598336,2
Luguru,lugu1238,Atlantic-Congo,0.023880659044167755,3
Luguru,lugu1238,Atlantic-Congo,-0.009158446631809142,4
Luguru,lugu1238,Atlantic-Congo,-0.02170062501263832,5
Luguru,lugu1238,Atlantic-Congo,-0.0094097499370615,6
Luguru,lugu1238,Atlantic-Congo,0.019698055172506262,7
Luguru,lugu1238,Atlantic-Congo,-0.014735465115559001,8
Luguru,lugu1238,Atlantic-Congo,-0.027446966081752615,9
Maguindanao,magu1243,Austronesian,0.02732673962745209,0
Maguindanao,magu1243,Austronesian,-0.026421588505452075,1
Maguindanao,magu1243,Austronesian,-0.015256506374805762,2
Maguindanao,magu1243,Austronesian,0.004744890705413964,3
Maguindanao,magu1243,Austronesian,0.009294869241646818,4
Maguindanao,magu1243,Austronesian,0.025314716998100565,5
Maguindanao,magu1243,Austronesian,-0.004867920155303807,6
Maguindanao,magu1243,Austronesian,0.0192311660746455,7
Maguindanao,magu1243,Austronesian,-0.011092311041939721,8
Maguindanao,magu1243,Austronesian,-0.024531387944501954,9
Udmurt,udmu1245,Uralic,0.055107775438747696,0
Udmurt,udmu1245,Uralic,-0.0690159028706828,1
Udmurt,udmu1245,Uralic,0.05787069164863075,2
Udmurt,udmu1245,Uralic,-0.03843695204232861,3
Udmurt,udmu1245,Uralic,-0.05074316929834529,4
Udmurt,udmu1245,Uralic,0.0806089405687961,5
Udmurt,udmu1245,Uralic,-0.07440158562326529,6
Udmurt,udmu1245,Uralic,0.0022747442339653323,7
Udmurt,udmu1245,Uralic,0.02722427484004207,8
Udmurt,udmu1245,Uralic,0.02048982488015172,9
Yucatec Maya,yuca1254,,0.0050362766618412425,0
Yucatec Maya,yuca1254,,-0.027844726247565406,1
Yucatec Maya,yuca1254,,-0.010958247180874613,2
Yucatec Maya,yuca1254,,-0.02531390011705157,3
Yucatec Maya,yuca1254,,0.029222788538738196,4
Yucatec Maya,yuca1254,,-0.01699934511296528,5
Yucatec Maya,yuca1254,,-0.0013698384559046354,6
Yucatec Maya,yuca1254,,-0.0006891658561916953,7
Yucatec Maya,yuca1254,,-0.007071323924995806,8
Yucatec Maya,yuca1254,,0.04339188030150035,9
Yami,yami1254,Austronesian,-0.024787958797787512,0
Yami,yami1254,Austronesian,0.00388727864930585,1
Yami,yami1254,Austronesian,-0.014999259301990937,2
Yami,yami1254,Austronesian,-0.034317020544106576,3
Yami,yami1254,Austronesian,0.025019789349979282,4
Yami,yami1254,Austronesian,-0.05930308694757288,5
Yami,yami1254,Austronesian,0.009659391093401623,6
Yami,yami1254,Austronesian,-0.004365006819541715,7
Yami,yami1254,Austronesian,-0.025233285771874944,8
Yami,yami1254,Austronesian,-0.04277388437739501,9
Alangan,alan1249,Austronesian,0.001255158524583851,0
Alangan,alan1249,Austronesian,-0.03062940569293362,1
Alangan,alan1249,Austronesian,-0.033880623016354,2
Alangan,alan1249,Austronesian,0.018561326933909234,3
Alangan,alan1249,Austronesian,-0.012008055763738104,4
Alangan,alan1249,Austronesian,0.0031445508512458215,5
Alangan,alan1249,Austronesian,-0.027172559296294328,6
Alangan,alan1249,Austronesian,0.01261251494204483,7
Alangan,alan1249,Austronesian,0.0033496900197264277,8
Alangan,alan1249,Austronesian,0.017525173172539953,9
Chemehuevi,chem1251,Uto-Aztecan,0.0328771015583028,0
Chemehuevi,chem1251,Uto-Aztecan,0.01278029681306188,1
Chemehuevi,chem1251,Uto-Aztecan,-0.0982341744759557,2
Chemehuevi,chem1251,Uto-Aztecan,-0.07195141613131141,3
Chemehuevi,chem1251,Uto-Aztecan,0.13013184830712057,4
Chemehuevi,chem1251,Uto-Aztecan,-0.06401091425465905,5
Chemehuevi,chem1251,Uto-Aztecan,-0.01233647288008849,6
Chemehuevi,chem1251,Uto-Aztecan,0.06377671041736911,7
Chemehuevi,chem1251,Uto-Aztecan,0.1783607137589596,8
Chemehuevi,chem1251,Uto-Aztecan,-0.022943685259564285,9
Dehong,deho1238,Tai-Kadai,0.0415557688709567,0
Dehong,deho1238,Tai-Kadai,-0.022020708354388716,1
Dehong,deho1238,Tai-Kadai,-0.04954256274317898,2
Dehong,deho1238,Tai-Kadai,0.03546636001853516,3
Dehong,deho1238,Tai-Kadai,0.02069319986931723,4
Dehong,deho1238,Tai-Kadai,-0.01674001937008848,5
Dehong,deho1238,Tai-Kadai,-0.02174086736099941,6
Dehong,deho1238,Tai-Kadai,-0.015213517139693116,7
Dehong,deho1238,Tai-Kadai,0.0004617655835286002,8
Dehong,deho1238,Tai-Kadai,0.03945774940565591,9
Dhuwal,dhuw1249,Pama-Nyungan,0.020483291437170467,0
Dhuwal,dhuw1249,Pama-Nyungan,0.0666662490032132,1
Dhuwal,dhuw1249,Pama-Nyungan,0.013208951279202744,2
Dhuwal,dhuw1249,Pama-Nyungan,-0.015768334136570243,3
Dhuwal,dhuw1249,Pama-Nyungan,-0.024791739929044675,4
Dhuwal,dhuw1249,Pama-Nyungan,-0.013155499225637749,5
Dhuwal,dhuw1249,Pama-Nyungan,-0.015623037619161784,6
Dhuwal,dhuw1249,Pama-Nyungan,-0.038023411726254716,7
Dhuwal,dhuw1249,Pama-Nyungan,-0.013755926348095485,8
Dhuwal,dhuw1249,Pama-Nyungan,-0.006812232257344241,9
Bezhta,bezh1248,Nakh-Daghestanian,-0.007533383921570979,0
Bezhta,bezh1248,Nakh-Daghestanian,0.012484817747878258,1
Bezhta,bezh1248,Nakh-Daghestanian,0.0033627374116773894,2
Bezhta,bezh1248,Nakh-Daghestanian,0.007589676915246347,3
Bezhta,bezh1248,Nakh-Daghestanian,0.007805328002444146,4
Bezhta,bezh1248,Nakh-Daghestanian,-0.025817923184308516,5
Bezhta,bezh1248,Nakh-Daghestanian,0.01356068530261707,6
Bezhta,bezh1248,Nakh-Daghestanian,0.030062741588562324,7
Bezhta,bezh1248,Nakh-Daghestanian,-0.028529674769075072,8
Bezhta,bezh1248,Nakh-Daghestanian,0.016119867974583486,9
Kutenai,kute1249,,-0.03150097176229517,0
Kutenai,kute1249,,-0.01157430406357052,1
Kutenai,kute1249,,-0.02803976776932052,2
Kutenai,kute1249,,-0.029230265407852635,3
Kutenai,kute1249,,0.03214484658024807,4
Kutenai,kute1249,,-0.030831437772155742,5
Kutenai,kute1249,,0.04318276540375182,6
Kutenai,kute1249,,-0.01665543120238718,7
Kutenai,kute1249,,-0.0014862079312212807,8
Kutenai,kute1249,,0.0035960679947740328,9
South Tuvaluan,sout2865,Austronesian,0.00583730672723044,0
South Tuvaluan,sout2865,Austronesian,-0.022967233909496974,1
South Tuvaluan,sout2865,Austronesian,0.021485895780313787,2
South Tuvaluan,sout2865,Austronesian,-0.0073807113333242275,3
South Tuvaluan,sout2865,Austronesian,0.004618069353305182,4
South Tuvaluan,sout2865,Austronesian,0.01546291181547937,5
South Tuvaluan,sout2865,Austronesian,-0.022059746251878648,6
South Tuvaluan,sout2865,Austronesian,0.012162172772184152,7
South Tuvaluan,sout2865,Austronesian,-0.0014765798663001978,8
South Tuvaluan,sout2865,Austronesian,-0.04020983384937794,9
Yanyuwa,yany1243,Pama-Nyungan,-0.019903710317107318,0
Yanyuwa,yany1243,Pama-Nyungan,0.018734192259984378,1
Yanyuwa,yany1243,Pama-Nyungan,0.008551024573023959,2
Yanyuwa,yany1243,Pama-Nyungan,0.006035210886927396,3
Yanyuwa,yany1243,Pama-Nyungan,0.01175778312299357,4
Yanyuwa,yany1243,Pama-Nyungan,-0.02051834196936892,5
Yanyuwa,yany1243,Pama-Nyungan,-0.0042700691715120784,6
Yanyuwa,yany1243,Pama-Nyungan,-0.030350414365906585,7
Yanyuwa,yany1243,Pama-Nyungan,0.014439303577400983,8
Yanyuwa,yany1243,Pama-Nyungan,-0.014895990671249488,9
Ukrainian,ukra1253,Indo-European,-0.02427861906444573,0
Ukrainian,ukra1253,Indo-European,-0.01209635634420878,1
Ukrainian,ukra1253,Indo-European,0.01441368808323557,2
Ukrainian,ukra1253,Indo-European,0.027613081962667062,3
Ukrainian,ukra1253,Indo-European,-0.016568339703518196,4
Ukrainian,ukra1253,Indo-European,0.0054252943846837985,5
Ukrainian,ukra1253,Indo-European,0.036868704935145866,6
Ukrainian,ukra1253,Indo-European,0.035348571618124304,7
Ukrainian,ukra1253,Indo-European,0.0019443261983009082,8
Ukrainian,ukra1253,Indo-European,-0.012928319110949235,9
Haya,haya1250,Atlantic-Congo,-0.028383939740025337,0
Haya,haya1250,Atlantic-Congo,-0.022469914889627875,1
Haya,haya1250,Atlantic-Congo,-0.009316682404635034,2
Haya,haya1250,Atlantic-Congo,0.03231021614737217,3
Haya,haya1250,Atlantic-Congo,0.015883766402205773,4
Haya,haya1250,Atlantic-Congo,-0.003370979151625558,5
Haya,haya1250,Atlantic-Congo,0.0134846812284077,6
Haya,haya1250,Atlantic-Congo,0.052758804693768264,7
Haya,haya1250,Atlantic-Congo,-0.018473267653094122,8
Haya,haya1250,Atlantic-Congo,0.008746379400943874,9
Bontok,bont1247,Austronesian,-0.008386078000249734,0
Bontok,bont1247,Austronesian,0.000182901920263984,1
Bontok,bont1247,Austronesian,-0.025808435348408404,2
Bontok,bont1247,Austronesian,0.0024063680316303787,3
Bontok,bont1247,Austronesian,-0.019811394200351082,4
Bontok,bont1247,Austronesian,-0.02944676463130268,5
Bontok,bont1247,Austronesian,-0.002286050864036941,6
Bontok,bont1247,Austronesian,-0.011584806678751646,7
Bontok,bont1247,Austronesian,0.007685113794781576,8
Bontok,bont1247,Austronesian,0.006611947399028224,9
Chepang,chep1245,Sino-Tibetan,0.010376824505608844,0
Chepang,chep1245,Sino-Tibetan,0.009918426335825766,1
Chepang,chep1245,Sino-Tibetan,0.05767187150815979,2
Chepang,chep1245,Sino-Tibetan,0.03566869785859228,3
Chepang,chep1245,Sino-Tibetan,0.02928946579394434,4
Chepang,chep1245,Sino-Tibetan,-0.03551389838448822,5
Chepang,chep1245,Sino-Tibetan,-0.00021617829788053732,6
Chepang,chep1245,Sino-Tibetan,0.02109268463681661,7
Chepang,chep1245,Sino-Tibetan,-0.020298489960247555,8
Chepang,chep1245,Sino-Tibetan,-0.04298703500081978,9
Shoshoni,shos1248,Uto-Aztecan,0.006502332916804635,0
Shoshoni,shos1248,Uto-Aztecan,0.058219357068330604,1
Shoshoni,shos1248,Uto-Aztecan,0.07002396297155111,2
Shoshoni,shos1248,Uto-Aztecan,-0.04033260077669256,3
Shoshoni,shos1248,Uto-Aztecan,-0.0064271395645356865,4
Shoshoni,shos1248,Uto-Aztecan,0.028741213202882403,5
Shoshoni,shos1248,Uto-Aztecan,0.035030570004749115,6
Shoshoni,shos1248,Uto-Aztecan,-0.006347819669178423,7
Shoshoni,shos1248,Uto-Aztecan,0.03670656125881692,8
Shoshoni,shos1248,Uto-Aztecan,0.015025442097896595,9
Meriam,meri1244,,-0.00398676547772491,0
Meriam,meri1244,,0.018597013886828637,1
Meriam,meri1244,,-0.006635195304936498,2
Meriam,meri1244,,0.04306028796944658,3
Meriam,meri1244,,0.02680024003749929,4
Meriam,meri1244,,-0.020656394010856713,5
Meriam,meri1244,,0.01622917653859144,6
Meriam,meri1244,,-0.008018623711434397,7
Meriam,meri1244,,0.008944971246005436,8
Meriam,meri1244,,0.015695349791455218,9
Sa,saaa1241,Austronesian,-0.007548793681830055,0
Sa,saaa1241,Austronesian,0.002666997366361042,1
Sa,saaa1241,Austronesian,-0.005361971519435135,2
Sa,saaa1241,Austronesian,-0.037793966023085865,3
Sa,saaa1241,Austronesian,-0.022384039045215354,4
Sa,saaa1241,Austronesian,0.018775067899263705,5
Sa,saaa1241,Austronesian,-0.00896441710972422,6
Sa,saaa1241,Austronesian,-0.018990250682996507,7
Sa,saaa1241,Austronesian,-0.01987917902790958,8
Sa,saaa1241,Austronesian,-0.011084136665100129,9
Chipaya,chip1262,,0.012312572829916466,0
Chipaya,chip1262,,0.0319769953568614,1
Chipaya,chip1262,,0.00779507111945433,2
Chipaya,chip1262,,0.029185322301731036,3
Chipaya,chip1262,,0.006822956518320733,4
Chipaya,chip1262,,0.009039950634361143,5
Chipaya,chip1262,,-0.039833911146897986,6
Chipaya,chip1262,,-0.002184299949589945,7
Chipaya,chip1262,,0.014375056246976351,8
Chipaya,chip1262,,-0.027012628770944357,9
East Uvean,wall1257,Austronesian,-0.0007460625637887549,0
East Uvean,wall1257,Austronesian,0.014954502301937029,1
East Uvean,wall1257,Austronesian,-0.010706168062032015,2
East Uvean,wall1257,Austronesian,-0.0050752269918100945,3
East Uvean,wall1257,Austronesian,-0.0017896984473121933,4
East Uvean,wall1257,Austronesian,0.020304656963322478,5
East Uvean,wall1257,Austronesian,0.014247725690700404,6
East Uvean,wall1257,Austronesian,0.014418467545047157,7
East Uvean,wall1257,Austronesian,0.03312291036565894,8
East Uvean,wall1257,Austronesian,-0.005811997804906797,9
Bahonsuai,baho1237,Austronesian,0.02808780991455015,0
Bahonsuai,baho1237,Austronesian,0.06304571253726421,1
Bahonsuai,baho1237,Austronesian,-0.018801472979074918,2
Bahonsuai,baho1237,Austronesian,-0.015004119436684449,3
Bahonsuai,baho1237,Austronesian,0.03298384712451887,4
Bahonsuai,baho1237,Austronesian,0.016147362081288804,5
Bahonsuai,baho1237,Austronesian,0.010694468446091319,6
Bahonsuai,baho1237,Austronesian,-0.013490714539930008,7
Bahonsuai,baho1237,Austronesian,0.0016198805842314121,8
Bahonsuai,baho1237,Austronesian,-0.009570187686619387,9
Afrikaans,afri1274,Indo-European,0.050434767672988226,0
Afrikaans,afri1274,Indo-European,-0.0063784822513642935,1
Afrikaans,afri1274,Indo-European,-0.014863020466650447,2
Afrikaans,afri1274,Indo-European,-0.02131068632906863,3
Afrikaans,afri1274,Indo-European,0.0874000670309589,4
Afrikaans,afri1274,Indo-European,-0.00867492141071043,5
Afrikaans,afri1274,Indo-European,0.03601418719715305,6
Afrikaans,afri1274,Indo-European,-0.021859294461655916,7
Afrikaans,afri1274,Indo-European,-0.016721606533647043,8
Afrikaans,afri1274,Indo-European,0.018517287303179857,9
El Nayar Cora,elna1235,Uto-Aztecan,0.0501378520799904,0
El Nayar Cora,elna1235,Uto-Aztecan,0.06574229899624316,1
El Nayar Cora,elna1235,Uto-Aztecan,0.11937414108419662,2
El Nayar Cora,elna1235,Uto-Aztecan,0.03408600888271311,3
El Nayar Cora,elna1235,Uto-Aztecan,0.0876512652972985,4
El Nayar Cora,elna1235,Uto-Aztecan,-0.010481583667384142,5
El Nayar Cora,elna1235,Uto-Aztecan,0.039324191935334686,6
El Nayar Cora,elna1235,Uto-Aztecan,-0.052276029586214925,7
El Nayar Cora,elna1235,Uto-Aztecan,0.00664910368860154,8
El Nayar Cora,elna1235,Uto-Aztecan,-0.048526067459538115,9
Ngiyambaa,wang1291,Pama-Nyungan,-0.032109307147746916,0
Ngiyambaa,wang1291,Pama-Nyungan,-0.045490061456127474,1
Ngiyambaa,wang1291,Pama-Nyungan,0.052335330322934144,2
Ngiyambaa,wang1291,Pama-Nyungan,0.004285938781583997,3
Ngiyambaa,wang1291,Pama-Nyungan,0.058840177738801604,4
Ngiyambaa,wang1291,Pama-Nyungan,-0.017561470856691682,5
Ngiyambaa,wang1291,Pama-Nyungan,-0.003934037669752531,6
Ngiyambaa,wang1291,Pama-Nyungan,-0.07650216244465707,7
Ngiyambaa,wang1291,Pama-Nyungan,0.11338777784469617,8
Ngiyambaa,wang1291,Pama-Nyungan,0.09281701823133257,9
Kiowa Apache,kiow1264,,0.042077236015530234,0
Kiowa Apache,kiow1264,,-0.016430520744312657,1
Kiowa Apache,kiow1264,,0.010069892401701381,2
Kiowa Apache,kiow1264,,0.004610543153410464,3
Kiowa Apache,kiow1264,,0.011169615621500543,4
Kiowa Apache,kiow1264,,-0.012277544811702502,5
Kiowa Apache,kiow1264,,0.05537483098699175,6
Kiowa Apache,kiow1264,,0.02986861810205073,7
Kiowa Apache,kiow1264,,-0.02347774213417058,8
Kiowa Apache,kiow1264,,0.024243201104516568,9
Ura (Vanuatu),urav1235,Austronesian,0.002404092050445469,0
Ura (Vanuatu),urav1235,Austronesian,0.043868266180160306,1
Ura (Vanuatu),urav1235,Austronesian,0.08029003070668995,2
Ura (Vanuatu),urav1235,Austronesian,0.012930189531681279,3
Ura (Vanuatu),urav1235,Austronesian,-0.009860982769612699,4
Ura (Vanuatu),urav1235,Austronesian,-0.03791999273339558,5
Ura (Vanuatu),urav1235,Austronesian,-0.009104858389365813,6
Ura (Vanuatu),urav1235,Austronesian,-0.017045343645985884,7
Ura (Vanuatu),urav1235,Austronesian,-0.03677665142395418,8
Ura (Vanuatu),urav1235,Austronesian,0.02973410581754836,9
Paluai,balu1257,Austronesian,-0.006988191878896963,0
Paluai,balu1257,Austronesian,-0.0004686590332155091,1
Paluai,balu1257,Austronesian,-0.025683438872720062,2
Paluai,balu1257,Austronesian,0.00485710091634566,3
Paluai,balu1257,Austronesian,-0.010104814379992985,4
Paluai,balu1257,Austronesian,0.003411052411928085,5
Paluai,balu1257,Austronesian,-0.009298773384464297,6
Paluai,balu1257,Austronesian,0.010335736633453368,7
Paluai,balu1257,Austronesian,0.005465610520323927,8
Paluai,balu1257,Austronesian,0.008385912342979324,9
Murriny Patha,murr1258,,0.011160458709544744,0
Murriny Patha,murr1258,,0.03015119502509419,1
Murriny Patha,murr1258,,-0.029551753619658307,2
Murriny Patha,murr1258,,-0.017091036214789655,3
Murriny Patha,murr1258,,-0.03976483306030488,4
Murriny Patha,murr1258,,-0.020400427580608664,5
Murriny Patha,murr1258,,-0.012159773295916478,6
Murriny Patha,murr1258,,-0.007899876818210862,7
Murriny Patha,murr1258,,0.00033912744289415087,8
Murriny Patha,murr1258,,0.0050136224615671375,9
Riuk Bekati',beka1241,Austronesian,-0.020648175128023732,0
Riuk Bekati',beka1241,Austronesian,-0.022784537153519413,1
Riuk Bekati',beka1241,Austronesian,-0.03737006157104805,2
Riuk Bekati',beka1241,Austronesian,-0.019997061386194264,3
Riuk Bekati',beka1241,Austronesian,-0.039777768646785776,4
Riuk Bekati',beka1241,Austronesian,-0.04223996518672469,5
Riuk Bekati',beka1241,Austronesian,0.035592957019342446,6
Riuk Bekati',beka1241,Austronesian,-0.014628361373210998,7
Riuk Bekati',beka1241,Austronesian,0.032120540171638734,8
Riuk Bekati',beka1241,Austronesian,0.046913277881213425,9
Avatime,avat1244,Atlantic-Congo,-0.003208905684135793,0
Avatime,avat1244,Atlantic-Congo,-0.029160466627481167,1
Avatime,avat1244,Atlantic-Congo,0.003684674679504573,2
Avatime,avat1244,Atlantic-Congo,0.08116337439947155,3
Avatime,avat1244,Atlantic-Congo,-0.012252894126644535,4
Avatime,avat1244,Atlantic-Congo,-0.01989744797785392,5
Avatime,avat1244,Atlantic-Congo,0.02789197520146905,6
Avatime,avat1244,Atlantic-Congo,0.0032091448723172347,7
Avatime,avat1244,Atlantic-Congo,0.01942077122297285,8
Avatime,avat1244,Atlantic-Congo,-0.0435802819422942,9
Nakanai,naka1262,Austronesian,-0.001834415103810428,0
Nakanai,naka1262,Austronesian,-0.02167420611048547,1
Nakanai,naka1262,Austronesian,0.02025773105746523,2
Nakanai,naka1262,Austronesian,-0.023691658609698775,3
Nakanai,naka1262,Austronesian,-0.02722844119345391,4
Nakanai,naka1262,Austronesian,0.016758585859692497,5
Nakanai,naka1262,Austronesian,-0.003283865791115729,6
Nakanai,naka1262,Austronesian,0.012945706714652288,7
Nakanai,naka1262,Austronesian,0.020240189107530615,8
Nakanai,naka1262,Austronesian,-0.0046297272936994295,9
Cornish,corn1251,Indo-European,-0.029905136658136742,0
Cornish,corn1251,Indo-European,-0.022573864646782467,1
Cornish,corn1251,Indo-European,-0.005408339853243299,2
Cornish,corn1251,Indo-European,-0.0014314299418029897,3
Cornish,corn1251,Indo-European,0.017301447992027673,4
Cornish,corn1251,Indo-European,0.03142903398788233,5
Cornish,corn1251,Indo-European,-0.028590617668132683,6
Cornish,corn1251,Indo-European,-0.03188016457853708,7
Cornish,corn1251,Indo-European,-0.029504319046342105,8
Cornish,corn1251,Indo-European,0.041522439271263756,9
Sunwadia,mari1426,Austronesian,0.011088607522141674,0
Sunwadia,mari1426,Austronesian,0.010528137967310204,1
Sunwadia,mari1426,Austronesian,0.02348460007475229,2
Sunwadia,mari1426,Austronesian,0.010516150913809193,3
Sunwadia,mari1426,Austronesian,-0.01706408296349387,4
Sunwadia,mari1426,Austronesian,-0.016041455678477055,5
Sunwadia,mari1426,Austronesian,-0.025016403561532,6
Sunwadia,mari1426,Austronesian,0.016944930326091845,7
Sunwadia,mari1426,Austronesian,-0.006437966730782024,8
Sunwadia,mari1426,Austronesian,-0.02113371951353932,9
Iau,iauu1242,Lakes Plain,-0.012974515419379832,0
Iau,iauu1242,Lakes Plain,0.0071950979223949765,1
Iau,iauu1242,Lakes Plain,-0.012890821993275882,2
Iau,iauu1242,Lakes Plain,0.003407448058296885,3
Iau,iauu1242,Lakes Plain,-0.008929796760834777,4
Iau,iauu1242,Lakes Plain,-0.01102117358913273,5
Iau,iauu1242,Lakes Plain,0.010446068619360881,6
Iau,iauu1242,Lakes Plain,0.03821367015814106,7
Iau,iauu1242,Lakes Plain,-0.019956257479641096,8
Iau,iauu1242,Lakes Plain,-0.014247915419091211,9
Larevat,lare1249,Austronesian,-0.01103719789044852,0
Larevat,lare1249,Austronesian,0.007621545247639498,1
Larevat,lare1249,Austronesian,-0.03654964167887308,2
Larevat,lare1249,Austronesian,-0.02627872024519648,3
Larevat,lare1249,Austronesian,0.007506670475832042,4
Larevat,lare1249,Austronesian,0.07236654764480929,5
Larevat,lare1249,Austronesian,-0.01432902718887712,6
Larevat,lare1249,Austronesian,0.008585160249241478,7
Larevat,lare1249,Austronesian,0.021572295870148004,8
Larevat,lare1249,Austronesian,-0.04010755317118341,9
Vaeakau-Taumako,pile1238,Austronesian,-0.022696612654763307,0
Vaeakau-Taumako,pile1238,Austronesian,-0.020074469617412355,1
Vaeakau-Taumako,pile1238,Austronesian,-0.0040311266126567494,2
Vaeakau-Taumako,pile1238,Austronesian,-0.03167536357144066,3
Vaeakau-Taumako,pile1238,Austronesian,0.04666033839228741,4
Vaeakau-Taumako,pile1238,Austronesian,-0.032419945690959934,5
Vaeakau-Taumako,pile1238,Austronesian,0.018166809723240127,6
Vaeakau-Taumako,pile1238,Austronesian,0.017313100108270675,7
Vaeakau-Taumako,pile1238,Austronesian,0.007926563281017238,8
Vaeakau-Taumako,pile1238,Austronesian,0.002977349548066642,9
Cusco Quechua,cusc1236,,0.1293792853562905,0
Cusco Quechua,cusc1236,,-0.03739505388788149,1
Cusco Quechua,cusc1236,,0.00027484873454947274,2
Cusco Quechua,cusc1236,,0.04011111852416682,3
Cusco Quechua,cusc1236,,0.009994896962661178,4
Cusco Quechua,cusc1236,,-0.007426512593959395,5
Cusco Quechua,cusc1236,,-0.010648616512398944,6
Cusco Quechua,cusc1236,,-0.03598173428965706,7
Cusco Quechua,cusc1236,,0.07339027375736226,8
Cusco Quechua,cusc1236,,0.010747639200348295,9
Cocama-Cocamilla,coca1259,Tupian,0.006264125671849816,0
Cocama-Cocamilla,coca1259,Tupian,-0.003319214148521185,1
Cocama-Cocamilla,coca1259,Tupian,0.02975939025973968,2
Cocama-Cocamilla,coca1259,Tupian,-0.009253350124979492,3
Cocama-Cocamilla,coca1259,Tupian,0.002587730943971838,4
Cocama-Cocamilla,coca1259,Tupian,0.014737793864349214,5
Cocama-Cocamilla,coca1259,Tupian,-0.003091962531674074,6
Cocama-Cocamilla,coca1259,Tupian,-0.011945637091842109,7
Cocama-Cocamilla,coca1259,Tupian,0.016583689737284264,8
Cocama-Cocamilla,coca1259,Tupian,-0.023940535411917617,9
Rennell-Bellona,renn1242,Austronesian,-0.010840245616845066,0
Rennell-Bellona,renn1242,Austronesian,0.02340498435968234,1
Rennell-Bellona,renn1242,Austronesian,0.025909699295130866,2
Rennell-Bellona,renn1242,Austronesian,0.0030691627730131807,3
Rennell-Bellona,renn1242,Austronesian,-0.0038975544656354084,4
Rennell-Bellona,renn1242,Austronesian,0.018820578857884483,5
Rennell-Bellona,renn1242,Austronesian,0.024647030461884312,6
Rennell-Bellona,renn1242,Austronesian,0.030849221501655012,7
Rennell-Bellona,renn1242,Austronesian,0.019687858419091698,8
Rennell-Bellona,renn1242,Austronesian,0.016553575516663747,9
Nyoro,nyor1246,Atlantic-Congo,-0.024728905826340443,0
Nyoro,nyor1246,Atlantic-Congo,-0.022527065023052656,1
Nyoro,nyor1246,Atlantic-Congo,0.04046302349003567,2
Nyoro,nyor1246,Atlantic-Congo,0.010852700541988527,3
Nyoro,nyor1246,Atlantic-Congo,0.010454934974727582,4
Nyoro,nyor1246,Atlantic-Congo,-0.011833688436168284,5
Nyoro,nyor1246,Atlantic-Congo,-0.00813163160448344,6
Nyoro,nyor1246,Atlantic-Congo,-0.0027602753406693005,7
Nyoro,nyor1246,Atlantic-Congo,-0.028908838430168553,8
Nyoro,nyor1246,Atlantic-Congo,-0.0037446334727115173,9
Buru (Indonesia),buru1303,Austronesian,0.0013658995229761184,0
Buru (Indonesia),buru1303,Austronesian,-0.021827845567560296,1
Buru (Indonesia),buru1303,Austronesian,0.01236040311576581,2
Buru (Indonesia),buru1303,Austronesian,-0.015478851481518244,3
Buru (Indonesia),buru1303,Austronesian,-0.010553523396287998,4
Buru (Indonesia),buru1303,Austronesian,-0.01836060294722089,5
Buru (Indonesia),buru1303,Austronesian,-0.02051638275474005,6
Buru (Indonesia),buru1303,Austronesian,0.0037165626997722628,7
Buru (Indonesia),buru1303,Austronesian,0.04439131779800689,8
Buru (Indonesia),buru1303,Austronesian,0.007508109063948335,9
Colombian Sign Language,colo1249,,-0.014439096981688866,0
Colombian Sign Language,colo1249,,0.0675225771445991,1
Colombian Sign Language,colo1249,,-0.029042189763262505,2
Colombian Sign Language,colo1249,,-0.021443072666356113,3
Colombian Sign Language,colo1249,,0.022360189713939643,4
Colombian Sign Language,colo1249,,0.018865701342101665,5
Colombian Sign Language,colo1249,,0.01358103360395247,6
Colombian Sign Language,colo1249,,-0.030515607956092608,7
Colombian Sign Language,colo1249,,-0.021425884327997843,8
Colombian Sign Language,colo1249,,-0.05810598905738828,9
Edopi,edop1238,Lakes Plain,-0.0035757459061087835,0
Edopi,edop1238,Lakes Plain,-0.02140806278327468,1
Edopi,edop1238,Lakes Plain,-0.021212218781611187,2
Edopi,edop1238,Lakes Plain,0.02714307438210468,3
Edopi,edop1238,Lakes Plain,0.01711841155736467,4
Edopi,edop1238,Lakes Plain,-0.004414248940812255,5
Edopi,edop1238,Lakes Plain,0.005614092782104271,6
Edopi,edop1238,Lakes Plain,0.003846806817311213,7
Edopi,edop1238,Lakes Plain,0.0185930008103432,8
Edopi,edop1238,Lakes Plain,0.01633774999650705,9
Agob-Ende-Kawam,agob1244,Pahoturi,-0.03170479269678644,0
Agob-Ende-Kawam,agob1244,Pahoturi,0.02679524933884321,1
Agob-Ende-Kawam,agob1244,Pahoturi,0.013858143777088825,2
Agob-Ende-Kawam,agob1244,Pahoturi,0.05288529660505489,3
Agob-Ende-Kawam,agob1244,Pahoturi,-0.045744285164720386,4
Agob-Ende-Kawam,agob1244,Pahoturi,-0.02500873194169121,5
Agob-Ende-Kawam,agob1244,Pahoturi,-0.013916537584006737,6
Agob-Ende-Kawam,agob1244,Pahoturi,0.0035737667134613208,7
Agob-Ende-Kawam,agob1244,Pahoturi,0.002954284530682651,8
Agob-Ende-Kawam,agob1244,Pahoturi,-0.027875258988085246,9
Kalamang,kara1499,,0.026579566046580107,0
Kalamang,kara1499,,-0.025722770842643065,1
Kalamang,kara1499,,-0.026216854715904528,2
Kalamang,kara1499,,0.010686636840377427,3
Kalamang,kara1499,,0.014414692488595015,4
Kalamang,kara1499,,-0.018818487600745025,5
Kalamang,kara1499,,0.020979766948704633,6
Kalamang,kara1499,,0.0017792955548327008,7
Kalamang,kara1499,,0.03250759173617161,8
Kalamang,kara1499,,-0.028110771203143235,9
Namakura,nama1268,Austronesian,0.011034739788624782,0
Namakura,nama1268,Austronesian,-0.012321660873975546,1
Namakura,nama1268,Austronesian,-0.013592185964438584,2
Namakura,nama1268,Austronesian,-0.020153644100513457,3
Namakura,nama1268,Austronesian,-0.015097726519003367,4
Namakura,nama1268,Austronesian,0.056410585694030214,5
Namakura,nama1268,Austronesian,-0.033150382990214194,6
Namakura,nama1268,Austronesian,0.02729547369125314,7
Namakura,nama1268,Austronesian,0.011443440391580562,8
Namakura,nama1268,Austronesian,-0.04123534720288275,9
Shila,shil1264,Atlantic-Congo,0.07536331563813119,0
Shila,shil1264,Atlantic-Congo,-0.011329140268736427,1
Shila,shil1264,Atlantic-Congo,-0.021808757153950437,2
Shila,shil1264,Atlantic-Congo,0.015419878058475053,3
Shila,shil1264,Atlantic-Congo,0.03344617353663704,4
Shila,shil1264,Atlantic-Congo,-0.03714409438905096,5
Shila,shil1264,Atlantic-Congo,-0.03250947822858138,6
Shila,shil1264,Atlantic-Congo,-0.0011665040736319266,7
Shila,shil1264,Atlantic-Congo,-0.019084733242323213,8
Shila,shil1264,Atlantic-Congo,0.09022215657648333,9
Cahuilla,cahu1264,Uto-Aztecan,0.03660584281147538,0
Cahuilla,cahu1264,Uto-Aztecan,0.026765356859978145,1
Cahuilla,cahu1264,Uto-Aztecan,0.00807343732183167,2
Cahuilla,cahu1264,Uto-Aztecan,0.009581372815927958,3
Cahuilla,cahu1264,Uto-Aztecan,0.008807851788740344,4
Cahuilla,cahu1264,Uto-Aztecan,0.014476694244552973,5
Cahuilla,cahu1264,Uto-Aztecan,0.02034903242470404,6
Cahuilla,cahu1264,Uto-Aztecan,-0.019724089629324464,7
Cahuilla,cahu1264,Uto-Aztecan,-0.026308152817566537,8
Cahuilla,cahu1264,Uto-Aztecan,-0.01204946056018311,9
North Northern Paiute,nort1551,Uto-Aztecan,-0.011534288013925763,0
North Northern Paiute,nort1551,Uto-Aztecan,0.008425326080149013,1
North Northern Paiute,nort1551,Uto-Aztecan,-0.0017539424361399149,2
North Northern Paiute,nort1551,Uto-Aztecan,0.009871925717040455,3
North Northern Paiute,nort1551,Uto-Aztecan,-0.001535422893876211,4
North Northern Paiute,nort1551,Uto-Aztecan,0.03995496787564448,5
North Northern Paiute,nort1551,Uto-Aztecan,-0.005195938964691879,6
North Northern Paiute,nort1551,Uto-Aztecan,-0.013614755214505095,7
North Northern Paiute,nort1551,Uto-Aztecan,-0.004673203481600671,8
North Northern Paiute,nort1551,Uto-Aztecan,0.03802639454587118,9
Kuvi,kuvi1243,Dravidian,0.0006170240540649575,0
Kuvi,kuvi1243,Dravidian,0.03436363198205434,1
Kuvi,kuvi1243,Dravidian,0.05260275932417048,2
Kuvi,kuvi1243,Dravidian,0.0185950722145324,3
Kuvi,kuvi1243,Dravidian,0.017841050992489175,4
Kuvi,kuvi1243,Dravidian,-0.011681056467432322,5
Kuvi,kuvi1243,Dravidian,-0.016048543518335165,6
Kuvi,kuvi1243,Dravidian,-0.004249107085022133,7
Kuvi,kuvi1243,Dravidian,0.026505339267748607,8
Kuvi,kuvi1243,Dravidian,0.0356098161064206,9
Merei,mere1242,Austronesian,0.21245727390415015,0
Merei,mere1242,Austronesian,-0.005490805503862501,1
Merei,mere1242,Austronesian,0.05519910475073093,2
Merei,mere1242,Austronesian,-0.11279574927340176,3
Merei,mere1242,Austronesian,-0.12585498784549456,4
Merei,mere1242,Austronesian,0.007429964907036991,5
Merei,mere1242,Austronesian,-0.09151603741714966,6
Merei,mere1242,Austronesian,-0.1507413541377217,7
Merei,mere1242,Austronesian,0.059111149942694896,8
Merei,mere1242,Austronesian,-0.10409448888311225,9
Lakota,lako1247,,-0.02165236209022694,0
Lakota,lako1247,,0.023387747170993123,1
Lakota,lako1247,,-0.0350583846628658,2
Lakota,lako1247,,-0.04044954859180103,3
Lakota,lako1247,,0.009826777496686739,4
Lakota,lako1247,,-0.015857853297691866,5
Lakota,lako1247,,-0.02220072734756014,6
Lakota,lako1247,,-0.044428801061700385,7
Lakota,lako1247,,-0.014192519323003869,8
Lakota,lako1247,,-0.00776862020226609,9
Giryama,giry1241,Atlantic-Congo,0.024577551358989744,0
Giryama,giry1241,Atlantic-Congo,-0.00018988237683150702,1
Giryama,giry1241,Atlantic-Congo,0.00631895969882504,2
Giryama,giry1241,Atlantic-Congo,-0.016915921037049964,3
Giryama,giry1241,Atlantic-Congo,-0.008964163926368823,4
Giryama,giry1241,Atlantic-Congo,0.009501559247514842,5
Giryama,giry1241,Atlantic-Congo,0.02419070514943391,6
Giryama,giry1241,Atlantic-Congo,0.011671795481373584,7
Giryama,giry1241,Atlantic-Congo,-0.012664895236471314,8
Giryama,giry1241,Atlantic-Congo,-0.013120340102720677,9
Kapingamarangi,kapi1249,Austronesian,0.024911812883054593,0
Kapingamarangi,kapi1249,Austronesian,0.012239684007280644,1
Kapingamarangi,kapi1249,Austronesian,0.02077120190451897,2
Kapingamarangi,kapi1249,Austronesian,-0.016126143083071705,3
Kapingamarangi,kapi1249,Austronesian,0.023442123500409,4
Kapingamarangi,kapi1249,Austronesian,0.013616651479593286,5
Kapingamarangi,kapi1249,Austronesian,0.04183951798345422,6
Kapingamarangi,kapi1249,Austronesian,0.011361834814865308,7
Kapingamarangi,kapi1249,Austronesian,0.013276728271580567,8
Kapingamarangi,kapi1249,Austronesian,-0.020573469401925733,9
Mescalero-Chiricahua Apache,mesc1238,,0.015035741475531245,0
Mescalero-Chiricahua Apache,mesc1238,,-0.015300683459588689,1
Mescalero-Chiricahua Apache,mesc1238,,-0.018297916335815602,2
Mescalero-Chiricahua Apache,mesc1238,,-0.001680727509269374,3
Mescalero-Chiricahua Apache,mesc1238,,0.0027775485035279996,4
Mescalero-Chiricahua Apache,mesc1238,,-0.005067588181380783,5
Mescalero-Chiricahua Apache,mesc1238,,0.012327217537785621,6
Mescalero-Chiricahua Apache,mesc1238,,-0.003556543832858798,7
Mescalero-Chiricahua Apache,mesc1238,,-0.011875737594124039,8
Mescalero-Chiricahua Apache,mesc1238,,-0.015903227616697338,9
Fang (Equatorial Guinea),fang1246,Atlantic-Congo,-0.03662992742622591,0
Fang (Equatorial Guinea),fang1246,Atlantic-Congo,-0.018599737624308322,1
Fang (Equatorial Guinea),fang1246,Atlantic-Congo,-0.00410771831168312,2
Fang (Equatorial Guinea),fang1246,Atlantic-Congo,-0.0019076156076449481,3
Fang (Equatorial Guinea),fang1246,Atlantic-Congo,0.0035513457559907748,4
Fang (Equatorial Guinea),fang1246,Atlantic-Congo,0.014194318144268954,5
Fang (Equatorial Guinea),fang1246,Atlantic-Congo,0.0038706825900316306,6
Fang (Equatorial Guinea),fang1246,Atlantic-Congo,0.030382143180901856,7
Fang (Equatorial Guinea),fang1246,Atlantic-Congo,-0.0358933337502262,8
Fang (Equatorial Guinea),fang1246,Atlantic-Congo,-0.035910259624386154,9
Sa'a,saaa1240,Austronesian,-0.00482131260778103,0
Sa'a,saaa1240,Austronesian,-0.039719514801996494,1
Sa'a,saaa1240,Austronesian,0.07980404721392688,2
Sa'a,saaa1240,Austronesian,0.01762924456083387,3
Sa'a,saaa1240,Austronesian,0.023323620337210523,4
Sa'a,saaa1240,Austronesian,-0.01357466250756891,5
Sa'a,saaa1240,Austronesian,-0.016810992299919742,6
Sa'a,saaa1240,Austronesian,0.04232228347727839,7
Sa'a,saaa1240,Austronesian,-0.01445798257531519,8
Sa'a,saaa1240,Austronesian,-0.03629441465239922,9
Hausa,haus1257,Afro-Asiatic,0.012174997565452678,0
Hausa,haus1257,Afro-Asiatic,0.05097163156485118,1
Hausa,haus1257,Afro-Asiatic,-0.011587762503036,2
Hausa,haus1257,Afro-Asiatic,-0.014509620113178105,3
Hausa,haus1257,Afro-Asiatic,-0.0011353671436547534,4
Hausa,haus1257,Afro-Asiatic,-0.03645108154322628,5
Hausa,haus1257,Afro-Asiatic,-0.04661462296425886,6
Hausa,haus1257,Afro-Asiatic,-0.0022360252845270772,7
Hausa,haus1257,Afro-Asiatic,-0.03970718673816724,8
Hausa,haus1257,Afro-Asiatic,-0.01459609502938137,9
Western Dani,west2594,Nuclear Trans New Guinea,-0.042191809379641836,0
Western Dani,west2594,Nuclear Trans New Guinea,0.0003165562312184877,1
Western Dani,west2594,Nuclear Trans New Guinea,-0.04125967291396375,2
Western Dani,west2594,Nuclear Trans New Guinea,-0.02715017724463655,3
Western Dani,west2594,Nuclear Trans New Guinea,0.005384949165752591,4
Western Dani,west2594,Nuclear Trans New Guinea,-0.023843445184841928,5
Western Dani,west2594,Nuclear Trans New Guinea,-0.0018258786091183423,6
Western Dani,west2594,Nuclear Trans New Guinea,-0.018870582712689175,7
Western Dani,west2594,Nuclear Trans New Guinea,0.00959543425650455,8
Western Dani,west2594,Nuclear Trans New Guinea,0.01791080506373722,9
Vili,vili1238,Atlantic-Congo,-0.24999772618572383,0
Vili,vili1238,Atlantic-Congo,-0.2500013642865803,1
Vili,vili1238,Atlantic-Congo,0.16666666666583946,2
Vili,vili1238,Atlantic-Congo,-0.2499977261857238,3
Vili,vili1238,Atlantic-Congo,0.16666575714062531,4
Vili,vili1238,Atlantic-Congo,-0.2500013642865803,5
Vili,vili1238,Atlantic-Congo,-0.2500013642865803,6
Vili,vili1238,Atlantic-Congo,0.16666666666583943,7
Vili,vili1238,Atlantic-Congo,-0.2500004547613661,8
Vili,vili1238,Atlantic-Congo,-0.24999772618572383,9
Torete,tore1237,Austronesian,0.001473656219773558,0
Torete,tore1237,Austronesian,0.018008436306754798,1
Torete,tore1237,Austronesian,-0.03085093862293295,2
Torete,tore1237,Austronesian,0.008330228886329583,3
Torete,tore1237,Austronesian,0.01759609703471851,4
Torete,tore1237,Austronesian,0.014085508508737266,5
Torete,tore1237,Austronesian,0.04120816442631335,6
Torete,tore1237,Austronesian,-0.0226571068125186,7
Torete,tore1237,Austronesian,0.015356987632902682,8
Torete,tore1237,Austronesian,-0.018105462563095,9
Panamint,pana1305,Uto-Aztecan,0.0828603111497395,0
Panamint,pana1305,Uto-Aztecan,0.0034885881508932757,1
Panamint,pana1305,Uto-Aztecan,-0.015817021502112137,2
Panamint,pana1305,Uto-Aztecan,0.009625377728292103,3
Panamint,pana1305,Uto-Aztecan,-0.06195064310327929,4
Panamint,pana1305,Uto-Aztecan,-0.022491907689645176,5
Panamint,pana1305,Uto-Aztecan,-0.06520419812971572,6
Panamint,pana1305,Uto-Aztecan,0.02372959033935773,7
Panamint,pana1305,Uto-Aztecan,0.00823893519818628,8
Panamint,pana1305,Uto-Aztecan,0.04964976781762255,9
Yamdena,yamd1240,Austronesian,,0
Yamdena,yamd1240,Austronesian,,1
Yamdena,yamd1240,Austronesian,,2
Yamdena,yamd1240,Austronesian,,3
Yamdena,yamd1240,Austronesian,,4
Yamdena,yamd1240,Austronesian,,5
Yamdena,yamd1240,Austronesian,,6
Yamdena,yamd1240,Austronesian,,7
Yamdena,yamd1240,Austronesian,,8
Yamdena,yamd1240,Austronesian,,9
Banjar,banj1239,Austronesian,-0.05240829665932422,0
Banjar,banj1239,Austronesian,0.054234186733691465,1
Banjar,banj1239,Austronesian,-0.023111545910881243,2
Banjar,banj1239,Austronesian,-0.003992514092621723,3
Banjar,banj1239,Austronesian,0.07332866063397925,4
Banjar,banj1239,Austronesian,-0.024716617126642124,5
Banjar,banj1239,Austronesian,0.020653073497834885,6
Banjar,banj1239,Austronesian,0.08666286369508644,7
Banjar,banj1239,Austronesian,-0.006095092139331889,8
Banjar,banj1239,Austronesian,-0.017614462571300706,9
Chamalal,cham1309,Nakh-Daghestanian,0.0034450928670096484,0
Chamalal,cham1309,Nakh-Daghestanian,0.009077553183722963,1
Chamalal,cham1309,Nakh-Daghestanian,0.057705225798583226,2
Chamalal,cham1309,Nakh-Daghestanian,-0.013345362121532468,3
Chamalal,cham1309,Nakh-Daghestanian,0.008672027504162415,4
Chamalal,cham1309,Nakh-Daghestanian,-0.040974279123649864,5
Chamalal,cham1309,Nakh-Daghestanian,-0.015796727014173225,6
Chamalal,cham1309,Nakh-Daghestanian,-0.013541621050845887,7
Chamalal,cham1309,Nakh-Daghestanian,-0.002391428508214423,8
Chamalal,cham1309,Nakh-Daghestanian,0.04723003872716073,9
Atsugewi,atsu1245,,0.028351417591428063,0
Atsugewi,atsu1245,,-0.02849574006805396,1
Atsugewi,atsu1245,,-0.016525129009077634,2
Atsugewi,atsu1245,,-0.08057492961288897,3
Atsugewi,atsu1245,,-0.0023025738776096517,4
Atsugewi,atsu1245,,-0.021271376323088446,5
Atsugewi,atsu1245,,0.019008345073742276,6
Atsugewi,atsu1245,,-0.029090858033131044,7
Atsugewi,atsu1245,,0.07368582257368195,8
Atsugewi,atsu1245,,-0.07662974123482276,9
Laiwui,laiw1239,Austronesian,0.03981741916749854,0
Laiwui,laiw1239,Austronesian,0.00783276152566556,1
Laiwui,laiw1239,Austronesian,-0.03694079948682699,2
Laiwui,laiw1239,Austronesian,0.06549345259584313,3
Laiwui,laiw1239,Austronesian,0.05221983324369696,4
Laiwui,laiw1239,Austronesian,-0.02052581079437145,5
Laiwui,laiw1239,Austronesian,-0.044861385559316805,6
Laiwui,laiw1239,Austronesian,-0.006604015280607377,7
Laiwui,laiw1239,Austronesian,0.007707802569733219,8
Laiwui,laiw1239,Austronesian,-0.049629788611853826,9
Tenharim-Parintintin-Diahoi,tenh1241,Tupian,-0.025504339728254617,0
Tenharim-Parintintin-Diahoi,tenh1241,Tupian,0.009026158996721819,1
Tenharim-Parintintin-Diahoi,tenh1241,Tupian,-0.016828302498891962,2
Tenharim-Parintintin-Diahoi,tenh1241,Tupian,0.006228871547512926,3
Tenharim-Parintintin-Diahoi,tenh1241,Tupian,0.005670417952089822,4
Tenharim-Parintintin-Diahoi,tenh1241,Tupian,-0.04201067871278289,5
Tenharim-Parintintin-Diahoi,tenh1241,Tupian,0.005556238820064712,6
Tenharim-Parintintin-Diahoi,tenh1241,Tupian,-0.0033617823408210613,7
Tenharim-Parintintin-Diahoi,tenh1241,Tupian,-0.028297356301667572,8
Tenharim-Parintintin-Diahoi,tenh1241,Tupian,-0.01190932316002442,9
Lozi,lozi1239,Atlantic-Congo,-0.010096463454230514,0
Lozi,lozi1239,Atlantic-Congo,0.007479154850529343,1
Lozi,lozi1239,Atlantic-Congo,-0.0022868226183168014,2
Lozi,lozi1239,Atlantic-Congo,-0.009972902841438102,3
Lozi,lozi1239,Atlantic-Congo,-0.02948960566692714,4
Lozi,lozi1239,Atlantic-Congo,0.06256867100085856,5
Lozi,lozi1239,Atlantic-Congo,0.022065412180911258,6
Lozi,lozi1239,Atlantic-Congo,0.026184689110273274,7
Lozi,lozi1239,Atlantic-Congo,0.007782986899669659,8
Lozi,lozi1239,Atlantic-Congo,0.011799461401874847,9
Chibcha,chib1270,,-0.00652895589933127,0
Chibcha,chib1270,,-0.03320865770722409,1
Chibcha,chib1270,,-0.00953074634173112,2
Chibcha,chib1270,,-0.008193602334385692,3
Chibcha,chib1270,,-0.007819318550279165,4
Chibcha,chib1270,,-0.04090646841945256,5
Chibcha,chib1270,,-0.007590174592550295,6
Chibcha,chib1270,,0.015211525369376769,7
Chibcha,chib1270,,0.011051307727064396,8
Chibcha,chib1270,,-0.02320652441427342,9
Kariyarra,kari1304,Pama-Nyungan,-0.013626509848332554,0
Kariyarra,kari1304,Pama-Nyungan,0.015829332873139028,1
Kariyarra,kari1304,Pama-Nyungan,0.014343363621384234,2
Kariyarra,kari1304,Pama-Nyungan,0.021366800079395405,3
Kariyarra,kari1304,Pama-Nyungan,0.021046768476235066,4
Kariyarra,kari1304,Pama-Nyungan,-0.008691224681112289,5
Kariyarra,kari1304,Pama-Nyungan,0.006780455595978599,6
Kariyarra,kari1304,Pama-Nyungan,0.019659421664689217,7
Kariyarra,kari1304,Pama-Nyungan,0.02349338923636259,8
Kariyarra,kari1304,Pama-Nyungan,0.02415849377135,9
Blood,bloo1239,Algic,0.008575833513958332,0
Blood,bloo1239,Algic,-0.02945232621988192,1
Blood,bloo1239,Algic,0.016703589715791466,2
Blood,bloo1239,Algic,-0.01601983943039894,3
Blood,bloo1239,Algic,0.04010618695172839,4
Blood,bloo1239,Algic,0.07024987395020951,5
Blood,bloo1239,Algic,0.009005950562585695,6
Blood,bloo1239,Algic,-0.021098934919167298,7
Blood,bloo1239,Algic,-0.026746392114277873,8
Blood,bloo1239,Algic,-0.018972663820920388,9
Chimariko,chim1301,,-0.06270308716531864,0
Chimariko,chim1301,,0.002615703156371224,1
Chimariko,chim1301,,0.10168626730560726,2
Chimariko,chim1301,,0.036481833534947126,3
Chimariko,chim1301,,0.051371178135260966,4
Chimariko,chim1301,,-0.02180604643080825,5
Chimariko,chim1301,,0.01173300371730869,6
Chimariko,chim1301,,-0.019833341898719024,7
Chimariko,chim1301,,-0.031053483905856678,8
Chimariko,chim1301,,0.01297248698345472,9
Ekonda Mongo,ekon1238,Atlantic-Congo,-0.005207230741475693,0
Ekonda Mongo,ekon1238,Atlantic-Congo,0.01516276545044385,1
Ekonda Mongo,ekon1238,Atlantic-Congo,-0.049340792433704844,2
Ekonda Mongo,ekon1238,Atlantic-Congo,-0.012270962962050143,3
Ekonda Mongo,ekon1238,Atlantic-Congo,0.054001179720090296,4
Ekonda Mongo,ekon1238,Atlantic-Congo,0.02925699680820625,5
Ekonda Mongo,ekon1238,Atlantic-Congo,0.05049945547691664,6
Ekonda Mongo,ekon1238,Atlantic-Congo,-0.018758060155438103,7
Ekonda Mongo,ekon1238,Atlantic-Congo,-0.031385535490117376,8
Ekonda Mongo,ekon1238,Atlantic-Congo,-0.027039670357884234,9
Lau,lauu1247,Austronesian,0.00745881398362255,0
Lau,lauu1247,Austronesian,-0.035697009420098035,1
Lau,lauu1247,Austronesian,0.012207651613524903,2
Lau,lauu1247,Austronesian,-0.02608177684561863,3
Lau,lauu1247,Austronesian,-0.017870274286741067,4
Lau,lauu1247,Austronesian,0.018150586494178386,5
Lau,lauu1247,Austronesian,-0.008757142114685203,6
Lau,lauu1247,Austronesian,-0.013630861100581588,7
Lau,lauu1247,Austronesian,0.006660548687631259,8
Lau,lauu1247,Austronesian,-0.023423552712889307,9
Doutai,dout1240,Lakes Plain,0.010114465837356142,0
Doutai,dout1240,Lakes Plain,-0.0062391044487671785,1
Doutai,dout1240,Lakes Plain,0.05025035099929499,2
Doutai,dout1240,Lakes Plain,-0.027895770755139864,3
Doutai,dout1240,Lakes Plain,-0.01957019970021069,4
Doutai,dout1240,Lakes Plain,-0.010783972646542735,5
Doutai,dout1240,Lakes Plain,-0.004686467901859856,6
Doutai,dout1240,Lakes Plain,-0.0018089998033015307,7
Doutai,dout1240,Lakes Plain,-0.019979254639025827,8
Doutai,dout1240,Lakes Plain,-0.010505520265319835,9
Frisian,fris1239,Indo-European,0.03160521179381229,0
Frisian,fris1239,Indo-European,0.020562556946724906,1
Frisian,fris1239,Indo-European,0.024027850600802377,2
Frisian,fris1239,Indo-European,0.002145594197509624,3
Frisian,fris1239,Indo-European,0.0117280667544997,4
Frisian,fris1239,Indo-European,0.010452931094817423,5
Frisian,fris1239,Indo-European,0.007611102684071508,6
Frisian,fris1239,Indo-European,-0.019919174398107236,7
Frisian,fris1239,Indo-European,-0.027525203754897507,8
Frisian,fris1239,Indo-European,0.008277139994982387,9
Tok Pisin,tokp1240,Indo-European,0.016021486758769035,0
Tok Pisin,tokp1240,Indo-European,-0.016989940039821287,1
Tok Pisin,tokp1240,Indo-European,0.011999135535041587,2
Tok Pisin,tokp1240,Indo-European,-0.008614909422297156,3
Tok Pisin,tokp1240,Indo-European,-0.004721278593498799,4
Tok Pisin,tokp1240,Indo-European,-0.006571921077137858,5
Tok Pisin,tokp1240,Indo-European,-0.010968941733293708,6
Tok Pisin,tokp1240,Indo-European,-0.00031766185909693005,7
Tok Pisin,tokp1240,Indo-European,-0.024483421452446214,8
Tok Pisin,tokp1240,Indo-European,0.01399350672068667,9
Isirawa,isir1237,Greater Kwerba,0.017381184995340443,0
Isirawa,isir1237,Greater Kwerba,0.017867427437074854,1
Isirawa,isir1237,Greater Kwerba,-0.008526602981482685,2
Isirawa,isir1237,Greater Kwerba,0.005473616428237222,3
Isirawa,isir1237,Greater Kwerba,-0.029080972306363407,4
Isirawa,isir1237,Greater Kwerba,0.003711374139267664,5
Isirawa,isir1237,Greater Kwerba,-0.0266010187227886,6
Isirawa,isir1237,Greater Kwerba,-0.006792213711058921,7
Isirawa,isir1237,Greater Kwerba,-0.014952764949817152,8
Isirawa,isir1237,Greater Kwerba,-0.024862630093571064,9
Kuanua,kuan1248,Austronesian,-0.01284424500268103,0
Kuanua,kuan1248,Austronesian,-0.017113138059092117,1
Kuanua,kuan1248,Austronesian,-0.04271682293065637,2
Kuanua,kuan1248,Austronesian,-0.004402104466526221,3
Kuanua,kuan1248,Austronesian,0.0361219073179057,4
Kuanua,kuan1248,Austronesian,-0.0066985129967321675,5
Kuanua,kuan1248,Austronesian,-0.007276466202968365,6
Kuanua,kuan1248,Austronesian,-0.0342663957170014,7
Kuanua,kuan1248,Austronesian,0.0025884957295514138,8
Kuanua,kuan1248,Austronesian,-0.039906659126827955,9
Foi,foii1241,East Kutubu,0.0034836516790916505,0
Foi,foii1241,East Kutubu,-0.026570965131082737,1
Foi,foii1241,East Kutubu,-0.007847391461067688,2
Foi,foii1241,East Kutubu,0.026664798179539793,3
Foi,foii1241,East Kutubu,0.005486045985857201,4
Foi,foii1241,East Kutubu,-0.0044636593743529384,5
Foi,foii1241,East Kutubu,-0.030443118435289778,6
Foi,foii1241,East Kutubu,0.03633883943976801,7
Foi,foii1241,East Kutubu,-0.023122945467052833,8
Foi,foii1241,East Kutubu,-0.002794369063395693,9
Umbu-Ungu,umbu1258,Nuclear Trans New Guinea,-0.04995964948221952,0
Umbu-Ungu,umbu1258,Nuclear Trans New Guinea,-0.014028635947218059,1
Umbu-Ungu,umbu1258,Nuclear Trans New Guinea,0.029077042206711617,2
Umbu-Ungu,umbu1258,Nuclear Trans New Guinea,0.12463970595331074,3
Umbu-Ungu,umbu1258,Nuclear Trans New Guinea,-0.008895328831322376,4
Umbu-Ungu,umbu1258,Nuclear Trans New Guinea,0.02569040410163366,5
Umbu-Ungu,umbu1258,Nuclear Trans New Guinea,0.10372609767541333,6
Umbu-Ungu,umbu1258,Nuclear Trans New Guinea,-0.03062221216966564,7
Umbu-Ungu,umbu1258,Nuclear Trans New Guinea,0.08876079728337535,8
Umbu-Ungu,umbu1258,Nuclear Trans New Guinea,-0.06112299544243689,9
Sika,sika1262,Austronesian,0.0923633796311558,0
Sika,sika1262,Austronesian,-0.06742643457268624,1
Sika,sika1262,Austronesian,-0.04206882422411941,2
Sika,sika1262,Austronesian,-0.09486480588015297,3
Sika,sika1262,Austronesian,-0.07080025154809555,4
Sika,sika1262,Austronesian,-0.00019524318778933736,5
Sika,sika1262,Austronesian,-0.012790415067323355,6
Sika,sika1262,Austronesian,-0.021145347771025766,7
Sika,sika1262,Austronesian,-0.04940390588301703,8
Sika,sika1262,Austronesian,0.12158164054566414,9
Wersing,wers1238,,-0.010243569098022931,0
Wersing,wers1238,,-0.02048571501119907,1
Wersing,wers1238,,-0.016131300634237476,2
Wersing,wers1238,,-0.0127437823240517,3
Wersing,wers1238,,0.0011127024789114352,4
Wersing,wers1238,,-0.007057343043515595,5
Wersing,wers1238,,-0.042857966603535164,6
Wersing,wers1238,,-0.0022531625380757536,7
Wersing,wers1238,,-0.007867497588948908,8
Wersing,wers1238,,-0.009043355407126245,9
Bali,bali1275,Atlantic-Congo,-0.055056035008017964,0
Bali,bali1275,Atlantic-Congo,0.08916512508236471,1
Bali,bali1275,Atlantic-Congo,0.03933618501061857,2
Bali,bali1275,Atlantic-Congo,0.19972838357659112,3
Bali,bali1275,Atlantic-Congo,0.056259114963418594,4
Bali,bali1275,Atlantic-Congo,-0.054679979279213586,5
Bali,bali1275,Atlantic-Congo,-0.0825088666534618,6
Bali,bali1275,Atlantic-Congo,-0.038132885074819364,7
Bali,bali1275,Atlantic-Congo,0.03049908404859095,8
Bali,bali1275,Atlantic-Congo,0.12695994054624948,9
Seke (Vanuatu),seke1241,Austronesian,0.0012185204264733226,0
Seke (Vanuatu),seke1241,Austronesian,-0.006344041510922075,1
Seke (Vanuatu),seke1241,Austronesian,0.012228795560839698,2
Seke (Vanuatu),seke1241,Austronesian,-0.0017994571602748888,3
Seke (Vanuatu),seke1241,Austronesian,0.0031664194609471695,4
Seke (Vanuatu),seke1241,Austronesian,-0.00022703415681909187,5
Seke (Vanuatu),seke1241,Austronesian,0.014760062949165213,6
Seke (Vanuatu),seke1241,Austronesian,0.03515893010409747,7
Seke (Vanuatu),seke1241,Austronesian,0.009681349835669656,8
Seke (Vanuatu),seke1241,Austronesian,-0.0017396109324644832,9
Yabem,yabe1254,Austronesian,-0.0030312096895301916,0
Yabem,yabe1254,Austronesian,0.01832445495415796,1
Yabem,yabe1254,Austronesian,-0.013184126166500196,2
Yabem,yabe1254,Austronesian,-0.026316062039423938,3
Yabem,yabe1254,Austronesian,-0.0023650499747859275,4
Yabem,yabe1254,Austronesian,0.015019240873288448,5
Yabem,yabe1254,Austronesian,-0.0024878093330898132,6
Yabem,yabe1254,Austronesian,-0.013892927244689483,7
Yabem,yabe1254,Austronesian,-0.012164194643325302,8
Yabem,yabe1254,Austronesian,-0.006748957534881241,9
Bininj Kun-Wok,gunw1252,,-0.00940349001966008,0
Bininj Kun-Wok,gunw1252,,0.012778724925572407,1
Bininj Kun-Wok,gunw1252,,-0.017996786408608925,2
Bininj Kun-Wok,gunw1252,,-0.004587460923282039,3
Bininj Kun-Wok,gunw1252,,-0.017675573147484806,4
Bininj Kun-Wok,gunw1252,,0.03394102511008417,5
Bininj Kun-Wok,gunw1252,,-0.010271874289553687,6
Bininj Kun-Wok,gunw1252,,-0.009370108278569593,7
Bininj Kun-Wok,gunw1252,,-0.007126866495558831,8
Bininj Kun-Wok,gunw1252,,-0.02184712829142422,9
Yidiñ,yidi1250,Pama-Nyungan,0.004266444088769023,0
Yidiñ,yidi1250,Pama-Nyungan,0.004241059266400126,1
Yidiñ,yidi1250,Pama-Nyungan,-0.018107710036042703,2
Yidiñ,yidi1250,Pama-Nyungan,0.03641646377841665,3
Yidiñ,yidi1250,Pama-Nyungan,-0.011603041421555852,4
Yidiñ,yidi1250,Pama-Nyungan,-0.00020156428901973826,5
Yidiñ,yidi1250,Pama-Nyungan,0.0019573603827502638,6
Yidiñ,yidi1250,Pama-Nyungan,0.027765353720299334,7
Yidiñ,yidi1250,Pama-Nyungan,0.0015506243226841333,8
Yidiñ,yidi1250,Pama-Nyungan,-0.03304055731950013,9
Swedish,swed1254,Indo-European,-0.0042307625442325756,0
Swedish,swed1254,Indo-European,0.03935635227457933,1
Swedish,swed1254,Indo-European,0.03844504707622293,2
Swedish,swed1254,Indo-European,0.016051458866927396,3
Swedish,swed1254,Indo-European,-0.004586010062524756,4
Swedish,swed1254,Indo-European,-0.009268752616147765,5
Swedish,swed1254,Indo-European,0.007081199092599015,6
Swedish,swed1254,Indo-European,-0.024223637439188636,7
Swedish,swed1254,Indo-European,0.024946134816292667,8
Swedish,swed1254,Indo-European,-0.01519696846680022,9
Sougb,mani1235,,-0.00868871874294007,0
Sougb,mani1235,,-0.02602095316342528,1
Sougb,mani1235,,0.0008703057620761857,2
Sougb,mani1235,,0.04104895057453306,3
Sougb,mani1235,,0.0615349445409833,4
Sougb,mani1235,,0.007315367507841475,5
Sougb,mani1235,,-0.01941190395187897,6
Sougb,mani1235,,0.04180018496978265,7
Sougb,mani1235,,-0.005095692851574337,8
Sougb,mani1235,,0.008880315092765713,9
Ngarluma,ngar1287,Pama-Nyungan,0.012394518147811654,0
Ngarluma,ngar1287,Pama-Nyungan,0.01791935792283582,1
Ngarluma,ngar1287,Pama-Nyungan,-0.035678920930961415,2
Ngarluma,ngar1287,Pama-Nyungan,-0.025444632788664587,3
Ngarluma,ngar1287,Pama-Nyungan,0.003930534960671756,4
Ngarluma,ngar1287,Pama-Nyungan,0.010171829443214703,5
Ngarluma,ngar1287,Pama-Nyungan,0.03135506277497009,6
Ngarluma,ngar1287,Pama-Nyungan,-0.014177217747302203,7
Ngarluma,ngar1287,Pama-Nyungan,-0.0196592707863724,8
Ngarluma,ngar1287,Pama-Nyungan,0.007834627657146421,9
Futuna-Aniwa,futu1245,Austronesian,0.016371985838304164,0
Futuna-Aniwa,futu1245,Austronesian,-0.007785848151555616,1
Futuna-Aniwa,futu1245,Austronesian,-0.011808026922958941,2
Futuna-Aniwa,futu1245,Austronesian,0.00982278754253508,3
Futuna-Aniwa,futu1245,Austronesian,0.00430621900034335,4
Futuna-Aniwa,futu1245,Austronesian,0.05967812279419615,5
Futuna-Aniwa,futu1245,Austronesian,-0.003874529014173301,6
Futuna-Aniwa,futu1245,Austronesian,-0.0041232104921677445,7
Futuna-Aniwa,futu1245,Austronesian,-0.00020733867246435801,8
Futuna-Aniwa,futu1245,Austronesian,0.020747120777384963,9
Dhuwal-Dhuwala,dhuw1248,Pama-Nyungan,-0.011835705537802794,0
Dhuwal-Dhuwala,dhuw1248,Pama-Nyungan,0.0039020831610568833,1
Dhuwal-Dhuwala,dhuw1248,Pama-Nyungan,0.01035340793093918,2
Dhuwal-Dhuwala,dhuw1248,Pama-Nyungan,0.012186644682410227,3
Dhuwal-Dhuwala,dhuw1248,Pama-Nyungan,-0.02191251513021098,4
Dhuwal-Dhuwala,dhuw1248,Pama-Nyungan,-0.005510514144515697,5
Dhuwal-Dhuwala,dhuw1248,Pama-Nyungan,0.039532136578332176,6
Dhuwal-Dhuwala,dhuw1248,Pama-Nyungan,0.003767224700920144,7
Dhuwal-Dhuwala,dhuw1248,Pama-Nyungan,-0.008133820662294617,8
Dhuwal-Dhuwala,dhuw1248,Pama-Nyungan,0.01631360652757095,9
Narrinyeri,narr1259,Pama-Nyungan,0.0060803559282010125,0
Narrinyeri,narr1259,Pama-Nyungan,0.02299136588214276,1
Narrinyeri,narr1259,Pama-Nyungan,0.024884775020432764,2
Narrinyeri,narr1259,Pama-Nyungan,0.010442038084661686,3
Narrinyeri,narr1259,Pama-Nyungan,-0.03562528476016633,4
Narrinyeri,narr1259,Pama-Nyungan,-0.04919430638172893,5
Narrinyeri,narr1259,Pama-Nyungan,0.021850595690666153,6
Narrinyeri,narr1259,Pama-Nyungan,-0.08208003797908789,7
Narrinyeri,narr1259,Pama-Nyungan,0.04398722667662909,8
Narrinyeri,narr1259,Pama-Nyungan,-0.00905908023673636,9
Boano (Sulawesi),boan1243,Austronesian,0.016205740050913936,0
Boano (Sulawesi),boan1243,Austronesian,-0.016263337592578003,1
Boano (Sulawesi),boan1243,Austronesian,-0.007200200764332826,2
Boano (Sulawesi),boan1243,Austronesian,0.013987429291574552,3
Boano (Sulawesi),boan1243,Austronesian,-0.04164355074477101,4
Boano (Sulawesi),boan1243,Austronesian,0.004864647188710841,5
Boano (Sulawesi),boan1243,Austronesian,-0.025958871416006623,6
Boano (Sulawesi),boan1243,Austronesian,0.0034699288814783206,7
Boano (Sulawesi),boan1243,Austronesian,-0.03839354605190668,8
Boano (Sulawesi),boan1243,Austronesian,0.007328739888470781,9
Old High German (ca. 750-1050),oldh1241,Indo-European,-0.024711166525911477,0
Old High German (ca. 750-1050),oldh1241,Indo-European,-0.0004117141435428116,1
Old High German (ca. 750-1050),oldh1241,Indo-European,0.04073941642152588,2
Old High German (ca. 750-1050),oldh1241,Indo-European,-0.06752082403103142,3
Old High German (ca. 750-1050),oldh1241,Indo-European,-0.08450625575796651,4
Old High German (ca. 750-1050),oldh1241,Indo-European,-0.09429832700551531,5
Old High German (ca. 750-1050),oldh1241,Indo-European,0.16307851802821435,6
Old High German (ca. 750-1050),oldh1241,Indo-European,0.0496400188658638,7
Old High German (ca. 750-1050),oldh1241,Indo-European,-0.07273531163938929,8
Old High German (ca. 750-1050),oldh1241,Indo-European,-0.07516270727034156,9
Nivaclé,niva1238,,-0.01642898674805873,0
Nivaclé,niva1238,,-0.02267278117679549,1
Nivaclé,niva1238,,0.006999169364904653,2
Nivaclé,niva1238,,-0.0032536604094282047,3
Nivaclé,niva1238,,-0.01233051476763266,4
Nivaclé,niva1238,,-0.003052003881684719,5
Nivaclé,niva1238,,0.03830886066335892,6
Nivaclé,niva1238,,-0.021102672721296074,7
Nivaclé,niva1238,,0.002311755069317705,8
Nivaclé,niva1238,,0.009662168218761842,9
Dogrib,dogr1252,,-0.02896836783866595,0
Dogrib,dogr1252,,0.022120419779547807,1
Dogrib,dogr1252,,-0.025168765516772745,2
Dogrib,dogr1252,,-0.0218202411579299,3
Dogrib,dogr1252,,-0.048393505736737216,4
Dogrib,dogr1252,,-0.002120187762140945,5
Dogrib,dogr1252,,-0.02102857976842789,6
Dogrib,dogr1252,,-0.017057347906219888,7
Dogrib,dogr1252,,-0.01872911713308201,8
Dogrib,dogr1252,,0.08286881786281981,9
Lingua Geral Paulista,tupi1274,Tupian,-0.026499214958027453,0
Lingua Geral Paulista,tupi1274,Tupian,-0.027836843150565397,1
Lingua Geral Paulista,tupi1274,Tupian,0.004582041298226925,2
Lingua Geral Paulista,tupi1274,Tupian,0.018786685042060807,3
Lingua Geral Paulista,tupi1274,Tupian,-0.0084640724982314,4
Lingua Geral Paulista,tupi1274,Tupian,-0.021313502409516537,5
Lingua Geral Paulista,tupi1274,Tupian,0.008916727769512281,6
Lingua Geral Paulista,tupi1274,Tupian,-0.028151103530869234,7
Lingua Geral Paulista,tupi1274,Tupian,-0.0089372790997599,8
Lingua Geral Paulista,tupi1274,Tupian,-0.04683458181802315,9
Xârâcùù,xara1244,Austronesian,-0.020193200305357057,0
Xârâcùù,xara1244,Austronesian,0.030077543258366465,1
Xârâcùù,xara1244,Austronesian,-0.022778298154697597,2
Xârâcùù,xara1244,Austronesian,-0.020073420040318913,3
Xârâcùù,xara1244,Austronesian,0.025072206063251622,4
Xârâcùù,xara1244,Austronesian,0.01158315995292013,5
Xârâcùù,xara1244,Austronesian,0.020906009199721173,6
Xârâcùù,xara1244,Austronesian,-0.005280399589119827,7
Xârâcùù,xara1244,Austronesian,-0.011678981646326182,8
Xârâcùù,xara1244,Austronesian,-0.01201365321883478,9
Serbian Standard,serb1264,Indo-European,0.03627511665128831,0
Serbian Standard,serb1264,Indo-European,-0.015890645642655396,1
Serbian Standard,serb1264,Indo-European,-0.014664515294313963,2
Serbian Standard,serb1264,Indo-European,-0.007567093752556868,3
Serbian Standard,serb1264,Indo-European,-0.009013037226395931,4
Serbian Standard,serb1264,Indo-European,0.05238093244605589,5
Serbian Standard,serb1264,Indo-European,-0.0005910059832076101,6
Serbian Standard,serb1264,Indo-European,0.016900510458162935,7
Serbian Standard,serb1264,Indo-European,-0.022963295413475686,8
Serbian Standard,serb1264,Indo-European,0.018117448545585016,9
Sangu (Gabon),sang1333,Atlantic-Congo,-0.16948057003199374,0
Sangu (Gabon),sang1333,Atlantic-Congo,-0.2599009442308678,1
Sangu (Gabon),sang1333,Atlantic-Congo,-0.06964140685407025,2
Sangu (Gabon),sang1333,Atlantic-Congo,0.04338406089452242,3
Sangu (Gabon),sang1333,Atlantic-Congo,-0.00325112396997411,4
Sangu (Gabon),sang1333,Atlantic-Congo,0.011360178365754469,5
Sangu (Gabon),sang1333,Atlantic-Congo,0.11919313275766796,6
Sangu (Gabon),sang1333,Atlantic-Congo,-0.010556775137838368,7
Sangu (Gabon),sang1333,Atlantic-Congo,0.055125533754597854,8
Sangu (Gabon),sang1333,Atlantic-Congo,-0.25990094423086785,9
Mudburra,mudb1240,Pama-Nyungan,0.03693398675789133,0
Mudburra,mudb1240,Pama-Nyungan,0.030750604675691084,1
Mudburra,mudb1240,Pama-Nyungan,-0.01943460171544923,2
Mudburra,mudb1240,Pama-Nyungan,0.02159349456173647,3
Mudburra,mudb1240,Pama-Nyungan,-0.019164465377349702,4
Mudburra,mudb1240,Pama-Nyungan,-0.005191336563857929,5
Mudburra,mudb1240,Pama-Nyungan,0.006547144689555452,6
Mudburra,mudb1240,Pama-Nyungan,-0.009103769561980824,7
Mudburra,mudb1240,Pama-Nyungan,-0.02356874892554544,8
Mudburra,mudb1240,Pama-Nyungan,0.023353538466433066,9
Siwai,siwa1245,South Bougainville,-0.0064226890733195974,0
Siwai,siwa1245,South Bougainville,-0.03313933537698329,1
Siwai,siwa1245,South Bougainville,0.014519503759052595,2
Siwai,siwa1245,South Bougainville,0.04867670148861493,3
Siwai,siwa1245,South Bougainville,0.05571068134147622,4
Siwai,siwa1245,South Bougainville,-0.04854145499882281,5
Siwai,siwa1245,South Bougainville,0.06421951800345747,6
Siwai,siwa1245,South Bougainville,-0.029286006711316648,7
Siwai,siwa1245,South Bougainville,-0.012946457506960506,8
Siwai,siwa1245,South Bougainville,-0.018929388911987574,9
Nuu-chah-nulth,nuuc1236,,-0.0021829071888041247,0
Nuu-chah-nulth,nuuc1236,,-0.03926428562672002,1
Nuu-chah-nulth,nuuc1236,,-0.09062104662590166,2
Nuu-chah-nulth,nuuc1236,,-0.026774729068484653,3
Nuu-chah-nulth,nuuc1236,,0.04407968259419696,4
Nuu-chah-nulth,nuuc1236,,-0.022181531635564244,5
Nuu-chah-nulth,nuuc1236,,0.007976372096335786,6
Nuu-chah-nulth,nuuc1236,,-0.06751475155677511,7
Nuu-chah-nulth,nuuc1236,,-0.029464693937062483,8
Nuu-chah-nulth,nuuc1236,,-0.01730500727971647,9
Wajarri,waja1257,Pama-Nyungan,-0.015875095401762396,0
Wajarri,waja1257,Pama-Nyungan,0.01606996601327331,1
Wajarri,waja1257,Pama-Nyungan,0.014652982514856404,2
Wajarri,waja1257,Pama-Nyungan,0.0052943998860814235,3
Wajarri,waja1257,Pama-Nyungan,-0.006224418826577998,4
Wajarri,waja1257,Pama-Nyungan,0.01798303683109991,5
Wajarri,waja1257,Pama-Nyungan,-0.005189984695917921,6
Wajarri,waja1257,Pama-Nyungan,0.00550298518066987,7
Wajarri,waja1257,Pama-Nyungan,-0.037200600090378066,8
Wajarri,waja1257,Pama-Nyungan,-0.012875696003026115,9
Basque,basq1248,,0.0011369675593933396,0
Basque,basq1248,,-0.021303257742572503,1
Basque,basq1248,,-0.0016341097392034935,2
Basque,basq1248,,-0.004480813731527112,3
Basque,basq1248,,0.003625527966995554,4
Basque,basq1248,,-0.013846360034739215,5
Basque,basq1248,,-0.016743855383236715,6
Basque,basq1248,,-0.002562751595996506,7
Basque,basq1248,,-0.025992241397303852,8
Basque,basq1248,,0.007454922894298094,9
Jehai,jeha1242,Austroasiatic,0.008015450068420846,0
Jehai,jeha1242,Austroasiatic,-0.032925353497126275,1
Jehai,jeha1242,Austroasiatic,-0.0009150450890978959,2
Jehai,jeha1242,Austroasiatic,-0.020426273233629867,3
Jehai,jeha1242,Austroasiatic,0.028084481586191014,4
Jehai,jeha1242,Austroasiatic,-0.01676083275193702,5
Jehai,jeha1242,Austroasiatic,0.12198586740626366,6
Jehai,jeha1242,Austroasiatic,-0.0005817087594327218,7
Jehai,jeha1242,Austroasiatic,0.01031004181540146,8
Jehai,jeha1242,Austroasiatic,-0.030519133186080332,9
Meskwaki,mesk1242,Algic,-0.012551747074923646,0
Meskwaki,mesk1242,Algic,0.016186810592399466,1
Meskwaki,mesk1242,Algic,-0.022408477020139185,2
Meskwaki,mesk1242,Algic,0.027178639304397453,3
Meskwaki,mesk1242,Algic,-0.021876872890819278,4
Meskwaki,mesk1242,Algic,-0.01563665227357483,5
Meskwaki,mesk1242,Algic,-0.024081935211026344,6
Meskwaki,mesk1242,Algic,-0.046555681936250023,7
Meskwaki,mesk1242,Algic,0.010907286102278256,8
Meskwaki,mesk1242,Algic,-0.019606190717822082,9
Cayuga,cayu1261,,-0.03048276787609297,0
Cayuga,cayu1261,,0.0017765828697721506,1
Cayuga,cayu1261,,0.011482778595937203,2
Cayuga,cayu1261,,-0.01715309130009946,3
Cayuga,cayu1261,,-0.005878361362778839,4
Cayuga,cayu1261,,0.010492323402892762,5
Cayuga,cayu1261,,-0.028033159287542277,6
Cayuga,cayu1261,,-0.01394870293370577,7
Cayuga,cayu1261,,-0.007208743435870097,8
Cayuga,cayu1261,,-0.04089719919029368,9
Farafi,butm1237,Austronesian,0.04286001005508465,0
Farafi,butm1237,Austronesian,0.0174438796276188,1
Farafi,butm1237,Austronesian,-0.007950817870023037,2
Farafi,butm1237,Austronesian,-0.01946856029633452,3
Farafi,butm1237,Austronesian,-0.017786793573368577,4
Farafi,butm1237,Austronesian,0.017679642396709598,5
Farafi,butm1237,Austronesian,0.03587417613286916,6
Farafi,butm1237,Austronesian,0.04746543199171552,7
Farafi,butm1237,Austronesian,0.008429543073226051,8
Farafi,butm1237,Austronesian,-0.004129536256386062,9
Māori,maor1246,Austronesian,-0.04089260727765047,0
Māori,maor1246,Austronesian,-0.008065964140922595,1
Māori,maor1246,Austronesian,-0.01162721866375642,2
Māori,maor1246,Austronesian,-0.011078051090376847,3
Māori,maor1246,Austronesian,-0.0034028329282420706,4
Māori,maor1246,Austronesian,-0.017116686698374982,5
Māori,maor1246,Austronesian,-0.038915641680846574,6
Māori,maor1246,Austronesian,0.026957174074284475,7
Māori,maor1246,Austronesian,-0.02149277028196543,8
Māori,maor1246,Austronesian,-0.010385065746746762,9
Suundi,suun1239,Atlantic-Congo,0.01404166614239905,0
Suundi,suun1239,Atlantic-Congo,-0.014566169342145243,1
Suundi,suun1239,Atlantic-Congo,0.017975689355772047,2
Suundi,suun1239,Atlantic-Congo,0.002304227657573182,3
Suundi,suun1239,Atlantic-Congo,0.01837148944280333,4
Suundi,suun1239,Atlantic-Congo,-0.01527753696072425,5
Suundi,suun1239,Atlantic-Congo,-0.010575556563124956,6
Suundi,suun1239,Atlantic-Congo,0.005213911558657189,7
Suundi,suun1239,Atlantic-Congo,0.028239163143121873,8
Suundi,suun1239,Atlantic-Congo,-0.018319658446043482,9
Kuuku-Ya'u,kuuk1238,Pama-Nyungan,-0.03069014336905135,0
Kuuku-Ya'u,kuuk1238,Pama-Nyungan,0.03155635799637881,1
Kuuku-Ya'u,kuuk1238,Pama-Nyungan,0.0288645912880704,2
Kuuku-Ya'u,kuuk1238,Pama-Nyungan,-0.0033102745022800884,3
Kuuku-Ya'u,kuuk1238,Pama-Nyungan,0.012698685289549176,4
Kuuku-Ya'u,kuuk1238,Pama-Nyungan,-0.004560757323437199,5
Kuuku-Ya'u,kuuk1238,Pama-Nyungan,-0.02735382573174142,6
Kuuku-Ya'u,kuuk1238,Pama-Nyungan,0.031631678181414484,7
Kuuku-Ya'u,kuuk1238,Pama-Nyungan,-0.00011937125535191612,8
Kuuku-Ya'u,kuuk1238,Pama-Nyungan,-0.03503143429456706,9
South Efate,sout2856,Austronesian,0.00806580382185741,0
South Efate,sout2856,Austronesian,0.003496452961052436,1
South Efate,sout2856,Austronesian,-0.018317972442847618,2
South Efate,sout2856,Austronesian,0.0028744343343819444,3
South Efate,sout2856,Austronesian,0.02510379072660645,4
South Efate,sout2856,Austronesian,0.014842798724018249,5
South Efate,sout2856,Austronesian,-0.015017045792805588,6
South Efate,sout2856,Austronesian,-0.026422018081472574,7
South Efate,sout2856,Austronesian,0.03772993467235681,8
South Efate,sout2856,Austronesian,-0.05244151838707501,9
Gros Ventre,gros1243,Algic,-0.01182013961815614,0
Gros Ventre,gros1243,Algic,-0.04755890957179536,1
Gros Ventre,gros1243,Algic,0.051669315060182255,2
Gros Ventre,gros1243,Algic,-0.009531892190936484,3
Gros Ventre,gros1243,Algic,-0.015100495596885918,4
Gros Ventre,gros1243,Algic,0.009274518499386274,5
Gros Ventre,gros1243,Algic,-0.006907025635518791,6
Gros Ventre,gros1243,Algic,-0.030405651125436403,7
Gros Ventre,gros1243,Algic,0.012561165812880123,8
Gros Ventre,gros1243,Algic,0.012326014635904551,9
Western Canadian Inuktitut,west2618,,0.05662438865550624,0
Western Canadian Inuktitut,west2618,,-0.07043587652822343,1
Western Canadian Inuktitut,west2618,,0.042609688153673476,2
Western Canadian Inuktitut,west2618,,0.20611298090503594,3
Western Canadian Inuktitut,west2618,,0.04128035723955088,4
Western Canadian Inuktitut,west2618,,0.029113558352922904,5
Western Canadian Inuktitut,west2618,,-0.021097919068374396,6
Western Canadian Inuktitut,west2618,,-0.014926723202557786,7
Western Canadian Inuktitut,west2618,,-0.07228092959592233,8
Western Canadian Inuktitut,west2618,,-0.061669729872398715,9
Norwegian Bokmål,norw1259,Indo-European,-0.007806504821787914,0
Norwegian Bokmål,norw1259,Indo-European,0.027168088848014867,1
Norwegian Bokmål,norw1259,Indo-European,0.024903376329692847,2
Norwegian Bokmål,norw1259,Indo-European,0.03446163489733478,3
Norwegian Bokmål,norw1259,Indo-European,0.022895516417908657,4
Norwegian Bokmål,norw1259,Indo-European,0.0016040034910261003,5
Norwegian Bokmål,norw1259,Indo-European,0.020828819331980473,6
Norwegian Bokmål,norw1259,Indo-European,-0.01151472921377798,7
Norwegian Bokmål,norw1259,Indo-European,0.025208506447262066,8
Norwegian Bokmål,norw1259,Indo-European,-0.007211333258829947,9
Lenakel,lena1238,Austronesian,0.02499609676067975,0
Lenakel,lena1238,Austronesian,-6.15854663550922e-05,1
Lenakel,lena1238,Austronesian,-0.013547846605355575,2
Lenakel,lena1238,Austronesian,0.07590916843471651,3
Lenakel,lena1238,Austronesian,-0.021233326242688273,4
Lenakel,lena1238,Austronesian,0.019480130033485775,5
Lenakel,lena1238,Austronesian,-0.00925229440738669,6
Lenakel,lena1238,Austronesian,0.035326203855419194,7
Lenakel,lena1238,Austronesian,0.029492261709014575,8
Lenakel,lena1238,Austronesian,0.0010263020332484107,9
Bukusu,buku1249,Atlantic-Congo,-0.018952772166544635,0
Bukusu,buku1249,Atlantic-Congo,0.0959729927112018,1
Bukusu,buku1249,Atlantic-Congo,0.006469240755942163,2
Bukusu,buku1249,Atlantic-Congo,0.011945387456980809,3
Bukusu,buku1249,Atlantic-Congo,-0.026218986815041596,4
Bukusu,buku1249,Atlantic-Congo,-0.019733554543322488,5
Bukusu,buku1249,Atlantic-Congo,0.0009209429789875556,6
Bukusu,buku1249,Atlantic-Congo,0.047973132593695185,7
Bukusu,buku1249,Atlantic-Congo,0.05776340297569987,8
Bukusu,buku1249,Atlantic-Congo,-0.038574302025765436,9
Māngarongaro,penr1237,Austronesian,-0.013181506608017632,0
Māngarongaro,penr1237,Austronesian,-0.0031272836868172582,1
Māngarongaro,penr1237,Austronesian,-0.018418631085386657,2
Māngarongaro,penr1237,Austronesian,-0.01342533668890742,3
Māngarongaro,penr1237,Austronesian,-0.0221243261895109,4
Māngarongaro,penr1237,Austronesian,0.002030930095070536,5
Māngarongaro,penr1237,Austronesian,-0.00267003514036822,6
Māngarongaro,penr1237,Austronesian,0.01893470440190075,7
Māngarongaro,penr1237,Austronesian,0.012368509917698698,8
Māngarongaro,penr1237,Austronesian,-0.022797790529687396,9
Mafea,mafe1237,Austronesian,0.01595073424187617,0
Mafea,mafe1237,Austronesian,-0.021362250608656125,1
Mafea,mafe1237,Austronesian,-0.006815552118386169,2
Mafea,mafe1237,Austronesian,-0.01839271362890871,3
Mafea,mafe1237,Austronesian,-0.0036637979675450618,4
Mafea,mafe1237,Austronesian,-0.0220187993971359,5
Mafea,mafe1237,Austronesian,0.004322313749413905,6
Mafea,mafe1237,Austronesian,-0.03753212522420058,7
Mafea,mafe1237,Austronesian,-0.023769247244057694,8
Mafea,mafe1237,Austronesian,-0.02151172929872097,9
Huichol,huic1243,Uto-Aztecan,-0.13357116209430786,0
Huichol,huic1243,Uto-Aztecan,-0.1488276768378955,1
Huichol,huic1243,Uto-Aztecan,0.09881489324500171,2
Huichol,huic1243,Uto-Aztecan,-0.09768377349483567,3
Huichol,huic1243,Uto-Aztecan,0.047345854564406716,4
Huichol,huic1243,Uto-Aztecan,-0.07305164463828932,5
Huichol,huic1243,Uto-Aztecan,-0.09936962244361834,6
Huichol,huic1243,Uto-Aztecan,-0.15136063907340025,7
Huichol,huic1243,Uto-Aztecan,0.10153136250931899,8
Huichol,huic1243,Uto-Aztecan,-0.14722950920251357,9
Waia (Bungku),waia1242,Austronesian,-0.013332695757795419,0
Waia (Bungku),waia1242,Austronesian,-0.012288928081015057,1
Waia (Bungku),waia1242,Austronesian,0.00533263671083029,2
Waia (Bungku),waia1242,Austronesian,0.012971759464469906,3
Waia (Bungku),waia1242,Austronesian,-0.0194353715747111,4
Waia (Bungku),waia1242,Austronesian,-0.022697165492378484,5
Waia (Bungku),waia1242,Austronesian,0.05591839450511653,6
Waia (Bungku),waia1242,Austronesian,-0.02807436701458496,7
Waia (Bungku),waia1242,Austronesian,0.024012568381509426,8
Waia (Bungku),waia1242,Austronesian,-0.005680823632912186,9
Tenetehara,temb1276,Tupian,0.011104234506604443,0
Tenetehara,temb1276,Tupian,-0.018502343979379922,1
Tenetehara,temb1276,Tupian,-0.04483945254199272,2
Tenetehara,temb1276,Tupian,-0.019188958330508567,3
Tenetehara,temb1276,Tupian,0.011551775523095852,4
Tenetehara,temb1276,Tupian,-0.00608360051846254,5
Tenetehara,temb1276,Tupian,0.005303757662910897,6
Tenetehara,temb1276,Tupian,-0.003786856756263934,7
Tenetehara,temb1276,Tupian,-0.007267882319717635,8
Tenetehara,temb1276,Tupian,0.023166247409700726,9
Langi,lang1320,Atlantic-Congo,0.041768766739611655,0
Langi,lang1320,Atlantic-Congo,0.03400406448240442,1
Langi,lang1320,Atlantic-Congo,-0.02464237701804218,2
Langi,lang1320,Atlantic-Congo,-0.0018679516337345547,3
Langi,lang1320,Atlantic-Congo,-0.0442173795460604,4
Langi,lang1320,Atlantic-Congo,0.02317081844351998,5
Langi,lang1320,Atlantic-Congo,0.025974530213931066,6
Langi,lang1320,Atlantic-Congo,-0.004542193135625572,7
Langi,lang1320,Atlantic-Congo,-2.6636858699053477e-06,8
Langi,lang1320,Atlantic-Congo,0.01739350053271821,9
Tuvalu,tuva1244,Austronesian,-0.017728979283383368,0
Tuvalu,tuva1244,Austronesian,-0.01953289933672603,1
Tuvalu,tuva1244,Austronesian,-0.04131739515694393,2
Tuvalu,tuva1244,Austronesian,0.010579156020962488,3
Tuvalu,tuva1244,Austronesian,-0.005431892016712646,4
Tuvalu,tuva1244,Austronesian,-0.0350071156862896,5
Tuvalu,tuva1244,Austronesian,-0.042546328385117224,6
Tuvalu,tuva1244,Austronesian,0.061388265807166484,7
Tuvalu,tuva1244,Austronesian,-0.022106170177028733,8
Tuvalu,tuva1244,Austronesian,0.04333066632395462,9
Ute-Southern Paiute,utes1238,Uto-Aztecan,-0.020507075135926384,0
Ute-Southern Paiute,utes1238,Uto-Aztecan,-0.019225801811935332,1
Ute-Southern Paiute,utes1238,Uto-Aztecan,-0.05770984616727381,2
Ute-Southern Paiute,utes1238,Uto-Aztecan,0.015887891972382422,3
Ute-Southern Paiute,utes1238,Uto-Aztecan,-0.0499322830402031,4
Ute-Southern Paiute,utes1238,Uto-Aztecan,0.03735005898381116,5
Ute-Southern Paiute,utes1238,Uto-Aztecan,0.048962675298272286,6
Ute-Southern Paiute,utes1238,Uto-Aztecan,-0.010888983691313005,7
Ute-Southern Paiute,utes1238,Uto-Aztecan,0.04085820696700374,8
Ute-Southern Paiute,utes1238,Uto-Aztecan,0.04402029948313518,9
Tausug,taus1251,Austronesian,0.02158042932714374,0
Tausug,taus1251,Austronesian,-0.0037080817574071737,1
Tausug,taus1251,Austronesian,0.004253068212430778,2
Tausug,taus1251,Austronesian,0.019319185616112386,3
Tausug,taus1251,Austronesian,-0.008620996606601223,4
Tausug,taus1251,Austronesian,-0.0037247463958389963,5
Tausug,taus1251,Austronesian,-0.01843372674264236,6
Tausug,taus1251,Austronesian,-0.00976351894616009,7
Tausug,taus1251,Austronesian,0.010577086807813111,8
Tausug,taus1251,Austronesian,0.022693229921881913,9
Tsaangi,tsaa1242,Atlantic-Congo,0.16666649452580762,0
Tsaangi,tsaa1242,Atlantic-Congo,0.9999999999998224,1
Tsaangi,tsaa1242,Atlantic-Congo,0.1666666666666371,2
Tsaangi,tsaa1242,Atlantic-Congo,0.16666649452580762,3
Tsaangi,tsaa1242,Atlantic-Congo,0.16666666666663704,4
Tsaangi,tsaa1242,Atlantic-Congo,-0.25000025821119976,5
Tsaangi,tsaa1242,Atlantic-Congo,0.16666666666663704,6
Tsaangi,tsaa1242,Atlantic-Congo,0.16666649452580762,7
Tsaangi,tsaa1242,Atlantic-Congo,-0.2499995696478821,8
Tsaangi,tsaa1242,Atlantic-Congo,-0.2500000860703703,9
Cheyenne,chey1247,Algic,0.017048505450164113,0
Cheyenne,chey1247,Algic,-0.018209504168431603,1
Cheyenne,chey1247,Algic,0.04952420355311689,2
Cheyenne,chey1247,Algic,-0.01449804427170669,3
Cheyenne,chey1247,Algic,-0.045314949619971956,4
Cheyenne,chey1247,Algic,-0.007051844943188376,5
Cheyenne,chey1247,Algic,-0.028942423341816306,6
Cheyenne,chey1247,Algic,-0.0038567122914392985,7
Cheyenne,chey1247,Algic,0.0029515617192702164,8
Cheyenne,chey1247,Algic,-0.030398825361701208,9
Standard Lebanese Arabic,stan1323,Afro-Asiatic,-0.02556566030591088,0
Standard Lebanese Arabic,stan1323,Afro-Asiatic,0.027661649807902148,1
Standard Lebanese Arabic,stan1323,Afro-Asiatic,0.0036011101500212058,2
Standard Lebanese Arabic,stan1323,Afro-Asiatic,-0.017564397860572574,3
Standard Lebanese Arabic,stan1323,Afro-Asiatic,0.01342740163099481,4
Standard Lebanese Arabic,stan1323,Afro-Asiatic,0.003967066999160667,5
Standard Lebanese Arabic,stan1323,Afro-Asiatic,0.008840118344520375,6
Standard Lebanese Arabic,stan1323,Afro-Asiatic,-0.004833918065351713,7
Standard Lebanese Arabic,stan1323,Afro-Asiatic,0.020299331740371386,8
Standard Lebanese Arabic,stan1323,Afro-Asiatic,0.011818203700772502,9
Nuclear Miami,nucl1653,Algic,-0.014895223203249222,0
Nuclear Miami,nucl1653,Algic,0.007392811758451197,1
Nuclear Miami,nucl1653,Algic,-0.01282858836502546,2
Nuclear Miami,nucl1653,Algic,0.019314136694170862,3
Nuclear Miami,nucl1653,Algic,0.017821278380529985,4
Nuclear Miami,nucl1653,Algic,0.0010197048793554645,5
Nuclear Miami,nucl1653,Algic,0.0006817945973819324,6
Nuclear Miami,nucl1653,Algic,0.0162834512088012,7
Nuclear Miami,nucl1653,Algic,0.02898383098224384,8
Nuclear Miami,nucl1653,Algic,0.006351085460932316,9
Karenic,kare1337,Sino-Tibetan,-0.01613333706054594,0
Karenic,kare1337,Sino-Tibetan,-0.023823630190368907,1
Karenic,kare1337,Sino-Tibetan,-0.022291303347603156,2
Karenic,kare1337,Sino-Tibetan,-0.024720372499567808,3
Karenic,kare1337,Sino-Tibetan,-0.024625467502589746,4
Karenic,kare1337,Sino-Tibetan,-0.01633260990627154,5
Karenic,kare1337,Sino-Tibetan,-0.006786456372255106,6
Karenic,kare1337,Sino-Tibetan,-0.01816644666150332,7
Karenic,kare1337,Sino-Tibetan,-0.043655644030895766,8
Karenic,kare1337,Sino-Tibetan,0.009337495273968474,9
Cocopa,coco1261,,-0.0363139444018705,0
Cocopa,coco1261,,-0.0038818721770082793,1
Cocopa,coco1261,,-0.025397289041450635,2
Cocopa,coco1261,,-0.006061879668439604,3
Cocopa,coco1261,,0.008042127900951141,4
Cocopa,coco1261,,-0.01479476468818644,5
Cocopa,coco1261,,-0.022718283922122662,6
Cocopa,coco1261,,0.00530961397531804,7
Cocopa,coco1261,,0.0042438243296415495,8
Cocopa,coco1261,,-0.015773643605081704,9
Baffin Inuktitut,baff1241,,-0.019204862387704143,0
Baffin Inuktitut,baff1241,,0.032614121317834574,1
Baffin Inuktitut,baff1241,,0.013198881574256267,2
Baffin Inuktitut,baff1241,,-0.006087276548647573,3
Baffin Inuktitut,baff1241,,-0.02017425229459128,4
Baffin Inuktitut,baff1241,,0.009098064075886668,5
Baffin Inuktitut,baff1241,,-0.0291764874487645,6
Baffin Inuktitut,baff1241,,0.004412596076120014,7
Baffin Inuktitut,baff1241,,-0.025866323166946772,8
Baffin Inuktitut,baff1241,,0.0032881274949847356,9
Car Nicobarese,carn1240,Austroasiatic,-0.04197641605800642,0
Car Nicobarese,carn1240,Austroasiatic,-0.02092445735332709,1
Car Nicobarese,carn1240,Austroasiatic,0.029162617540585228,2
Car Nicobarese,carn1240,Austroasiatic,-0.011680764431856588,3
Car Nicobarese,carn1240,Austroasiatic,0.04259796486691162,4
Car Nicobarese,carn1240,Austroasiatic,0.0017835842482168912,5
Car Nicobarese,carn1240,Austroasiatic,-0.01597106391616029,6
Car Nicobarese,carn1240,Austroasiatic,0.02538937138901356,7
Car Nicobarese,carn1240,Austroasiatic,-0.06127782268040781,8
Car Nicobarese,carn1240,Austroasiatic,0.09574403194185126,9
Piegan,pieg1239,Algic,0.07126920949545348,0
Piegan,pieg1239,Algic,0.006064378966349053,1
Piegan,pieg1239,Algic,-0.027340503819556217,2
Piegan,pieg1239,Algic,0.006853930173286571,3
Piegan,pieg1239,Algic,0.016000544463824574,4
Piegan,pieg1239,Algic,-0.04393148794002675,5
Piegan,pieg1239,Algic,-0.01951222592123001,6
Piegan,pieg1239,Algic,0.014092520637805066,7
Piegan,pieg1239,Algic,-0.006147328859164203,8
Piegan,pieg1239,Algic,0.01840330784091945,9
Sukuma,suku1261,Atlantic-Congo,0.02288201835361878,0
Sukuma,suku1261,Atlantic-Congo,0.07103944504351425,1
Sukuma,suku1261,Atlantic-Congo,-0.011604950334881717,2
Sukuma,suku1261,Atlantic-Congo,-0.035194546587210745,3
Sukuma,suku1261,Atlantic-Congo,-0.0008162187731672263,4
Sukuma,suku1261,Atlantic-Congo,-0.0031417836044849304,5
Sukuma,suku1261,Atlantic-Congo,0.057013435866899165,6
Sukuma,suku1261,Atlantic-Congo,0.028337849025143406,7
Sukuma,suku1261,Atlantic-Congo,-0.0053090173462674185,8
Sukuma,suku1261,Atlantic-Congo,-0.027892319286689754,9
Bit,bitt1240,Austroasiatic,-0.04875467284828737,0
Bit,bitt1240,Austroasiatic,-0.009183821834272462,1
Bit,bitt1240,Austroasiatic,0.01570802588834103,2
Bit,bitt1240,Austroasiatic,-0.04189020064224249,3
Bit,bitt1240,Austroasiatic,0.02079641954485223,4
Bit,bitt1240,Austroasiatic,0.016161402120089964,5
Bit,bitt1240,Austroasiatic,0.02964802461327646,6
Bit,bitt1240,Austroasiatic,-0.007240737404891449,7
Bit,bitt1240,Austroasiatic,0.023070194062984665,8
Bit,bitt1240,Austroasiatic,-0.009786815539814439,9
Chihuahua Pima Bajo,chih1238,Uto-Aztecan,-0.1652460555958713,0
Chihuahua Pima Bajo,chih1238,Uto-Aztecan,-0.131053432250496,1
Chihuahua Pima Bajo,chih1238,Uto-Aztecan,-0.07327115845326494,2
Chihuahua Pima Bajo,chih1238,Uto-Aztecan,0.25011126239564874,3
Chihuahua Pima Bajo,chih1238,Uto-Aztecan,-0.0740080983419875,4
Chihuahua Pima Bajo,chih1238,Uto-Aztecan,-0.19263903335789576,5
Chihuahua Pima Bajo,chih1238,Uto-Aztecan,0.16715000893321003,6
Chihuahua Pima Bajo,chih1238,Uto-Aztecan,-0.0044682117486770576,7
Chihuahua Pima Bajo,chih1238,Uto-Aztecan,-0.10499682452014487,8
Chihuahua Pima Bajo,chih1238,Uto-Aztecan,-0.1892042601166448,9
Jingpho,jing1260,Sino-Tibetan,0.03337128664755551,0
Jingpho,jing1260,Sino-Tibetan,0.03390599377615717,1
Jingpho,jing1260,Sino-Tibetan,0.06620190952314219,2
Jingpho,jing1260,Sino-Tibetan,0.020919225824775216,3
Jingpho,jing1260,Sino-Tibetan,-0.018918284537337206,4
Jingpho,jing1260,Sino-Tibetan,0.06018383708091886,5
Jingpho,jing1260,Sino-Tibetan,-0.0016148421946286125,6
Jingpho,jing1260,Sino-Tibetan,-0.06045795189043343,7
Jingpho,jing1260,Sino-Tibetan,-0.062292988380616504,8
Jingpho,jing1260,Sino-Tibetan,-0.002526321784531616,9
Idi,nucl1597,,0.012376963163321809,0
Idi,nucl1597,,-0.01221623264437933,1
Idi,nucl1597,,-0.0002796236905677947,2
Idi,nucl1597,,-0.021505087241471814,3
Idi,nucl1597,,0.004706225986758445,4
Idi,nucl1597,,-0.009818797680598422,5
Idi,nucl1597,,-0.01443844194289999,6
Idi,nucl1597,,0.02342628844143747,7
Idi,nucl1597,,-0.013405338941321437,8
Idi,nucl1597,,0.00852998151042475,9
Kickapoo,kick1244,Algic,-0.01746160486924756,0
Kickapoo,kick1244,Algic,-0.033290546606642754,1
Kickapoo,kick1244,Algic,0.024862336951827713,2
Kickapoo,kick1244,Algic,-0.013015676862521959,3
Kickapoo,kick1244,Algic,0.04830052809217526,4
Kickapoo,kick1244,Algic,-0.028431763991461648,5
Kickapoo,kick1244,Algic,0.0010771631242674877,6
Kickapoo,kick1244,Algic,0.020821885776265474,7
Kickapoo,kick1244,Algic,-0.0352301831601365,8
Kickapoo,kick1244,Algic,-0.02403236988610317,9
Winnebago-Chiwere,winn1245,,0.026412139322027677,0
Winnebago-Chiwere,winn1245,,-0.0016347590971590039,1
Winnebago-Chiwere,winn1245,,-0.0030533141003807034,2
Winnebago-Chiwere,winn1245,,-0.040170229252547124,3
Winnebago-Chiwere,winn1245,,-0.0035437507631544563,4
Winnebago-Chiwere,winn1245,,-0.020604474762033274,5
Winnebago-Chiwere,winn1245,,-0.03411289863286844,6
Winnebago-Chiwere,winn1245,,0.009378246074337522,7
Winnebago-Chiwere,winn1245,,0.010809348765272411,8
Winnebago-Chiwere,winn1245,,0.021399983787425803,9
Achuar,achu1249,Chicham,0.10527607576698969,0
Achuar,achu1249,Chicham,-0.04515284716407057,1
Achuar,achu1249,Chicham,-0.06409853796127142,2
Achuar,achu1249,Chicham,-0.01101067556721202,3
Achuar,achu1249,Chicham,0.034048515700100146,4
Achuar,achu1249,Chicham,-0.07123706596567861,5
Achuar,achu1249,Chicham,0.08092870169169838,6
Achuar,achu1249,Chicham,0.05952593287290489,7
Achuar,achu1249,Chicham,-0.0486573508003891,8
Achuar,achu1249,Chicham,-0.07192513229493573,9
Southern Tepehuan,sout2975,Uto-Aztecan,-0.00914149056716707,0
Southern Tepehuan,sout2975,Uto-Aztecan,-0.043322550666201436,1
Southern Tepehuan,sout2975,Uto-Aztecan,0.07573606377499742,2
Southern Tepehuan,sout2975,Uto-Aztecan,0.0767819353695222,3
Southern Tepehuan,sout2975,Uto-Aztecan,-0.004523311357120925,4
Southern Tepehuan,sout2975,Uto-Aztecan,0.0361745359023088,5
Southern Tepehuan,sout2975,Uto-Aztecan,-0.049074831212199334,6
Southern Tepehuan,sout2975,Uto-Aztecan,-0.015036074509352978,7
Southern Tepehuan,sout2975,Uto-Aztecan,-0.10271666879156376,8
Southern Tepehuan,sout2975,Uto-Aztecan,-0.01774930443552767,9
Kodava,koda1255,Dravidian,-0.008313298087314546,0
Kodava,koda1255,Dravidian,0.006089360171347797,1
Kodava,koda1255,Dravidian,0.029134812590083846,2
Kodava,koda1255,Dravidian,-0.026146409310897942,3
Kodava,koda1255,Dravidian,-0.00725805318832586,4
Kodava,koda1255,Dravidian,0.0019574916184604725,5
Kodava,koda1255,Dravidian,-0.036757480836993324,6
Kodava,koda1255,Dravidian,-0.04947898006860027,7
Kodava,koda1255,Dravidian,-0.02526156595988555,8
Kodava,koda1255,Dravidian,-0.01984367553831993,9
Lipan Apache,lipa1241,,-0.010209823453605653,0
Lipan Apache,lipa1241,,0.006947563765344005,1
Lipan Apache,lipa1241,,0.026093965124148605,2
Lipan Apache,lipa1241,,0.01672400541888701,3
Lipan Apache,lipa1241,,-0.0028216954732448174,4
Lipan Apache,lipa1241,,-0.01241901005129859,5
Lipan Apache,lipa1241,,-0.012143608851196138,6
Lipan Apache,lipa1241,,-0.00788828197079242,7
Lipan Apache,lipa1241,,0.013499968749096942,8
Lipan Apache,lipa1241,,0.026054707736032356,9
Ma'anyan,maan1238,Austronesian,-0.013777073095267113,0
Ma'anyan,maan1238,Austronesian,-0.019007972841049492,1
Ma'anyan,maan1238,Austronesian,-0.0030293023576503397,2
Ma'anyan,maan1238,Austronesian,0.004129335473413248,3
Ma'anyan,maan1238,Austronesian,0.006690436703161964,4
Ma'anyan,maan1238,Austronesian,0.03872111882832843,5
Ma'anyan,maan1238,Austronesian,-0.000996778850669954,6
Ma'anyan,maan1238,Austronesian,0.041520832460638216,7
Ma'anyan,maan1238,Austronesian,0.016590999864232174,8
Ma'anyan,maan1238,Austronesian,-0.004907165373150717,9
Nama (Papua New Guinea),nama1266,,-0.014282674263098292,0
Nama (Papua New Guinea),nama1266,,-0.019520908324605072,1
Nama (Papua New Guinea),nama1266,,-0.01919815878038552,2
Nama (Papua New Guinea),nama1266,,-0.0013353274308240985,3
Nama (Papua New Guinea),nama1266,,0.008041809070957036,4
Nama (Papua New Guinea),nama1266,,-0.02129972195357696,5
Nama (Papua New Guinea),nama1266,,-0.026795487789255203,6
Nama (Papua New Guinea),nama1266,,0.0005123149787991089,7
Nama (Papua New Guinea),nama1266,,0.005404231144589943,8
Nama (Papua New Guinea),nama1266,,-0.024038614780288212,9
Mosetén-Chimané,mose1249,,-0.007727371348280401,0
Mosetén-Chimané,mose1249,,-0.03963134276787353,1
Mosetén-Chimané,mose1249,,-0.024256867030096326,2
Mosetén-Chimané,mose1249,,-0.014706092575922779,3
Mosetén-Chimané,mose1249,,-0.010410245997166846,4
Mosetén-Chimané,mose1249,,0.03721959363740904,5
Mosetén-Chimané,mose1249,,0.030995354143565676,6
Mosetén-Chimané,mose1249,,-0.008787289836115153,7
Mosetén-Chimané,mose1249,,0.011084863732922615,8
Mosetén-Chimané,mose1249,,-0.010372127520117479,9
Arabana,arab1267,Pama-Nyungan,0.004176759232455873,0
Arabana,arab1267,Pama-Nyungan,-0.0073202562433745165,1
Arabana,arab1267,Pama-Nyungan,-0.011376998845946003,2
Arabana,arab1267,Pama-Nyungan,-0.015080353544904883,3
Arabana,arab1267,Pama-Nyungan,-0.01997703130729157,4
Arabana,arab1267,Pama-Nyungan,0.0013222492570704797,5
Arabana,arab1267,Pama-Nyungan,0.06492390634269352,6
Arabana,arab1267,Pama-Nyungan,0.0132333110278646,7
Arabana,arab1267,Pama-Nyungan,0.021569062582792294,8
Arabana,arab1267,Pama-Nyungan,0.03667861058073835,9
Bannock,bann1248,Uto-Aztecan,-0.03772566411222491,0
Bannock,bann1248,Uto-Aztecan,0.003619971093834669,1
Bannock,bann1248,Uto-Aztecan,-0.017748088825779072,2
Bannock,bann1248,Uto-Aztecan,0.045422849609650144,3
Bannock,bann1248,Uto-Aztecan,-0.010295780983303212,4
Bannock,bann1248,Uto-Aztecan,-0.04306155204745288,5
Bannock,bann1248,Uto-Aztecan,-0.007072563213509751,6
Bannock,bann1248,Uto-Aztecan,-0.018979369898778718,7
Bannock,bann1248,Uto-Aztecan,-0.024586475639758965,8
Bannock,bann1248,Uto-Aztecan,0.013188355718521541,9
Ingrian,ingr1248,Uralic,0.03899606109972848,0
Ingrian,ingr1248,Uralic,-0.05127750836657391,1
Ingrian,ingr1248,Uralic,-0.060749347039246546,2
Ingrian,ingr1248,Uralic,-0.0675692365294039,3
Ingrian,ingr1248,Uralic,0.02596412471757685,4
Ingrian,ingr1248,Uralic,-0.0150536777982386,5
Ingrian,ingr1248,Uralic,-0.038877926858576814,6
Ingrian,ingr1248,Uralic,-0.023370619971318198,7
Ingrian,ingr1248,Uralic,0.04930097522273641,8
Ingrian,ingr1248,Uralic,0.0017781917328435256,9
Nese,nese1235,Austronesian,0.006275149908638384,0
Nese,nese1235,Austronesian,0.018127017107147165,1
Nese,nese1235,Austronesian,-0.03927703816270652,2
Nese,nese1235,Austronesian,0.01386769462186745,3
Nese,nese1235,Austronesian,-0.05005431780149791,4
Nese,nese1235,Austronesian,0.005481444345335286,5
Nese,nese1235,Austronesian,0.022918595684308273,6
Nese,nese1235,Austronesian,0.0018685939258366712,7
Nese,nese1235,Austronesian,-0.025328833910763765,8
Nese,nese1235,Austronesian,-0.0329759332046002,9
Pumé,pume1238,,0.02920634642920562,0
Pumé,pume1238,,0.015100659927187385,1
Pumé,pume1238,,-0.016040060156205765,2
Pumé,pume1238,,-0.015609358937644861,3
Pumé,pume1238,,0.004267817962434622,4
Pumé,pume1238,,0.011993904445896424,5
Pumé,pume1238,,-0.019715573129596514,6
Pumé,pume1238,,-0.018812929693506224,7
Pumé,pume1238,,-0.026683509595606086,8
Pumé,pume1238,,0.016888253646452626,9
Seri,seri1257,,-0.0034669644588935953,0
Seri,seri1257,,0.09119438445587767,1
Seri,seri1257,,0.020774038895409422,2
Seri,seri1257,,0.017047710183659914,3
Seri,seri1257,,0.045638018166900114,4
Seri,seri1257,,-0.01884434392459488,5
Seri,seri1257,,-0.01244193022494741,6
Seri,seri1257,,0.030103906140317594,7
Seri,seri1257,,0.010644969321066317,8
Seri,seri1257,,0.024542533040451148,9
Korowai,koro1312,Nuclear Trans New Guinea,-0.00855120152400625,0
Korowai,koro1312,Nuclear Trans New Guinea,-0.017887460856937223,1
Korowai,koro1312,Nuclear Trans New Guinea,-0.0098300266436627,2
Korowai,koro1312,Nuclear Trans New Guinea,-0.011462458643020937,3
Korowai,koro1312,Nuclear Trans New Guinea,-0.015661744898523428,4
Korowai,koro1312,Nuclear Trans New Guinea,0.0251831732311647,5
Korowai,koro1312,Nuclear Trans New Guinea,-0.02759680449767097,6
Korowai,koro1312,Nuclear Trans New Guinea,-0.0243196007960996,7
Korowai,koro1312,Nuclear Trans New Guinea,0.08324941600967112,8
Korowai,koro1312,Nuclear Trans New Guinea,0.00520182993211897,9
Teguima,opat1246,Uto-Aztecan,-0.07108698076591158,0
Teguima,opat1246,Uto-Aztecan,-0.06949368655827681,1
Teguima,opat1246,Uto-Aztecan,0.06684058769026892,2
Teguima,opat1246,Uto-Aztecan,-0.06144855269531276,3
Teguima,opat1246,Uto-Aztecan,0.05974316012449906,4
Teguima,opat1246,Uto-Aztecan,-0.023808061569643428,5
Teguima,opat1246,Uto-Aztecan,0.044366150339951164,6
Teguima,opat1246,Uto-Aztecan,0.028268251887327064,7
Teguima,opat1246,Uto-Aztecan,0.07235771122978857,8
Teguima,opat1246,Uto-Aztecan,0.03820366192856671,9
Luvale,luva1239,Atlantic-Congo,-0.028189291931330903,0
Luvale,luva1239,Atlantic-Congo,-0.010877975016725732,1
Luvale,luva1239,Atlantic-Congo,0.002006069617017044,2
Luvale,luva1239,Atlantic-Congo,0.0020837928215409374,3
Luvale,luva1239,Atlantic-Congo,-0.008531712590824012,4
Luvale,luva1239,Atlantic-Congo,-0.012227235979308354,5
Luvale,luva1239,Atlantic-Congo,0.0093606600945263,6
Luvale,luva1239,Atlantic-Congo,0.009478819214097219,7
Luvale,luva1239,Atlantic-Congo,-0.011196436606206053,8
Luvale,luva1239,Atlantic-Congo,-0.011517474071288445,9
Nanggu,nang1262,Austronesian,0.027076032985393256,0
Nanggu,nang1262,Austronesian,0.016138502387042897,1
Nanggu,nang1262,Austronesian,0.04504275336308588,2
Nanggu,nang1262,Austronesian,-0.03866347739272091,3
Nanggu,nang1262,Austronesian,0.009974870916578005,4
Nanggu,nang1262,Austronesian,-0.002070658949605322,5
Nanggu,nang1262,Austronesian,0.039090854894220935,6
Nanggu,nang1262,Austronesian,0.03390781519824336,7
Nanggu,nang1262,Austronesian,-0.06777141490579221,8
Nanggu,nang1262,Austronesian,0.1129046401908745,9
Iowa-Oto,iowa1245,,-0.01789548167093434,0
Iowa-Oto,iowa1245,,-0.026990480776675166,1
Iowa-Oto,iowa1245,,0.06259419001352282,2
Iowa-Oto,iowa1245,,0.04683896654199864,3
Iowa-Oto,iowa1245,,-0.0015872564257029182,4
Iowa-Oto,iowa1245,,-0.020649547145459447,5
Iowa-Oto,iowa1245,,-0.04011719448718794,6
Iowa-Oto,iowa1245,,-0.031308308642865226,7
Iowa-Oto,iowa1245,,0.02315750970184818,8
Iowa-Oto,iowa1245,,-0.037438459430682275,9
Laurentian,laur1250,,-0.01534224937629459,0
Laurentian,laur1250,,-0.01010133404662273,1
Laurentian,laur1250,,-0.007610612215617445,2
Laurentian,laur1250,,-0.016039145112159595,3
Laurentian,laur1250,,0.0008727073486053463,4
Laurentian,laur1250,,0.0015168539935178963,5
Laurentian,laur1250,,0.018320266150495867,6
Laurentian,laur1250,,0.0028816184393942253,7
Laurentian,laur1250,,-0.0136610113927963,8
Laurentian,laur1250,,0.016698982032231316,9
Kosarek Yale,kosa1249,Nuclear Trans New Guinea,0.04049715850715074,0
Kosarek Yale,kosa1249,Nuclear Trans New Guinea,-0.00034383609605449284,1
Kosarek Yale,kosa1249,Nuclear Trans New Guinea,0.016179639414446927,2
Kosarek Yale,kosa1249,Nuclear Trans New Guinea,-0.03858962951840031,3
Kosarek Yale,kosa1249,Nuclear Trans New Guinea,-0.026364669644429472,4
Kosarek Yale,kosa1249,Nuclear Trans New Guinea,0.0183293287594143,5
Kosarek Yale,kosa1249,Nuclear Trans New Guinea,-0.04260638845479299,6
Kosarek Yale,kosa1249,Nuclear Trans New Guinea,-0.025872459115411948,7
Kosarek Yale,kosa1249,Nuclear Trans New Guinea,0.015913669068254,8
Kosarek Yale,kosa1249,Nuclear Trans New Guinea,-0.004709242256981449,9
Kumaoni,kuma1273,Indo-European,-0.07592208565142783,0
Kumaoni,kuma1273,Indo-European,-0.02820167696980481,1
Kumaoni,kuma1273,Indo-European,0.01571544626428899,2
Kumaoni,kuma1273,Indo-European,-0.0004823699068210108,3
Kumaoni,kuma1273,Indo-European,-0.024558650462772582,4
Kumaoni,kuma1273,Indo-European,0.009237275109490743,5
Kumaoni,kuma1273,Indo-European,0.024750247013210974,6
Kumaoni,kuma1273,Indo-European,0.022116381474359566,7
Kumaoni,kuma1273,Indo-European,-0.010890072423007914,8
Kumaoni,kuma1273,Indo-European,-0.01772203053366002,9
Yalic,yali1257,Nuclear Trans New Guinea,-0.023046582759870857,0
Yalic,yali1257,Nuclear Trans New Guinea,-0.0026417177129873363,1
Yalic,yali1257,Nuclear Trans New Guinea,-0.016000534254572103,2
Yalic,yali1257,Nuclear Trans New Guinea,0.011331193728714464,3
Yalic,yali1257,Nuclear Trans New Guinea,-0.0260182303597806,4
Yalic,yali1257,Nuclear Trans New Guinea,-0.0018212944887523639,5
Yalic,yali1257,Nuclear Trans New Guinea,-0.012015499814658137,6
Yalic,yali1257,Nuclear Trans New Guinea,-0.034651063006290256,7
Yalic,yali1257,Nuclear Trans New Guinea,0.03422696720376091,8
Yalic,yali1257,Nuclear Trans New Guinea,0.02126285057433255,9
Munggava,mung1271,Austronesian,-0.04630068270383652,0
Munggava,mung1271,Austronesian,-0.0384463110840575,1
Munggava,mung1271,Austronesian,0.02037126208999655,2
Munggava,mung1271,Austronesian,-0.03849517839074494,3
Munggava,mung1271,Austronesian,0.03077803560181866,4
Munggava,mung1271,Austronesian,-0.02228120749532762,5
Munggava,mung1271,Austronesian,-0.016446384858023397,6
Munggava,mung1271,Austronesian,-0.0206026759043729,7
Munggava,mung1271,Austronesian,0.05472676091337287,8
Munggava,mung1271,Austronesian,-0.03359287714239717,9
I'saka,kris1246,Sko,-0.007909877544646223,0
I'saka,kris1246,Sko,-0.01954930786949001,1
I'saka,kris1246,Sko,-0.05188386807855683,2
I'saka,kris1246,Sko,0.17298488799178466,3
I'saka,kris1246,Sko,-0.0673166121508332,4
I'saka,kris1246,Sko,0.045895929920686654,5
I'saka,kris1246,Sko,0.002891213109998917,6
I'saka,kris1246,Sko,-0.017889334249297048,7
I'saka,kris1246,Sko,-0.03996596776536783,8
I'saka,kris1246,Sko,-0.020920154403873126,9
Hid,hidd1238,Nakh-Daghestanian,-0.003990319964037439,0
Hid,hidd1238,Nakh-Daghestanian,0.056790258255407525,1
Hid,hidd1238,Nakh-Daghestanian,0.01338876350396927,2
Hid,hidd1238,Nakh-Daghestanian,-0.009242893135953459,3
Hid,hidd1238,Nakh-Daghestanian,-0.013804550174427159,4
Hid,hidd1238,Nakh-Daghestanian,-0.05240743380202254,5
Hid,hidd1238,Nakh-Daghestanian,0.010830222288475636,6
Hid,hidd1238,Nakh-Daghestanian,-0.0074042141016569685,7
Hid,hidd1238,Nakh-Daghestanian,-0.010288027025827404,8
Hid,hidd1238,Nakh-Daghestanian,0.010354212354880227,9
Southern-Coastal Tsimshian,nucl1649,,-0.011118585134446848,0
Southern-Coastal Tsimshian,nucl1649,,0.06677597509358363,1
Southern-Coastal Tsimshian,nucl1649,,0.023592191832526095,2
Southern-Coastal Tsimshian,nucl1649,,0.012421254598700242,3
Southern-Coastal Tsimshian,nucl1649,,-0.011959511721178945,4
Southern-Coastal Tsimshian,nucl1649,,0.000516919720660925,5
Southern-Coastal Tsimshian,nucl1649,,0.00917703083666549,6
Southern-Coastal Tsimshian,nucl1649,,-0.058852755036394186,7
Southern-Coastal Tsimshian,nucl1649,,0.02358734861641011,8
Southern-Coastal Tsimshian,nucl1649,,0.009523371060384093,9
Puelche,puel1244,,0.045525990257887214,0
Puelche,puel1244,,-0.008205445952791116,1
Puelche,puel1244,,-0.004480300551701206,2
Puelche,puel1244,,-0.029377387413930686,3
Puelche,puel1244,,0.02957894768052816,4
Puelche,puel1244,,-0.01335594636586469,5
Puelche,puel1244,,0.03817235786340813,6
Puelche,puel1244,,-0.002878768433651934,7
Puelche,puel1244,,0.006158916189710598,8
Puelche,puel1244,,0.0036102611469737474,9
Bende,bend1258,Atlantic-Congo,0.045652025410272835,0
Bende,bend1258,Atlantic-Congo,0.038348196154995136,1
Bende,bend1258,Atlantic-Congo,0.012939104292338518,2
Bende,bend1258,Atlantic-Congo,0.0015424244073050835,3
Bende,bend1258,Atlantic-Congo,-0.004454872068483013,4
Bende,bend1258,Atlantic-Congo,-0.003482542928628893,5
Bende,bend1258,Atlantic-Congo,-0.029991746522978056,6
Bende,bend1258,Atlantic-Congo,0.03423298636697812,7
Bende,bend1258,Atlantic-Congo,-0.002718447254591596,8
Bende,bend1258,Atlantic-Congo,-0.016699630525872325,9
Usarufa,usar1243,Nuclear Trans New Guinea,0.02295477371126114,0
Usarufa,usar1243,Nuclear Trans New Guinea,-0.024552425058670578,1
Usarufa,usar1243,Nuclear Trans New Guinea,0.024791221710984978,2
Usarufa,usar1243,Nuclear Trans New Guinea,0.04017306623300728,3
Usarufa,usar1243,Nuclear Trans New Guinea,-0.024981162361681915,4
Usarufa,usar1243,Nuclear Trans New Guinea,-0.005156887175291078,5
Usarufa,usar1243,Nuclear Trans New Guinea,0.006335144726324275,6
Usarufa,usar1243,Nuclear Trans New Guinea,0.050912101874448716,7
Usarufa,usar1243,Nuclear Trans New Guinea,0.010591247131192989,8
Usarufa,usar1243,Nuclear Trans New Guinea,-0.020386510903819773,9
Cimbala-Cizali,sans1272,Atlantic-Congo,-0.021576302778587093,0
Cimbala-Cizali,sans1272,Atlantic-Congo,-0.0002946254359833125,1
Cimbala-Cizali,sans1272,Atlantic-Congo,-0.01677868210731735,2
Cimbala-Cizali,sans1272,Atlantic-Congo,-0.02286359682685979,3
Cimbala-Cizali,sans1272,Atlantic-Congo,-0.03364315940775812,4
Cimbala-Cizali,sans1272,Atlantic-Congo,0.0034945765858445904,5
Cimbala-Cizali,sans1272,Atlantic-Congo,0.06548759028064118,6
Cimbala-Cizali,sans1272,Atlantic-Congo,-0.020900825550893856,7
Cimbala-Cizali,sans1272,Atlantic-Congo,0.05744643578345524,8
Cimbala-Cizali,sans1272,Atlantic-Congo,-0.024373465970111002,9
Bandjalangic,band1339,Pama-Nyungan,0.02373604390081589,0
Bandjalangic,band1339,Pama-Nyungan,0.0061661383773970934,1
Bandjalangic,band1339,Pama-Nyungan,-0.0015459410406737206,2
Bandjalangic,band1339,Pama-Nyungan,0.01814000296856682,3
Bandjalangic,band1339,Pama-Nyungan,0.007876412968709667,4
Bandjalangic,band1339,Pama-Nyungan,-0.011153661387284533,5
Bandjalangic,band1339,Pama-Nyungan,-0.03923644336250037,6
Bandjalangic,band1339,Pama-Nyungan,0.08592567042170318,7
Bandjalangic,band1339,Pama-Nyungan,-0.009364061140380145,8
Bandjalangic,band1339,Pama-Nyungan,0.021953012184988033,9
Kazym-Berezover-Suryskarer Khanty,khan1273,Uralic,-0.02222875599318079,0
Kazym-Berezover-Suryskarer Khanty,khan1273,Uralic,-0.02628232181584319,1
Kazym-Berezover-Suryskarer Khanty,khan1273,Uralic,0.06855816775921172,2
Kazym-Berezover-Suryskarer Khanty,khan1273,Uralic,-0.012998024351720924,3
Kazym-Berezover-Suryskarer Khanty,khan1273,Uralic,-0.028356259321229066,4
Kazym-Berezover-Suryskarer Khanty,khan1273,Uralic,0.005366942480776644,5
Kazym-Berezover-Suryskarer Khanty,khan1273,Uralic,0.0038035726717821168,6
Kazym-Berezover-Suryskarer Khanty,khan1273,Uralic,-0.0009710905710296875,7
Kazym-Berezover-Suryskarer Khanty,khan1273,Uralic,0.05155250711342448,8
Kazym-Berezover-Suryskarer Khanty,khan1273,Uralic,-0.025672774877396658,9
Shasta,shas1239,,0.014632551905396357,0
Shasta,shas1239,,-0.008734081986224707,1
Shasta,shas1239,,0.030853437245585067,2
Shasta,shas1239,,-0.019982409288325908,3
Shasta,shas1239,,-0.0038126383089964414,4
Shasta,shas1239,,0.01006157923994682,5
Shasta,shas1239,,0.050439595767340153,6
Shasta,shas1239,,-0.002507286908637269,7
Shasta,shas1239,,0.007457886450007969,8
Shasta,shas1239,,-0.007147110470284271,9
Kui (India),kuii1252,Dravidian,-0.0063648510508237345,0
Kui (India),kuii1252,Dravidian,0.019177289066718367,1
Kui (India),kuii1252,Dravidian,-0.00048253165310582183,2
Kui (India),kuii1252,Dravidian,0.017436910058578163,3
Kui (India),kuii1252,Dravidian,0.004983313568224621,4
Kui (India),kuii1252,Dravidian,0.007579509103151149,5
Kui (India),kuii1252,Dravidian,0.012026820077917168,6
Kui (India),kuii1252,Dravidian,0.004327553123203135,7
Kui (India),kuii1252,Dravidian,-0.03137146086251756,8
Kui (India),kuii1252,Dravidian,0.01395863815020537,9
Central Subanen,cent2089,Austronesian,-0.02335232046793898,0
Central Subanen,cent2089,Austronesian,0.016902376540632445,1
Central Subanen,cent2089,Austronesian,0.10682409655309238,2
Central Subanen,cent2089,Austronesian,-0.027309264496006718,3
Central Subanen,cent2089,Austronesian,0.04918607957943073,4
Central Subanen,cent2089,Austronesian,0.01720758887705093,5
Central Subanen,cent2089,Austronesian,-0.006718454305704025,6
Central Subanen,cent2089,Austronesian,0.024305696023224715,7
Central Subanen,cent2089,Austronesian,0.19563240126250112,8
Central Subanen,cent2089,Austronesian,0.09453119850584266,9
MokshaMordvin,moks1248,Uralic,-0.036065484154688514,0
MokshaMordvin,moks1248,Uralic,-0.0032587165431325693,1
MokshaMordvin,moks1248,Uralic,-0.03877637812442416,2
MokshaMordvin,moks1248,Uralic,0.013126942252108548,3
MokshaMordvin,moks1248,Uralic,0.005849889260739074,4
MokshaMordvin,moks1248,Uralic,0.009225697394891751,5
MokshaMordvin,moks1248,Uralic,-0.029353560257967353,6
MokshaMordvin,moks1248,Uralic,0.01898615491859676,7
MokshaMordvin,moks1248,Uralic,-0.011094904712912225,8
MokshaMordvin,moks1248,Uralic,-0.05950219267779706,9
Lamogai,lamo1244,Austronesian,0.0047882027804290565,0
Lamogai,lamo1244,Austronesian,-0.1388776315541454,1
Lamogai,lamo1244,Austronesian,0.1326394635218148,2
Lamogai,lamo1244,Austronesian,-0.013530100694445768,3
Lamogai,lamo1244,Austronesian,-0.087596253249631,4
Lamogai,lamo1244,Austronesian,-0.0449407167621652,5
Lamogai,lamo1244,Austronesian,0.13751607146775696,6
Lamogai,lamo1244,Austronesian,0.0008519262346256447,7
Lamogai,lamo1244,Austronesian,0.35609946955886507,8
Lamogai,lamo1244,Austronesian,-0.05861413141066653,9
Nsong,song1299,Atlantic-Congo,-0.049982014473190055,0
Nsong,song1299,Atlantic-Congo,0.018676695813875883,1
Nsong,song1299,Atlantic-Congo,0.00466227355551524,2
Nsong,song1299,Atlantic-Congo,-0.05518704859533694,3
Nsong,song1299,Atlantic-Congo,0.025044046615437257,4
Nsong,song1299,Atlantic-Congo,0.048466936866672077,5
Nsong,song1299,Atlantic-Congo,0.05534931225586558,6
Nsong,song1299,Atlantic-Congo,0.014694615700636937,7
Nsong,song1299,Atlantic-Congo,0.051557695077209906,8
Nsong,song1299,Atlantic-Congo,-0.005570246625550099,9
Lisu,lisu1250,Sino-Tibetan,0.004526490291862072,0
Lisu,lisu1250,Sino-Tibetan,-0.006182983619759622,1
Lisu,lisu1250,Sino-Tibetan,-0.018836949557293897,2
Lisu,lisu1250,Sino-Tibetan,0.020743188066198914,3
Lisu,lisu1250,Sino-Tibetan,-0.027644488029963343,4
Lisu,lisu1250,Sino-Tibetan,-0.034159434270493394,5
Lisu,lisu1250,Sino-Tibetan,-0.011196053757162282,6
Lisu,lisu1250,Sino-Tibetan,0.04253606223609213,7
Lisu,lisu1250,Sino-Tibetan,-0.0029705199246224468,8
Lisu,lisu1250,Sino-Tibetan,-0.010247352275571515,9
Maba (Indonesia),maba1278,Austronesian,-0.09053911293815298,0
Maba (Indonesia),maba1278,Austronesian,-0.04016750230478824,1
Maba (Indonesia),maba1278,Austronesian,-0.04131470553313308,2
Maba (Indonesia),maba1278,Austronesian,0.007234871929614431,3
Maba (Indonesia),maba1278,Austronesian,-0.014490890338591475,4
Maba (Indonesia),maba1278,Austronesian,-0.019209355894266866,5
Maba (Indonesia),maba1278,Austronesian,0.012665792674786513,6
Maba (Indonesia),maba1278,Austronesian,-0.019424537882308374,7
Maba (Indonesia),maba1278,Austronesian,-0.056439313168631315,8
Maba (Indonesia),maba1278,Austronesian,-0.04562812921760125,9
Portuguese,port1283,Indo-European,-0.020201762255185027,0
Portuguese,port1283,Indo-European,-0.05093962510112262,1
Portuguese,port1283,Indo-European,-0.05908947292692228,2
Portuguese,port1283,Indo-European,-0.014161149169164156,3
Portuguese,port1283,Indo-European,-0.02292945668498314,4
Portuguese,port1283,Indo-European,-0.030289828596594102,5
Portuguese,port1283,Indo-European,0.020412660063450633,6
Portuguese,port1283,Indo-European,-0.04651410614106937,7
Portuguese,port1283,Indo-European,0.017795788305562284,8
Portuguese,port1283,Indo-European,-0.02472801168005457,9
Kwasio,kwas1243,Atlantic-Congo,-0.007338454602689864,0
Kwasio,kwas1243,Atlantic-Congo,-0.028424111073513524,1
Kwasio,kwas1243,Atlantic-Congo,0.030395128415527377,2
Kwasio,kwas1243,Atlantic-Congo,-0.009333592585482657,3
Kwasio,kwas1243,Atlantic-Congo,-0.003009563821160517,4
Kwasio,kwas1243,Atlantic-Congo,-0.016352165676011228,5
Kwasio,kwas1243,Atlantic-Congo,-0.007595401164626714,6
Kwasio,kwas1243,Atlantic-Congo,-0.014709575865969368,7
Kwasio,kwas1243,Atlantic-Congo,-0.0476802020979559,8
Kwasio,kwas1243,Atlantic-Congo,-0.018763159661524687,9
Makonde,mako1251,Atlantic-Congo,0.03541044294162715,0
Makonde,mako1251,Atlantic-Congo,0.07222785801759933,1
Makonde,mako1251,Atlantic-Congo,-0.003583727168887739,2
Makonde,mako1251,Atlantic-Congo,-0.010538438453529383,3
Makonde,mako1251,Atlantic-Congo,0.019849296464327502,4
Makonde,mako1251,Atlantic-Congo,-0.03832084139504245,5
Makonde,mako1251,Atlantic-Congo,0.005162303102515598,6
Makonde,mako1251,Atlantic-Congo,-0.005080973377802448,7
Makonde,mako1251,Atlantic-Congo,-0.02997922962010914,8
Makonde,mako1251,Atlantic-Congo,-0.004259129239328979,9
Loloda-Laba,lolo1264,North Halmahera,0.010504196883897391,0
Loloda-Laba,lolo1264,North Halmahera,-0.010384510137950014,1
Loloda-Laba,lolo1264,North Halmahera,-0.01174042861288288,2
Loloda-Laba,lolo1264,North Halmahera,-0.021046802423571254,3
Loloda-Laba,lolo1264,North Halmahera,-0.0016028414665378767,4
Loloda-Laba,lolo1264,North Halmahera,-0.013898182558494194,5
Loloda-Laba,lolo1264,North Halmahera,0.04837750117629888,6
Loloda-Laba,lolo1264,North Halmahera,-0.010458549855140945,7
Loloda-Laba,lolo1264,North Halmahera,-0.033416434543336794,8
Loloda-Laba,lolo1264,North Halmahera,0.01900003288679953,9
Sonsorol,sons1242,Austronesian,-0.10061043139960056,0
Sonsorol,sons1242,Austronesian,-0.09681690068152479,1
Sonsorol,sons1242,Austronesian,-0.05627503879901493,2
Sonsorol,sons1242,Austronesian,0.10651648037401035,3
Sonsorol,sons1242,Austronesian,-0.05231633210488183,4
Sonsorol,sons1242,Austronesian,0.005038373650775066,5
Sonsorol,sons1242,Austronesian,-0.06818271087291394,6
Sonsorol,sons1242,Austronesian,-0.10229751340745724,7
Sonsorol,sons1242,Austronesian,-0.04637514791963229,8
Sonsorol,sons1242,Austronesian,-0.030177082786127685,9
Modern Ossetic,osse1243,Indo-European,0.004446561272206546,0
Modern Ossetic,osse1243,Indo-European,0.01888593400037016,1
Modern Ossetic,osse1243,Indo-European,-0.0363548056283713,2
Modern Ossetic,osse1243,Indo-European,0.04939932777577609,3
Modern Ossetic,osse1243,Indo-European,-1.703582527983437e-05,4
Modern Ossetic,osse1243,Indo-European,-0.006528337875343532,5
Modern Ossetic,osse1243,Indo-European,-0.01937414227367714,6
Modern Ossetic,osse1243,Indo-European,-0.0022368468653741597,7
Modern Ossetic,osse1243,Indo-European,0.06931528699659405,8
Modern Ossetic,osse1243,Indo-European,0.003666374199904971,9
Gunya,guny1241,Pama-Nyungan,-0.041631314234459565,0
Gunya,guny1241,Pama-Nyungan,0.014376493516484201,1
Gunya,guny1241,Pama-Nyungan,0.003640567566864478,2
Gunya,guny1241,Pama-Nyungan,0.0005598979196998886,3
Gunya,guny1241,Pama-Nyungan,-0.011363470512851774,4
Gunya,guny1241,Pama-Nyungan,0.06431293257816259,5
Gunya,guny1241,Pama-Nyungan,0.07591943381859376,6
Gunya,guny1241,Pama-Nyungan,-0.007304082344690451,7
Gunya,guny1241,Pama-Nyungan,-0.04651814413507571,8
Gunya,guny1241,Pama-Nyungan,-0.014977635143083102,9
Creek,cree1270,,-0.018110236144316238,0
Creek,cree1270,,0.04536851855358454,1
Creek,cree1270,,-0.02416176258100916,2
Creek,cree1270,,-0.01575492338410956,3
Creek,cree1270,,0.017943760580525416,4
Creek,cree1270,,0.03050371868352024,5
Creek,cree1270,,0.03894682708238597,6
Creek,cree1270,,0.0031301358173778495,7
Creek,cree1270,,-0.011631880095673862,8
Creek,cree1270,,-0.030488828649516127,9
Amis,amis1246,Austronesian,-0.010216927772142852,0
Amis,amis1246,Austronesian,-0.020890054250141173,1
Amis,amis1246,Austronesian,-0.03175876267074458,2
Amis,amis1246,Austronesian,0.07020513114817807,3
Amis,amis1246,Austronesian,-0.009085294606845144,4
Amis,amis1246,Austronesian,0.04270575785986074,5
Amis,amis1246,Austronesian,-0.0024728544116960475,6
Amis,amis1246,Austronesian,-0.03385976682586962,7
Amis,amis1246,Austronesian,-0.0174836989716506,8
Amis,amis1246,Austronesian,0.03869851936380724,9
Central Tagbanwa,cent2090,Austronesian,-0.02283746308067515,0
Central Tagbanwa,cent2090,Austronesian,0.027520529160009747,1
Central Tagbanwa,cent2090,Austronesian,0.02052260060356283,2
Central Tagbanwa,cent2090,Austronesian,0.040635524776045234,3
Central Tagbanwa,cent2090,Austronesian,-0.024434980842281368,4
Central Tagbanwa,cent2090,Austronesian,0.03787193845851451,5
Central Tagbanwa,cent2090,Austronesian,-0.007847940027736275,6
Central Tagbanwa,cent2090,Austronesian,0.016274246134115686,7
Central Tagbanwa,cent2090,Austronesian,0.07505250408190581,8
Central Tagbanwa,cent2090,Austronesian,0.023955613181720313,9
Burmese,nucl1310,Sino-Tibetan,-0.009852519457096526,0
Burmese,nucl1310,Sino-Tibetan,-0.03683763326676282,1
Burmese,nucl1310,Sino-Tibetan,-0.026529169137890458,2
Burmese,nucl1310,Sino-Tibetan,0.01530969447313472,3
Burmese,nucl1310,Sino-Tibetan,-0.02804982307753727,4
Burmese,nucl1310,Sino-Tibetan,0.01776460868473602,5
Burmese,nucl1310,Sino-Tibetan,-0.01716897633968692,6
Burmese,nucl1310,Sino-Tibetan,0.015563887056542393,7
Burmese,nucl1310,Sino-Tibetan,0.03083060282259355,8
Burmese,nucl1310,Sino-Tibetan,-0.03016992760381945,9
Southern Kiwai,sout2949,Kiwaian,0.017387608156743235,0
Southern Kiwai,sout2949,Kiwaian,-0.02503292798241244,1
Southern Kiwai,sout2949,Kiwaian,-0.01314417907078113,2
Southern Kiwai,sout2949,Kiwaian,0.00839471038914718,3
Southern Kiwai,sout2949,Kiwaian,0.02248952150313529,4
Southern Kiwai,sout2949,Kiwaian,0.02724151269070617,5
Southern Kiwai,sout2949,Kiwaian,-0.009456154744198747,6
Southern Kiwai,sout2949,Kiwaian,0.03544231675630416,7
Southern Kiwai,sout2949,Kiwaian,0.042869604732986545,8
Southern Kiwai,sout2949,Kiwaian,-0.025047717109174736,9
Takuu,taku1257,Austronesian,-0.0016255833935240503,0
Takuu,taku1257,Austronesian,-0.0021209264286392642,1
Takuu,taku1257,Austronesian,-0.016785774039515807,2
Takuu,taku1257,Austronesian,0.018021118283351508,3
Takuu,taku1257,Austronesian,-0.026319969877300464,4
Takuu,taku1257,Austronesian,-0.006685075624541666,5
Takuu,taku1257,Austronesian,-0.02077946896994829,6
Takuu,taku1257,Austronesian,-0.009674425234847382,7
Takuu,taku1257,Austronesian,-0.02640864417754137,8
Takuu,taku1257,Austronesian,0.0065577475051206,9
North Slavey,nort2942,,0.03565753024265141,0
North Slavey,nort2942,,-0.0005375702017941077,1
North Slavey,nort2942,,0.005426354175126105,2
North Slavey,nort2942,,-0.014221804498911172,3
North Slavey,nort2942,,-0.0014002322573894207,4
North Slavey,nort2942,,-0.009857278986590553,5
North Slavey,nort2942,,-0.018771519079101583,6
North Slavey,nort2942,,0.04053049147990586,7
North Slavey,nort2942,,-0.033168508462092246,8
North Slavey,nort2942,,0.01505658445222543,9
Central Cagayan Agta,cent2084,Austronesian,-0.04886338013870012,0
Central Cagayan Agta,cent2084,Austronesian,0.05052175468016017,1
Central Cagayan Agta,cent2084,Austronesian,0.02919670598695437,2
Central Cagayan Agta,cent2084,Austronesian,-0.024491112412103402,3
Central Cagayan Agta,cent2084,Austronesian,0.008130321753194458,4
Central Cagayan Agta,cent2084,Austronesian,-0.022415747489233816,5
Central Cagayan Agta,cent2084,Austronesian,0.0016136610719383027,6
Central Cagayan Agta,cent2084,Austronesian,-0.02677098162514479,7
Central Cagayan Agta,cent2084,Austronesian,-0.0028796430651537577,8
Central Cagayan Agta,cent2084,Austronesian,0.014699722462031474,9
Casiguran-Nagtipunan Agta,casi1235,Austronesian,0.03203340809045574,0
Casiguran-Nagtipunan Agta,casi1235,Austronesian,0.026666109716630863,1
Casiguran-Nagtipunan Agta,casi1235,Austronesian,-0.009534113478927908,2
Casiguran-Nagtipunan Agta,casi1235,Austronesian,-0.0034190556603633793,3
Casiguran-Nagtipunan Agta,casi1235,Austronesian,-0.0053651066094007925,4
Casiguran-Nagtipunan Agta,casi1235,Austronesian,-0.010210048840174114,5
Casiguran-Nagtipunan Agta,casi1235,Austronesian,0.030051669760058936,6
Casiguran-Nagtipunan Agta,casi1235,Austronesian,-0.010828095996361484,7
Casiguran-Nagtipunan Agta,casi1235,Austronesian,0.0009487247067295318,8
Casiguran-Nagtipunan Agta,casi1235,Austronesian,-0.01333540284961813,9
West Futuna,west2515,Austronesian,0.007546508162671915,0
West Futuna,west2515,Austronesian,0.0035668570391319326,1
West Futuna,west2515,Austronesian,-0.026636476840240023,2
West Futuna,west2515,Austronesian,-0.019224517785078242,3
West Futuna,west2515,Austronesian,-0.025089411695472057,4
West Futuna,west2515,Austronesian,-0.012513162678850137,5
West Futuna,west2515,Austronesian,-0.013021832480143066,6
West Futuna,west2515,Austronesian,-0.021010488379560904,7
West Futuna,west2515,Austronesian,0.017705130707885812,8
West Futuna,west2515,Austronesian,-0.017914305584537778,9
Waimiri-Atroari,waim1253,Cariban,0.050250098230988825,0
Waimiri-Atroari,waim1253,Cariban,-0.03480058442588354,1
Waimiri-Atroari,waim1253,Cariban,-0.018576088453832185,2
Waimiri-Atroari,waim1253,Cariban,-0.023725559361976668,3
Waimiri-Atroari,waim1253,Cariban,-0.0015099456597592433,4
Waimiri-Atroari,waim1253,Cariban,-0.008015435506069816,5
Waimiri-Atroari,waim1253,Cariban,-0.018408850379746516,6
Waimiri-Atroari,waim1253,Cariban,-0.0021224230733959543,7
Waimiri-Atroari,waim1253,Cariban,-0.0013352402424878027,8
Waimiri-Atroari,waim1253,Cariban,-0.005791668956718285,9
Paliyan,pali1274,Dravidian,-0.002394299934712215,0
Paliyan,pali1274,Dravidian,-0.01508443194947811,1
Paliyan,pali1274,Dravidian,-0.009862190803365008,2
Paliyan,pali1274,Dravidian,0.03424764912335411,3
Paliyan,pali1274,Dravidian,0.021806688159052803,4
Paliyan,pali1274,Dravidian,-0.0317748644082437,5
Paliyan,pali1274,Dravidian,0.013438187806284828,6
Paliyan,pali1274,Dravidian,0.005905033359641765,7
Paliyan,pali1274,Dravidian,-0.015978249707323484,8
Paliyan,pali1274,Dravidian,0.00794735012900742,9
North Saami,nort2671,Uralic,0.011925489869250117,0
North Saami,nort2671,Uralic,-0.02790177566104643,1
North Saami,nort2671,Uralic,-0.03796960988834955,2
North Saami,nort2671,Uralic,-0.007887287454436849,3
North Saami,nort2671,Uralic,0.05819057337908945,4
North Saami,nort2671,Uralic,0.009166676894174958,5
North Saami,nort2671,Uralic,-0.025584501911603323,6
North Saami,nort2671,Uralic,0.018231998363249416,7
North Saami,nort2671,Uralic,-0.00804959895778927,8
North Saami,nort2671,Uralic,0.03385196366062468,9
Nimboran,nucl1633,Nimboranic,0.00958998394843983,0
Nimboran,nucl1633,Nimboranic,-0.002093191346113526,1
Nimboran,nucl1633,Nimboranic,0.018416632174552017,2
Nimboran,nucl1633,Nimboranic,0.0010531011049910157,3
Nimboran,nucl1633,Nimboranic,-0.009847408056084616,4
Nimboran,nucl1633,Nimboranic,0.043136567055919714,5
Nimboran,nucl1633,Nimboranic,0.0009867024403387116,6
Nimboran,nucl1633,Nimboranic,-0.040424590791859,7
Nimboran,nucl1633,Nimboranic,-0.006353274326236835,8
Nimboran,nucl1633,Nimboranic,-0.008605967368000705,9
Dakaka,daka1243,Austronesian,-0.01013828274848781,0
Dakaka,daka1243,Austronesian,0.012936346918677033,1
Dakaka,daka1243,Austronesian,0.012554395196987849,2
Dakaka,daka1243,Austronesian,0.012496858688601264,3
Dakaka,daka1243,Austronesian,-0.03633840817175229,4
Dakaka,daka1243,Austronesian,-0.010467899577072561,5
Dakaka,daka1243,Austronesian,-0.0029526684441941457,6
Dakaka,daka1243,Austronesian,-0.006238031921765089,7
Dakaka,daka1243,Austronesian,-0.027610062405290493,8
Dakaka,daka1243,Austronesian,-0.013990983463904478,9
Tucano,tuca1252,,-0.027496388848664025,0
Tucano,tuca1252,,0.016981075303537544,1
Tucano,tuca1252,,0.06992503904666038,2
Tucano,tuca1252,,-0.011011816733212953,3
Tucano,tuca1252,,0.057979126488299476,4
Tucano,tuca1252,,-0.017933412162895134,5
Tucano,tuca1252,,0.005254627821025273,6
Tucano,tuca1252,,0.034498828899411145,7
Tucano,tuca1252,,-0.04614683714529207,8
Tucano,tuca1252,,-0.042106327568019644,9
Kunimaipa,kuni1267,Goilalan,0.02901579925207489,0
Kunimaipa,kuni1267,Goilalan,0.02386779171699236,1
Kunimaipa,kuni1267,Goilalan,-0.02601642824822832,2
Kunimaipa,kuni1267,Goilalan,-0.008883148956512791,3
Kunimaipa,kuni1267,Goilalan,-0.04334398400830024,4
Kunimaipa,kuni1267,Goilalan,0.003541402634959701,5
Kunimaipa,kuni1267,Goilalan,-0.03518280214519299,6
Kunimaipa,kuni1267,Goilalan,-0.012323451408489687,7
Kunimaipa,kuni1267,Goilalan,0.004024767402090623,8
Kunimaipa,kuni1267,Goilalan,-0.017088752959320247,9
Venda,vend1245,Atlantic-Congo,0.01306758239000734,0
Venda,vend1245,Atlantic-Congo,0.08264208425373851,1
Venda,vend1245,Atlantic-Congo,-0.014616731265349235,2
Venda,vend1245,Atlantic-Congo,-0.020776003628582097,3
Venda,vend1245,Atlantic-Congo,-0.03826117926777725,4
Venda,vend1245,Atlantic-Congo,-0.025480345278464208,5
Venda,vend1245,Atlantic-Congo,0.0033320067415415675,6
Venda,vend1245,Atlantic-Congo,-0.031506085165640796,7
Venda,vend1245,Atlantic-Congo,-0.015001710571417913,8
Venda,vend1245,Atlantic-Congo,-0.029908052416053783,9
Turkish,nucl1301,Turkic,-0.020985738368446305,0
Turkish,nucl1301,Turkic,0.08824877724655392,1
Turkish,nucl1301,Turkic,-0.05649533834175107,2
Turkish,nucl1301,Turkic,-0.029289149193987854,3
Turkish,nucl1301,Turkic,-0.02445279183086262,4
Turkish,nucl1301,Turkic,-0.009161444357069209,5
Turkish,nucl1301,Turkic,0.02871838401961526,6
Turkish,nucl1301,Turkic,-0.0028182407164696146,7
Turkish,nucl1301,Turkic,-0.029341006818295573,8
Turkish,nucl1301,Turkic,0.040981297351415244,9
Bera,bera1259,Atlantic-Congo,-0.009718361754795417,0
Bera,bera1259,Atlantic-Congo,0.030973911911416255,1
Bera,bera1259,Atlantic-Congo,-0.0652320152984445,2
Bera,bera1259,Atlantic-Congo,-0.005423178323174642,3
Bera,bera1259,Atlantic-Congo,0.03525889429403779,4
Bera,bera1259,Atlantic-Congo,-0.00019484740539521905,5
Bera,bera1259,Atlantic-Congo,-0.04306178908721654,6
Bera,bera1259,Atlantic-Congo,0.0546321602151285,7
Bera,bera1259,Atlantic-Congo,-0.01675206557059477,8
Bera,bera1259,Atlantic-Congo,-0.013869115581003252,9
Cebuano,cebu1242,Austronesian,-0.023384431738413522,0
Cebuano,cebu1242,Austronesian,-0.010017018379449617,1
Cebuano,cebu1242,Austronesian,0.02246075407196521,2
Cebuano,cebu1242,Austronesian,-0.014254446802203752,3
Cebuano,cebu1242,Austronesian,-0.016403838099387426,4
Cebuano,cebu1242,Austronesian,-0.007991673586964967,5
Cebuano,cebu1242,Austronesian,0.01937879311251312,6
Cebuano,cebu1242,Austronesian,-0.0028208818817039016,7
Cebuano,cebu1242,Austronesian,0.016760345613480984,8
Cebuano,cebu1242,Austronesian,-0.007509313157570403,9
Turung,turu1249,Tai-Kadai,0.0009876889868859887,0
Turung,turu1249,Tai-Kadai,-0.009745283722083407,1
Turung,turu1249,Tai-Kadai,0.012738930835234263,2
Turung,turu1249,Tai-Kadai,0.020040865628775835,3
Turung,turu1249,Tai-Kadai,-0.0015519793853202594,4
Turung,turu1249,Tai-Kadai,0.006057989436244388,5
Turung,turu1249,Tai-Kadai,0.010147007889397682,6
Turung,turu1249,Tai-Kadai,0.01042346968707935,7
Turung,turu1249,Tai-Kadai,0.07257146496360611,8
Turung,turu1249,Tai-Kadai,-0.01268373127459939,9
Bo-Ung,boun1245,Nuclear Trans New Guinea,-0.029454492394929577,0
Bo-Ung,boun1245,Nuclear Trans New Guinea,0.0090633389338309,1
Bo-Ung,boun1245,Nuclear Trans New Guinea,0.020032316575198536,2
Bo-Ung,boun1245,Nuclear Trans New Guinea,-0.02527862644729974,3
Bo-Ung,boun1245,Nuclear Trans New Guinea,0.0424131482216629,4
Bo-Ung,boun1245,Nuclear Trans New Guinea,-0.038191639936617935,5
Bo-Ung,boun1245,Nuclear Trans New Guinea,0.03138626810383557,6
Bo-Ung,boun1245,Nuclear Trans New Guinea,0.003921788026757784,7
Bo-Ung,boun1245,Nuclear Trans New Guinea,-0.06146539338756284,8
Bo-Ung,boun1245,Nuclear Trans New Guinea,-0.03622989045479949,9
Pilagá,pila1245,,-0.04348856483192231,0
Pilagá,pila1245,,0.002541263886132654,1
Pilagá,pila1245,,0.033348631826889345,2
Pilagá,pila1245,,0.048495301114468564,3
Pilagá,pila1245,,-0.0392762739480532,4
Pilagá,pila1245,,-0.022567849229634333,5
Pilagá,pila1245,,0.08253340710410158,6
Pilagá,pila1245,,-0.007496935105477422,7
Pilagá,pila1245,,-0.02844286569710397,8
Pilagá,pila1245,,-0.012175536864701488,9
Slaveyic,hare1243,,0.008928995303944556,0
Slaveyic,hare1243,,0.039392762761100944,1
Slaveyic,hare1243,,-0.01983340373232882,2
Slaveyic,hare1243,,-0.017036557536053043,3
Slaveyic,hare1243,,0.005766563104913053,4
Slaveyic,hare1243,,-0.0027287951467086418,5
Slaveyic,hare1243,,-0.018505277241791934,6
Slaveyic,hare1243,,-0.016245119903469503,7
Slaveyic,hare1243,,0.01505908240075935,8
Slaveyic,hare1243,,0.037603061248975944,9
Wiyot,wiyo1248,Algic,-0.014290402233661195,0
Wiyot,wiyo1248,Algic,0.017916724632662997,1
Wiyot,wiyo1248,Algic,0.009326007350311447,2
Wiyot,wiyo1248,Algic,-0.013246067144401998,3
Wiyot,wiyo1248,Algic,-0.010231956656883692,4
Wiyot,wiyo1248,Algic,0.04829501803745474,5
Wiyot,wiyo1248,Algic,0.03586699121785532,6
Wiyot,wiyo1248,Algic,0.0009297757853240277,7
Wiyot,wiyo1248,Algic,0.013083668476240953,8
Wiyot,wiyo1248,Algic,-0.03938596280203405,9
Loniu,loni1238,Austronesian,0.0368096177110766,0
Loniu,loni1238,Austronesian,-0.057055852791665196,1
Loniu,loni1238,Austronesian,0.03488008944438834,2
Loniu,loni1238,Austronesian,-0.027201315964717337,3
Loniu,loni1238,Austronesian,-0.02932895040138597,4
Loniu,loni1238,Austronesian,-0.030280073733917872,5
Loniu,loni1238,Austronesian,-0.02141860491009289,6
Loniu,loni1238,Austronesian,-0.023713985715897803,7
Loniu,loni1238,Austronesian,-0.01229238226535335,8
Loniu,loni1238,Austronesian,-0.013177355112934608,9
Tundra Nenets,nene1249,Uralic,0.020588920460829063,0
Tundra Nenets,nene1249,Uralic,0.016910955292400578,1
Tundra Nenets,nene1249,Uralic,0.002667211691179698,2
Tundra Nenets,nene1249,Uralic,-4.5680781398448316e-05,3
Tundra Nenets,nene1249,Uralic,0.009367374721816037,4
Tundra Nenets,nene1249,Uralic,-0.000361256477451728,5
Tundra Nenets,nene1249,Uralic,0.00811522361300131,6
Tundra Nenets,nene1249,Uralic,-0.01636897016228539,7
Tundra Nenets,nene1249,Uralic,0.02364528221653548,8
Tundra Nenets,nene1249,Uralic,-0.011764084093743769,9
Routa,rout1237,Austronesian,-0.0002230134228954914,0
Routa,rout1237,Austronesian,-0.014871897853437104,1
Routa,rout1237,Austronesian,-0.01858793089402513,2
Routa,rout1237,Austronesian,-0.003515813736177404,3
Routa,rout1237,Austronesian,-0.012371383864685228,4
Routa,rout1237,Austronesian,0.0254009724584798,5
Routa,rout1237,Austronesian,-0.00831208592268258,6
Routa,rout1237,Austronesian,-0.02979517904161394,7
Routa,rout1237,Austronesian,-0.004846799089684413,8
Routa,rout1237,Austronesian,-0.031601972230910505,9
Plains Cree,plai1258,Algic,0.010820328848126722,0
Plains Cree,plai1258,Algic,0.03952367583975911,1
Plains Cree,plai1258,Algic,-0.02344815366356324,2
Plains Cree,plai1258,Algic,-0.017775351089427342,3
Plains Cree,plai1258,Algic,0.014847033034511386,4
Plains Cree,plai1258,Algic,-0.0008233477095575268,5
Plains Cree,plai1258,Algic,0.015660265098938933,6
Plains Cree,plai1258,Algic,0.0012454294585061694,7
Plains Cree,plai1258,Algic,0.021235624219094303,8
Plains Cree,plai1258,Algic,-0.018923152792445195,9
Wathawurrung,wath1238,Pama-Nyungan,0.051046545895213125,0
Wathawurrung,wath1238,Pama-Nyungan,0.06662907701510634,1
Wathawurrung,wath1238,Pama-Nyungan,0.026736439985189556,2
Wathawurrung,wath1238,Pama-Nyungan,0.015184017263844395,3
Wathawurrung,wath1238,Pama-Nyungan,-0.0322369947001931,4
Wathawurrung,wath1238,Pama-Nyungan,-0.01948023990736518,5
Wathawurrung,wath1238,Pama-Nyungan,0.07197382337404096,6
Wathawurrung,wath1238,Pama-Nyungan,0.03181391508923519,7
Wathawurrung,wath1238,Pama-Nyungan,0.04303367252128447,8
Wathawurrung,wath1238,Pama-Nyungan,-0.001960301639593126,9
Nunamiut,nort2944,Eskimo-Aleut,-0.016350123888757086,0
Nunamiut,nort2944,Eskimo-Aleut,-0.015382201534371595,1
Nunamiut,nort2944,Eskimo-Aleut,0.028841194196272932,2
Nunamiut,nort2944,Eskimo-Aleut,0.02890610229322246,3
Nunamiut,nort2944,Eskimo-Aleut,-0.015216497763138149,4
Nunamiut,nort2944,Eskimo-Aleut,0.01640056797190592,5
Nunamiut,nort2944,Eskimo-Aleut,-0.011474084888404195,6
Nunamiut,nort2944,Eskimo-Aleut,0.005485694641590321,7
Nunamiut,nort2944,Eskimo-Aleut,0.014689455098453284,8
Nunamiut,nort2944,Eskimo-Aleut,-0.04118596755108657,9
Kashaya,kash1280,,-0.014157105602646741,0
Kashaya,kash1280,,-0.006732946795958329,1
Kashaya,kash1280,,-0.012145758490517071,2
Kashaya,kash1280,,0.026571235888091217,3
Kashaya,kash1280,,-0.0016166008858453425,4
Kashaya,kash1280,,-0.02067334316093307,5
Kashaya,kash1280,,0.002153485820316688,6
Kashaya,kash1280,,-0.01221904003930291,7
Kashaya,kash1280,,-0.0073919274931154196,8
Kashaya,kash1280,,-0.011422356479822985,9
Omaha-Ponca,omah1247,,-0.003579547567606488,0
Omaha-Ponca,omah1247,,0.05175852533947359,1
Omaha-Ponca,omah1247,,0.018659418720442984,2
Omaha-Ponca,omah1247,,-0.0041254691233782,3
Omaha-Ponca,omah1247,,-0.02634785279507392,4
Omaha-Ponca,omah1247,,0.012030313395676014,5
Omaha-Ponca,omah1247,,-0.013596072022521746,6
Omaha-Ponca,omah1247,,0.024627177553155757,7
Omaha-Ponca,omah1247,,-0.004359751962144883,8
Omaha-Ponca,omah1247,,0.011456832302462338,9
Lavatbura-Lamusong,lava1239,Austronesian,0.008615702486605084,0
Lavatbura-Lamusong,lava1239,Austronesian,0.06987613354022143,1
Lavatbura-Lamusong,lava1239,Austronesian,-0.014133096569562026,2
Lavatbura-Lamusong,lava1239,Austronesian,-0.00827261762733474,3
Lavatbura-Lamusong,lava1239,Austronesian,-0.030267037300716906,4
Lavatbura-Lamusong,lava1239,Austronesian,-0.03561047371151785,5
Lavatbura-Lamusong,lava1239,Austronesian,0.004111346829590595,6
Lavatbura-Lamusong,lava1239,Austronesian,0.15186016177519107,7
Lavatbura-Lamusong,lava1239,Austronesian,0.0347959891144921,8
Lavatbura-Lamusong,lava1239,Austronesian,-0.011881088038157787,9
Lauje,lauj1238,Austronesian,0.007307892927803703,0
Lauje,lauj1238,Austronesian,-0.007239559616506886,1
Lauje,lauj1238,Austronesian,-0.015678127957198144,2
Lauje,lauj1238,Austronesian,-0.029448009018497725,3
Lauje,lauj1238,Austronesian,0.021324381409493838,4
Lauje,lauj1238,Austronesian,-0.012850138077661725,5
Lauje,lauj1238,Austronesian,0.0374677279827334,6
Lauje,lauj1238,Austronesian,-0.018012067854089677,7
Lauje,lauj1238,Austronesian,-0.03888618615353519,8
Lauje,lauj1238,Austronesian,0.0030815509811154608,9
Iyojwa'ja Chorote,iyoj1235,,-0.0577792553882633,0
Iyojwa'ja Chorote,iyoj1235,,0.07402190951381128,1
Iyojwa'ja Chorote,iyoj1235,,0.021534577721771177,2
Iyojwa'ja Chorote,iyoj1235,,-0.05346285947353937,3
Iyojwa'ja Chorote,iyoj1235,,-0.08235824884826069,4
Iyojwa'ja Chorote,iyoj1235,,-0.06483600345256241,5
Iyojwa'ja Chorote,iyoj1235,,0.004748279379508661,6
Iyojwa'ja Chorote,iyoj1235,,-0.0566292312520431,7
Iyojwa'ja Chorote,iyoj1235,,0.014812317253063428,8
Iyojwa'ja Chorote,iyoj1235,,0.06618853695853208,9
Czech,czec1258,Indo-European,0.03766501823195409,0
Czech,czec1258,Indo-European,-0.03572708179783328,1
Czech,czec1258,Indo-European,-0.03176540959046821,2
Czech,czec1258,Indo-European,-0.0033407019167380333,3
Czech,czec1258,Indo-European,0.0010326530853168297,4
Czech,czec1258,Indo-European,0.04500889560490909,5
Czech,czec1258,Indo-European,-0.009091507733960395,6
Czech,czec1258,Indo-European,-0.023514896817240886,7
Czech,czec1258,Indo-European,-0.0008581231722839663,8
Czech,czec1258,Indo-European,0.028865316510008978,9
Sawi,sawi1257,Nuclear Trans New Guinea,-0.05244394575493207,0
Sawi,sawi1257,Nuclear Trans New Guinea,0.0234091528579586,1
Sawi,sawi1257,Nuclear Trans New Guinea,0.0051854199711082365,2
Sawi,sawi1257,Nuclear Trans New Guinea,0.003221699905338652,3
Sawi,sawi1257,Nuclear Trans New Guinea,0.031130603450374834,4
Sawi,sawi1257,Nuclear Trans New Guinea,0.005751381193767908,5
Sawi,sawi1257,Nuclear Trans New Guinea,-0.008595942375003586,6
Sawi,sawi1257,Nuclear Trans New Guinea,-0.03025089406991203,7
Sawi,sawi1257,Nuclear Trans New Guinea,0.0013394664333214604,8
Sawi,sawi1257,Nuclear Trans New Guinea,-0.0347203877842735,9
Huarijio,huar1255,Uto-Aztecan,8.323534480540305e-05,0
Huarijio,huar1255,Uto-Aztecan,0.002422345299641693,1
Huarijio,huar1255,Uto-Aztecan,0.03284230121228998,2
Huarijio,huar1255,Uto-Aztecan,-0.014429236537828113,3
Huarijio,huar1255,Uto-Aztecan,0.0467174718551894,4
Huarijio,huar1255,Uto-Aztecan,0.009957107515065015,5
Huarijio,huar1255,Uto-Aztecan,-0.06657202797027721,6
Huarijio,huar1255,Uto-Aztecan,0.025459500774924405,7
Huarijio,huar1255,Uto-Aztecan,-0.052580652372138846,8
Huarijio,huar1255,Uto-Aztecan,0.0018724686010603497,9
Yuwaalaraay-Gamilaraay,gami1243,Pama-Nyungan,-0.02782208345432781,0
Yuwaalaraay-Gamilaraay,gami1243,Pama-Nyungan,0.014396749782832976,1
Yuwaalaraay-Gamilaraay,gami1243,Pama-Nyungan,0.01348649989902822,2
Yuwaalaraay-Gamilaraay,gami1243,Pama-Nyungan,0.008194896118699247,3
Yuwaalaraay-Gamilaraay,gami1243,Pama-Nyungan,-0.0008565140017727611,4
Yuwaalaraay-Gamilaraay,gami1243,Pama-Nyungan,-0.034006043327967375,5
Yuwaalaraay-Gamilaraay,gami1243,Pama-Nyungan,-0.03132035255573405,6
Yuwaalaraay-Gamilaraay,gami1243,Pama-Nyungan,0.007295535140855911,7
Yuwaalaraay-Gamilaraay,gami1243,Pama-Nyungan,0.007358490801833152,8
Yuwaalaraay-Gamilaraay,gami1243,Pama-Nyungan,0.02675673265376132,9
Martu Wangka,mart1256,Pama-Nyungan,-0.013526168311462273,0
Martu Wangka,mart1256,Pama-Nyungan,0.02251326766248763,1
Martu Wangka,mart1256,Pama-Nyungan,-0.011965314267917002,2
Martu Wangka,mart1256,Pama-Nyungan,0.017967665123485837,3
Martu Wangka,mart1256,Pama-Nyungan,-0.009759993937566918,4
Martu Wangka,mart1256,Pama-Nyungan,-0.003397672985752505,5
Martu Wangka,mart1256,Pama-Nyungan,-0.016872811374386447,6
Martu Wangka,mart1256,Pama-Nyungan,0.012096763496474212,7
Martu Wangka,mart1256,Pama-Nyungan,0.012231493592200673,8
Martu Wangka,mart1256,Pama-Nyungan,-0.0036150212421725506,9
Ngaanyatjarra,ngaa1240,Pama-Nyungan,0.005720990265644378,0
Ngaanyatjarra,ngaa1240,Pama-Nyungan,-0.013295405338516994,1
Ngaanyatjarra,ngaa1240,Pama-Nyungan,0.003515060564209211,2
Ngaanyatjarra,ngaa1240,Pama-Nyungan,0.0203202044443188,3
Ngaanyatjarra,ngaa1240,Pama-Nyungan,0.006709494630188404,4
Ngaanyatjarra,ngaa1240,Pama-Nyungan,0.006930961588813216,5
Ngaanyatjarra,ngaa1240,Pama-Nyungan,-0.025322278720387923,6
Ngaanyatjarra,ngaa1240,Pama-Nyungan,0.03186635664196618,7
Ngaanyatjarra,ngaa1240,Pama-Nyungan,0.01849170607367794,8
Ngaanyatjarra,ngaa1240,Pama-Nyungan,0.0028568199026658215,9
Moronene,moro1287,Austronesian,-0.026796236362152906,0
Moronene,moro1287,Austronesian,-0.038585979728208444,1
Moronene,moro1287,Austronesian,0.03305102104814263,2
Moronene,moro1287,Austronesian,0.028401052160190565,3
Moronene,moro1287,Austronesian,-0.0006642246173984901,4
Moronene,moro1287,Austronesian,-0.027575936661144478,5
Moronene,moro1287,Austronesian,0.025301563212796134,6
Moronene,moro1287,Austronesian,-0.056037225481103,7
Moronene,moro1287,Austronesian,0.0144861563424067,8
Moronene,moro1287,Austronesian,0.05805529750093823,9
Parakanã,para1312,Tupian,0.0254077101046157,0
Parakanã,para1312,Tupian,-0.0383021739698606,1
Parakanã,para1312,Tupian,0.0024302156210955924,2
Parakanã,para1312,Tupian,-0.0054541617771597115,3
Parakanã,para1312,Tupian,0.014290742567741713,4
Parakanã,para1312,Tupian,-0.04236402805117566,5
Parakanã,para1312,Tupian,-0.030109606151805208,6
Parakanã,para1312,Tupian,0.019981903920364384,7
Parakanã,para1312,Tupian,0.002623075734235128,8
Parakanã,para1312,Tupian,-0.07423720409955083,9
Bagvalal,bagv1239,Nakh-Daghestanian,0.02805253288199991,0
Bagvalal,bagv1239,Nakh-Daghestanian,-0.03422867247520253,1
Bagvalal,bagv1239,Nakh-Daghestanian,0.020849665270144764,2
Bagvalal,bagv1239,Nakh-Daghestanian,0.03965834570534979,3
Bagvalal,bagv1239,Nakh-Daghestanian,0.029958033301126966,4
Bagvalal,bagv1239,Nakh-Daghestanian,0.008811540481435313,5
Bagvalal,bagv1239,Nakh-Daghestanian,-0.0009091808290845466,6
Bagvalal,bagv1239,Nakh-Daghestanian,-0.035116461903548606,7
Bagvalal,bagv1239,Nakh-Daghestanian,-0.04438243002259501,8
Bagvalal,bagv1239,Nakh-Daghestanian,0.03220971870065302,9
Northern Haida,nort2938,,0.06454012402517306,0
Northern Haida,nort2938,,-0.038583549849238605,1
Northern Haida,nort2938,,0.02643413714097357,2
Northern Haida,nort2938,,-0.016762920777516996,3
Northern Haida,nort2938,,0.0029597386259346443,4
Northern Haida,nort2938,,0.020665394739941195,5
Northern Haida,nort2938,,0.03685602002192005,6
Northern Haida,nort2938,,0.13820204997770708,7
Northern Haida,nort2938,,0.0015905489165983135,8
Northern Haida,nort2938,,0.008032203143678307,9
Alyawarr,alya1239,Pama-Nyungan,-0.020757914474551213,0
Alyawarr,alya1239,Pama-Nyungan,0.0016852779354479118,1
Alyawarr,alya1239,Pama-Nyungan,-0.010637756472154421,2
Alyawarr,alya1239,Pama-Nyungan,-0.04843383872967133,3
Alyawarr,alya1239,Pama-Nyungan,-0.034376834502203246,4
Alyawarr,alya1239,Pama-Nyungan,-0.003788742622843121,5
Alyawarr,alya1239,Pama-Nyungan,-0.021452116579532825,6
Alyawarr,alya1239,Pama-Nyungan,0.04469928744219024,7
Alyawarr,alya1239,Pama-Nyungan,0.0029965716284427314,8
Alyawarr,alya1239,Pama-Nyungan,-0.0013780663325417605,9
Tamil,tami1289,Dravidian,-0.002098506912105576,0
Tamil,tami1289,Dravidian,0.04223727327387048,1
Tamil,tami1289,Dravidian,-0.025131966143793347,2
Tamil,tami1289,Dravidian,0.024649998763254855,3
Tamil,tami1289,Dravidian,0.020996410333184317,4
Tamil,tami1289,Dravidian,0.018712515980160202,5
Tamil,tami1289,Dravidian,-0.0182778870929676,6
Tamil,tami1289,Dravidian,-0.013262599034616256,7
Tamil,tami1289,Dravidian,0.013181237424755396,8
Tamil,tami1289,Dravidian,0.027078410315953462,9
Lahnda,lahn1241,Indo-European,-0.021896286600553767,0
Lahnda,lahn1241,Indo-European,-0.006284774856931955,1
Lahnda,lahn1241,Indo-European,-0.003987699169932314,2
Lahnda,lahn1241,Indo-European,9.435511555122447e-06,3
Lahnda,lahn1241,Indo-European,0.004031009353808825,4
Lahnda,lahn1241,Indo-European,-0.028051816830743648,5
Lahnda,lahn1241,Indo-European,-0.02413540052794923,6
Lahnda,lahn1241,Indo-European,0.008433598431206035,7
Lahnda,lahn1241,Indo-European,-0.015536154089163966,8
Lahnda,lahn1241,Indo-European,0.022558386486676057,9
Owa,owaa1237,Austronesian,-0.017664718346696414,0
Owa,owaa1237,Austronesian,-0.015395232564743197,1
Owa,owaa1237,Austronesian,0.003024557979822016,2
Owa,owaa1237,Austronesian,-0.008211453743694716,3
Owa,owaa1237,Austronesian,-0.04899678111436772,4
Owa,owaa1237,Austronesian,-0.01278230306680422,5
Owa,owaa1237,Austronesian,0.02105306809618454,6
Owa,owaa1237,Austronesian,0.026560781292070953,7
Owa,owaa1237,Austronesian,-0.007239650142112049,8
Owa,owaa1237,Austronesian,-0.012279079673743356,9
Tiale,tial1239,Austronesian,-0.028681856446100832,0
Tiale,tial1239,Austronesian,0.01948803124457063,1
Tiale,tial1239,Austronesian,-0.08996030073424229,2
Tiale,tial1239,Austronesian,-0.09296726116952714,3
Tiale,tial1239,Austronesian,0.16621646278134528,4
Tiale,tial1239,Austronesian,0.13267783753564624,5
Tiale,tial1239,Austronesian,-0.12756781718510452,6
Tiale,tial1239,Austronesian,0.18623716257281303,7
Tiale,tial1239,Austronesian,-0.11138448512364585,8
Tiale,tial1239,Austronesian,-0.23468873913212224,9
Watut,watu1246,Austronesian,-0.006150285262673395,0
Watut,watu1246,Austronesian,0.02699121746163663,1
Watut,watu1246,Austronesian,-0.002599566478410526,2
Watut,watu1246,Austronesian,0.009395108879133661,3
Watut,watu1246,Austronesian,0.0044458911428589265,4
Watut,watu1246,Austronesian,-0.006220122875932767,5
Watut,watu1246,Austronesian,-0.0001105629143440314,6
Watut,watu1246,Austronesian,-0.052040395013687825,7
Watut,watu1246,Austronesian,-0.012844754827614206,8
Watut,watu1246,Austronesian,0.024873639798352512,9
Catalan,stan1289,Indo-European,-0.0025344579935399998,0
Catalan,stan1289,Indo-European,-0.010888660824830042,1
Catalan,stan1289,Indo-European,-0.013229185192565244,2
Catalan,stan1289,Indo-European,-0.0008691958739238709,3
Catalan,stan1289,Indo-European,0.011961069837375719,4
Catalan,stan1289,Indo-European,0.027814594310085698,5
Catalan,stan1289,Indo-European,-0.011965604859042755,6
Catalan,stan1289,Indo-European,0.012655374665251774,7
Catalan,stan1289,Indo-European,0.0030130002530820432,8
Catalan,stan1289,Indo-European,0.0009353899017547877,9
Luba-Lulua,luba1249,Atlantic-Congo,0.015706295640229417,0
Luba-Lulua,luba1249,Atlantic-Congo,-0.02972088594820327,1
Luba-Lulua,luba1249,Atlantic-Congo,-0.004081496999406898,2
Luba-Lulua,luba1249,Atlantic-Congo,0.020079253491941056,3
Luba-Lulua,luba1249,Atlantic-Congo,-0.0683138367419785,4
Luba-Lulua,luba1249,Atlantic-Congo,-0.027010191924862478,5
Luba-Lulua,luba1249,Atlantic-Congo,0.05278651353543721,6
Luba-Lulua,luba1249,Atlantic-Congo,-0.05093680944936896,7
Luba-Lulua,luba1249,Atlantic-Congo,0.020678944705471772,8
Luba-Lulua,luba1249,Atlantic-Congo,0.05259933450272471,9
Mouk,mouk1240,Austronesian,-0.008882020287448382,0
Mouk,mouk1240,Austronesian,-0.013938007503442785,1
Mouk,mouk1240,Austronesian,-0.010892270988466382,2
Mouk,mouk1240,Austronesian,-0.03314504507808708,3
Mouk,mouk1240,Austronesian,0.00023629909999917773,4
Mouk,mouk1240,Austronesian,-0.007614677065221994,5
Mouk,mouk1240,Austronesian,0.0007221077571098352,6
Mouk,mouk1240,Austronesian,0.002246997495342304,7
Mouk,mouk1240,Austronesian,-0.006898927734702216,8
Mouk,mouk1240,Austronesian,-0.020713295085561526,9
Old-Middle Welsh,oldw1239,Indo-European,0.05423027601009356,0
Old-Middle Welsh,oldw1239,Indo-European,-0.028828741128102214,1
Old-Middle Welsh,oldw1239,Indo-European,-0.03592691026499126,2
Old-Middle Welsh,oldw1239,Indo-European,-0.012626401060283206,3
Old-Middle Welsh,oldw1239,Indo-European,0.0037551143091500544,4
Old-Middle Welsh,oldw1239,Indo-European,-0.05785296980997697,5
Old-Middle Welsh,oldw1239,Indo-European,-0.05264511472419321,6
Old-Middle Welsh,oldw1239,Indo-European,-0.0023527980496107154,7
Old-Middle Welsh,oldw1239,Indo-European,-0.04629128032167265,8
Old-Middle Welsh,oldw1239,Indo-European,0.04230120438019611,9
Tehuelche,tehu1242,,0.03045174896559557,0
Tehuelche,tehu1242,,0.016966325338179197,1
Tehuelche,tehu1242,,-0.01581466008884242,2
Tehuelche,tehu1242,,0.0282716592394992,3
Tehuelche,tehu1242,,-0.0013634361664597652,4
Tehuelche,tehu1242,,0.020613005232470775,5
Tehuelche,tehu1242,,0.03364309595413016,6
Tehuelche,tehu1242,,-0.007184990504941431,7
Tehuelche,tehu1242,,-0.004589980657777081,8
Tehuelche,tehu1242,,0.030750138872857283,9
Dondo,dond1249,Austronesian,-0.039289725034664345,0
Dondo,dond1249,Austronesian,0.024545849110382247,1
Dondo,dond1249,Austronesian,-0.01739004039979846,2
Dondo,dond1249,Austronesian,-0.008372836368450726,3
Dondo,dond1249,Austronesian,-0.012566884148061924,4
Dondo,dond1249,Austronesian,0.012498545040747057,5
Dondo,dond1249,Austronesian,-0.03355763120751214,6
Dondo,dond1249,Austronesian,0.021576758760062625,7
Dondo,dond1249,Austronesian,0.002613656686513831,8
Dondo,dond1249,Austronesian,0.011116488897130135,9
Yansi,yans1239,Atlantic-Congo,0.14130823049951755,0
Yansi,yans1239,Atlantic-Congo,0.2600242013390572,1
Yansi,yans1239,Atlantic-Congo,-0.03567731610878531,2
Yansi,yans1239,Atlantic-Congo,0.07865515928760479,3
Yansi,yans1239,Atlantic-Congo,-0.07822493475783653,4
Yansi,yans1239,Atlantic-Congo,-0.11595670439202499,5
Yansi,yans1239,Atlantic-Congo,-0.11656990653803595,6
Yansi,yans1239,Atlantic-Congo,-0.0664897507851557,7
Yansi,yans1239,Atlantic-Congo,-0.0002938468699606525,8
Yansi,yans1239,Atlantic-Congo,0.05422014496971433,9
Palauan,pala1344,Austronesian,-0.05864741395329294,0
Palauan,pala1344,Austronesian,0.004543866815042361,1
Palauan,pala1344,Austronesian,-0.005428221974269669,2
Palauan,pala1344,Austronesian,-0.04864730576904629,3
Palauan,pala1344,Austronesian,-0.023459033356412466,4
Palauan,pala1344,Austronesian,0.00323923565407135,5
Palauan,pala1344,Austronesian,-0.013284243965332863,6
Palauan,pala1344,Austronesian,0.04919168562310251,7
Palauan,pala1344,Austronesian,0.005663277964837111,8
Palauan,pala1344,Austronesian,0.04789453897520221,9
Bali (Democratic Republic of Congo),bali1274,Atlantic-Congo,-0.16668767824056585,0
Bali (Democratic Republic of Congo),bali1274,Atlantic-Congo,0.04358014860218873,1
Bali (Democratic Republic of Congo),bali1274,Atlantic-Congo,-0.06559689549108591,2
Bali (Democratic Republic of Congo),bali1274,Atlantic-Congo,-0.4281747992323415,3
Bali (Democratic Republic of Congo),bali1274,Atlantic-Congo,-0.06559689549108597,4
Bali (Democratic Republic of Congo),bali1274,Atlantic-Congo,-0.23273280401806531,5
Bali (Democratic Republic of Congo),bali1274,Atlantic-Congo,0.48703262448871154,6
Bali (Democratic Republic of Congo),bali1274,Atlantic-Congo,-0.12490245098390192,7
Bali (Democratic Republic of Congo),bali1274,Atlantic-Congo,-0.08851010295281035,8
Bali (Democratic Republic of Congo),bali1274,Atlantic-Congo,-0.12490245098390192,9
Bario,bari1288,Austronesian,-0.013518372617319184,0
Bario,bari1288,Austronesian,-0.0056817306318074955,1
Bario,bari1288,Austronesian,0.0010293042181353058,2
Bario,bari1288,Austronesian,0.04359991596594873,3
Bario,bari1288,Austronesian,-0.006992301904115931,4
Bario,bari1288,Austronesian,-0.049312430193753046,5
Bario,bari1288,Austronesian,-0.02343347521431039,6
Bario,bari1288,Austronesian,0.006264265593814092,7
Bario,bari1288,Austronesian,0.02979597173141229,8
Bario,bari1288,Austronesian,-0.0038153452415037262,9
Old Prussian,prus1238,Indo-European,-0.016421645530363772,0
Old Prussian,prus1238,Indo-European,0.05806234533804926,1
Old Prussian,prus1238,Indo-European,0.0033840848343010318,2
Old Prussian,prus1238,Indo-European,0.028266521014068274,3
Old Prussian,prus1238,Indo-European,-0.00939679953499748,4
Old Prussian,prus1238,Indo-European,-0.0007258820024068289,5
Old Prussian,prus1238,Indo-European,0.029648192309142375,6
Old Prussian,prus1238,Indo-European,-0.0023901748426710455,7
Old Prussian,prus1238,Indo-European,-0.01290040339519455,8
Old Prussian,prus1238,Indo-European,-0.012827580978887749,9
Tajik,taji1245,Indo-European,0.0013269388000444141,0
Tajik,taji1245,Indo-European,0.018355083084127092,1
Tajik,taji1245,Indo-European,0.04255695356489677,2
Tajik,taji1245,Indo-European,0.03308811499699397,3
Tajik,taji1245,Indo-European,-0.06178810784256602,4
Tajik,taji1245,Indo-European,-0.0524820430307279,5
Tajik,taji1245,Indo-European,0.03113085978121128,6
Tajik,taji1245,Indo-European,0.06864995141598634,7
Tajik,taji1245,Indo-European,0.0203967475871225,8
Tajik,taji1245,Indo-European,-0.013173422548873555,9
Emae,emae1237,Austronesian,-0.06580081157713655,0
Emae,emae1237,Austronesian,-0.038814055325803114,1
Emae,emae1237,Austronesian,-0.02978459461684808,2
Emae,emae1237,Austronesian,-0.04132801436017622,3
Emae,emae1237,Austronesian,-0.1278059896101422,4
Emae,emae1237,Austronesian,-0.026012011585451904,5
Emae,emae1237,Austronesian,0.036750954916589654,6
Emae,emae1237,Austronesian,-0.0476902768028012,7
Emae,emae1237,Austronesian,0.04997018654888323,8
Emae,emae1237,Austronesian,-0.004449228259816402,9
Itbayat,ivat1242,Austronesian,-0.03718385966930196,0
Itbayat,ivat1242,Austronesian,0.001558790436262129,1
Itbayat,ivat1242,Austronesian,-0.019388575537379618,2
Itbayat,ivat1242,Austronesian,-0.0018138823710434546,3
Itbayat,ivat1242,Austronesian,-0.008603184291318566,4
Itbayat,ivat1242,Austronesian,0.01179654903802157,5
Itbayat,ivat1242,Austronesian,-0.019499524478619874,6
Itbayat,ivat1242,Austronesian,0.007992040369008213,7
Itbayat,ivat1242,Austronesian,0.04035517429104481,8
Itbayat,ivat1242,Austronesian,-0.01528650655846419,9
Waurá,waur1244,Arawakan,-0.045900379203038195,0
Waurá,waur1244,Arawakan,-0.011332314871590306,1
Waurá,waur1244,Arawakan,-0.04922007356527435,2
Waurá,waur1244,Arawakan,-0.016524600443670205,3
Waurá,waur1244,Arawakan,0.0009559046220568743,4
Waurá,waur1244,Arawakan,0.06324720146812833,5
Waurá,waur1244,Arawakan,0.03256187390984727,6
Waurá,waur1244,Arawakan,-0.003327556184371424,7
Waurá,waur1244,Arawakan,0.030218469106119025,8
Waurá,waur1244,Arawakan,0.005621407123628531,9
Torres Strait Creole,torr1261,Indo-European,0.032904403030464616,0
Torres Strait Creole,torr1261,Indo-European,0.0014394383878867942,1
Torres Strait Creole,torr1261,Indo-European,-0.0069243494813338935,2
Torres Strait Creole,torr1261,Indo-European,-0.017964873805792002,3
Torres Strait Creole,torr1261,Indo-European,-0.009877740176533992,4
Torres Strait Creole,torr1261,Indo-European,-0.030365731496983413,5
Torres Strait Creole,torr1261,Indo-European,-0.017607483440978927,6
Torres Strait Creole,torr1261,Indo-European,-0.029044353108903728,7
Torres Strait Creole,torr1261,Indo-European,-0.02251744624392733,8
Torres Strait Creole,torr1261,Indo-European,-0.02321010568416148,9
Kodi-Gaura,kodi1247,Austronesian,-0.05536527650499626,0
Kodi-Gaura,kodi1247,Austronesian,-0.045236635706764464,1
Kodi-Gaura,kodi1247,Austronesian,0.0015148824725283669,2
Kodi-Gaura,kodi1247,Austronesian,-0.020976732060181604,3
Kodi-Gaura,kodi1247,Austronesian,-0.003017775908384303,4
Kodi-Gaura,kodi1247,Austronesian,-0.014541671504086593,5
Kodi-Gaura,kodi1247,Austronesian,0.044809833525000134,6
Kodi-Gaura,kodi1247,Austronesian,0.024217379783846766,7
Kodi-Gaura,kodi1247,Austronesian,-0.02649526783439007,8
Kodi-Gaura,kodi1247,Austronesian,0.021031940835414747,9
Tasiko,tasi1237,Austronesian,0.03127017223675817,0
Tasiko,tasi1237,Austronesian,-0.016561323816477805,1
Tasiko,tasi1237,Austronesian,0.026316575834744074,2
Tasiko,tasi1237,Austronesian,-0.0076669218598984165,3
Tasiko,tasi1237,Austronesian,0.05201540480187839,4
Tasiko,tasi1237,Austronesian,0.014104837139285212,5
Tasiko,tasi1237,Austronesian,0.0005330962644285781,6
Tasiko,tasi1237,Austronesian,0.003391243362827685,7
Tasiko,tasi1237,Austronesian,0.027289574944426034,8
Tasiko,tasi1237,Austronesian,-0.010319675610845487,9
Pashto,pash1269,Indo-European,0.021707792519331266,0
Pashto,pash1269,Indo-European,-0.017726737869489487,1
Pashto,pash1269,Indo-European,-0.029927455914386857,2
Pashto,pash1269,Indo-European,0.0317076137700937,3
Pashto,pash1269,Indo-European,-0.01033769045388814,4
Pashto,pash1269,Indo-European,0.012566042349827807,5
Pashto,pash1269,Indo-European,-0.003504541525185834,6
Pashto,pash1269,Indo-European,-0.009495267745792084,7
Pashto,pash1269,Indo-European,0.00803836757923929,8
Pashto,pash1269,Indo-European,-0.00047498375651376635,9
Kota (Gabon),kota1274,Atlantic-Congo,0.000546964432004112,0
Kota (Gabon),kota1274,Atlantic-Congo,0.05471776443756612,1
Kota (Gabon),kota1274,Atlantic-Congo,0.027333520940143522,2
Kota (Gabon),kota1274,Atlantic-Congo,-0.038338062187606915,3
Kota (Gabon),kota1274,Atlantic-Congo,0.03640484690476872,4
Kota (Gabon),kota1274,Atlantic-Congo,0.01977011213894429,5
Kota (Gabon),kota1274,Atlantic-Congo,-0.02215023346850571,6
Kota (Gabon),kota1274,Atlantic-Congo,0.019958540739599046,7
Kota (Gabon),kota1274,Atlantic-Congo,0.0460475471049461,8
Kota (Gabon),kota1274,Atlantic-Congo,-0.002982442102293921,9
Kumyk,kumy1244,Turkic,0.009225965987442028,0
Kumyk,kumy1244,Turkic,0.027897415412660307,1
Kumyk,kumy1244,Turkic,-9.138283161699108e-05,2
Kumyk,kumy1244,Turkic,0.03082938687689421,3
Kumyk,kumy1244,Turkic,-0.019127732137637424,4
Kumyk,kumy1244,Turkic,0.0041296204475565375,5
Kumyk,kumy1244,Turkic,0.02175657639694059,6
Kumyk,kumy1244,Turkic,0.023246790147142725,7
Kumyk,kumy1244,Turkic,0.01249198902639687,8
Kumyk,kumy1244,Turkic,0.00799831619077809,9
Duungidjawu,duun1241,Pama-Nyungan,0.032707264994375526,0
Duungidjawu,duun1241,Pama-Nyungan,-0.024675422253391917,1
Duungidjawu,duun1241,Pama-Nyungan,0.01605385343205088,2
Duungidjawu,duun1241,Pama-Nyungan,-0.01037083436439841,3
Duungidjawu,duun1241,Pama-Nyungan,0.05293606191576761,4
Duungidjawu,duun1241,Pama-Nyungan,0.05427955060918617,5
Duungidjawu,duun1241,Pama-Nyungan,-0.02572629745350388,6
Duungidjawu,duun1241,Pama-Nyungan,0.010961896669397689,7
Duungidjawu,duun1241,Pama-Nyungan,-0.021951925911473824,8
Duungidjawu,duun1241,Pama-Nyungan,-0.021342417761178203,9
Panare,enap1235,Cariban,0.022680781985577984,0
Panare,enap1235,Cariban,-0.013603184114363386,1
Panare,enap1235,Cariban,0.009411210402696771,2
Panare,enap1235,Cariban,-0.03231247165154315,3
Panare,enap1235,Cariban,-0.00635578158632139,4
Panare,enap1235,Cariban,0.0008790340775617998,5
Panare,enap1235,Cariban,-0.009066488810101053,6
Panare,enap1235,Cariban,0.0026399541206264462,7
Panare,enap1235,Cariban,-0.01036920668636356,8
Panare,enap1235,Cariban,0.010779436972464317,9
Phende,phen1239,Atlantic-Congo,-0.013284004321084182,0
Phende,phen1239,Atlantic-Congo,-0.015817921788777327,1
Phende,phen1239,Atlantic-Congo,0.01266569207640389,2
Phende,phen1239,Atlantic-Congo,-0.027754216273615413,3
Phende,phen1239,Atlantic-Congo,0.0664061473283675,4
Phende,phen1239,Atlantic-Congo,0.07216330393893342,5
Phende,phen1239,Atlantic-Congo,0.022653868033640518,6
Phende,phen1239,Atlantic-Congo,-0.02960633976805633,7
Phende,phen1239,Atlantic-Congo,-0.008761017245547346,8
Phende,phen1239,Atlantic-Congo,0.006974192589844169,9
Buhid,buhi1245,Austronesian,-0.005351855087224829,0
Buhid,buhi1245,Austronesian,0.012518310593720078,1
Buhid,buhi1245,Austronesian,0.016889250148530426,2
Buhid,buhi1245,Austronesian,-0.00591466793697926,3
Buhid,buhi1245,Austronesian,0.022320845059503547,4
Buhid,buhi1245,Austronesian,-0.00877437074348764,5
Buhid,buhi1245,Austronesian,-0.00396578852401958,6
Buhid,buhi1245,Austronesian,0.0025278401772799866,7
Buhid,buhi1245,Austronesian,0.011188243921470213,8
Buhid,buhi1245,Austronesian,0.008112243825538263,9
Daakie,port1286,Austronesian,0.030156766994836225,0
Daakie,port1286,Austronesian,-0.012113819684737438,1
Daakie,port1286,Austronesian,-0.009877365137542548,2
Daakie,port1286,Austronesian,0.04028940688155174,3
Daakie,port1286,Austronesian,0.028892202807597904,4
Daakie,port1286,Austronesian,0.023554691648976802,5
Daakie,port1286,Austronesian,-0.011802420052318838,6
Daakie,port1286,Austronesian,-0.024152088090237202,7
Daakie,port1286,Austronesian,0.026162915116892217,8
Daakie,port1286,Austronesian,-0.025414667400494934,9
Okanagan,okan1243,Salishan,-0.03556173634292765,0
Okanagan,okan1243,Salishan,-0.03539225366376544,1
Okanagan,okan1243,Salishan,-0.008122403748044602,2
Okanagan,okan1243,Salishan,-0.01855027728481154,3
Okanagan,okan1243,Salishan,0.048463818300103996,4
Okanagan,okan1243,Salishan,0.09226800031240881,5
Okanagan,okan1243,Salishan,-0.051038072919944964,6
Okanagan,okan1243,Salishan,-0.02298732437511165,7
Okanagan,okan1243,Salishan,0.024325456964533893,8
Okanagan,okan1243,Salishan,0.02161353203320429,9
Spokane,spok1245,Salishan,-0.0065413336388722276,0
Spokane,spok1245,Salishan,-0.01144182231266979,1
Spokane,spok1245,Salishan,0.023328489579164967,2
Spokane,spok1245,Salishan,0.019539391572222613,3
Spokane,spok1245,Salishan,-0.016790092631169647,4
Spokane,spok1245,Salishan,-0.04006484442961479,5
Spokane,spok1245,Salishan,0.008524539656170813,6
Spokane,spok1245,Salishan,0.020923755071926578,7
Spokane,spok1245,Salishan,-0.0015393950698353593,8
Spokane,spok1245,Salishan,0.008370500045768066,9
Tonsea,tons1240,Austronesian,-0.0032720620386449298,0
Tonsea,tons1240,Austronesian,0.034110538169490744,1
Tonsea,tons1240,Austronesian,-0.028161504644046816,2
Tonsea,tons1240,Austronesian,0.020043497763537355,3
Tonsea,tons1240,Austronesian,0.011055792041424307,4
Tonsea,tons1240,Austronesian,0.06142548528766337,5
Tonsea,tons1240,Austronesian,0.0014807914812559563,6
Tonsea,tons1240,Austronesian,0.0033461326207175107,7
Tonsea,tons1240,Austronesian,0.03637613302866888,8
Tonsea,tons1240,Austronesian,-0.0038608942385849805,9
Japanesic,japa1256,,0.010493481912984225,0
Japanesic,japa1256,,-0.031115735778845337,1
Japanesic,japa1256,,-0.011393497329357925,2
Japanesic,japa1256,,0.03306418883050332,3
Japanesic,japa1256,,0.03318225703419932,4
Japanesic,japa1256,,-0.006558029946800171,5
Japanesic,japa1256,,-0.013289209986847402,6
Japanesic,japa1256,,0.0002671722556532338,7
Japanesic,japa1256,,0.0014271900790938999,8
Japanesic,japa1256,,0.012431307366011453,9
Pinji,pinj1243,Atlantic-Congo,0.07162652806020478,0
Pinji,pinj1243,Atlantic-Congo,0.15071703073212686,1
Pinji,pinj1243,Atlantic-Congo,0.009056197606343285,2
Pinji,pinj1243,Atlantic-Congo,-0.07374917732726283,3
Pinji,pinj1243,Atlantic-Congo,-0.08686657506653603,4
Pinji,pinj1243,Atlantic-Congo,-0.025018759124126093,5
Pinji,pinj1243,Atlantic-Congo,-0.03598379981018707,6
Pinji,pinj1243,Atlantic-Congo,-0.010896189616237124,7
Pinji,pinj1243,Atlantic-Congo,-0.08195595204230284,8
Pinji,pinj1243,Atlantic-Congo,-0.03667279213415389,9
Yombe,yomb1244,Atlantic-Congo,-0.01944952366278595,0
Yombe,yomb1244,Atlantic-Congo,-0.008355587735399128,1
Yombe,yomb1244,Atlantic-Congo,0.0062614055752598504,2
Yombe,yomb1244,Atlantic-Congo,-0.022824999865539236,3
Yombe,yomb1244,Atlantic-Congo,0.03299263359343908,4
Yombe,yomb1244,Atlantic-Congo,-0.017998005497479864,5
Yombe,yomb1244,Atlantic-Congo,-0.01933611813706125,6
Yombe,yomb1244,Atlantic-Congo,-0.026983710947843294,7
Yombe,yomb1244,Atlantic-Congo,-0.026475806285432307,8
Yombe,yomb1244,Atlantic-Congo,-0.006398216394129345,9
Dadibi,dadi1250,Teberan,0.000732589338871719,0
Dadibi,dadi1250,Teberan,-0.009857527665275949,1
Dadibi,dadi1250,Teberan,-0.014984911418244444,2
Dadibi,dadi1250,Teberan,-0.003995877888067033,3
Dadibi,dadi1250,Teberan,0.0008140845300746383,4
Dadibi,dadi1250,Teberan,-0.0027282711336308885,5
Dadibi,dadi1250,Teberan,-0.01807646510653769,6
Dadibi,dadi1250,Teberan,-0.005833794639398574,7
Dadibi,dadi1250,Teberan,0.0015733845500210536,8
Dadibi,dadi1250,Teberan,0.015267000344780922,9
Northwest Maidu,nort2951,,0.008469517807413715,0
Northwest Maidu,nort2951,,0.0325204456056312,1
Northwest Maidu,nort2951,,0.021824680725419588,2
Northwest Maidu,nort2951,,0.00048126422249879106,3
Northwest Maidu,nort2951,,0.013611591217667952,4
Northwest Maidu,nort2951,,0.022778957072536143,5
Northwest Maidu,nort2951,,-0.0013536631063330216,6
Northwest Maidu,nort2951,,-0.02915434193841636,7
Northwest Maidu,nort2951,,0.0653430610554854,8
Northwest Maidu,nort2951,,-0.015433295914382188,9
Magam,maga1262,Austronesian,-0.0011720157869233845,0
Magam,maga1262,Austronesian,0.004631821759776899,1
Magam,maga1262,Austronesian,-0.04559886331875301,2
Magam,maga1262,Austronesian,-0.016137103446118534,3
Magam,maga1262,Austronesian,-0.014532552028204715,4
Magam,maga1262,Austronesian,0.009357609314480705,5
Magam,maga1262,Austronesian,0.0012585782544032192,6
Magam,maga1262,Austronesian,-0.00047433237706251885,7
Magam,maga1262,Austronesian,0.0007725235631955974,8
Magam,maga1262,Austronesian,-0.027404166756737822,9
Wogeo,woge1237,Austronesian,-0.02285323714918976,0
Wogeo,woge1237,Austronesian,-0.03247021049870971,1
Wogeo,woge1237,Austronesian,-0.017215695123467163,2
Wogeo,woge1237,Austronesian,0.07210820007884208,3
Wogeo,woge1237,Austronesian,0.04972935660679412,4
Wogeo,woge1237,Austronesian,0.019619371712160695,5
Wogeo,woge1237,Austronesian,0.0446238449765043,6
Wogeo,woge1237,Austronesian,-0.020075562129571095,7
Wogeo,woge1237,Austronesian,0.01903886192887913,8
Wogeo,woge1237,Austronesian,-0.012356405969605232,9
Budza,budz1238,Atlantic-Congo,0.048977811779675924,0
Budza,budz1238,Atlantic-Congo,-0.08190429826971535,1
Budza,budz1238,Atlantic-Congo,0.16414830888980222,2
Budza,budz1238,Atlantic-Congo,0.15516598138489668,3
Budza,budz1238,Atlantic-Congo,-0.12870928181394004,4
Budza,budz1238,Atlantic-Congo,-0.05326292907879986,5
Budza,budz1238,Atlantic-Congo,0.15285995809333006,6
Budza,budz1238,Atlantic-Congo,-0.04483191501843716,7
Budza,budz1238,Atlantic-Congo,-0.10856164717213675,8
Budza,budz1238,Atlantic-Congo,-0.10138561541656245,9
Araki,arak1252,Austronesian,0.0035598248014616805,0
Araki,arak1252,Austronesian,-0.0005973938456600912,1
Araki,arak1252,Austronesian,0.028410137075368786,2
Araki,arak1252,Austronesian,0.006594177802704558,3
Araki,arak1252,Austronesian,0.06395953747434904,4
Araki,arak1252,Austronesian,0.027837273392353794,5
Araki,arak1252,Austronesian,0.010711074950005135,6
Araki,arak1252,Austronesian,0.005557762870305334,7
Araki,arak1252,Austronesian,0.01936092039890343,8
Araki,arak1252,Austronesian,0.035707596507907925,9
Wayampi,waya1270,Tupian,0.012513251121065385,0
Wayampi,waya1270,Tupian,0.025754800128812188,1
Wayampi,waya1270,Tupian,0.03357230452981529,2
Wayampi,waya1270,Tupian,0.016356503666104204,3
Wayampi,waya1270,Tupian,-0.022121622946016398,4
Wayampi,waya1270,Tupian,-0.025697771697995624,5
Wayampi,waya1270,Tupian,-0.013725642789407952,6
Wayampi,waya1270,Tupian,0.013858820163285353,7
Wayampi,waya1270,Tupian,0.004445665588372587,8
Wayampi,waya1270,Tupian,-0.006315569407994542,9
Tahitian,tahi1242,Austronesian,-0.019270079491608787,0
Tahitian,tahi1242,Austronesian,0.02626625356747771,1
Tahitian,tahi1242,Austronesian,0.029584678521376112,2
Tahitian,tahi1242,Austronesian,-0.009386515415184846,3
Tahitian,tahi1242,Austronesian,0.03703436830566566,4
Tahitian,tahi1242,Austronesian,-0.012560185944021977,5
Tahitian,tahi1242,Austronesian,0.02266581737858031,6
Tahitian,tahi1242,Austronesian,-0.031924640214498326,7
Tahitian,tahi1242,Austronesian,-0.0061512042892638615,8
Tahitian,tahi1242,Austronesian,0.010100121962285654,9
Kwaio,kwai1243,Austronesian,-0.013652727817217701,0
Kwaio,kwai1243,Austronesian,-0.01566301190050748,1
Kwaio,kwai1243,Austronesian,-0.006277918092607368,2
Kwaio,kwai1243,Austronesian,-0.00808895421849436,3
Kwaio,kwai1243,Austronesian,0.013995097376207868,4
Kwaio,kwai1243,Austronesian,0.035331296148094535,5
Kwaio,kwai1243,Austronesian,0.009286778869993514,6
Kwaio,kwai1243,Austronesian,0.019578655991096573,7
Kwaio,kwai1243,Austronesian,0.07301364053617747,8
Kwaio,kwai1243,Austronesian,-0.03194005800493971,9
Mohawk,moha1258,,0.009140530968376158,0
Mohawk,moha1258,,0.03182354228686801,1
Mohawk,moha1258,,-0.009666631305868376,2
Mohawk,moha1258,,-0.019128513549772276,3
Mohawk,moha1258,,0.029835908480336945,4
Mohawk,moha1258,,0.005014872200745341,5
Mohawk,moha1258,,-0.014322593096910733,6
Mohawk,moha1258,,-0.019422353180143456,7
Mohawk,moha1258,,0.008869619234419934,8
Mohawk,moha1258,,-0.002428596746264516,9
Ekari,ekar1243,Nuclear Trans New Guinea,-0.008491483232139331,0
Ekari,ekar1243,Nuclear Trans New Guinea,0.0821923309270049,1
Ekari,ekar1243,Nuclear Trans New Guinea,0.007239118792046166,2
Ekari,ekar1243,Nuclear Trans New Guinea,-0.004690617591357658,3
Ekari,ekar1243,Nuclear Trans New Guinea,0.023026674712592718,4
Ekari,ekar1243,Nuclear Trans New Guinea,-0.010532626099242132,5
Ekari,ekar1243,Nuclear Trans New Guinea,-0.0195704969855285,6
Ekari,ekar1243,Nuclear Trans New Guinea,0.030731499292218356,7
Ekari,ekar1243,Nuclear Trans New Guinea,0.05352078184645792,8
Ekari,ekar1243,Nuclear Trans New Guinea,-0.016346546183008355,9
Igbo,nucl1417,Atlantic-Congo,-0.005255661678247075,0
Igbo,nucl1417,Atlantic-Congo,-0.026557848312207224,1
Igbo,nucl1417,Atlantic-Congo,-0.012053952415086671,2
Igbo,nucl1417,Atlantic-Congo,-0.08184271390818906,3
Igbo,nucl1417,Atlantic-Congo,-0.011022652740204548,4
Igbo,nucl1417,Atlantic-Congo,0.019539951924730237,5
Igbo,nucl1417,Atlantic-Congo,0.005727940742152041,6
Igbo,nucl1417,Atlantic-Congo,0.0003762000678315712,7
Igbo,nucl1417,Atlantic-Congo,0.031050101284612476,8
Igbo,nucl1417,Atlantic-Congo,-0.003426713034620817,9
West Coast Bajau,west2560,Austronesian,-0.01289871350024033,0
West Coast Bajau,west2560,Austronesian,0.06408848855490767,1
West Coast Bajau,west2560,Austronesian,-0.0016000478481875055,2
West Coast Bajau,west2560,Austronesian,-0.039449501329174866,3
West Coast Bajau,west2560,Austronesian,-0.02750223480682207,4
West Coast Bajau,west2560,Austronesian,-0.006162379890642825,5
West Coast Bajau,west2560,Austronesian,-0.003384056564446544,6
West Coast Bajau,west2560,Austronesian,-0.003996536496686546,7
West Coast Bajau,west2560,Austronesian,-0.0024247282231985453,8
West Coast Bajau,west2560,Austronesian,-0.010379187599809894,9
Sake,sake1247,Atlantic-Congo,0.023773526888599527,0
Sake,sake1247,Atlantic-Congo,0.005321776518243392,1
Sake,sake1247,Atlantic-Congo,-0.007588578564314932,2
Sake,sake1247,Atlantic-Congo,-0.04023448158770442,3
Sake,sake1247,Atlantic-Congo,-0.02048609991406281,4
Sake,sake1247,Atlantic-Congo,0.00010451130486649704,5
Sake,sake1247,Atlantic-Congo,0.03657507655253521,6
Sake,sake1247,Atlantic-Congo,-0.09410809816675726,7
Sake,sake1247,Atlantic-Congo,-0.01263291424248933,8
Sake,sake1247,Atlantic-Congo,-0.022093263148402726,9
Old Russian,oldr1238,Indo-European,-0.023647496995619723,0
Old Russian,oldr1238,Indo-European,0.04390669338035584,1
Old Russian,oldr1238,Indo-European,-0.009229387587213336,2
Old Russian,oldr1238,Indo-European,0.007141626107841519,3
Old Russian,oldr1238,Indo-European,0.005882094247713224,4
Old Russian,oldr1238,Indo-European,0.01792697444707353,5
Old Russian,oldr1238,Indo-European,-0.0019733626399711717,6
Old Russian,oldr1238,Indo-European,-0.02357539956718373,7
Old Russian,oldr1238,Indo-European,-0.015023180064190029,8
Old Russian,oldr1238,Indo-European,0.00575604644017179,9
Wari',wari1268,,-0.5000000000000001,0
Wari',wari1268,,-0.5,1
Wari',wari1268,,1.0,2
Wari',wari1268,,-0.5,3
Wari',wari1268,,1.0,4
Wari',wari1268,,-0.5,5
Wari',wari1268,,-0.5000000000000001,6
Wari',wari1268,,-0.5,7
Wari',wari1268,,1.0,8
Wari',wari1268,,-0.5,9
Warlpiri,warl1254,Pama-Nyungan,0.005206289793165045,0
Warlpiri,warl1254,Pama-Nyungan,0.09836105990835237,1
Warlpiri,warl1254,Pama-Nyungan,-0.022551318993724243,2
Warlpiri,warl1254,Pama-Nyungan,-0.019600663445987702,3
Warlpiri,warl1254,Pama-Nyungan,-0.017577903327095766,4
Warlpiri,warl1254,Pama-Nyungan,-0.01899765138649779,5
Warlpiri,warl1254,Pama-Nyungan,0.007648274730033662,6
Warlpiri,warl1254,Pama-Nyungan,-0.03609784038646615,7
Warlpiri,warl1254,Pama-Nyungan,0.012620989307237193,8
Warlpiri,warl1254,Pama-Nyungan,0.0047039798315926164,9
Kom (Cameroon),komc1235,Atlantic-Congo,-0.03857718028210779,0
Kom (Cameroon),komc1235,Atlantic-Congo,0.008693426438982946,1
Kom (Cameroon),komc1235,Atlantic-Congo,-0.06175981713618474,2
Kom (Cameroon),komc1235,Atlantic-Congo,0.05532483993247754,3
Kom (Cameroon),komc1235,Atlantic-Congo,0.04235312811550179,4
Kom (Cameroon),komc1235,Atlantic-Congo,-0.03247176086447329,5
Kom (Cameroon),komc1235,Atlantic-Congo,0.08961156932707735,6
Kom (Cameroon),komc1235,Atlantic-Congo,-0.08711795240736293,7
Kom (Cameroon),komc1235,Atlantic-Congo,0.030048539799505027,8
Kom (Cameroon),komc1235,Atlantic-Congo,-0.11093425247265758,9
Western Bukidnon Manobo,west2555,Austronesian,0.004789068330657287,0
Western Bukidnon Manobo,west2555,Austronesian,0.02656942846550754,1
Western Bukidnon Manobo,west2555,Austronesian,0.010753291861136563,2
Western Bukidnon Manobo,west2555,Austronesian,-0.011119651585253642,3
Western Bukidnon Manobo,west2555,Austronesian,0.021739922114933037,4
Western Bukidnon Manobo,west2555,Austronesian,0.011562777976578202,5
Western Bukidnon Manobo,west2555,Austronesian,0.004359265886015554,6
Western Bukidnon Manobo,west2555,Austronesian,-0.011630189291966683,7
Western Bukidnon Manobo,west2555,Austronesian,-0.002327450000466166,8
Western Bukidnon Manobo,west2555,Austronesian,-0.022807178620865752,9
Mbere,mber1257,Atlantic-Congo,0.032523194266452025,0
Mbere,mber1257,Atlantic-Congo,-0.008130249591559342,1
Mbere,mber1257,Atlantic-Congo,-0.03342403852084483,2
Mbere,mber1257,Atlantic-Congo,-0.00928492689356885,3
Mbere,mber1257,Atlantic-Congo,0.055390368587009985,4
Mbere,mber1257,Atlantic-Congo,0.0020651527962925204,5
Mbere,mber1257,Atlantic-Congo,-0.015438133116778526,6
Mbere,mber1257,Atlantic-Congo,0.03400954366075022,7
Mbere,mber1257,Atlantic-Congo,0.07845224980619146,8
Mbere,mber1257,Atlantic-Congo,0.004523960689654984,9
Varisi,vari1239,Austronesian,0.0025319997715514825,0
Varisi,vari1239,Austronesian,-0.02833455489891993,1
Varisi,vari1239,Austronesian,0.01700891110839893,2
Varisi,vari1239,Austronesian,-0.04793462425863354,3
Varisi,vari1239,Austronesian,0.090564778282683,4
Varisi,vari1239,Austronesian,-0.002201195136068054,5
Varisi,vari1239,Austronesian,0.022410873388990456,6
Varisi,vari1239,Austronesian,0.021765227910199587,7
Varisi,vari1239,Austronesian,0.03643952132423353,8
Varisi,vari1239,Austronesian,-0.009568699389888472,9
Lo-Toga,loto1240,Austronesian,-0.004533816329451163,0
Lo-Toga,loto1240,Austronesian,-0.015656505376959777,1
Lo-Toga,loto1240,Austronesian,0.0036775977556017577,2
Lo-Toga,loto1240,Austronesian,0.039408600561960314,3
Lo-Toga,loto1240,Austronesian,0.05182588540476988,4
Lo-Toga,loto1240,Austronesian,0.018068950829605353,5
Lo-Toga,loto1240,Austronesian,0.007154396537981499,6
Lo-Toga,loto1240,Austronesian,-0.00379245325572925,7
Lo-Toga,loto1240,Austronesian,-0.016168298878601897,8
Lo-Toga,loto1240,Austronesian,0.004253570439843954,9
Slave,slav1253,,-0.020710702417265234,0
Slave,slav1253,,-0.02765914221042834,1
Slave,slav1253,,0.02163389336788518,2
Slave,slav1253,,-0.008518440806530837,3
Slave,slav1253,,0.0011761914818904737,4
Slave,slav1253,,0.012270227828723638,5
Slave,slav1253,,0.01559145459879346,6
Slave,slav1253,,-0.01859086695111074,7
Slave,slav1253,,0.05993378176830143,8
Slave,slav1253,,0.013172263407943962,9
Pima Bajo,pima1248,Uto-Aztecan,0.036535194403027244,0
Pima Bajo,pima1248,Uto-Aztecan,0.1588779217843932,1
Pima Bajo,pima1248,Uto-Aztecan,0.02362072319182729,2
Pima Bajo,pima1248,Uto-Aztecan,0.13143913804532706,3
Pima Bajo,pima1248,Uto-Aztecan,0.0136796744494886,4
Pima Bajo,pima1248,Uto-Aztecan,0.0852163631868599,5
Pima Bajo,pima1248,Uto-Aztecan,-0.09468496991744962,6
Pima Bajo,pima1248,Uto-Aztecan,0.02449547096068736,7
Pima Bajo,pima1248,Uto-Aztecan,-0.03820688988468439,8
Pima Bajo,pima1248,Uto-Aztecan,-0.07385007123807841,9
Kamano,kama1370,Nuclear Trans New Guinea,0.03161725724627949,0
Kamano,kama1370,Nuclear Trans New Guinea,-0.020336864439766688,1
Kamano,kama1370,Nuclear Trans New Guinea,0.1410610671310595,2
Kamano,kama1370,Nuclear Trans New Guinea,-0.015141292973703587,3
Kamano,kama1370,Nuclear Trans New Guinea,-0.01488266130883983,4
Kamano,kama1370,Nuclear Trans New Guinea,0.025787240605461177,5
Kamano,kama1370,Nuclear Trans New Guinea,0.033901366415017585,6
Kamano,kama1370,Nuclear Trans New Guinea,-0.0440099317088755,7
Kamano,kama1370,Nuclear Trans New Guinea,-0.03898122794059443,8
Kamano,kama1370,Nuclear Trans New Guinea,0.044068813868690805,9
Ende (Papua New Guinea),ende1235,,-0.04424419861452256,0
Ende (Papua New Guinea),ende1235,,0.022281277272857513,1
Ende (Papua New Guinea),ende1235,,0.0017187883474064289,2
Ende (Papua New Guinea),ende1235,,-0.025610864391654276,3
Ende (Papua New Guinea),ende1235,,0.018203236743785933,4
Ende (Papua New Guinea),ende1235,,0.014679841001153875,5
Ende (Papua New Guinea),ende1235,,-0.009379391651808844,6
Ende (Papua New Guinea),ende1235,,-0.0008654393873578298,7
Ende (Papua New Guinea),ende1235,,-0.046878971065149364,8
Ende (Papua New Guinea),ende1235,,-0.005700980501393695,9
Seki,seki1238,Atlantic-Congo,-0.09970974512556383,0
Seki,seki1238,Atlantic-Congo,0.0023629350902151275,1
Seki,seki1238,Atlantic-Congo,-0.0360192939950106,2
Seki,seki1238,Atlantic-Congo,-0.05317678268300363,3
Seki,seki1238,Atlantic-Congo,0.002504365392243181,4
Seki,seki1238,Atlantic-Congo,0.04993577740025492,5
Seki,seki1238,Atlantic-Congo,0.019343262888590607,6
Seki,seki1238,Atlantic-Congo,-0.06951863540401546,7
Seki,seki1238,Atlantic-Congo,0.04622473904956923,8
Seki,seki1238,Atlantic-Congo,-0.029605579836507263,9
Tokharian A,tokh1242,Indo-European,0.3600339299601082,0
Tokharian A,tokh1242,Indo-European,-0.17593804113276879,1
Tokharian A,tokh1242,Indo-European,0.00433383872763525,2
Tokharian A,tokh1242,Indo-European,0.024788287646644314,3
Tokharian A,tokh1242,Indo-European,0.13787565081093836,4
Tokharian A,tokh1242,Indo-European,0.10710214050895503,5
Tokharian A,tokh1242,Indo-European,-0.025252757765719204,6
Tokharian A,tokh1242,Indo-European,0.0492118745846943,7
Tokharian A,tokh1242,Indo-European,-0.02878706321413218,8
Tokharian A,tokh1242,Indo-European,-0.02131075319068424,9
Wapishana,wapi1253,Arawakan,-0.0029944833317830004,0
Wapishana,wapi1253,Arawakan,-0.009413921491355316,1
Wapishana,wapi1253,Arawakan,-0.011209129996235894,2
Wapishana,wapi1253,Arawakan,-0.02303109664719567,3
Wapishana,wapi1253,Arawakan,-0.0261395354480828,4
Wapishana,wapi1253,Arawakan,0.01468618988248456,5
Wapishana,wapi1253,Arawakan,-0.03232306605694106,6
Wapishana,wapi1253,Arawakan,0.02928151800803453,7
Wapishana,wapi1253,Arawakan,-0.01982250643013516,8
Wapishana,wapi1253,Arawakan,-0.04429849183465341,9
Shawnee,shaw1249,Algic,0.0013243196494076522,0
Shawnee,shaw1249,Algic,0.02450073216276719,1
Shawnee,shaw1249,Algic,-0.041236495419530554,2
Shawnee,shaw1249,Algic,-0.01822097804510601,3
Shawnee,shaw1249,Algic,-0.046094388973093044,4
Shawnee,shaw1249,Algic,-0.02783677412655621,5
Shawnee,shaw1249,Algic,-0.041365420050298654,6
Shawnee,shaw1249,Algic,-0.03499865095290948,7
Shawnee,shaw1249,Algic,-0.02618262651031053,8
Shawnee,shaw1249,Algic,-0.0205575615426166,9
Dakota,dako1258,,-0.006245748332800286,0
Dakota,dako1258,,-0.010358770057833644,1
Dakota,dako1258,,-0.012893819078788029,2
Dakota,dako1258,,-0.0029721564806271094,3
Dakota,dako1258,,-0.003479168381726922,4
Dakota,dako1258,,0.008178499197626313,5
Dakota,dako1258,,0.010362133920491165,6
Dakota,dako1258,,0.026310245962450962,7
Dakota,dako1258,,-0.009058280307378892,8
Dakota,dako1258,,-0.014964679840371649,9
Ndumu,ndum1239,Atlantic-Congo,-0.1604733066337532,0
Ndumu,ndum1239,Atlantic-Congo,-0.2710537800010035,1
Ndumu,ndum1239,Atlantic-Congo,-0.09010391449095759,2
Ndumu,ndum1239,Atlantic-Congo,0.40950836591365736,3
Ndumu,ndum1239,Atlantic-Congo,-0.09010391449095762,4
Ndumu,ndum1239,Atlantic-Congo,-0.09010391449095759,5
Ndumu,ndum1239,Atlantic-Congo,-0.2710537800010035,6
Ndumu,ndum1239,Atlantic-Congo,0.4095083659136574,7
Ndumu,ndum1239,Atlantic-Congo,0.01745032397522478,8
Ndumu,ndum1239,Atlantic-Congo,-0.2710537800010035,9
Marra,mara1385,Other,-0.0031759349628007415,0
Marra,mara1385,Other,-0.017014341927468854,1
Marra,mara1385,Other,-0.027318549187434468,2
Marra,mara1385,Other,-0.051488567593763225,3
Marra,mara1385,Other,0.03431644143623165,4
Marra,mara1385,Other,0.020622682594447793,5
Marra,mara1385,Other,0.03111321437488023,6
Marra,mara1385,Other,0.021567852399959248,7
Marra,mara1385,Other,-0.03410994288370624,8
Marra,mara1385,Other,-0.03138889445881612,9
Southwestern Tepehuan,sout2977,Uto-Aztecan,,0
Southwestern Tepehuan,sout2977,Uto-Aztecan,,1
Southwestern Tepehuan,sout2977,Uto-Aztecan,,2
Southwestern Tepehuan,sout2977,Uto-Aztecan,,3
Southwestern Tepehuan,sout2977,Uto-Aztecan,,4
Southwestern Tepehuan,sout2977,Uto-Aztecan,,5
Southwestern Tepehuan,sout2977,Uto-Aztecan,,6
Southwestern Tepehuan,sout2977,Uto-Aztecan,,7
Southwestern Tepehuan,sout2977,Uto-Aztecan,,8
Southwestern Tepehuan,sout2977,Uto-Aztecan,,9
Eudeve,eude1234,Uto-Aztecan,-0.0974928667256695,0
Eudeve,eude1234,Uto-Aztecan,-0.017748325407407447,1
Eudeve,eude1234,Uto-Aztecan,-0.04868505845096069,2
Eudeve,eude1234,Uto-Aztecan,-0.17160655259998595,3
Eudeve,eude1234,Uto-Aztecan,0.03758581036073762,4
Eudeve,eude1234,Uto-Aztecan,-0.03519572798359519,5
Eudeve,eude1234,Uto-Aztecan,-0.006083229900463079,6
Eudeve,eude1234,Uto-Aztecan,0.1480922502909013,7
Eudeve,eude1234,Uto-Aztecan,0.044189724797413885,8
Eudeve,eude1234,Uto-Aztecan,-0.12760163188926116,9
Pacoh,paco1243,Austroasiatic,-0.06647706162623968,0
Pacoh,paco1243,Austroasiatic,0.02684792906743421,1
Pacoh,paco1243,Austroasiatic,-0.0030939571195374355,2
Pacoh,paco1243,Austroasiatic,-0.04950129866430875,3
Pacoh,paco1243,Austroasiatic,0.09983924079351252,4
Pacoh,paco1243,Austroasiatic,0.07335519799534938,5
Pacoh,paco1243,Austroasiatic,-0.0732154102972295,6
Pacoh,paco1243,Austroasiatic,0.01547139072031706,7
Pacoh,paco1243,Austroasiatic,0.061284791750155644,8
Pacoh,paco1243,Austroasiatic,-0.011432190862907022,9
Sawai,sawa1247,Austronesian,0.06726869264336924,0
Sawai,sawa1247,Austronesian,0.030728218440296565,1
Sawai,sawa1247,Austronesian,-0.008481066440610106,2
Sawai,sawa1247,Austronesian,0.1115002877239838,3
Sawai,sawa1247,Austronesian,0.023443211110108136,4
Sawai,sawa1247,Austronesian,0.022923142173464285,5
Sawai,sawa1247,Austronesian,-0.030490472203589393,6
Sawai,sawa1247,Austronesian,-0.046594625031561934,7
Sawai,sawa1247,Austronesian,0.05099218970271044,8
Sawai,sawa1247,Austronesian,-0.01995567688822061,9
Cupeño,cupe1243,Uto-Aztecan,-0.03609497185174513,0
Cupeño,cupe1243,Uto-Aztecan,-0.0011139039512680707,1
Cupeño,cupe1243,Uto-Aztecan,0.07502009594000866,2
Cupeño,cupe1243,Uto-Aztecan,-0.002640596042308094,3
Cupeño,cupe1243,Uto-Aztecan,0.0003294501376723108,4
Cupeño,cupe1243,Uto-Aztecan,0.014700349851234425,5
Cupeño,cupe1243,Uto-Aztecan,0.04341115153462405,6
Cupeño,cupe1243,Uto-Aztecan,-0.035452251607343464,7
Cupeño,cupe1243,Uto-Aztecan,0.018721837727441633,8
Cupeño,cupe1243,Uto-Aztecan,0.013377716560292937,9
Lalomerui,lalo1239,Austronesian,-0.002349399426775578,0
Lalomerui,lalo1239,Austronesian,-0.011567115735359183,1
Lalomerui,lalo1239,Austronesian,-0.02085644980590163,2
Lalomerui,lalo1239,Austronesian,-0.04038450891554791,3
Lalomerui,lalo1239,Austronesian,0.03102682309573856,4
Lalomerui,lalo1239,Austronesian,0.029176866753737964,5
Lalomerui,lalo1239,Austronesian,0.016950896955429475,6
Lalomerui,lalo1239,Austronesian,0.009066800735678535,7
Lalomerui,lalo1239,Austronesian,-0.019595075718385986,8
Lalomerui,lalo1239,Austronesian,-0.05952888550827947,9
Iban,iban1264,Austronesian,-0.014100125726503791,0
Iban,iban1264,Austronesian,-0.004671957366419592,1
Iban,iban1264,Austronesian,0.027488640484803206,2
Iban,iban1264,Austronesian,-0.03495696247531847,3
Iban,iban1264,Austronesian,-0.007033868818734383,4
Iban,iban1264,Austronesian,-0.01412678235482459,5
Iban,iban1264,Austronesian,-0.019997178453118866,6
Iban,iban1264,Austronesian,0.03313560120583854,7
Iban,iban1264,Austronesian,0.033467815672176784,8
Iban,iban1264,Austronesian,-0.01652128408888818,9
Pirriya,pirr1240,Pama-Nyungan,0.1370504900099778,0
Pirriya,pirr1240,Pama-Nyungan,-0.06049578743119135,1
Pirriya,pirr1240,Pama-Nyungan,0.16318774819358917,2
Pirriya,pirr1240,Pama-Nyungan,-0.13342477663720845,3
Pirriya,pirr1240,Pama-Nyungan,0.032391365570287864,4
Pirriya,pirr1240,Pama-Nyungan,-0.1369578271896446,5
Pirriya,pirr1240,Pama-Nyungan,0.02353635854806384,6
Pirriya,pirr1240,Pama-Nyungan,-0.21851710096674176,7
Pirriya,pirr1240,Pama-Nyungan,0.0631347499145783,8
Pirriya,pirr1240,Pama-Nyungan,0.1408657841794214,9
Ute,utee1244,Uto-Aztecan,-0.021071923588789496,0
Ute,utee1244,Uto-Aztecan,-0.0016052963709839302,1
Ute,utee1244,Uto-Aztecan,0.002195041474525692,2
Ute,utee1244,Uto-Aztecan,-0.030168972784178204,3
Ute,utee1244,Uto-Aztecan,0.10185331501588862,4
Ute,utee1244,Uto-Aztecan,0.02817233431874246,5
Ute,utee1244,Uto-Aztecan,0.05333718195873853,6
Ute,utee1244,Uto-Aztecan,-0.021134309691422628,7
Ute,utee1244,Uto-Aztecan,0.01069648305982774,8
Ute,utee1244,Uto-Aztecan,0.02239400315504227,9
Bunganditj,bung1264,Pama-Nyungan,0.022177039268673742,0
Bunganditj,bung1264,Pama-Nyungan,0.0021573584252865363,1
Bunganditj,bung1264,Pama-Nyungan,-0.01010882605114429,2
Bunganditj,bung1264,Pama-Nyungan,0.02237312741890095,3
Bunganditj,bung1264,Pama-Nyungan,-0.004217539600140223,4
Bunganditj,bung1264,Pama-Nyungan,0.022963161579349776,5
Bunganditj,bung1264,Pama-Nyungan,0.02367081053271252,6
Bunganditj,bung1264,Pama-Nyungan,-0.037761246755792253,7
Bunganditj,bung1264,Pama-Nyungan,-0.04189067605415353,8
Bunganditj,bung1264,Pama-Nyungan,-0.021717186128749368,9
Mi'kmaq,mikm1235,Algic,0.030301778689815942,0
Mi'kmaq,mikm1235,Algic,-0.029687316555353074,1
Mi'kmaq,mikm1235,Algic,-0.04641377177624531,2
Mi'kmaq,mikm1235,Algic,0.07480451259133429,3
Mi'kmaq,mikm1235,Algic,-0.005387902097917839,4
Mi'kmaq,mikm1235,Algic,-0.02466550423480978,5
Mi'kmaq,mikm1235,Algic,-0.04134648844160123,6
Mi'kmaq,mikm1235,Algic,-0.02037133401466265,7
Mi'kmaq,mikm1235,Algic,0.029479987500568176,8
Mi'kmaq,mikm1235,Algic,-0.023731080661969765,9
Margany,marg1253,Pama-Nyungan,-0.005311512148954461,0
Margany,marg1253,Pama-Nyungan,-0.06184027961707364,1
Margany,marg1253,Pama-Nyungan,-0.010525447773390461,2
Margany,marg1253,Pama-Nyungan,-0.015433102561689047,3
Margany,marg1253,Pama-Nyungan,-0.021446114369268666,4
Margany,marg1253,Pama-Nyungan,0.011457063775786886,5
Margany,marg1253,Pama-Nyungan,-0.04259638530621901,6
Margany,marg1253,Pama-Nyungan,-0.015833665915039964,7
Margany,marg1253,Pama-Nyungan,0.02209839928427791,8
Margany,marg1253,Pama-Nyungan,0.07607053149594041,9
Mangareva,mang1401,Austronesian,0.009620031458050553,0
Mangareva,mang1401,Austronesian,0.07116565167106485,1
Mangareva,mang1401,Austronesian,0.01412535425310098,2
Mangareva,mang1401,Austronesian,0.010789272040523924,3
Mangareva,mang1401,Austronesian,-0.006509950060963738,4
Mangareva,mang1401,Austronesian,0.01627604226660529,5
Mangareva,mang1401,Austronesian,0.01354027404638957,6
Mangareva,mang1401,Austronesian,-0.012711625801376695,7
Mangareva,mang1401,Austronesian,0.00989566147740685,8
Mangareva,mang1401,Austronesian,0.01670091423494831,9
Talise,tali1259,Austronesian,0.02595442671986107,0
Talise,tali1259,Austronesian,0.03026201132306114,1
Talise,tali1259,Austronesian,0.007679409495058232,2
Talise,tali1259,Austronesian,-0.0005986812052871889,3
Talise,tali1259,Austronesian,0.03948807483739098,4
Talise,tali1259,Austronesian,0.013432145399879511,5
Talise,tali1259,Austronesian,0.03132966720182971,6
Talise,tali1259,Austronesian,0.008934297721467577,7
Talise,tali1259,Austronesian,-0.02387934524463431,8
Talise,tali1259,Austronesian,0.02393972221005357,9
Tabasco Chontal,taba1266,,-0.06615781566315647,0
Tabasco Chontal,taba1266,,0.028167260280509383,1
Tabasco Chontal,taba1266,,-0.03227358275133814,2
Tabasco Chontal,taba1266,,-0.017378698143584132,3
Tabasco Chontal,taba1266,,-0.056734791107833416,4
Tabasco Chontal,taba1266,,-0.00035429436532450053,5
Tabasco Chontal,taba1266,,-0.01659462785490005,6
Tabasco Chontal,taba1266,,-0.04979075579623177,7
Tabasco Chontal,taba1266,,-0.06964367378886069,8
Tabasco Chontal,taba1266,,-0.041494213339057076,9
Asera,aser1237,Austronesian,-0.023082662748517904,0
Asera,aser1237,Austronesian,0.024473044942633134,1
Asera,aser1237,Austronesian,-0.005676217007439024,2
Asera,aser1237,Austronesian,-0.006873553942732425,3
Asera,aser1237,Austronesian,-0.01570220639509048,4
Asera,aser1237,Austronesian,0.049353995129440484,5
Asera,aser1237,Austronesian,0.010422479633065617,6
Asera,aser1237,Austronesian,-0.042362399411302494,7
Asera,aser1237,Austronesian,-0.004313560787933592,8
Asera,aser1237,Austronesian,0.018639161596051557,9
Sanapaná,sana1298,,-0.03782087433585188,0
Sanapaná,sana1298,,0.03182558213865684,1
Sanapaná,sana1298,,-0.026344175612002904,2
Sanapaná,sana1298,,0.03794946558876432,3
Sanapaná,sana1298,,0.020317711540715218,4
Sanapaná,sana1298,,0.052523602605859594,5
Sanapaná,sana1298,,0.006711086184414623,6
Sanapaná,sana1298,,-0.035380096731187735,7
Sanapaná,sana1298,,-0.04538690435928797,8
Sanapaná,sana1298,,-0.011218343006894215,9
Xibe,xibe1242,,0.03507250110240785,0
Xibe,xibe1242,,-0.008860076077197061,1
Xibe,xibe1242,,-0.014971242982010878,2
Xibe,xibe1242,,-0.0360263738854485,3
Xibe,xibe1242,,-0.013351370544224165,4
Xibe,xibe1242,,-0.0004168350172721758,5
Xibe,xibe1242,,0.0004831254312974709,6
Xibe,xibe1242,,-4.262549197698966e-05,7
Xibe,xibe1242,,0.0030096132278948557,8
Xibe,xibe1242,,-0.018948501008528122,9
Kambera,kamb1299,Austronesian,-0.011453021708508704,0
Kambera,kamb1299,Austronesian,0.02885886767514091,1
Kambera,kamb1299,Austronesian,-0.005505684832363075,2
Kambera,kamb1299,Austronesian,-0.02186190852355781,3
Kambera,kamb1299,Austronesian,-0.0017886288977952414,4
Kambera,kamb1299,Austronesian,-0.0035903028708372336,5
Kambera,kamb1299,Austronesian,0.020565175574330435,6
Kambera,kamb1299,Austronesian,-0.011482099333978757,7
Kambera,kamb1299,Austronesian,-0.040019043118973856,8
Kambera,kamb1299,Austronesian,0.01314523330409479,9
Komi-Zyrian,komi1268,Uralic,-0.003018718211396792,0
Komi-Zyrian,komi1268,Uralic,-0.0028097476751278356,1
Komi-Zyrian,komi1268,Uralic,-0.01140960398788438,2
Komi-Zyrian,komi1268,Uralic,0.008823281620078085,3
Komi-Zyrian,komi1268,Uralic,0.0006234092903873441,4
Komi-Zyrian,komi1268,Uralic,-0.038340880884791304,5
Komi-Zyrian,komi1268,Uralic,-0.02271649739599424,6
Komi-Zyrian,komi1268,Uralic,0.004100862142691064,7
Komi-Zyrian,komi1268,Uralic,-0.0003121874339857488,8
Komi-Zyrian,komi1268,Uralic,-0.028016586596369204,9
Sikaiana,sika1261,Austronesian,-0.0035615068708546313,0
Sikaiana,sika1261,Austronesian,-0.013977693252418422,1
Sikaiana,sika1261,Austronesian,0.0060325871645675105,2
Sikaiana,sika1261,Austronesian,-0.01009365567355015,3
Sikaiana,sika1261,Austronesian,-0.035440440566400375,4
Sikaiana,sika1261,Austronesian,-0.01941098848045633,5
Sikaiana,sika1261,Austronesian,0.006145913539323447,6
Sikaiana,sika1261,Austronesian,-0.005257626529904838,7
Sikaiana,sika1261,Austronesian,-0.027889186395359013,8
Sikaiana,sika1261,Austronesian,0.012198753553261818,9
Burmish,burm1266,Sino-Tibetan,-0.021954886646109163,0
Burmish,burm1266,Sino-Tibetan,-0.017327382961762935,1
Burmish,burm1266,Sino-Tibetan,-0.021630298137184725,2
Burmish,burm1266,Sino-Tibetan,-0.024958902162200418,3
Burmish,burm1266,Sino-Tibetan,0.028667876405302647,4
Burmish,burm1266,Sino-Tibetan,0.033484935992195236,5
Burmish,burm1266,Sino-Tibetan,0.06227498116439509,6
Burmish,burm1266,Sino-Tibetan,0.012188139060404045,7
Burmish,burm1266,Sino-Tibetan,0.01778315712797284,8
Burmish,burm1266,Sino-Tibetan,0.00822782009409921,9
Neverver,ling1265,Austronesian,0.03645403676916792,0
Neverver,ling1265,Austronesian,-0.02750137511994328,1
Neverver,ling1265,Austronesian,-0.032475177896004855,2
Neverver,ling1265,Austronesian,0.005302026773271906,3
Neverver,ling1265,Austronesian,-0.009845769436947122,4
Neverver,ling1265,Austronesian,0.04443401402598024,5
Neverver,ling1265,Austronesian,0.01641704490714493,6
Neverver,ling1265,Austronesian,0.033208645024423056,7
Neverver,ling1265,Austronesian,-0.009649199713649165,8
Neverver,ling1265,Austronesian,-0.006810328702017342,9
Kombai,komb1274,Nuclear Trans New Guinea,-0.04286933080373402,0
Kombai,komb1274,Nuclear Trans New Guinea,-0.011111654993078653,1
Kombai,komb1274,Nuclear Trans New Guinea,0.009541118600750628,2
Kombai,komb1274,Nuclear Trans New Guinea,-0.022099879302752416,3
Kombai,komb1274,Nuclear Trans New Guinea,-0.023826579143282216,4
Kombai,komb1274,Nuclear Trans New Guinea,-0.017073698637552766,5
Kombai,komb1274,Nuclear Trans New Guinea,0.0032722276879729078,6
Kombai,komb1274,Nuclear Trans New Guinea,0.07430755958445204,7
Kombai,komb1274,Nuclear Trans New Guinea,-0.03248107354398344,8
Kombai,komb1274,Nuclear Trans New Guinea,-0.008187234868667249,9
Maklew,makl1246,,-0.02916021558684725,0
Maklew,makl1246,,0.025804227153289006,1
Maklew,makl1246,,-0.019381035752728877,2
Maklew,makl1246,,0.0009797023309128586,3
Maklew,makl1246,,-0.03058454645915365,4
Maklew,makl1246,,0.023482056532742504,5
Maklew,makl1246,,0.04175223931427657,6
Maklew,makl1246,,-0.06495564417383758,7
Maklew,makl1246,,-0.052887688067282584,8
Maklew,makl1246,,-0.05595252018183505,9
Estonian,esto1258,Uralic,-0.01227824004709572,0
Estonian,esto1258,Uralic,0.02484946271936514,1
Estonian,esto1258,Uralic,0.03545776540750268,2
Estonian,esto1258,Uralic,-0.078028534163076,3
Estonian,esto1258,Uralic,0.07168043743300466,4
Estonian,esto1258,Uralic,-0.07306801134723673,5
Estonian,esto1258,Uralic,0.026021722193872502,6
Estonian,esto1258,Uralic,-0.044936519602931733,7
Estonian,esto1258,Uralic,-0.0014091758962588609,8
Estonian,esto1258,Uralic,-0.0851278733462075,9
Bardic,bard1254,,0.016235431281844494,0
Bardic,bard1254,,0.04093818369872028,1
Bardic,bard1254,,-0.0009724712687290186,2
Bardic,bard1254,,-0.02303596765600218,3
Bardic,bard1254,,0.027912262439778224,4
Bardic,bard1254,,0.005938479783387124,5
Bardic,bard1254,,-0.026421274284022474,6
Bardic,bard1254,,0.009973951768630512,7
Bardic,bard1254,,-0.0028035854144180987,8
Bardic,bard1254,,0.0017877624181653544,9
Soga,soga1242,Atlantic-Congo,-0.0116878257545079,0
Soga,soga1242,Atlantic-Congo,0.04790639077309962,1
Soga,soga1242,Atlantic-Congo,-0.023470664183249404,2
Soga,soga1242,Atlantic-Congo,0.03451502696175568,3
Soga,soga1242,Atlantic-Congo,0.00840263357219592,4
Soga,soga1242,Atlantic-Congo,0.0065038270790915825,5
Soga,soga1242,Atlantic-Congo,0.04436479030842458,6
Soga,soga1242,Atlantic-Congo,0.09469968404591109,7
Soga,soga1242,Atlantic-Congo,-0.030930611894653764,8
Soga,soga1242,Atlantic-Congo,0.04786203996848362,9
East Futuna,east2447,Austronesian,-0.02053317889974841,0
East Futuna,east2447,Austronesian,-0.02525170909547017,1
East Futuna,east2447,Austronesian,0.010236535616071721,2
East Futuna,east2447,Austronesian,-0.02410877471719463,3
East Futuna,east2447,Austronesian,-0.0004959436193194872,4
East Futuna,east2447,Austronesian,-0.00427438616835523,5
East Futuna,east2447,Austronesian,0.04434990681735505,6
East Futuna,east2447,Austronesian,0.013355194991572285,7
East Futuna,east2447,Austronesian,-0.029595036520321548,8
East Futuna,east2447,Austronesian,-0.0042191068614338455,9
Onondaga,onon1246,,0.014034128900083546,0
Onondaga,onon1246,,-0.006482559321726634,1
Onondaga,onon1246,,0.02039524776395561,2
Onondaga,onon1246,,-0.03507656446640336,3
Onondaga,onon1246,,-0.03250750718529774,4
Onondaga,onon1246,,-0.04841857702638571,5
Onondaga,onon1246,,0.00825863057266139,6
Onondaga,onon1246,,0.004014938126889559,7
Onondaga,onon1246,,0.020615875341528207,8
Onondaga,onon1246,,0.012747785881484182,9
Guarayu,guar1292,Tupian,-0.020196510578524077,0
Guarayu,guar1292,Tupian,0.006136498524180322,1
Guarayu,guar1292,Tupian,0.06288643531933759,2
Guarayu,guar1292,Tupian,0.00784777031073646,3
Guarayu,guar1292,Tupian,0.011263882722998352,4
Guarayu,guar1292,Tupian,0.014149318783259389,5
Guarayu,guar1292,Tupian,-0.0369770597624407,6
Guarayu,guar1292,Tupian,0.053751516399004745,7
Guarayu,guar1292,Tupian,0.020064888130895277,8
Guarayu,guar1292,Tupian,0.0019665406294227194,9
Early Irish,oldi1245,Indo-European,-0.0035353272447429546,0
Early Irish,oldi1245,Indo-European,0.026630141939349157,1
Early Irish,oldi1245,Indo-European,0.0012174257023330494,2
Early Irish,oldi1245,Indo-European,0.022194639742891167,3
Early Irish,oldi1245,Indo-European,-0.0369096960837323,4
Early Irish,oldi1245,Indo-European,-0.012016828238329608,5
Early Irish,oldi1245,Indo-European,-0.03113192445270077,6
Early Irish,oldi1245,Indo-European,-0.002887224852849316,7
Early Irish,oldi1245,Indo-European,0.059160130070645744,8
Early Irish,oldi1245,Indo-European,-0.006825570715747029,9
Baruya,baru1267,Angan,0.027650261295475622,0
Baruya,baru1267,Angan,0.003340253660699786,1
Baruya,baru1267,Angan,-0.025719378479964763,2
Baruya,baru1267,Angan,0.013053877857140251,3
Baruya,baru1267,Angan,0.037658274619079446,4
Baruya,baru1267,Angan,-0.00044163471757620136,5
Baruya,baru1267,Angan,-0.03564877082073323,6
Baruya,baru1267,Angan,0.01483001526486676,7
Baruya,baru1267,Angan,-0.023316121130858413,8
Baruya,baru1267,Angan,0.020278442916725314,9
Tiri-Mea,tiri1258,Austronesian,0.048489426412516204,0
Tiri-Mea,tiri1258,Austronesian,0.03152711887637506,1
Tiri-Mea,tiri1258,Austronesian,-0.033363163406247294,2
Tiri-Mea,tiri1258,Austronesian,-0.042457687910447926,3
Tiri-Mea,tiri1258,Austronesian,-0.03939761294023858,4
Tiri-Mea,tiri1258,Austronesian,0.057620932838597455,5
Tiri-Mea,tiri1258,Austronesian,0.025402203664998877,6
Tiri-Mea,tiri1258,Austronesian,-0.02362779856033317,7
Tiri-Mea,tiri1258,Austronesian,-0.03994082629602914,8
Tiri-Mea,tiri1258,Austronesian,0.03397318576380973,9
English,stan1293,Indo-European,-0.004006940894753771,0
English,stan1293,Indo-European,-0.01878752230109894,1
English,stan1293,Indo-European,-0.0017875159851758926,2
English,stan1293,Indo-European,-0.017876141862410343,3
English,stan1293,Indo-European,-0.02434101532538309,4
English,stan1293,Indo-European,0.03609522629182298,5
English,stan1293,Indo-European,-0.013564901525821373,6
English,stan1293,Indo-European,-0.009884184905935938,7
English,stan1293,Indo-European,0.0071053952680949686,8
English,stan1293,Indo-European,0.01345178619693391,9
Osage,osag1243,,-0.01843837932845891,0
Osage,osag1243,,-0.03001311111775445,1
Osage,osag1243,,-0.004466326586181629,2
Osage,osag1243,,-0.03629604729377411,3
Osage,osag1243,,-0.01811042337708434,4
Osage,osag1243,,-0.05308957717564881,5
Osage,osag1243,,0.030275859069279074,6
Osage,osag1243,,-0.042431135950336166,7
Osage,osag1243,,-0.030414942075556034,8
Osage,osag1243,,0.03316330560654568,9
Tulambatu,tula1253,Austronesian,0.03811700019843614,0
Tulambatu,tula1253,Austronesian,-0.04665432246928333,1
Tulambatu,tula1253,Austronesian,-0.01646423940485965,2
Tulambatu,tula1253,Austronesian,0.052211239813477694,3
Tulambatu,tula1253,Austronesian,-0.015351068168541825,4
Tulambatu,tula1253,Austronesian,0.015882826477958186,5
Tulambatu,tula1253,Austronesian,0.029948680246241678,6
Tulambatu,tula1253,Austronesian,0.00549477399069823,7
Tulambatu,tula1253,Austronesian,0.04027291604267422,8
Tulambatu,tula1253,Austronesian,0.015090511587980204,9
Nhanda,nhan1238,Pama-Nyungan,0.027680496298947005,0
Nhanda,nhan1238,Pama-Nyungan,-0.008334614360202273,1
Nhanda,nhan1238,Pama-Nyungan,-0.05334196314832519,2
Nhanda,nhan1238,Pama-Nyungan,0.05301997951788105,3
Nhanda,nhan1238,Pama-Nyungan,-0.028544183493758323,4
Nhanda,nhan1238,Pama-Nyungan,0.0015620819328287779,5
Nhanda,nhan1238,Pama-Nyungan,-0.016371398471845874,6
Nhanda,nhan1238,Pama-Nyungan,-0.03765884130753657,7
Nhanda,nhan1238,Pama-Nyungan,0.011346778555068868,8
Nhanda,nhan1238,Pama-Nyungan,-0.02630037615944273,9
Yanomám,yano1262,,0.02300999158894615,0
Yanomám,yano1262,,-0.03417622387205401,1
Yanomám,yano1262,,-0.0067431273486122986,2
Yanomám,yano1262,,0.08872530361351325,3
Yanomám,yano1262,,0.0949739012361386,4
Yanomám,yano1262,,0.07741685476220757,5
Yanomám,yano1262,,-0.07119361660401298,6
Yanomám,yano1262,,0.07909750654417082,7
Yanomám,yano1262,,0.0806615089337639,8
Yanomám,yano1262,,-0.06997550134556302,9
Japanese,nucl1643,,-0.026002100948826136,0
Japanese,nucl1643,,-0.024440275230099513,1
Japanese,nucl1643,,0.002255259756729698,2
Japanese,nucl1643,,-0.03269884335556835,3
Japanese,nucl1643,,0.010400547120042299,4
Japanese,nucl1643,,0.0358290081008939,5
Japanese,nucl1643,,0.017338428173315257,6
Japanese,nucl1643,,-0.011385910010050373,7
Japanese,nucl1643,,-0.021361948612097566,8
Japanese,nucl1643,,-0.007212293690356414,9
Mungiki,mung1270,Austronesian,-0.003776836351414409,0
Mungiki,mung1270,Austronesian,-0.01970336851655013,1
Mungiki,mung1270,Austronesian,-0.08728785923397842,2
Mungiki,mung1270,Austronesian,-0.045376672829942816,3
Mungiki,mung1270,Austronesian,0.08176885538837943,4
Mungiki,mung1270,Austronesian,0.05187955675269514,5
Mungiki,mung1270,Austronesian,0.045671128539861876,6
Mungiki,mung1270,Austronesian,-0.05604649131118197,7
Mungiki,mung1270,Austronesian,0.054793715241378896,8
Mungiki,mung1270,Austronesian,-0.0801607985290765,9
Temi,temi1247,Atlantic-Congo,0.010572021666102337,0
Temi,temi1247,Atlantic-Congo,-0.11543360683016947,1
Temi,temi1247,Atlantic-Congo,0.08797750976943548,2
Temi,temi1247,Atlantic-Congo,-0.20299556519884662,3
Temi,temi1247,Atlantic-Congo,-0.061220639087842345,4
Temi,temi1247,Atlantic-Congo,0.18875150986872635,5
Temi,temi1247,Atlantic-Congo,-0.018720659705953265,6
Temi,temi1247,Atlantic-Congo,-0.1720655668277378,7
Temi,temi1247,Atlantic-Congo,-0.08363642232654678,8
Temi,temi1247,Atlantic-Congo,0.13457566617012617,9
Meta',meta1238,Atlantic-Congo,-0.04453049722221346,0
Meta',meta1238,Atlantic-Congo,0.14839960235208402,1
Meta',meta1238,Atlantic-Congo,0.07600140632545277,2
Meta',meta1238,Atlantic-Congo,-0.12462689461806631,3
Meta',meta1238,Atlantic-Congo,0.11736811828316002,4
Meta',meta1238,Atlantic-Congo,-0.06731361077279932,5
Meta',meta1238,Atlantic-Congo,-0.07593892651965806,6
Meta',meta1238,Atlantic-Congo,-0.15520961317911694,7
Meta',meta1238,Atlantic-Congo,-0.050215774726500954,8
Meta',meta1238,Atlantic-Congo,0.027835503753897036,9
Hiw,hiww1237,Austronesian,0.04172531325517087,0
Hiw,hiww1237,Austronesian,0.06161840001059382,1
Hiw,hiww1237,Austronesian,0.04064320567587127,2
Hiw,hiww1237,Austronesian,-0.040868687928359265,3
Hiw,hiww1237,Austronesian,0.03961063094226111,4
Hiw,hiww1237,Austronesian,0.059485287965512834,5
Hiw,hiww1237,Austronesian,0.03393053028221913,6
Hiw,hiww1237,Austronesian,-0.09335156266452055,7
Hiw,hiww1237,Austronesian,0.011777212108059348,8
Hiw,hiww1237,Austronesian,0.03836261384784824,9
Central Melanau,cent2101,Austronesian,0.004399145793743793,0
Central Melanau,cent2101,Austronesian,0.01983022249561011,1
Central Melanau,cent2101,Austronesian,-0.013025150992310514,2
Central Melanau,cent2101,Austronesian,0.006951944049978359,3
Central Melanau,cent2101,Austronesian,-0.018182564874958174,4
Central Melanau,cent2101,Austronesian,-0.03144895864929636,5
Central Melanau,cent2101,Austronesian,0.00891795681018974,6
Central Melanau,cent2101,Austronesian,-0.01285298962183882,7
Central Melanau,cent2101,Austronesian,-0.020008621390831014,8
Central Melanau,cent2101,Austronesian,0.029918377875624458,9
South Slavey,sout2959,,-0.041418035148802226,0
South Slavey,sout2959,,-0.02363922929261426,1
South Slavey,sout2959,,0.0017012496237775285,2
South Slavey,sout2959,,-0.019055076100706406,3
South Slavey,sout2959,,-0.023760321332372106,4
South Slavey,sout2959,,-0.013323496818268327,5
South Slavey,sout2959,,0.021647041091935392,6
South Slavey,sout2959,,0.0058313154224304475,7
South Slavey,sout2959,,-0.005924824443855184,8
South Slavey,sout2959,,-0.04304277278410389,9
Walloon,wall1255,Indo-European,0.0038549368844601477,0
Walloon,wall1255,Indo-European,0.0010521980412143274,1
Walloon,wall1255,Indo-European,-0.022762114763819022,2
Walloon,wall1255,Indo-European,0.0023000749020488146,3
Walloon,wall1255,Indo-European,0.0030999909050085594,4
Walloon,wall1255,Indo-European,0.01639738973212237,5
Walloon,wall1255,Indo-European,0.0503835290468266,6
Walloon,wall1255,Indo-European,0.08840947307431339,7
Walloon,wall1255,Indo-European,-0.022002282136418968,8
Walloon,wall1255,Indo-European,-0.013123680208335764,9
Batanga,bata1285,Atlantic-Congo,0.04523022333787331,0
Batanga,bata1285,Atlantic-Congo,0.027159327759831035,1
Batanga,bata1285,Atlantic-Congo,-0.056938614389534015,2
Batanga,bata1285,Atlantic-Congo,0.06231723164000885,3
Batanga,bata1285,Atlantic-Congo,0.0210829371466413,4
Batanga,bata1285,Atlantic-Congo,-0.035796960197187984,5
Batanga,bata1285,Atlantic-Congo,0.05024259885790626,6
Batanga,bata1285,Atlantic-Congo,0.05475382663394896,7
Batanga,bata1285,Atlantic-Congo,-0.03103137765232749,8
Batanga,bata1285,Atlantic-Congo,-0.05397952366071768,9
Livonian,livv1244,Uralic,0.013805979209607449,0
Livonian,livv1244,Uralic,-0.01769695899104745,1
Livonian,livv1244,Uralic,-0.030767035560081667,2
Livonian,livv1244,Uralic,-0.023902165894707516,3
Livonian,livv1244,Uralic,0.011729706947987934,4
Livonian,livv1244,Uralic,-0.0749620011929535,5
Livonian,livv1244,Uralic,-0.10064357494574859,6
Livonian,livv1244,Uralic,0.0943764883994333,7
Livonian,livv1244,Uralic,0.022950119783581226,8
Livonian,livv1244,Uralic,0.0816904260266929,9
Mbuun,mpuo1241,Atlantic-Congo,0.08160098170275182,0
Mbuun,mpuo1241,Atlantic-Congo,-0.009823865286536898,1
Mbuun,mpuo1241,Atlantic-Congo,-0.03150480175639786,2
Mbuun,mpuo1241,Atlantic-Congo,-0.010743098751918385,3
Mbuun,mpuo1241,Atlantic-Congo,-0.03681718725081715,4
Mbuun,mpuo1241,Atlantic-Congo,-0.005951627143872491,5
Mbuun,mpuo1241,Atlantic-Congo,-0.02076379117991302,6
Mbuun,mpuo1241,Atlantic-Congo,-0.013329411736512232,7
Mbuun,mpuo1241,Atlantic-Congo,-0.012904369176479732,8
Mbuun,mpuo1241,Atlantic-Congo,0.02709199019478104,9
Balaesang,bala1314,Austronesian,0.008186519050247311,0
Balaesang,bala1314,Austronesian,-0.0019832119189280117,1
Balaesang,bala1314,Austronesian,-0.0018645010072934013,2
Balaesang,bala1314,Austronesian,0.018170998706502222,3
Balaesang,bala1314,Austronesian,-0.04764207281217328,4
Balaesang,bala1314,Austronesian,-0.02351693004545784,5
Balaesang,bala1314,Austronesian,-0.026107017337258405,6
Balaesang,bala1314,Austronesian,-0.023231341718557445,7
Balaesang,bala1314,Austronesian,0.027091312355238404,8
Balaesang,bala1314,Austronesian,0.015001942702103,9
Kagulu,kagu1239,Atlantic-Congo,0.03893459582226762,0
Kagulu,kagu1239,Atlantic-Congo,-0.0004933069770504484,1
Kagulu,kagu1239,Atlantic-Congo,-0.003913258359282021,2
Kagulu,kagu1239,Atlantic-Congo,0.026805168617858744,3
Kagulu,kagu1239,Atlantic-Congo,0.050356953243956726,4
Kagulu,kagu1239,Atlantic-Congo,0.026703076102582348,5
Kagulu,kagu1239,Atlantic-Congo,0.012412151878511917,6
Kagulu,kagu1239,Atlantic-Congo,0.005424540773057544,7
Kagulu,kagu1239,Atlantic-Congo,0.005001228602910675,8
Kagulu,kagu1239,Atlantic-Congo,0.01210528882966245,9
Talaandig-Binukid,binu1244,Austronesian,0.004567050412982889,0
Talaandig-Binukid,binu1244,Austronesian,0.0011994706177349207,1
Talaandig-Binukid,binu1244,Austronesian,-0.018848460097640546,2
Talaandig-Binukid,binu1244,Austronesian,-0.024939237622351746,3
Talaandig-Binukid,binu1244,Austronesian,0.0012003974375814847,4
Talaandig-Binukid,binu1244,Austronesian,-0.035563313710446146,5
Talaandig-Binukid,binu1244,Austronesian,-0.00903250570323287,6
Talaandig-Binukid,binu1244,Austronesian,0.017818938296941,7
Talaandig-Binukid,binu1244,Austronesian,-0.0034774843775377817,8
Talaandig-Binukid,binu1244,Austronesian,-0.0018567591599467515,9
Badimaya,badi1246,Pama-Nyungan,-0.03326109927450651,0
Badimaya,badi1246,Pama-Nyungan,-0.025633574851048273,1
Badimaya,badi1246,Pama-Nyungan,0.004108131175139418,2
Badimaya,badi1246,Pama-Nyungan,-0.028130225766072908,3
Badimaya,badi1246,Pama-Nyungan,-0.04658292081455917,4
Badimaya,badi1246,Pama-Nyungan,-0.049224140214691,5
Badimaya,badi1246,Pama-Nyungan,-0.002988223137744752,6
Badimaya,badi1246,Pama-Nyungan,0.05202152246717916,7
Badimaya,badi1246,Pama-Nyungan,0.015283917095703627,8
Badimaya,badi1246,Pama-Nyungan,0.06994263560468034,9
Nyakyusa-Ngonde,nyak1260,Atlantic-Congo,-0.018796466111671652,0
Nyakyusa-Ngonde,nyak1260,Atlantic-Congo,-0.04279934573016484,1
Nyakyusa-Ngonde,nyak1260,Atlantic-Congo,-0.005201986842357594,2
Nyakyusa-Ngonde,nyak1260,Atlantic-Congo,-0.009336274058473268,3
Nyakyusa-Ngonde,nyak1260,Atlantic-Congo,-0.02060320480786523,4
Nyakyusa-Ngonde,nyak1260,Atlantic-Congo,-0.0045293352637888135,5
Nyakyusa-Ngonde,nyak1260,Atlantic-Congo,0.0032303087218907445,6
Nyakyusa-Ngonde,nyak1260,Atlantic-Congo,-0.027714433511235866,7
Nyakyusa-Ngonde,nyak1260,Atlantic-Congo,0.0134253788566083,8
Nyakyusa-Ngonde,nyak1260,Atlantic-Congo,0.03540338853700089,9
Skolt Saami,skol1241,Uralic,-0.009135925352608579,0
Skolt Saami,skol1241,Uralic,0.033814062876260445,1
Skolt Saami,skol1241,Uralic,-0.03411227922263088,2
Skolt Saami,skol1241,Uralic,-0.01671735272997475,3
Skolt Saami,skol1241,Uralic,-0.02245892848494761,4
Skolt Saami,skol1241,Uralic,-0.02859602823605878,5
Skolt Saami,skol1241,Uralic,0.011633636068308213,6
Skolt Saami,skol1241,Uralic,0.052084633732990875,7
Skolt Saami,skol1241,Uralic,0.010896673570136668,8
Skolt Saami,skol1241,Uralic,-0.015439647802660536,9
Gondi,gond1265,Dravidian,-0.013669538483258551,0
Gondi,gond1265,Dravidian,0.043524836310983625,1
Gondi,gond1265,Dravidian,0.008105511983812676,2
Gondi,gond1265,Dravidian,-0.04035904830947592,3
Gondi,gond1265,Dravidian,0.06321947785736577,4
Gondi,gond1265,Dravidian,-0.05130050306788948,5
Gondi,gond1265,Dravidian,-0.0026395497840580665,6
Gondi,gond1265,Dravidian,-0.028150557914830333,7
Gondi,gond1265,Dravidian,-0.07872981164985514,8
Gondi,gond1265,Dravidian,-0.008952413583808369,9
Warázu,paus1244,Tupian,0.08015798212278802,0
Warázu,paus1244,Tupian,0.0006657662318580202,1
Warázu,paus1244,Tupian,0.041544572229899164,2
Warázu,paus1244,Tupian,-0.014643472335768615,3
Warázu,paus1244,Tupian,0.011043817116582297,4
Warázu,paus1244,Tupian,-0.03808685583874536,5
Warázu,paus1244,Tupian,-0.009260015081688576,6
Warázu,paus1244,Tupian,0.0007496609053548421,7
Warázu,paus1244,Tupian,0.03939491440014124,8
Warázu,paus1244,Tupian,-0.001341286284236325,9
Buin,buin1247,,0.003220935206963098,0
Buin,buin1247,,0.002909351647126298,1
Buin,buin1247,,-0.00505823355672992,2
Buin,buin1247,,-0.015119248441123325,3
Buin,buin1247,,-0.005205132724432824,4
Buin,buin1247,,0.007222687837434148,5
Buin,buin1247,,0.0017052536278344245,6
Buin,buin1247,,-0.024056474321722067,7
Buin,buin1247,,0.008928303377445084,8
Buin,buin1247,,-0.01719627172166397,9
Bena (Tanzania),bena1262,Atlantic-Congo,-0.009068296143672269,0
Bena (Tanzania),bena1262,Atlantic-Congo,0.007389868424053022,1
Bena (Tanzania),bena1262,Atlantic-Congo,0.029047736705530798,2
Bena (Tanzania),bena1262,Atlantic-Congo,0.037730099502968954,3
Bena (Tanzania),bena1262,Atlantic-Congo,0.0021393920463700445,4
Bena (Tanzania),bena1262,Atlantic-Congo,0.02511435767213639,5
Bena (Tanzania),bena1262,Atlantic-Congo,-0.02014439727939965,6
Bena (Tanzania),bena1262,Atlantic-Congo,-0.0032043830050881585,7
Bena (Tanzania),bena1262,Atlantic-Congo,-0.009304877566118192,8
Bena (Tanzania),bena1262,Atlantic-Congo,-0.01011132967240695,9
Kansa,kans1243,,0.023488561098981918,0
Kansa,kans1243,,-0.0035696550189592037,1
Kansa,kans1243,,-0.013105409959586835,2
Kansa,kans1243,,-0.016194596467601144,3
Kansa,kans1243,,-0.022486644839276843,4
Kansa,kans1243,,0.01863038671250647,5
Kansa,kans1243,,-0.031782848910714256,6
Kansa,kans1243,,-0.03549666113760768,7
Kansa,kans1243,,0.00541431098244213,8
Kansa,kans1243,,0.008637651076113171,9
Manam,mana1295,Austronesian,0.008950111520414144,0
Manam,mana1295,Austronesian,-0.033439849143719204,1
Manam,mana1295,Austronesian,0.017351407367143967,2
Manam,mana1295,Austronesian,-0.028719618732154537,3
Manam,mana1295,Austronesian,-0.0030163728968508803,4
Manam,mana1295,Austronesian,-0.008577892987835394,5
Manam,mana1295,Austronesian,0.004383185107906839,6
Manam,mana1295,Austronesian,0.03936300592433869,7
Manam,mana1295,Austronesian,0.05985398611761109,8
Manam,mana1295,Austronesian,-0.02855544734785221,9
Kiai,fort1240,Austronesian,0.009307746858098776,0
Kiai,fort1240,Austronesian,-0.00958347605225676,1
Kiai,fort1240,Austronesian,-0.0028013935439926653,2
Kiai,fort1240,Austronesian,-0.02265516379256641,3
Kiai,fort1240,Austronesian,-0.005718169156986623,4
Kiai,fort1240,Austronesian,0.01797216000789743,5
Kiai,fort1240,Austronesian,0.024802837567905283,6
Kiai,fort1240,Austronesian,-0.006933075370716418,7
Kiai,fort1240,Austronesian,-0.03779263680627658,8
Kiai,fort1240,Austronesian,-0.02405769262876535,9
Avava,katb1237,Austronesian,0.0034426714369885534,0
Avava,katb1237,Austronesian,0.005179393987160312,1
Avava,katb1237,Austronesian,0.011960361206044814,2
Avava,katb1237,Austronesian,-0.01273683574159547,3
Avava,katb1237,Austronesian,-0.0034944794002129925,4
Avava,katb1237,Austronesian,-0.015706707335820396,5
Avava,katb1237,Austronesian,0.011844367214284732,6
Avava,katb1237,Austronesian,0.03432469563279559,7
Avava,katb1237,Austronesian,-0.024127580652434758,8
Avava,katb1237,Austronesian,-0.0009153689269294596,9
Kómnjo,komn1238,,0.022335708166240344,0
Kómnjo,komn1238,,0.005595538345436788,1
Kómnjo,komn1238,,0.005312255200985754,2
Kómnjo,komn1238,,-0.005216236946007757,3
Kómnjo,komn1238,,-0.0051861672135515395,4
Kómnjo,komn1238,,-0.000545150885007205,5
Kómnjo,komn1238,,-0.007273082153311797,6
Kómnjo,komn1238,,-0.017289940461278686,7
Kómnjo,komn1238,,0.011509699256269556,8
Kómnjo,komn1238,,-0.009943302275816095,9
Bulgarian,bulg1262,Indo-European,0.048522022392451875,0
Bulgarian,bulg1262,Indo-European,-0.0019774392873231983,1
Bulgarian,bulg1262,Indo-European,-0.016865572225247497,2
Bulgarian,bulg1262,Indo-European,-0.019861216030102546,3
Bulgarian,bulg1262,Indo-European,-0.0010689980077299918,4
Bulgarian,bulg1262,Indo-European,-0.023696330497537225,5
Bulgarian,bulg1262,Indo-European,0.01602948762832611,6
Bulgarian,bulg1262,Indo-European,-0.03221803620643557,7
Bulgarian,bulg1262,Indo-European,-0.01663301148080471,8
Bulgarian,bulg1262,Indo-European,0.008068406816582586,9
Crow,crow1244,,-0.003538229702432915,0
Crow,crow1244,,-0.022671740854817095,1
Crow,crow1244,,0.00032132582690157967,2
Crow,crow1244,,-0.02658895382284772,3
Crow,crow1244,,0.060531817495606335,4
Crow,crow1244,,-0.010483966896138421,5
Crow,crow1244,,0.005315466063740958,6
Crow,crow1244,,0.01581238483936779,7
Crow,crow1244,,0.018636054155741308,8
Crow,crow1244,,0.004039798222197997,9
Yorta Yorta,yort1237,Pama-Nyungan,-0.0033038687700703943,0
Yorta Yorta,yort1237,Pama-Nyungan,-0.004048774913450282,1
Yorta Yorta,yort1237,Pama-Nyungan,0.0010945630276517782,2
Yorta Yorta,yort1237,Pama-Nyungan,-0.04599387986597511,3
Yorta Yorta,yort1237,Pama-Nyungan,-0.04681266318976954,4
Yorta Yorta,yort1237,Pama-Nyungan,-0.052316848467104285,5
Yorta Yorta,yort1237,Pama-Nyungan,0.014995622069988333,6
Yorta Yorta,yort1237,Pama-Nyungan,-0.04903221245293589,7
Yorta Yorta,yort1237,Pama-Nyungan,0.07361081463375803,8
Yorta Yorta,yort1237,Pama-Nyungan,-0.004735311693407357,9
Huli,huli1244,Nuclear Trans New Guinea,0.027018402228447605,0
Huli,huli1244,Nuclear Trans New Guinea,-0.018397454158340674,1
Huli,huli1244,Nuclear Trans New Guinea,0.029910353578974536,2
Huli,huli1244,Nuclear Trans New Guinea,-0.045159809102440204,3
Huli,huli1244,Nuclear Trans New Guinea,0.013399360899432073,4
Huli,huli1244,Nuclear Trans New Guinea,0.0017698462556345585,5
Huli,huli1244,Nuclear Trans New Guinea,-0.04421173458146502,6
Huli,huli1244,Nuclear Trans New Guinea,-0.028715861675921474,7
Huli,huli1244,Nuclear Trans New Guinea,0.03785980894687878,8
Huli,huli1244,Nuclear Trans New Guinea,0.0017473992402232952,9
Wangganguru,wang1290,Pama-Nyungan,-0.009673061291503025,0
Wangganguru,wang1290,Pama-Nyungan,-0.01705882881431755,1
Wangganguru,wang1290,Pama-Nyungan,0.0031524771764093185,2
Wangganguru,wang1290,Pama-Nyungan,0.05029184877718744,3
Wangganguru,wang1290,Pama-Nyungan,-0.04571438183608173,4
Wangganguru,wang1290,Pama-Nyungan,0.01876598073647824,5
Wangganguru,wang1290,Pama-Nyungan,0.01885164242009356,6
Wangganguru,wang1290,Pama-Nyungan,-0.03453518620777222,7
Wangganguru,wang1290,Pama-Nyungan,-0.01622965123141742,8
Wangganguru,wang1290,Pama-Nyungan,0.025940360428416978,9
Tocantins Asurini,toca1235,Tupian,-0.011188804804133921,0
Tocantins Asurini,toca1235,Tupian,0.004036589243024998,1
Tocantins Asurini,toca1235,Tupian,0.005530519182272894,2
Tocantins Asurini,toca1235,Tupian,-0.021458697124346164,3
Tocantins Asurini,toca1235,Tupian,0.03052564046051607,4
Tocantins Asurini,toca1235,Tupian,-0.0012193727331613574,5
Tocantins Asurini,toca1235,Tupian,0.018452264022881568,6
Tocantins Asurini,toca1235,Tupian,0.007466817856284399,7
Tocantins Asurini,toca1235,Tupian,-0.002458802371641784,8
Tocantins Asurini,toca1235,Tupian,0.03267303789673193,9
Gela,gela1263,Austronesian,0.07253324464805311,0
Gela,gela1263,Austronesian,0.1009364622800138,1
Gela,gela1263,Austronesian,0.14343521857883412,2
Gela,gela1263,Austronesian,0.06981100116043903,3
Gela,gela1263,Austronesian,-0.030287279875600707,4
Gela,gela1263,Austronesian,0.00843908254367661,5
Gela,gela1263,Austronesian,0.05314984385659413,6
Gela,gela1263,Austronesian,-0.012771700474361429,7
Gela,gela1263,Austronesian,-0.051396255001041044,8
Gela,gela1263,Austronesian,0.10466179510820917,9
Epena,epen1239,,-0.035484684722948655,0
Epena,epen1239,,-0.005585985754742334,1
Epena,epen1239,,-0.09341429828884965,2
Epena,epen1239,,-0.037459563784532544,3
Epena,epen1239,,0.029905102124064928,4
Epena,epen1239,,0.00458895323913091,5
Epena,epen1239,,-0.043291853076076074,6
Epena,epen1239,,0.12830363547281495,7
Epena,epen1239,,-0.03549310123234636,8
Epena,epen1239,,-0.022591323338610872,9
Balangao,bala1310,Austronesian,0.006360805964797498,0
Balangao,bala1310,Austronesian,-0.03959927092018514,1
Balangao,bala1310,Austronesian,-0.015406101620112942,2
Balangao,bala1310,Austronesian,0.0075877048850863105,3
Balangao,bala1310,Austronesian,0.006240273742012404,4
Balangao,bala1310,Austronesian,-0.043458768872396275,5
Balangao,bala1310,Austronesian,-0.021272990641231542,6
Balangao,bala1310,Austronesian,0.007540876436812685,7
Balangao,bala1310,Austronesian,0.00453036653309297,8
Balangao,bala1310,Austronesian,0.006824828404379172,9
Yagwoia,yagw1240,Angan,0.01924476346335513,0
Yagwoia,yagw1240,Angan,-0.01212648235486508,1
Yagwoia,yagw1240,Angan,0.009168365242304369,2
Yagwoia,yagw1240,Angan,-0.01700268875715943,3
Yagwoia,yagw1240,Angan,-0.011312508520385647,4
Yagwoia,yagw1240,Angan,-0.031152634457434006,5
Yagwoia,yagw1240,Angan,0.009986020211757679,6
Yagwoia,yagw1240,Angan,-0.002913974993596723,7
Yagwoia,yagw1240,Angan,0.0010683167295820611,8
Yagwoia,yagw1240,Angan,-0.03132847299579507,9
Padoe,pado1242,Austronesian,-0.03818115130744945,0
Padoe,pado1242,Austronesian,0.0677654212624832,1
Padoe,pado1242,Austronesian,-0.0217902080697321,2
Padoe,pado1242,Austronesian,-0.023522023714661156,3
Padoe,pado1242,Austronesian,-0.04887019478712584,4
Padoe,pado1242,Austronesian,0.09124735283463353,5
Padoe,pado1242,Austronesian,-0.027396659882024173,6
Padoe,pado1242,Austronesian,0.0014106905928707434,7
Padoe,pado1242,Austronesian,-0.026879334950022808,8
Padoe,pado1242,Austronesian,-0.04052725771949775,9
Luba-Katanga,luba1250,Atlantic-Congo,-0.03689078603518478,0
Luba-Katanga,luba1250,Atlantic-Congo,-0.010671366887233401,1
Luba-Katanga,luba1250,Atlantic-Congo,-0.02165222166753737,2
Luba-Katanga,luba1250,Atlantic-Congo,0.007521982505814982,3
Luba-Katanga,luba1250,Atlantic-Congo,-0.002847654023781299,4
Luba-Katanga,luba1250,Atlantic-Congo,0.04604508404230345,5
Luba-Katanga,luba1250,Atlantic-Congo,0.010432253059212613,6
Luba-Katanga,luba1250,Atlantic-Congo,0.010297661998293123,7
Luba-Katanga,luba1250,Atlantic-Congo,-0.021945707202178137,8
Luba-Katanga,luba1250,Atlantic-Congo,0.02681764367935941,9
Mono-Alu,mono1273,Austronesian,0.03641383662617025,0
Mono-Alu,mono1273,Austronesian,0.007320130803291729,1
Mono-Alu,mono1273,Austronesian,0.06195820619892716,2
Mono-Alu,mono1273,Austronesian,-0.02127005273245419,3
Mono-Alu,mono1273,Austronesian,-0.004566783390487375,4
Mono-Alu,mono1273,Austronesian,0.008016447008993056,5
Mono-Alu,mono1273,Austronesian,0.0824637324577248,6
Mono-Alu,mono1273,Austronesian,-0.02760475361455358,7
Mono-Alu,mono1273,Austronesian,-0.024010166836665195,8
Mono-Alu,mono1273,Austronesian,-0.01569384253900463,9
Proto-Tupi-Guarani,tupi1239,Tupian,0.03963788812338764,0
Proto-Tupi-Guarani,tupi1239,Tupian,-0.005435106891001311,1
Proto-Tupi-Guarani,tupi1239,Tupian,0.0015605521305659318,2
Proto-Tupi-Guarani,tupi1239,Tupian,-0.04639536089246846,3
Proto-Tupi-Guarani,tupi1239,Tupian,0.006185747491773958,4
Proto-Tupi-Guarani,tupi1239,Tupian,0.031059740639702314,5
Proto-Tupi-Guarani,tupi1239,Tupian,-1.2132136961800535e-05,6
Proto-Tupi-Guarani,tupi1239,Tupian,-0.04387819344271993,7
Proto-Tupi-Guarani,tupi1239,Tupian,-0.027966026685720506,8
Proto-Tupi-Guarani,tupi1239,Tupian,-0.007476610724566884,9
Yinhawangka,yinh1234,Pama-Nyungan,0.29326677447231886,0
Yinhawangka,yinh1234,Pama-Nyungan,-0.0009342959655275189,1
Yinhawangka,yinh1234,Pama-Nyungan,0.29459725937122905,2
Yinhawangka,yinh1234,Pama-Nyungan,0.1801869679858799,3
Yinhawangka,yinh1234,Pama-Nyungan,-0.03837697147412844,4
Yinhawangka,yinh1234,Pama-Nyungan,-0.07524509332858066,5
Yinhawangka,yinh1234,Pama-Nyungan,0.20095722794088952,6
Yinhawangka,yinh1234,Pama-Nyungan,0.036563840366075386,7
Yinhawangka,yinh1234,Pama-Nyungan,0.062139977131281054,8
Yinhawangka,yinh1234,Pama-Nyungan,-0.10396966792868657,9
Maranao,mara1404,Austronesian,0.03779368560015991,0
Maranao,mara1404,Austronesian,0.03813257092754521,1
Maranao,mara1404,Austronesian,0.002910686784882469,2
Maranao,mara1404,Austronesian,-0.03428323557234533,3
Maranao,mara1404,Austronesian,0.007963904383382937,4
Maranao,mara1404,Austronesian,-0.04185978219990516,5
Maranao,mara1404,Austronesian,-0.004046645283844251,6
Maranao,mara1404,Austronesian,-0.0466067875628114,7
Maranao,mara1404,Austronesian,0.02741958367188336,8
Maranao,mara1404,Austronesian,0.061100153180039855,9
Kadai,kada1286,Austronesian,0.046000962590656065,0
Kadai,kada1286,Austronesian,0.02766077248996575,1
Kadai,kada1286,Austronesian,-0.0004447976899361536,2
Kadai,kada1286,Austronesian,0.07320120437765631,3
Kadai,kada1286,Austronesian,0.027179504174949833,4
Kadai,kada1286,Austronesian,-0.047499584869388815,5
Kadai,kada1286,Austronesian,0.056401467537447764,6
Kadai,kada1286,Austronesian,-0.00455131967078558,7
Kadai,kada1286,Austronesian,0.026713306999783304,8
Kadai,kada1286,Austronesian,-0.026186183524521844,9
Western Tawbuid,west2559,Austronesian,0.013329139845655159,0
Western Tawbuid,west2559,Austronesian,-0.005476183376702979,1
Western Tawbuid,west2559,Austronesian,-0.029901198057998523,2
Western Tawbuid,west2559,Austronesian,0.018318935792228958,3
Western Tawbuid,west2559,Austronesian,0.07729642662645042,4
Western Tawbuid,west2559,Austronesian,0.045409598191370186,5
Western Tawbuid,west2559,Austronesian,-0.04637614834513812,6
Western Tawbuid,west2559,Austronesian,-0.050187911292928405,7
Western Tawbuid,west2559,Austronesian,-0.008711027377197644,8
Western Tawbuid,west2559,Austronesian,0.004952125322529807,9
Minangkabau,mina1268,Austronesian,-0.033435998988268406,0
Minangkabau,mina1268,Austronesian,-0.004127611323876051,1
Minangkabau,mina1268,Austronesian,-0.03839230403657318,2
Minangkabau,mina1268,Austronesian,-0.0268161594651624,3
Minangkabau,mina1268,Austronesian,-0.0026288510615929163,4
Minangkabau,mina1268,Austronesian,-0.003610540591318626,5
Minangkabau,mina1268,Austronesian,0.02431010474730143,6
Minangkabau,mina1268,Austronesian,0.0019978584454490764,7
Minangkabau,mina1268,Austronesian,-0.04757567182693808,8
Minangkabau,mina1268,Austronesian,-0.020486866748985234,9
Araweté,araw1273,Tupian,-0.0016455628387173214,0
Araweté,araw1273,Tupian,-0.023705405876106853,1
Araweté,araw1273,Tupian,0.02470111936334463,2
Araweté,araw1273,Tupian,0.013485026861232713,3
Araweté,araw1273,Tupian,-0.006102527919237402,4
Araweté,araw1273,Tupian,-0.018179713943856077,5
Araweté,araw1273,Tupian,-0.0017100533018301024,6
Araweté,araw1273,Tupian,-0.0223958714481593,7
Araweté,araw1273,Tupian,-0.034120654547256435,8
Araweté,araw1273,Tupian,0.021748504478552408,9
Balochic,balo1260,Indo-European,-0.04112387745656635,0
Balochic,balo1260,Indo-European,-0.001822416037864999,1
Balochic,balo1260,Indo-European,-0.03692141407927375,2
Balochic,balo1260,Indo-European,0.02520229097932141,3
Balochic,balo1260,Indo-European,0.050724246306766904,4
Balochic,balo1260,Indo-European,-0.055371237844137444,5
Balochic,balo1260,Indo-European,0.06187083819059808,6
Balochic,balo1260,Indo-European,-0.077092318066746,7
Balochic,balo1260,Indo-European,-0.02372172380040431,8
Balochic,balo1260,Indo-European,-0.0012514194197393565,9
Wambayan,wamb1258,,0.015513309831993118,0
Wambayan,wamb1258,,0.0036546144945856594,1
Wambayan,wamb1258,,-1.7920753367241964e-05,2
Wambayan,wamb1258,,-0.021575049615691084,3
Wambayan,wamb1258,,-0.009071054900850499,4
Wambayan,wamb1258,,-0.03128491143174228,5
Wambayan,wamb1258,,0.05932085856422869,6
Wambayan,wamb1258,,0.014795766396121159,7
Wambayan,wamb1258,,0.018882489067871686,8
Wambayan,wamb1258,,0.010290712487671836,9
Bamun,bamu1253,Atlantic-Congo,-0.0827988561567745,0
Bamun,bamu1253,Atlantic-Congo,0.11565616042028135,1
Bamun,bamu1253,Atlantic-Congo,-0.21800146954189495,2
Bamun,bamu1253,Atlantic-Congo,0.4566032351681447,3
Bamun,bamu1253,Atlantic-Congo,-0.1866465779916579,4
Bamun,bamu1253,Atlantic-Congo,0.17312982999975113,5
Bamun,bamu1253,Atlantic-Congo,-0.19151514400761194,6
Bamun,bamu1253,Atlantic-Congo,-0.18664657799165787,7
Bamun,bamu1253,Atlantic-Congo,0.047094570803957826,8
Bamun,bamu1253,Atlantic-Congo,0.20106135119604185,9
Highland Puebla Nahuatl,high1278,Uto-Aztecan,-0.024408199730921325,0
Highland Puebla Nahuatl,high1278,Uto-Aztecan,-0.05928150352085347,1
Highland Puebla Nahuatl,high1278,Uto-Aztecan,-0.02880523245000127,2
Highland Puebla Nahuatl,high1278,Uto-Aztecan,0.00588407048528574,3
Highland Puebla Nahuatl,high1278,Uto-Aztecan,0.007994331824967796,4
Highland Puebla Nahuatl,high1278,Uto-Aztecan,0.012302383764295762,5
Highland Puebla Nahuatl,high1278,Uto-Aztecan,-0.028418950531035787,6
Highland Puebla Nahuatl,high1278,Uto-Aztecan,0.04466259670374018,7
Highland Puebla Nahuatl,high1278,Uto-Aztecan,0.06374507048081338,8
Highland Puebla Nahuatl,high1278,Uto-Aztecan,-0.03869546294656042,9
Mono (USA),mono1275,Uto-Aztecan,0.002970605524477351,0
Mono (USA),mono1275,Uto-Aztecan,0.0006776353069550793,1
Mono (USA),mono1275,Uto-Aztecan,0.011762062026099147,2
Mono (USA),mono1275,Uto-Aztecan,0.08384813301756741,3
Mono (USA),mono1275,Uto-Aztecan,0.058169820029708975,4
Mono (USA),mono1275,Uto-Aztecan,-0.020742490121710942,5
Mono (USA),mono1275,Uto-Aztecan,0.020396083683226464,6
Mono (USA),mono1275,Uto-Aztecan,0.0182981143275671,7
Mono (USA),mono1275,Uto-Aztecan,-0.002154839053384685,8
Mono (USA),mono1275,Uto-Aztecan,-0.012672014753930216,9
Kriol (Roper River),krio1252,Indo-European,0.005012507263272213,0
Kriol (Roper River),krio1252,Indo-European,-0.030801546799298418,1
Kriol (Roper River),krio1252,Indo-European,0.017585400268945246,2
Kriol (Roper River),krio1252,Indo-European,-0.021052879201998616,3
Kriol (Roper River),krio1252,Indo-European,0.00495209780439672,4
Kriol (Roper River),krio1252,Indo-European,-0.008531991603949999,5
Kriol (Roper River),krio1252,Indo-European,0.07582632626217307,6
Kriol (Roper River),krio1252,Indo-European,-0.006647546416271294,7
Kriol (Roper River),krio1252,Indo-European,-0.01870996648549024,8
Kriol (Roper River),krio1252,Indo-European,-0.04368958359570588,9
Indonesian Bajau,indo1317,Austronesian,-0.027436086420784437,0
Indonesian Bajau,indo1317,Austronesian,0.08495863202505419,1
Indonesian Bajau,indo1317,Austronesian,0.04025233703397581,2
Indonesian Bajau,indo1317,Austronesian,-0.011578977501092606,3
Indonesian Bajau,indo1317,Austronesian,-0.05257653341557775,4
Indonesian Bajau,indo1317,Austronesian,0.03813542994731735,5
Indonesian Bajau,indo1317,Austronesian,-0.004813237693636497,6
Indonesian Bajau,indo1317,Austronesian,0.014074507873512426,7
Indonesian Bajau,indo1317,Austronesian,0.06960794296200062,8
Indonesian Bajau,indo1317,Austronesian,0.005163260048896217,9
Amanab,aman1265,Border,0.019666909297235143,0
Amanab,aman1265,Border,0.006828571345637369,1
Amanab,aman1265,Border,0.029386700189814277,2
Amanab,aman1265,Border,0.005860527247060321,3
Amanab,aman1265,Border,0.0038109926582188232,4
Amanab,aman1265,Border,0.000622032814123742,5
Amanab,aman1265,Border,-0.01977916995661097,6
Amanab,aman1265,Border,0.02874939061504989,7
Amanab,aman1265,Border,0.006963560177144652,8
Amanab,aman1265,Border,3.339179346818267e-05,9
Southeast Babar,sout2883,Austronesian,-0.07467748560866157,0
Southeast Babar,sout2883,Austronesian,-0.03986872748344875,1
Southeast Babar,sout2883,Austronesian,-0.02393392573401898,2
Southeast Babar,sout2883,Austronesian,0.04367852565389031,3
Southeast Babar,sout2883,Austronesian,-0.002426813420796708,4
Southeast Babar,sout2883,Austronesian,0.014746118621889886,5
Southeast Babar,sout2883,Austronesian,0.02154561645502236,6
Southeast Babar,sout2883,Austronesian,0.10124840371749327,7
Southeast Babar,sout2883,Austronesian,-0.05332573098042877,8
Southeast Babar,sout2883,Austronesian,-0.04447457280400074,9
Northern Pomo,nort2966,,-0.015479132608178025,0
Northern Pomo,nort2966,,0.00400213611598092,1
Northern Pomo,nort2966,,0.0010285938589683307,2
Northern Pomo,nort2966,,0.03483480196239353,3
Northern Pomo,nort2966,,-0.011245424709978065,4
Northern Pomo,nort2966,,0.03685970756218795,5
Northern Pomo,nort2966,,-0.037439949272154806,6
Northern Pomo,nort2966,,-0.045435309879907806,7
Northern Pomo,nort2966,,-0.0015668245245057156,8
Northern Pomo,nort2966,,0.033565980895534406,9
Port Sandwich,port1285,Austronesian,-0.02986248003496803,0
Port Sandwich,port1285,Austronesian,-0.005798021914774491,1
Port Sandwich,port1285,Austronesian,0.041247166491461304,2
Port Sandwich,port1285,Austronesian,-0.0017081424848015279,3
Port Sandwich,port1285,Austronesian,0.01254614128120261,4
Port Sandwich,port1285,Austronesian,-0.012412646303176568,5
Port Sandwich,port1285,Austronesian,0.054899557890135356,6
Port Sandwich,port1285,Austronesian,-0.0052630432672395614,7
Port Sandwich,port1285,Austronesian,-0.0167934345888412,8
Port Sandwich,port1285,Austronesian,-0.028953768003904375,9
Pendau,pend1242,Austronesian,-0.017429485586093686,0
Pendau,pend1242,Austronesian,0.0621296213209346,1
Pendau,pend1242,Austronesian,-0.0024653507480652532,2
Pendau,pend1242,Austronesian,0.011718106766455834,3
Pendau,pend1242,Austronesian,-0.02332437788105422,4
Pendau,pend1242,Austronesian,0.06016052314620254,5
Pendau,pend1242,Austronesian,0.0010512926904319483,6
Pendau,pend1242,Austronesian,-0.005124712997611799,7
Pendau,pend1242,Austronesian,-0.011847628292785729,8
Pendau,pend1242,Austronesian,-0.014912459223844751,9
Muruwari,muru1266,Pama-Nyungan,-0.02414338717260277,0
Muruwari,muru1266,Pama-Nyungan,-0.025353422273783684,1
Muruwari,muru1266,Pama-Nyungan,0.034956846139554805,2
Muruwari,muru1266,Pama-Nyungan,0.021783309355062005,3
Muruwari,muru1266,Pama-Nyungan,0.05177371744185894,4
Muruwari,muru1266,Pama-Nyungan,-0.001944198380224707,5
Muruwari,muru1266,Pama-Nyungan,0.01930932779263319,6
Muruwari,muru1266,Pama-Nyungan,0.008155878808545524,7
Muruwari,muru1266,Pama-Nyungan,-0.0024005657064084802,8
Muruwari,muru1266,Pama-Nyungan,-0.0255698399144272,9
Vlax Romani,vlax1238,Indo-European,-0.015454667769155724,0
Vlax Romani,vlax1238,Indo-European,0.03802355509505385,1
Vlax Romani,vlax1238,Indo-European,-0.016272638746536207,2
Vlax Romani,vlax1238,Indo-European,-0.008547287337476235,3
Vlax Romani,vlax1238,Indo-European,0.02911249124158559,4
Vlax Romani,vlax1238,Indo-European,-0.0036071302371623462,5
Vlax Romani,vlax1238,Indo-European,-0.004570575013073163,6
Vlax Romani,vlax1238,Indo-European,0.032059345483948745,7
Vlax Romani,vlax1238,Indo-European,-0.06421349178257102,8
Vlax Romani,vlax1238,Indo-European,-0.020848673625959057,9
Meadow Mari,gras1239,Uralic,-0.0012422207726925935,0
Meadow Mari,gras1239,Uralic,-0.027735673130740116,1
Meadow Mari,gras1239,Uralic,0.013864549145183182,2
Meadow Mari,gras1239,Uralic,-0.017596176514396492,3
Meadow Mari,gras1239,Uralic,-0.02514070619037013,4
Meadow Mari,gras1239,Uralic,0.024289529303823776,5
Meadow Mari,gras1239,Uralic,0.007918737764580849,6
Meadow Mari,gras1239,Uralic,-0.02663573434032026,7
Meadow Mari,gras1239,Uralic,0.007764956066288184,8
Meadow Mari,gras1239,Uralic,-0.039803544704014523,9
Southeastern Tepehuan,sout2976,Uto-Aztecan,0.0005153203056489142,0
Southeastern Tepehuan,sout2976,Uto-Aztecan,-0.016047764616935946,1
Southeastern Tepehuan,sout2976,Uto-Aztecan,-0.05336809041179806,2
Southeastern Tepehuan,sout2976,Uto-Aztecan,-0.010236843480571167,3
Southeastern Tepehuan,sout2976,Uto-Aztecan,-0.031797932862556486,4
Southeastern Tepehuan,sout2976,Uto-Aztecan,-0.01721271242041701,5
Southeastern Tepehuan,sout2976,Uto-Aztecan,0.03616479986398776,6
Southeastern Tepehuan,sout2976,Uto-Aztecan,0.007399455858150416,7
Southeastern Tepehuan,sout2976,Uto-Aztecan,-0.026213011652813437,8
Southeastern Tepehuan,sout2976,Uto-Aztecan,0.008479882827004228,9
Kalaallisut,kala1399,,0.0011415313487773962,0
Kalaallisut,kala1399,,0.018027127123164056,1
Kalaallisut,kala1399,,-0.04655655966718871,2
Kalaallisut,kala1399,,-0.004362961115405092,3
Kalaallisut,kala1399,,-0.038643513401460404,4
Kalaallisut,kala1399,,-0.028500578148753005,5
Kalaallisut,kala1399,,0.004569601685261559,6
Kalaallisut,kala1399,,-0.003944499846166815,7
Kalaallisut,kala1399,,-0.010350952238000624,8
Kalaallisut,kala1399,,-0.02725181842108868,9
Marshallese,mars1254,Austronesian,-0.030185154995123017,0
Marshallese,mars1254,Austronesian,0.10433043896119995,1
Marshallese,mars1254,Austronesian,0.008377129214723437,2
Marshallese,mars1254,Austronesian,-0.012665706083786522,3
Marshallese,mars1254,Austronesian,0.010452763420667414,4
Marshallese,mars1254,Austronesian,0.018515800563418852,5
Marshallese,mars1254,Austronesian,0.011758462103001407,6
Marshallese,mars1254,Austronesian,-0.031154706225307152,7
Marshallese,mars1254,Austronesian,-0.015401438498716417,8
Marshallese,mars1254,Austronesian,0.0067725350637603465,9
Ngarinman,ngar1235,Pama-Nyungan,-0.010004980470053076,0
Ngarinman,ngar1235,Pama-Nyungan,0.018048170291433234,1
Ngarinman,ngar1235,Pama-Nyungan,-0.011157257860589813,2
Ngarinman,ngar1235,Pama-Nyungan,-0.017221413657526226,3
Ngarinman,ngar1235,Pama-Nyungan,0.027284674204558865,4
Ngarinman,ngar1235,Pama-Nyungan,-0.025100264578538523,5
Ngarinman,ngar1235,Pama-Nyungan,0.03432237169502693,6
Ngarinman,ngar1235,Pama-Nyungan,-0.016785492487530237,7
Ngarinman,ngar1235,Pama-Nyungan,-0.014421166888125642,8
Ngarinman,ngar1235,Pama-Nyungan,0.008612922382930013,9
Awiakay,awia1234,Arafundi,0.004230303200422455,0
Awiakay,awia1234,Arafundi,0.005978792854403944,1
Awiakay,awia1234,Arafundi,-0.0069418099597262535,2
Awiakay,awia1234,Arafundi,-0.0035628834647268084,3
Awiakay,awia1234,Arafundi,0.021558995055184466,4
Awiakay,awia1234,Arafundi,0.0006793421542087685,5
Awiakay,awia1234,Arafundi,-0.021807987070685476,6
Awiakay,awia1234,Arafundi,0.0018745302808465415,7
Awiakay,awia1234,Arafundi,0.00987821214839279,8
Awiakay,awia1234,Arafundi,0.0048858841098672265,9
Suruí,suru1262,Tupian,0.02197548808974771,0
Suruí,suru1262,Tupian,0.03967904676867546,1
Suruí,suru1262,Tupian,-0.006436344666930347,2
Suruí,suru1262,Tupian,-0.012711741675223915,3
Suruí,suru1262,Tupian,0.044639081734761124,4
Suruí,suru1262,Tupian,-0.0427927450773083,5
Suruí,suru1262,Tupian,-0.01449531682346331,6
Suruí,suru1262,Tupian,-0.013859864246520989,7
Suruí,suru1262,Tupian,-0.01175485842001466,8
Suruí,suru1262,Tupian,0.00712383305740248,9
Nalik,nali1244,Austronesian,-0.034178347676648554,0
Nalik,nali1244,Austronesian,-0.01889119397233467,1
Nalik,nali1244,Austronesian,-0.02639158174850573,2
Nalik,nali1244,Austronesian,-0.010323147782936649,3
Nalik,nali1244,Austronesian,-0.020603391432741938,4
Nalik,nali1244,Austronesian,-0.003547902341367693,5
Nalik,nali1244,Austronesian,0.004929094478599387,6
Nalik,nali1244,Austronesian,0.01259626479883004,7
Nalik,nali1244,Austronesian,-0.009261022078255072,8
Nalik,nali1244,Austronesian,0.032191443451539625,9
Menominee,meno1252,Algic,0.010489068995307185,0
Menominee,meno1252,Algic,0.01350975808763424,1
Menominee,meno1252,Algic,-0.04500201262917859,2
Menominee,meno1252,Algic,0.02774943641599569,3
Menominee,meno1252,Algic,0.009540833898820194,4
Menominee,meno1252,Algic,0.056101383654444295,5
Menominee,meno1252,Algic,-0.011706739223736481,6
Menominee,meno1252,Algic,0.027097125804722053,7
Menominee,meno1252,Algic,0.0044111670700351865,8
Menominee,meno1252,Algic,0.010782584721652682,9
Anuta,anut1237,Austronesian,0.025713317568327745,0
Anuta,anut1237,Austronesian,0.02808861418572578,1
Anuta,anut1237,Austronesian,-0.007358786437616793,2
Anuta,anut1237,Austronesian,-0.03120728909435801,3
Anuta,anut1237,Austronesian,0.048383440073561844,4
Anuta,anut1237,Austronesian,-0.0033812995674525424,5
Anuta,anut1237,Austronesian,0.02128564389283959,6
Anuta,anut1237,Austronesian,-0.010301020930957427,7
Anuta,anut1237,Austronesian,-0.032730213616243536,8
Anuta,anut1237,Austronesian,0.08129645220828643,9
South Marquesan,sout2866,Austronesian,-0.017810303709705752,0
South Marquesan,sout2866,Austronesian,-0.006570294715386394,1
South Marquesan,sout2866,Austronesian,-0.020256599865237347,2
South Marquesan,sout2866,Austronesian,0.0033303617643256414,3
South Marquesan,sout2866,Austronesian,-0.03623208172942516,4
South Marquesan,sout2866,Austronesian,-0.012589462116384648,5
South Marquesan,sout2866,Austronesian,0.050256904801119565,6
South Marquesan,sout2866,Austronesian,-0.03963844545578945,7
South Marquesan,sout2866,Austronesian,-0.04264565976308565,8
South Marquesan,sout2866,Austronesian,-0.018923726251516355,9
Pukapuka,puka1242,Austronesian,-0.00804097061732795,0
Pukapuka,puka1242,Austronesian,-0.0031602772257716093,1
Pukapuka,puka1242,Austronesian,0.045020724631637865,2
Pukapuka,puka1242,Austronesian,0.01890952913607187,3
Pukapuka,puka1242,Austronesian,0.015670546348500312,4
Pukapuka,puka1242,Austronesian,0.02124901660769519,5
Pukapuka,puka1242,Austronesian,0.017736379503476975,6
Pukapuka,puka1242,Austronesian,-0.02165281159994828,7
Pukapuka,puka1242,Austronesian,-0.02866542901257249,8
Pukapuka,puka1242,Austronesian,0.020995464231846388,9
Wang-The,wang1287,Sino-Tibetan,-0.027985985602316157,0
Wang-The,wang1287,Sino-Tibetan,-0.009222815577830504,1
Wang-The,wang1287,Sino-Tibetan,-0.01980145387659397,2
Wang-The,wang1287,Sino-Tibetan,0.04716244681006416,3
Wang-The,wang1287,Sino-Tibetan,0.00044044497678957534,4
Wang-The,wang1287,Sino-Tibetan,-0.0034126598171373428,5
Wang-The,wang1287,Sino-Tibetan,-0.012309007865762084,6
Wang-The,wang1287,Sino-Tibetan,0.008264069457843186,7
Wang-The,wang1287,Sino-Tibetan,0.012124530289773484,8
Wang-The,wang1287,Sino-Tibetan,-0.010316862410173542,9
Middle High German,midd1343,Indo-European,-0.005452868618977929,0
Middle High German,midd1343,Indo-European,-0.004241536933201767,1
Middle High German,midd1343,Indo-European,-0.020492509842294875,2
Middle High German,midd1343,Indo-European,0.041016089783054654,3
Middle High German,midd1343,Indo-European,0.0091974959733636,4
Middle High German,midd1343,Indo-European,-0.020207988667415782,5
Middle High German,midd1343,Indo-European,-0.007591010159744444,6
Middle High German,midd1343,Indo-European,-0.01525674620522437,7
Middle High German,midd1343,Indo-European,0.010271343945564103,8
Middle High German,midd1343,Indo-European,-0.014931734244929511,9
Merlav,merl1237,Austronesian,-0.004429897831905104,0
Merlav,merl1237,Austronesian,-0.04571532623513907,1
Merlav,merl1237,Austronesian,-0.04651100863385604,2
Merlav,merl1237,Austronesian,0.03692312775697969,3
Merlav,merl1237,Austronesian,-0.030365598508484026,4
Merlav,merl1237,Austronesian,0.001789572878214486,5
Merlav,merl1237,Austronesian,-0.05537493652602515,6
Merlav,merl1237,Austronesian,-0.021013191018131372,7
Merlav,merl1237,Austronesian,0.011082790869161318,8
Merlav,merl1237,Austronesian,0.04342713994430487,9
Pitta Pitta,pitt1247,Pama-Nyungan,0.01520058822667303,0
Pitta Pitta,pitt1247,Pama-Nyungan,-0.020699910038302825,1
Pitta Pitta,pitt1247,Pama-Nyungan,0.02287291282867754,2
Pitta Pitta,pitt1247,Pama-Nyungan,0.03303405789717444,3
Pitta Pitta,pitt1247,Pama-Nyungan,0.016833690277073772,4
Pitta Pitta,pitt1247,Pama-Nyungan,-0.026884747104483943,5
Pitta Pitta,pitt1247,Pama-Nyungan,0.004670826340578719,6
Pitta Pitta,pitt1247,Pama-Nyungan,-0.004304376686991966,7
Pitta Pitta,pitt1247,Pama-Nyungan,-0.0011830608913435143,8
Pitta Pitta,pitt1247,Pama-Nyungan,0.02498751786929139,9
Warumungu,waru1265,Pama-Nyungan,-0.0088024582707528,0
Warumungu,waru1265,Pama-Nyungan,-0.02690161877132582,1
Warumungu,waru1265,Pama-Nyungan,0.02625054815992189,2
Warumungu,waru1265,Pama-Nyungan,0.004910047258265346,3
Warumungu,waru1265,Pama-Nyungan,0.034688955145555714,4
Warumungu,waru1265,Pama-Nyungan,0.012140680072869012,5
Warumungu,waru1265,Pama-Nyungan,-0.031176706971583423,6
Warumungu,waru1265,Pama-Nyungan,0.0029938081680207923,7
Warumungu,waru1265,Pama-Nyungan,0.036503687426912276,8
Warumungu,waru1265,Pama-Nyungan,-0.0016643299843354489,9
Shina (Nakh-Daghestan),shin1265,Nakh-Daghestanian,-0.03843159738521559,0
Shina (Nakh-Daghestan),shin1265,Nakh-Daghestanian,-0.02611059472897611,1
Shina (Nakh-Daghestan),shin1265,Nakh-Daghestanian,0.0061035330648388855,2
Shina (Nakh-Daghestan),shin1265,Nakh-Daghestanian,0.023173069483034978,3
Shina (Nakh-Daghestan),shin1265,Nakh-Daghestanian,0.018593396793401905,4
Shina (Nakh-Daghestan),shin1265,Nakh-Daghestanian,0.01693033047175875,5
Shina (Nakh-Daghestan),shin1265,Nakh-Daghestanian,0.008632950234132013,6
Shina (Nakh-Daghestan),shin1265,Nakh-Daghestanian,0.03850885188236814,7
Shina (Nakh-Daghestan),shin1265,Nakh-Daghestanian,-0.0009846587340553604,8
Shina (Nakh-Daghestan),shin1265,Nakh-Daghestanian,0.008977811889702193,9
Yadhaykenu,yadh1237,Pama-Nyungan,-0.002037928394954166,0
Yadhaykenu,yadh1237,Pama-Nyungan,0.06513522652580922,1
Yadhaykenu,yadh1237,Pama-Nyungan,-0.013709946571340026,2
Yadhaykenu,yadh1237,Pama-Nyungan,0.005771056979880149,3
Yadhaykenu,yadh1237,Pama-Nyungan,-0.03199191353190913,4
Yadhaykenu,yadh1237,Pama-Nyungan,-0.03444592001099209,5
Yadhaykenu,yadh1237,Pama-Nyungan,-0.006659344446982756,6
Yadhaykenu,yadh1237,Pama-Nyungan,0.09913343368180091,7
Yadhaykenu,yadh1237,Pama-Nyungan,0.039677030454007195,8
Yadhaykenu,yadh1237,Pama-Nyungan,-0.026182858095060067,9
Mwotlap,motl1237,Austronesian,0.006618988259683506,0
Mwotlap,motl1237,Austronesian,-0.01255208730596306,1
Mwotlap,motl1237,Austronesian,0.00037133893512767855,2
Mwotlap,motl1237,Austronesian,0.01125084341516401,3
Mwotlap,motl1237,Austronesian,-0.008013085333193962,4
Mwotlap,motl1237,Austronesian,-0.04356537128995742,5
Mwotlap,motl1237,Austronesian,0.01434999107183391,6
Mwotlap,motl1237,Austronesian,-0.026245110445134057,7
Mwotlap,motl1237,Austronesian,-0.01342460315723512,8
Mwotlap,motl1237,Austronesian,-0.02836878973287041,9
Rotuman,rotu1241,Austronesian,0.008823422157133694,0
Rotuman,rotu1241,Austronesian,0.014146476488558803,1
Rotuman,rotu1241,Austronesian,-0.019096452495708238,2
Rotuman,rotu1241,Austronesian,0.00935155523533809,3
Rotuman,rotu1241,Austronesian,0.018762632190456235,4
Rotuman,rotu1241,Austronesian,0.009677172477136294,5
Rotuman,rotu1241,Austronesian,-0.0026281574866080857,6
Rotuman,rotu1241,Austronesian,-0.03156515118655692,7
Rotuman,rotu1241,Austronesian,0.016409409127802563,8
Rotuman,rotu1241,Austronesian,-0.010999009590291854,9
Bilibil,bilb1241,Austronesian,-0.021265025600631732,0
Bilibil,bilb1241,Austronesian,0.032717355069555906,1
Bilibil,bilb1241,Austronesian,7.098962402235856e-05,2
Bilibil,bilb1241,Austronesian,-0.022571027360020667,3
Bilibil,bilb1241,Austronesian,-0.018441161067550418,4
Bilibil,bilb1241,Austronesian,-0.01737029285228181,5
Bilibil,bilb1241,Austronesian,-0.028024896690248897,6
Bilibil,bilb1241,Austronesian,-0.012952440727718952,7
Bilibil,bilb1241,Austronesian,-0.001189566290583176,8
Bilibil,bilb1241,Austronesian,0.06760414927250241,9
Thao,thao1240,Austronesian,0.04707721086956533,0
Thao,thao1240,Austronesian,-0.016908259869246402,1
Thao,thao1240,Austronesian,-0.02147532585529111,2
Thao,thao1240,Austronesian,0.0006019276437999909,3
Thao,thao1240,Austronesian,0.017952575811327726,4
Thao,thao1240,Austronesian,-0.017623219142866388,5
Thao,thao1240,Austronesian,-0.009689047763076537,6
Thao,thao1240,Austronesian,0.015475751498769385,7
Thao,thao1240,Austronesian,-0.019657460695304874,8
Thao,thao1240,Austronesian,-0.015071052441209135,9
Huron-Wyandot,wyan1247,,-0.033083570383484376,0
Huron-Wyandot,wyan1247,,0.012172636368256651,1
Huron-Wyandot,wyan1247,,-0.025736044017499942,2
Huron-Wyandot,wyan1247,,-0.0006563400958894319,3
Huron-Wyandot,wyan1247,,0.02322965191627848,4
Huron-Wyandot,wyan1247,,0.03302690016299992,5
Huron-Wyandot,wyan1247,,0.0464696572219856,6
Huron-Wyandot,wyan1247,,0.05583388120104801,7
Huron-Wyandot,wyan1247,,0.0030092461608324976,8
Huron-Wyandot,wyan1247,,-0.0010541746615943008,9
Letemboi-Repanbitip,lete1241,Austronesian,-0.028409139850274576,0
Letemboi-Repanbitip,lete1241,Austronesian,0.017935165340677066,1
Letemboi-Repanbitip,lete1241,Austronesian,-0.006589525858598431,2
Letemboi-Repanbitip,lete1241,Austronesian,-0.030395546778429157,3
Letemboi-Repanbitip,lete1241,Austronesian,-0.013016706174922659,4
Letemboi-Repanbitip,lete1241,Austronesian,0.074853400144342,5
Letemboi-Repanbitip,lete1241,Austronesian,-0.007584126208720633,6
Letemboi-Repanbitip,lete1241,Austronesian,0.02619151961022255,7
Letemboi-Repanbitip,lete1241,Austronesian,0.01566001679225732,8
Letemboi-Repanbitip,lete1241,Austronesian,-0.029864711568910934,9
Cinta Larga,cint1239,Tupian,0.007252918552540298,0
Cinta Larga,cint1239,Tupian,0.026022791595132398,1
Cinta Larga,cint1239,Tupian,0.017706981671877193,2
Cinta Larga,cint1239,Tupian,0.022800360322028996,3
Cinta Larga,cint1239,Tupian,-0.015093545418469335,4
Cinta Larga,cint1239,Tupian,0.015586512347205584,5
Cinta Larga,cint1239,Tupian,-0.01652264181596657,6
Cinta Larga,cint1239,Tupian,-0.013761393922939825,7
Cinta Larga,cint1239,Tupian,0.015946905214391377,8
Cinta Larga,cint1239,Tupian,0.009956008727138449,9
Malecite,male1293,Algic,-0.018824081121849384,0
Malecite,male1293,Algic,-0.030807684175179408,1
Malecite,male1293,Algic,-0.029160174492430684,2
Malecite,male1293,Algic,-0.008600812947037644,3
Malecite,male1293,Algic,0.0700034636246889,4
Malecite,male1293,Algic,0.008577163274583258,5
Malecite,male1293,Algic,0.03661556104880623,6
Malecite,male1293,Algic,-0.03435827203579893,7
Malecite,male1293,Algic,-0.0020501602669146905,8
Malecite,male1293,Algic,-0.015830608786189124,9
Patani,pata1260,Austronesian,-0.01730176913939991,0
Patani,pata1260,Austronesian,0.015298178225842231,1
Patani,pata1260,Austronesian,0.03641786546234746,2
Patani,pata1260,Austronesian,-0.00832936731700299,3
Patani,pata1260,Austronesian,0.023739001681925727,4
Patani,pata1260,Austronesian,-0.038146274662992474,5
Patani,pata1260,Austronesian,-0.009747197957129243,6
Patani,pata1260,Austronesian,0.002905090202162497,7
Patani,pata1260,Austronesian,-0.031272884094232845,8
Patani,pata1260,Austronesian,-0.037719341997427866,9
Iraya,iray1237,Austronesian,0.008001397455320303,0
Iraya,iray1237,Austronesian,0.037416021752290925,1
Iraya,iray1237,Austronesian,0.02010370218344014,2
Iraya,iray1237,Austronesian,0.01006679296876678,3
Iraya,iray1237,Austronesian,-0.007207373381807035,4
Iraya,iray1237,Austronesian,-0.02081185733665608,5
Iraya,iray1237,Austronesian,-0.009769959698156971,6
Iraya,iray1237,Austronesian,-0.01012094584709837,7
Iraya,iray1237,Austronesian,0.012584614376603392,8
Iraya,iray1237,Austronesian,-0.0022746325848323713,9
Suzhou,suzh1234,Sino-Tibetan,-0.0005325854094514126,0
Suzhou,suzh1234,Sino-Tibetan,-0.010946718786793395,1
Suzhou,suzh1234,Sino-Tibetan,-0.020677795718842856,2
Suzhou,suzh1234,Sino-Tibetan,0.003167633238758094,3
Suzhou,suzh1234,Sino-Tibetan,-0.017492003060868472,4
Suzhou,suzh1234,Sino-Tibetan,0.016731076945830085,5
Suzhou,suzh1234,Sino-Tibetan,0.00593920707315689,6
Suzhou,suzh1234,Sino-Tibetan,0.012295101562912001,7
Suzhou,suzh1234,Sino-Tibetan,0.0006818857745826148,8
Suzhou,suzh1234,Sino-Tibetan,0.035643349450359074,9
Mohegan-Montauk-Narragansett,mohe1244,Algic,0.013159739563109916,0
Mohegan-Montauk-Narragansett,mohe1244,Algic,-0.001969702008733993,1
Mohegan-Montauk-Narragansett,mohe1244,Algic,0.045686751528330696,2
Mohegan-Montauk-Narragansett,mohe1244,Algic,-0.06322373829077935,3
Mohegan-Montauk-Narragansett,mohe1244,Algic,0.009978817791049487,4
Mohegan-Montauk-Narragansett,mohe1244,Algic,0.023875227454078142,5
Mohegan-Montauk-Narragansett,mohe1244,Algic,0.007646446963748432,6
Mohegan-Montauk-Narragansett,mohe1244,Algic,0.014087981777824273,7
Mohegan-Montauk-Narragansett,mohe1244,Algic,-0.032799621189202134,8
Mohegan-Montauk-Narragansett,mohe1244,Algic,-0.023779636025270966,9
Lake Miwok,lake1258,,-0.17160168225942066,0
Lake Miwok,lake1258,,-0.0490289057572594,1
Lake Miwok,lake1258,,0.1552582869161569,2
Lake Miwok,lake1258,,-0.04902890575725939,3
Lake Miwok,lake1258,,-0.049028905757259385,4
Lake Miwok,lake1258,,-0.04902890575725944,5
Lake Miwok,lake1258,,-0.049028905757259406,6
Lake Miwok,lake1258,,-0.049028905757259426,7
Lake Miwok,lake1258,,-0.04902890575725942,8
Lake Miwok,lake1258,,-0.00817169767163188,9
Satawalese,sata1237,Austronesian,-0.032453669780973055,0
Satawalese,sata1237,Austronesian,0.017284582018811907,1
Satawalese,sata1237,Austronesian,-0.04753265722822989,2
Satawalese,sata1237,Austronesian,0.006012938583031405,3
Satawalese,sata1237,Austronesian,-0.005930603270578564,4
Satawalese,sata1237,Austronesian,0.02978905058130646,5
Satawalese,sata1237,Austronesian,0.0026623541591746123,6
Satawalese,sata1237,Austronesian,0.03730729114254522,7
Satawalese,sata1237,Austronesian,0.011279353901886995,8
Satawalese,sata1237,Austronesian,-0.008791718615433933,9
Toda,toda1252,Dravidian,0.0421319915787776,0
Toda,toda1252,Dravidian,-0.026619003785534993,1
Toda,toda1252,Dravidian,0.03326648677952434,2
Toda,toda1252,Dravidian,-0.030445639367371106,3
Toda,toda1252,Dravidian,-0.07265201772650341,4
Toda,toda1252,Dravidian,0.047568988059591616,5
Toda,toda1252,Dravidian,0.0015246556815033119,6
Toda,toda1252,Dravidian,-0.012087966230560953,7
Toda,toda1252,Dravidian,0.06110424714272649,8
Toda,toda1252,Dravidian,-0.027779858029178876,9
Shipibo-Conibo,ship1254,Pano-Tacanan,0.020113370381014996,0
Shipibo-Conibo,ship1254,Pano-Tacanan,-0.0002902487789767674,1
Shipibo-Conibo,ship1254,Pano-Tacanan,0.03691958912384538,2
Shipibo-Conibo,ship1254,Pano-Tacanan,-0.024699602433380978,3
Shipibo-Conibo,ship1254,Pano-Tacanan,-0.0070698960265838055,4
Shipibo-Conibo,ship1254,Pano-Tacanan,-0.003331560460212245,5
Shipibo-Conibo,ship1254,Pano-Tacanan,0.060977738378333465,6
Shipibo-Conibo,ship1254,Pano-Tacanan,-0.008029376759867042,7
Shipibo-Conibo,ship1254,Pano-Tacanan,-0.003908361256025429,8
Shipibo-Conibo,ship1254,Pano-Tacanan,-0.027445882661817366,9
Neme,neme1244,,-0.03957535266913502,0
Neme,neme1244,,-0.012791840751895718,1
Neme,neme1244,,-0.0061999037939518085,2
Neme,neme1244,,-0.01613393804538055,3
Neme,neme1244,,-0.03693160466499528,4
Neme,neme1244,,-0.02669409931204477,5
Neme,neme1244,,0.02569257462869019,6
Neme,neme1244,,-0.038383889380130404,7
Neme,neme1244,,-0.04975323349412692,8
Neme,neme1244,,-0.01939085444082228,9
Fipa,fipa1238,Atlantic-Congo,-0.013421490363009408,0
Fipa,fipa1238,Atlantic-Congo,-0.025536926359329505,1
Fipa,fipa1238,Atlantic-Congo,-0.014240234816874177,2
Fipa,fipa1238,Atlantic-Congo,0.01383254488472738,3
Fipa,fipa1238,Atlantic-Congo,0.016066105640301802,4
Fipa,fipa1238,Atlantic-Congo,0.015969607860589614,5
Fipa,fipa1238,Atlantic-Congo,0.010530750603936177,6
Fipa,fipa1238,Atlantic-Congo,-0.004262905535222985,7
Fipa,fipa1238,Atlantic-Congo,0.010471602761353872,8
Fipa,fipa1238,Atlantic-Congo,-0.008366994209917062,9
Jurúna,juru1256,Tupian,-0.0046475810419477626,0
Jurúna,juru1256,Tupian,-0.011284528760692978,1
Jurúna,juru1256,Tupian,0.00023955012788507823,2
Jurúna,juru1256,Tupian,-0.011142048503251794,3
Jurúna,juru1256,Tupian,0.004820936979721957,4
Jurúna,juru1256,Tupian,-0.016871401746277465,5
Jurúna,juru1256,Tupian,-0.0017465953974100971,6
Jurúna,juru1256,Tupian,-0.009365087519519838,7
Jurúna,juru1256,Tupian,-0.0005951664955085739,8
Jurúna,juru1256,Tupian,0.008584541801011517,9
Sibe,sibe1248,South Bougainville,-0.020167908129576268,0
Sibe,sibe1248,South Bougainville,-0.009808311725951663,1
Sibe,sibe1248,South Bougainville,-0.01294862981864721,2
Sibe,sibe1248,South Bougainville,0.021190656941319663,3
Sibe,sibe1248,South Bougainville,0.001119971349155439,4
Sibe,sibe1248,South Bougainville,-0.01218690454636328,5
Sibe,sibe1248,South Bougainville,-0.0031243318461683725,6
Sibe,sibe1248,South Bougainville,0.04754849617372356,7
Sibe,sibe1248,South Bougainville,-0.015574392199961332,8
Sibe,sibe1248,South Bougainville,-0.00021407493615976242,9
Punu,punu1239,Atlantic-Congo,0.11186231587159207,0
Punu,punu1239,Atlantic-Congo,0.045814057661912454,1
Punu,punu1239,Atlantic-Congo,-0.024534602938741018,2
Punu,punu1239,Atlantic-Congo,0.12155446228811542,3
Punu,punu1239,Atlantic-Congo,0.04797304440825416,4
Punu,punu1239,Atlantic-Congo,0.016346162495595902,5
Punu,punu1239,Atlantic-Congo,0.311697843779967,6
Punu,punu1239,Atlantic-Congo,-0.07873948227582317,7
Punu,punu1239,Atlantic-Congo,0.08172337246020817,8
Punu,punu1239,Atlantic-Congo,-0.011669374524137606,9
Páez,paez1247,,-0.03646151188033473,0
Páez,paez1247,,0.08852748369405775,1
Páez,paez1247,,0.10518258195953648,2
Páez,paez1247,,0.010235071471600136,3
Páez,paez1247,,0.02556989271954401,4
Páez,paez1247,,-0.036487638775463085,5
Páez,paez1247,,-0.0386877612833154,6
Páez,paez1247,,0.015810819476187624,7
Páez,paez1247,,0.00617205675862687,8
Páez,paez1247,,-0.005170686319869296,9
Ratagnon,rata1245,Austronesian,0.004195598839048055,0
Ratagnon,rata1245,Austronesian,0.0285393980423725,1
Ratagnon,rata1245,Austronesian,0.047660374916900713,2
Ratagnon,rata1245,Austronesian,0.02633470798629007,3
Ratagnon,rata1245,Austronesian,0.07582239606270366,4
Ratagnon,rata1245,Austronesian,0.08406572424656973,5
Ratagnon,rata1245,Austronesian,-0.03375832194553938,6
Ratagnon,rata1245,Austronesian,-0.008961664374085344,7
Ratagnon,rata1245,Austronesian,-0.02838704516945249,8
Ratagnon,rata1245,Austronesian,-0.006605441063790393,9
Atchin,atch1238,Austronesian,-0.011949593728240594,0
Atchin,atch1238,Austronesian,-0.031118129077942373,1
Atchin,atch1238,Austronesian,-0.028905747386871638,2
Atchin,atch1238,Austronesian,-0.0067793022591729315,3
Atchin,atch1238,Austronesian,0.037143482132751655,4
Atchin,atch1238,Austronesian,0.030326666081697342,5
Atchin,atch1238,Austronesian,0.024497631077120136,6
Atchin,atch1238,Austronesian,-0.002162394759919631,7
Atchin,atch1238,Austronesian,0.010516976912224203,8
Atchin,atch1238,Austronesian,0.003910550232353085,9
Taje,taje1237,Austronesian,-0.0007804140090141155,0
Taje,taje1237,Austronesian,0.00521592851527496,1
Taje,taje1237,Austronesian,0.014002881000159027,2
Taje,taje1237,Austronesian,-0.01261172914429811,3
Taje,taje1237,Austronesian,0.0022485790438441892,4
Taje,taje1237,Austronesian,-0.006306167955305872,5
Taje,taje1237,Austronesian,-0.007548993936922587,6
Taje,taje1237,Austronesian,-0.015175586478489728,7
Taje,taje1237,Austronesian,0.017914254986668245,8
Taje,taje1237,Austronesian,-0.009262292836816389,9
Setaman,seta1246,Nuclear Trans New Guinea,-0.01319533408402677,0
Setaman,seta1246,Nuclear Trans New Guinea,-0.018418103241622866,1
Setaman,seta1246,Nuclear Trans New Guinea,0.015447496691280154,2
Setaman,seta1246,Nuclear Trans New Guinea,-0.020899590876069137,3
Setaman,seta1246,Nuclear Trans New Guinea,-0.00845058080832089,4
Setaman,seta1246,Nuclear Trans New Guinea,0.025507745163482365,5
Setaman,seta1246,Nuclear Trans New Guinea,0.04110144547019362,6
Setaman,seta1246,Nuclear Trans New Guinea,-0.03110440070773338,7
Setaman,seta1246,Nuclear Trans New Guinea,-0.012171836068899485,8
Setaman,seta1246,Nuclear Trans New Guinea,0.008637844580469883,9
Dandami Maria,dand1238,Dravidian,-0.019786585054099876,0
Dandami Maria,dand1238,Dravidian,-0.028242027351591377,1
Dandami Maria,dand1238,Dravidian,0.00811679690367613,2
Dandami Maria,dand1238,Dravidian,-0.03860307263721863,3
Dandami Maria,dand1238,Dravidian,0.02112704629717415,4
Dandami Maria,dand1238,Dravidian,-0.03659930065332534,5
Dandami Maria,dand1238,Dravidian,-0.004332058088932346,6
Dandami Maria,dand1238,Dravidian,0.017717442624326393,7
Dandami Maria,dand1238,Dravidian,-0.01297057216139699,8
Dandami Maria,dand1238,Dravidian,-0.016664074469723834,9
Eipomek,eipo1242,Nuclear Trans New Guinea,0.016528566077796937,0
Eipomek,eipo1242,Nuclear Trans New Guinea,-0.0021040621240570588,1
Eipomek,eipo1242,Nuclear Trans New Guinea,0.021619674642240128,2
Eipomek,eipo1242,Nuclear Trans New Guinea,-0.00247781317526608,3
Eipomek,eipo1242,Nuclear Trans New Guinea,-0.030472696758011657,4
Eipomek,eipo1242,Nuclear Trans New Guinea,-0.011456767074701639,5
Eipomek,eipo1242,Nuclear Trans New Guinea,-0.0033191940030782366,6
Eipomek,eipo1242,Nuclear Trans New Guinea,-0.0044030406441982915,7
Eipomek,eipo1242,Nuclear Trans New Guinea,-0.032336817008964555,8
Eipomek,eipo1242,Nuclear Trans New Guinea,0.017367306295770078,9
Tadyawan,tady1237,Austronesian,-0.03779614768484559,0
Tadyawan,tady1237,Austronesian,-0.04356624225817038,1
Tadyawan,tady1237,Austronesian,0.046143275800821726,2
Tadyawan,tady1237,Austronesian,-0.04016071266881094,3
Tadyawan,tady1237,Austronesian,-0.008421333065682525,4
Tadyawan,tady1237,Austronesian,0.004103643591822727,5
Tadyawan,tady1237,Austronesian,-0.02835005570584008,6
Tadyawan,tady1237,Austronesian,-0.010003885004131394,7
Tadyawan,tady1237,Austronesian,0.014976955374181013,8
Tadyawan,tady1237,Austronesian,0.02810646770690583,9
Biri,biri1256,Pama-Nyungan,0.019048728249684063,0
Biri,biri1256,Pama-Nyungan,0.003376593136716351,1
Biri,biri1256,Pama-Nyungan,-0.0026269993177447893,2
Biri,biri1256,Pama-Nyungan,0.00653979684699215,3
Biri,biri1256,Pama-Nyungan,-0.02466352838623606,4
Biri,biri1256,Pama-Nyungan,-0.011212126292163914,5
Biri,biri1256,Pama-Nyungan,-0.019882574320336435,6
Biri,biri1256,Pama-Nyungan,0.006479743699861203,7
Biri,biri1256,Pama-Nyungan,-0.011112890403970267,8
Biri,biri1256,Pama-Nyungan,-0.004348235487959963,9
Choctaw,choc1276,,-0.00851607237807908,0
Choctaw,choc1276,,0.004706044233937575,1
Choctaw,choc1276,,0.01006254633610703,2
Choctaw,choc1276,,-0.001354916282473753,3
Choctaw,choc1276,,0.007284097328683349,4
Choctaw,choc1276,,0.004013783477591489,5
Choctaw,choc1276,,-0.00894012506816792,6
Choctaw,choc1276,,0.0041766964979274785,7
Choctaw,choc1276,,0.026986145039762974,8
Choctaw,choc1276,,-0.015679560338919686,9
Rundi,rund1242,Atlantic-Congo,0.027896987458603813,0
Rundi,rund1242,Atlantic-Congo,-0.031770899762390926,1
Rundi,rund1242,Atlantic-Congo,-0.02045606304745658,2
Rundi,rund1242,Atlantic-Congo,0.00133612779246879,3
Rundi,rund1242,Atlantic-Congo,0.007259586210591595,4
Rundi,rund1242,Atlantic-Congo,0.03482228744432116,5
Rundi,rund1242,Atlantic-Congo,-0.013195924220528638,6
Rundi,rund1242,Atlantic-Congo,0.013526886628492921,7
Rundi,rund1242,Atlantic-Congo,-0.005304098053647183,8
Rundi,rund1242,Atlantic-Congo,-0.00048431117905029766,9
Ritarungo,rita1239,Pama-Nyungan,-0.04258375001540901,0
Ritarungo,rita1239,Pama-Nyungan,0.005531774326761495,1
Ritarungo,rita1239,Pama-Nyungan,-0.001609610286531009,2
Ritarungo,rita1239,Pama-Nyungan,0.011299770063623378,3
Ritarungo,rita1239,Pama-Nyungan,0.00846996715449537,4
Ritarungo,rita1239,Pama-Nyungan,-0.013283763573544927,5
Ritarungo,rita1239,Pama-Nyungan,0.0014286620168150665,6
Ritarungo,rita1239,Pama-Nyungan,0.011747981378924782,7
Ritarungo,rita1239,Pama-Nyungan,-0.0192066202904604,8
Ritarungo,rita1239,Pama-Nyungan,-0.014179350935340087,9
Yaka-Pelende-Lonzo,yaka1269,Atlantic-Congo,0.015018450889332081,0
Yaka-Pelende-Lonzo,yaka1269,Atlantic-Congo,0.012111372480839898,1
Yaka-Pelende-Lonzo,yaka1269,Atlantic-Congo,-0.01954348437556743,2
Yaka-Pelende-Lonzo,yaka1269,Atlantic-Congo,0.007506425712467766,3
Yaka-Pelende-Lonzo,yaka1269,Atlantic-Congo,0.011758350090709519,4
Yaka-Pelende-Lonzo,yaka1269,Atlantic-Congo,-0.010983043710109006,5
Yaka-Pelende-Lonzo,yaka1269,Atlantic-Congo,0.000935818066274058,6
Yaka-Pelende-Lonzo,yaka1269,Atlantic-Congo,-0.012353479378506522,7
Yaka-Pelende-Lonzo,yaka1269,Atlantic-Congo,0.014291394488258119,8
Yaka-Pelende-Lonzo,yaka1269,Atlantic-Congo,-0.006750616752154111,9
Northern Tepehuan,nort2959,Uto-Aztecan,-0.05039410188887269,0
Northern Tepehuan,nort2959,Uto-Aztecan,-0.011768934262641586,1
Northern Tepehuan,nort2959,Uto-Aztecan,0.0647487123707103,2
Northern Tepehuan,nort2959,Uto-Aztecan,-0.04478655628937363,3
Northern Tepehuan,nort2959,Uto-Aztecan,-0.00132119356211109,4
Northern Tepehuan,nort2959,Uto-Aztecan,-0.048498983827745035,5
Northern Tepehuan,nort2959,Uto-Aztecan,0.019913456037699943,6
Northern Tepehuan,nort2959,Uto-Aztecan,0.039776285715118445,7
Northern Tepehuan,nort2959,Uto-Aztecan,-0.012663443494594187,8
Northern Tepehuan,nort2959,Uto-Aztecan,0.0589690449743987,9
Breton,bret1244,Indo-European,0.005847132707323228,0
Breton,bret1244,Indo-European,-0.03862359693364492,1
Breton,bret1244,Indo-European,0.05471692586911067,2
Breton,bret1244,Indo-European,-0.022556329021912486,3
Breton,bret1244,Indo-European,0.04520686265880668,4
Breton,bret1244,Indo-European,-0.0029557259298021625,5
Breton,bret1244,Indo-European,0.027038651128129,6
Breton,bret1244,Indo-European,0.01904077441854124,7
Breton,bret1244,Indo-European,0.013910919711231082,8
Breton,bret1244,Indo-European,-0.026007793099861197,9
Mahasu Pahari,maha1287,Indo-European,0.018984766215308174,0
Mahasu Pahari,maha1287,Indo-European,-0.046325564800819403,1
Mahasu Pahari,maha1287,Indo-European,-0.023803476966366338,2
Mahasu Pahari,maha1287,Indo-European,-0.06053218223145966,3
Mahasu Pahari,maha1287,Indo-European,-0.013552808886808054,4
Mahasu Pahari,maha1287,Indo-European,0.03451192782021412,5
Mahasu Pahari,maha1287,Indo-European,-0.04459832762313251,6
Mahasu Pahari,maha1287,Indo-European,-0.03945131723174345,7
Mahasu Pahari,maha1287,Indo-European,0.020539869196723015,8
Mahasu Pahari,maha1287,Indo-European,-0.012613403491433351,9
Binongan Itneg,bino1237,Austronesian,-0.023669538203113027,0
Binongan Itneg,bino1237,Austronesian,0.00849254697420561,1
Binongan Itneg,bino1237,Austronesian,0.027792182658864267,2
Binongan Itneg,bino1237,Austronesian,0.0015366804744003362,3
Binongan Itneg,bino1237,Austronesian,0.009019631966628375,4
Binongan Itneg,bino1237,Austronesian,0.06471314499823022,5
Binongan Itneg,bino1237,Austronesian,-0.03261764970608958,6
Binongan Itneg,bino1237,Austronesian,0.01305387419098219,7
Binongan Itneg,bino1237,Austronesian,-0.018180765446825196,8
Binongan Itneg,bino1237,Austronesian,0.013795175305101671,9
Kaonde,kaon1241,Atlantic-Congo,-5.690529767439674e-05,0
Kaonde,kaon1241,Atlantic-Congo,0.021589770217972627,1
Kaonde,kaon1241,Atlantic-Congo,0.0006222257508384319,2
Kaonde,kaon1241,Atlantic-Congo,0.050565693226832985,3
Kaonde,kaon1241,Atlantic-Congo,-0.040039852226894136,4
Kaonde,kaon1241,Atlantic-Congo,0.0364487673015296,5
Kaonde,kaon1241,Atlantic-Congo,0.02243622488481116,6
Kaonde,kaon1241,Atlantic-Congo,0.05190263186888411,7
Kaonde,kaon1241,Atlantic-Congo,-0.022375183694086878,8
Kaonde,kaon1241,Atlantic-Congo,0.053261701505670875,9
Algonquin,algo1255,Algic,-0.004931078843495607,0
Algonquin,algo1255,Algic,-0.040548318149663067,1
Algonquin,algo1255,Algic,-0.009892127818206226,2
Algonquin,algo1255,Algic,0.015282773760700412,3
Algonquin,algo1255,Algic,0.0036799085557844557,4
Algonquin,algo1255,Algic,-0.026888370246629205,5
Algonquin,algo1255,Algic,0.009433300183328107,6
Algonquin,algo1255,Algic,0.019148240872445717,7
Algonquin,algo1255,Algic,-0.02093682891798489,8
Algonquin,algo1255,Algic,-0.006414742688577101,9
Baure,baur1253,Arawakan,-0.007720447099061179,0
Baure,baur1253,Arawakan,0.2316228972550186,1
Baure,baur1253,Arawakan,0.015031859966232162,2
Baure,baur1253,Arawakan,0.08545005485579019,3
Baure,baur1253,Arawakan,0.04677019735684966,4
Baure,baur1253,Arawakan,-0.06048855874942321,5
Baure,baur1253,Arawakan,-0.027914858674303974,6
Baure,baur1253,Arawakan,-0.0166788176634651,7
Baure,baur1253,Arawakan,-0.017156422526827458,8
Baure,baur1253,Arawakan,0.013479077254028582,9
Malayalam,mala1464,Dravidian,0.026059863725001024,0
Malayalam,mala1464,Dravidian,0.08782197941389051,1
Malayalam,mala1464,Dravidian,-0.0783287217567568,2
Malayalam,mala1464,Dravidian,-0.0583789287520265,3
Malayalam,mala1464,Dravidian,0.04159405074438643,4
Malayalam,mala1464,Dravidian,-0.06409677195521823,5
Malayalam,mala1464,Dravidian,-0.08958945902786465,6
Malayalam,mala1464,Dravidian,-0.02889092607409755,7
Malayalam,mala1464,Dravidian,-0.00199653466637022,8
Malayalam,mala1464,Dravidian,-0.034183637019161314,9
Gwich'in,gwic1235,,0.015553148985305805,0
Gwich'in,gwic1235,,-0.02329147433523257,1
Gwich'in,gwic1235,,-0.020979115661475697,2
Gwich'in,gwic1235,,0.0005484195494776566,3
Gwich'in,gwic1235,,0.010601953709690614,4
Gwich'in,gwic1235,,0.01777855283893484,5
Gwich'in,gwic1235,,0.001175621366685376,6
Gwich'in,gwic1235,,-0.01141101709163926,7
Gwich'in,gwic1235,,-0.029623702328745317,8
Gwich'in,gwic1235,,-0.029805691099108134,9
Nengone,neng1238,Austronesian,-0.00028042012954695034,0
Nengone,neng1238,Austronesian,-0.0061476599607171905,1
Nengone,neng1238,Austronesian,0.020386657421588492,2
Nengone,neng1238,Austronesian,-0.010216786930920395,3
Nengone,neng1238,Austronesian,-0.026634737932671723,4
Nengone,neng1238,Austronesian,-0.015791475547740224,5
Nengone,neng1238,Austronesian,-0.006148092974158243,6
Nengone,neng1238,Austronesian,0.0015075393294835102,7
Nengone,neng1238,Austronesian,-0.017530323848976157,8
Nengone,neng1238,Austronesian,-0.020510606975328693,9
Ayoreo,ayor1240,,-0.024534538900407105,0
Ayoreo,ayor1240,,-0.0290824730535502,1
Ayoreo,ayor1240,,-0.01634427005520167,2
Ayoreo,ayor1240,,-0.0021400125704873737,3
Ayoreo,ayor1240,,-0.03895668393781099,4
Ayoreo,ayor1240,,0.10066083118236852,5
Ayoreo,ayor1240,,0.04167952710822924,6
Ayoreo,ayor1240,,-0.02456123655159717,7
Ayoreo,ayor1240,,0.0468105228665167,8
Ayoreo,ayor1240,,-0.023445439198242553,9
Northern Kankanay,nort2877,Austronesian,0.048859346735397255,0
Northern Kankanay,nort2877,Austronesian,-0.039757678136332054,1
Northern Kankanay,nort2877,Austronesian,-0.07257114642906407,2
Northern Kankanay,nort2877,Austronesian,-0.06762682845635354,3
Northern Kankanay,nort2877,Austronesian,0.033747360420681584,4
Northern Kankanay,nort2877,Austronesian,-0.014614606149437447,5
Northern Kankanay,nort2877,Austronesian,-0.023964795596290875,6
Northern Kankanay,nort2877,Austronesian,0.05797424811359902,7
Northern Kankanay,nort2877,Austronesian,0.0037282384843307136,8
Northern Kankanay,nort2877,Austronesian,-0.04844895721580837,9
Kodeoha,kode1237,Austronesian,0.018772881710430123,0
Kodeoha,kode1237,Austronesian,0.01182762556602189,1
Kodeoha,kode1237,Austronesian,0.018331316442003056,2
Kodeoha,kode1237,Austronesian,0.04831339979251429,3
Kodeoha,kode1237,Austronesian,0.10609770549646931,4
Kodeoha,kode1237,Austronesian,0.062194728773384236,5
Kodeoha,kode1237,Austronesian,0.017616368407905432,6
Kodeoha,kode1237,Austronesian,0.08560107484552879,7
Kodeoha,kode1237,Austronesian,0.05465447082643371,8
Kodeoha,kode1237,Austronesian,-0.026538244795175896,9
Lubuagan Kalinga,lubu1243,Austronesian,-0.031829081332958656,0
Lubuagan Kalinga,lubu1243,Austronesian,-0.019640821466311006,1
Lubuagan Kalinga,lubu1243,Austronesian,0.02395217485690706,2
Lubuagan Kalinga,lubu1243,Austronesian,-0.03042811260895037,3
Lubuagan Kalinga,lubu1243,Austronesian,0.10149202547555475,4
Lubuagan Kalinga,lubu1243,Austronesian,-0.03525810012995469,5
Lubuagan Kalinga,lubu1243,Austronesian,0.027485350947273994,6
Lubuagan Kalinga,lubu1243,Austronesian,0.03321610824838491,7
Lubuagan Kalinga,lubu1243,Austronesian,-0.05758510204360344,8
Lubuagan Kalinga,lubu1243,Austronesian,-0.0282883388384424,9
Watam,wata1253,Lower Sepik-Ramu,0.02635889562003499,0
Watam,wata1253,Lower Sepik-Ramu,-0.010372241083563334,1
Watam,wata1253,Lower Sepik-Ramu,-0.014323395554041376,2
Watam,wata1253,Lower Sepik-Ramu,-0.004214259600953592,3
Watam,wata1253,Lower Sepik-Ramu,-0.01098849552470706,4
Watam,wata1253,Lower Sepik-Ramu,0.04693483950830226,5
Watam,wata1253,Lower Sepik-Ramu,0.010253308849893117,6
Watam,wata1253,Lower Sepik-Ramu,0.03774164465742309,7
Watam,wata1253,Lower Sepik-Ramu,0.015335486494533465,8
Watam,wata1253,Lower Sepik-Ramu,0.014695088333752878,9
Malua Bay,malu1245,Austronesian,0.0006873869003646035,0
Malua Bay,malu1245,Austronesian,0.047101395389302726,1
Malua Bay,malu1245,Austronesian,0.014863380999622054,2
Malua Bay,malu1245,Austronesian,0.011104410983909668,3
Malua Bay,malu1245,Austronesian,-0.00024887135160844235,4
Malua Bay,malu1245,Austronesian,-0.0006379072013324046,5
Malua Bay,malu1245,Austronesian,0.0004285468769152574,6
Malua Bay,malu1245,Austronesian,-0.0381341520650912,7
Malua Bay,malu1245,Austronesian,-0.02537053310935299,8
Malua Bay,malu1245,Austronesian,-0.015055040311775826,9
Paiwan,paiw1248,Austronesian,-0.019526194488630744,0
Paiwan,paiw1248,Austronesian,-0.021605687106905833,1
Paiwan,paiw1248,Austronesian,-0.00892359129230623,2
Paiwan,paiw1248,Austronesian,-0.0035387532643084947,3
Paiwan,paiw1248,Austronesian,0.030233083787737147,4
Paiwan,paiw1248,Austronesian,0.06882223479104492,5
Paiwan,paiw1248,Austronesian,-0.031813376080445745,6
Paiwan,paiw1248,Austronesian,-0.04678886440614924,7
Paiwan,paiw1248,Austronesian,-0.016027528176387598,8
Paiwan,paiw1248,Austronesian,-0.02490176769461877,9
Koya,koya1251,Dravidian,0.011837377903166607,0
Koya,koya1251,Dravidian,-0.010355970071025266,1
Koya,koya1251,Dravidian,-0.018202859558780905,2
Koya,koya1251,Dravidian,0.0213731557209221,3
Koya,koya1251,Dravidian,-0.019296789233915722,4
Koya,koya1251,Dravidian,3.6781500779745755e-05,5
Koya,koya1251,Dravidian,0.008217680653433737,6
Koya,koya1251,Dravidian,0.011560118260724863,7
Koya,koya1251,Dravidian,-0.012315181153884977,8
Koya,koya1251,Dravidian,0.01395738137552763,9
Moni,moni1261,Nuclear Trans New Guinea,0.02716718808175979,0
Moni,moni1261,Nuclear Trans New Guinea,-0.011649644133164603,1
Moni,moni1261,Nuclear Trans New Guinea,-0.04366960186155438,2
Moni,moni1261,Nuclear Trans New Guinea,-0.014556855115304601,3
Moni,moni1261,Nuclear Trans New Guinea,0.0037958740755958363,4
Moni,moni1261,Nuclear Trans New Guinea,0.055738156672883135,5
Moni,moni1261,Nuclear Trans New Guinea,-0.0383352694335255,6
Moni,moni1261,Nuclear Trans New Guinea,0.00037313254239051627,7
Moni,moni1261,Nuclear Trans New Guinea,-0.03010335911221219,8
Moni,moni1261,Nuclear Trans New Guinea,-0.0030338880514685198,9
Sinhala,sinh1246,Indo-European,0.02046391008439482,0
Sinhala,sinh1246,Indo-European,0.018891603190708376,1
Sinhala,sinh1246,Indo-European,0.03055783318212783,2
Sinhala,sinh1246,Indo-European,0.021768902189265825,3
Sinhala,sinh1246,Indo-European,0.0056945796241529515,4
Sinhala,sinh1246,Indo-European,0.019821947943373604,5
Sinhala,sinh1246,Indo-European,0.005771690173699633,6
Sinhala,sinh1246,Indo-European,0.003571088114497933,7
Sinhala,sinh1246,Indo-European,0.007391330679680305,8
Sinhala,sinh1246,Indo-European,-0.015182279989111133,9
Batlux,batl1238,Nakh-Daghestanian,0.020140026766840256,0
Batlux,batl1238,Nakh-Daghestanian,-0.0062458800395516064,1
Batlux,batl1238,Nakh-Daghestanian,0.010795491696819006,2
Batlux,batl1238,Nakh-Daghestanian,0.002627053135156798,3
Batlux,batl1238,Nakh-Daghestanian,0.003798004151003246,4
Batlux,batl1238,Nakh-Daghestanian,-0.03601761191433602,5
Batlux,batl1238,Nakh-Daghestanian,0.004270515514207078,6
Batlux,batl1238,Nakh-Daghestanian,-0.02449742387240502,7
Batlux,batl1238,Nakh-Daghestanian,-0.029576487259484217,8
Batlux,batl1238,Nakh-Daghestanian,0.008760046012975534,9
Icari,icar1234,Nakh-Daghestanian,-0.02106971000735835,0
Icari,icar1234,Nakh-Daghestanian,-0.02238481570339742,1
Icari,icar1234,Nakh-Daghestanian,-0.04616157008245013,2
Icari,icar1234,Nakh-Daghestanian,0.006462576882890109,3
Icari,icar1234,Nakh-Daghestanian,-0.012644318773300944,4
Icari,icar1234,Nakh-Daghestanian,0.02598647556872465,5
Icari,icar1234,Nakh-Daghestanian,-0.004865527974732665,6
Icari,icar1234,Nakh-Daghestanian,-0.03609460079270434,7
Icari,icar1234,Nakh-Daghestanian,-0.020757480542741437,8
Icari,icar1234,Nakh-Daghestanian,-0.006845491532832154,9
Kuku-Yalanji,kuku1273,Pama-Nyungan,-0.008136443579175874,0
Kuku-Yalanji,kuku1273,Pama-Nyungan,0.029830624623042402,1
Kuku-Yalanji,kuku1273,Pama-Nyungan,-0.014830117936317298,2
Kuku-Yalanji,kuku1273,Pama-Nyungan,-0.017316012010970293,3
Kuku-Yalanji,kuku1273,Pama-Nyungan,0.044458091870644145,4
Kuku-Yalanji,kuku1273,Pama-Nyungan,0.04609443559729374,5
Kuku-Yalanji,kuku1273,Pama-Nyungan,-0.02415970182918655,6
Kuku-Yalanji,kuku1273,Pama-Nyungan,0.029934738168902617,7
Kuku-Yalanji,kuku1273,Pama-Nyungan,-0.008256622792567097,8
Kuku-Yalanji,kuku1273,Pama-Nyungan,0.006681675418138534,9
Barí,bari1297,,0.012105268733672802,0
Barí,bari1297,,0.03857972031593969,1
Barí,bari1297,,-0.01946476477985678,2
Barí,bari1297,,0.08374602621171168,3
Barí,bari1297,,-0.033191280332878055,4
Barí,bari1297,,-0.006047010376644834,5
Barí,bari1297,,-0.0054582093881998806,6
Barí,bari1297,,-0.03952802157885575,7
Barí,bari1297,,-0.03053606262338164,8
Barí,bari1297,,-0.02308980125582647,9
Kayardild-Yangkaal,kaya1318,,0.025210037747017522,0
Kayardild-Yangkaal,kaya1318,,0.004900811299585269,1
Kayardild-Yangkaal,kaya1318,,-0.047974511334607575,2
Kayardild-Yangkaal,kaya1318,,0.011128651283012029,3
Kayardild-Yangkaal,kaya1318,,-0.018691920710131815,4
Kayardild-Yangkaal,kaya1318,,-0.001066744053949974,5
Kayardild-Yangkaal,kaya1318,,-0.0313798098288188,6
Kayardild-Yangkaal,kaya1318,,0.046535467943033884,7
Kayardild-Yangkaal,kaya1318,,0.034033151625817486,8
Kayardild-Yangkaal,kaya1318,,0.015267887669533829,9
Buli,buli1256,Austronesian,0.021898670313734325,0
Buli,buli1256,Austronesian,0.03863520415389414,1
Buli,buli1256,Austronesian,-0.04674822273322167,2
Buli,buli1256,Austronesian,0.019695259468183277,3
Buli,buli1256,Austronesian,-0.03275597576990817,4
Buli,buli1256,Austronesian,-0.000866110176294891,5
Buli,buli1256,Austronesian,0.00692226516610407,6
Buli,buli1256,Austronesian,0.011050343150505633,7
Buli,buli1256,Austronesian,-0.017665320720246208,8
Buli,buli1256,Austronesian,-0.013196888591032283,9
Songoora,song1300,Atlantic-Congo,0.06934764455611582,0
Songoora,song1300,Atlantic-Congo,0.03169488880451269,1
Songoora,song1300,Atlantic-Congo,-0.030434052955335595,2
Songoora,song1300,Atlantic-Congo,0.049478386953699216,3
Songoora,song1300,Atlantic-Congo,-0.010492800227126108,4
Songoora,song1300,Atlantic-Congo,-0.04291624124121296,5
Songoora,song1300,Atlantic-Congo,-0.018076408118323332,6
Songoora,song1300,Atlantic-Congo,-0.03258049082071383,7
Songoora,song1300,Atlantic-Congo,0.015816824876248387,8
Songoora,song1300,Atlantic-Congo,0.014032396384343587,9
Cherokee,cher1273,,-0.016320313563005028,0
Cherokee,cher1273,,-0.04414243854663039,1
Cherokee,cher1273,,-0.019201419754302368,2
Cherokee,cher1273,,0.003809401470279045,3
Cherokee,cher1273,,0.012729870961630321,4
Cherokee,cher1273,,0.005256205789870271,5
Cherokee,cher1273,,-0.004342614833334176,6
Cherokee,cher1273,,0.0029303378273512364,7
Cherokee,cher1273,,-0.01548242258649498,8
Cherokee,cher1273,,0.06263503174379749,9
Lelepa,lele1267,Austronesian,0.016719142949521513,0
Lelepa,lele1267,Austronesian,-0.005448685006964219,1
Lelepa,lele1267,Austronesian,-0.018413617174414997,2
Lelepa,lele1267,Austronesian,-0.02088588100500009,3
Lelepa,lele1267,Austronesian,0.01058401139160561,4
Lelepa,lele1267,Austronesian,-0.028242654448238737,5
Lelepa,lele1267,Austronesian,-0.010094823952986423,6
Lelepa,lele1267,Austronesian,-0.029154960193681856,7
Lelepa,lele1267,Austronesian,-0.03474725225190414,8
Lelepa,lele1267,Austronesian,-0.0006539872383413566,9
Common Delaware,comm1246,Algic,-0.016931089762479843,0
Common Delaware,comm1246,Algic,-0.0353922339323543,1
Common Delaware,comm1246,Algic,-0.030589964103395945,2
Common Delaware,comm1246,Algic,0.03581137562284947,3
Common Delaware,comm1246,Algic,-0.024154247573557063,4
Common Delaware,comm1246,Algic,0.04991549410733365,5
Common Delaware,comm1246,Algic,0.027418373520494005,6
Common Delaware,comm1246,Algic,-0.012575533153655373,7
Common Delaware,comm1246,Algic,0.037367406667889305,8
Common Delaware,comm1246,Algic,0.0469074527277359,9
Chamorro,cham1312,Austronesian,-0.033998381123448884,0
Chamorro,cham1312,Austronesian,-0.013907759376567312,1
Chamorro,cham1312,Austronesian,-0.006081368509410106,2
Chamorro,cham1312,Austronesian,0.02895703190196445,3
Chamorro,cham1312,Austronesian,0.025869429991846365,4
Chamorro,cham1312,Austronesian,-0.018161778068930438,5
Chamorro,cham1312,Austronesian,-0.0015164666769864378,6
Chamorro,cham1312,Austronesian,0.05179464938336334,7
Chamorro,cham1312,Austronesian,-0.035738066239189736,8
Chamorro,cham1312,Austronesian,0.006988122328255857,9
Hindi,hind1269,Indo-European,0.002274082127762823,0
Hindi,hind1269,Indo-European,-0.0065088907467840355,1
Hindi,hind1269,Indo-European,0.025111379260625975,2
Hindi,hind1269,Indo-European,-0.006473408664104331,3
Hindi,hind1269,Indo-European,0.02284089125760315,4
Hindi,hind1269,Indo-European,-0.007868853329148565,5
Hindi,hind1269,Indo-European,-0.00890966116264658,6
Hindi,hind1269,Indo-European,0.0019941912540900773,7
Hindi,hind1269,Indo-European,0.012061613596706065,8
Hindi,hind1269,Indo-European,-0.0012531762267588109,9
Ojibwa,ojib1241,Algic,0.019274214651671114,0
Ojibwa,ojib1241,Algic,-0.03019585804630271,1
Ojibwa,ojib1241,Algic,0.012922040300970813,2
Ojibwa,ojib1241,Algic,-0.013149471666374379,3
Ojibwa,ojib1241,Algic,-0.0011504328746098648,4
Ojibwa,ojib1241,Algic,0.017531002561485227,5
Ojibwa,ojib1241,Algic,0.03105402838163342,6
Ojibwa,ojib1241,Algic,0.0018367866493456883,7
Ojibwa,ojib1241,Algic,0.029652687594653716,8
Ojibwa,ojib1241,Algic,0.019983349571146468,9
Seneca,sene1264,,-0.033198283845582904,0
Seneca,sene1264,,0.016415657130174233,1
Seneca,sene1264,,-0.002585858115949781,2
Seneca,sene1264,,-0.014396749301156113,3
Seneca,sene1264,,0.04446987691931974,4
Seneca,sene1264,,-0.007548560209911602,5
Seneca,sene1264,,0.002561317145834896,6
Seneca,sene1264,,0.0024788352338698276,7
Seneca,sene1264,,-0.01518655290271982,8
Seneca,sene1264,,0.012799195196895959,9
Aguaruna,agua1253,,0.007998555974835198,0
Aguaruna,agua1253,,0.025588725040924548,1
Aguaruna,agua1253,,-0.02540591721798226,2
Aguaruna,agua1253,,0.008954515949822373,3
Aguaruna,agua1253,,-0.03199064204007089,4
Aguaruna,agua1253,,0.0011626182506496224,5
Aguaruna,agua1253,,-0.025489469192642663,6
Aguaruna,agua1253,,-0.026452430428362025,7
Aguaruna,agua1253,,0.003269082015038656,8
Aguaruna,agua1253,,0.00683226131857001,9
Western Pantar,lamm1241,,0.03243077357789359,0
Western Pantar,lamm1241,,0.03351700835284254,1
Western Pantar,lamm1241,,-0.0118365881082678,2
Western Pantar,lamm1241,,0.010863969451036314,3
Western Pantar,lamm1241,,0.0227027451047161,4
Western Pantar,lamm1241,,0.021639147242381085,5
Western Pantar,lamm1241,,-0.007884095659149314,6
Western Pantar,lamm1241,,0.03163060326074754,7
Western Pantar,lamm1241,,0.03393942565350294,8
Western Pantar,lamm1241,,-0.015715303514387567,9
Southeast Ambrym,sout2859,Austronesian,-0.026056876334588953,0
Southeast Ambrym,sout2859,Austronesian,0.0017350024846969022,1
Southeast Ambrym,sout2859,Austronesian,-0.010429503279193512,2
Southeast Ambrym,sout2859,Austronesian,-0.026064341066545905,3
Southeast Ambrym,sout2859,Austronesian,-0.013428910826411263,4
Southeast Ambrym,sout2859,Austronesian,-0.006033486222751029,5
Southeast Ambrym,sout2859,Austronesian,-0.010253843153320001,6
Southeast Ambrym,sout2859,Austronesian,0.0003572793506296107,7
Southeast Ambrym,sout2859,Austronesian,0.017415086350990774,8
Southeast Ambrym,sout2859,Austronesian,-0.0041209893768228084,9
Eastern Panjabi,panj1256,Indo-European,-0.01578344915451713,0
Eastern Panjabi,panj1256,Indo-European,0.019776233575195465,1
Eastern Panjabi,panj1256,Indo-European,-0.03548140630376851,2
Eastern Panjabi,panj1256,Indo-European,-0.00835581696942622,3
Eastern Panjabi,panj1256,Indo-European,-0.0031724638735468047,4
Eastern Panjabi,panj1256,Indo-European,-0.014124896696343838,5
Eastern Panjabi,panj1256,Indo-European,-0.0035853664343785717,6
Eastern Panjabi,panj1256,Indo-European,-0.024481171418563583,7
Eastern Panjabi,panj1256,Indo-European,-0.0053032363165329,8
Eastern Panjabi,panj1256,Indo-European,-0.005355487825336517,9
Comanche,coma1245,Uto-Aztecan,-0.021645772198926043,0
Comanche,coma1245,Uto-Aztecan,0.013156936356429238,1
Comanche,coma1245,Uto-Aztecan,-0.002402619884404395,2
Comanche,coma1245,Uto-Aztecan,-0.012760868022188822,3
Comanche,coma1245,Uto-Aztecan,-0.03231134323646444,4
Comanche,coma1245,Uto-Aztecan,-0.029080064645137647,5
Comanche,coma1245,Uto-Aztecan,0.014736182257110307,6
Comanche,coma1245,Uto-Aztecan,-0.01864360986416524,7
Comanche,coma1245,Uto-Aztecan,-0.007616793317330469,8
Comanche,coma1245,Uto-Aztecan,-0.037890108029803,9
East Kewa,east2516,Nuclear Trans New Guinea,-0.009542610249590345,0
East Kewa,east2516,Nuclear Trans New Guinea,-0.001306145365598296,1
East Kewa,east2516,Nuclear Trans New Guinea,-0.029754327270395613,2
East Kewa,east2516,Nuclear Trans New Guinea,0.05807742885059412,3
East Kewa,east2516,Nuclear Trans New Guinea,0.009092938672097386,4
East Kewa,east2516,Nuclear Trans New Guinea,0.0005805849406232012,5
East Kewa,east2516,Nuclear Trans New Guinea,-0.001405483546200851,6
East Kewa,east2516,Nuclear Trans New Guinea,0.03477490028515533,7
East Kewa,east2516,Nuclear Trans New Guinea,0.007025634051088071,8
East Kewa,east2516,Nuclear Trans New Guinea,0.00532509245464812,9
Asu (Tanzania),asut1235,Atlantic-Congo,-0.0020871334914522705,0
Asu (Tanzania),asut1235,Atlantic-Congo,0.03175734484501379,1
Asu (Tanzania),asut1235,Atlantic-Congo,0.014978076028408381,2
Asu (Tanzania),asut1235,Atlantic-Congo,-0.01555984616899719,3
Asu (Tanzania),asut1235,Atlantic-Congo,0.051670952078926004,4
Asu (Tanzania),asut1235,Atlantic-Congo,0.01944417056994962,5
Asu (Tanzania),asut1235,Atlantic-Congo,-0.0024212627482336022,6
Asu (Tanzania),asut1235,Atlantic-Congo,0.02349948999528089,7
Asu (Tanzania),asut1235,Atlantic-Congo,0.05727493993295418,8
Asu (Tanzania),asut1235,Atlantic-Congo,-0.015742812820852672,9
Tomini,tomi1243,Austronesian,0.00570557299777013,0
Tomini,tomi1243,Austronesian,-0.0514367186863644,1
Tomini,tomi1243,Austronesian,0.04583553026229277,2
Tomini,tomi1243,Austronesian,0.03526841142071496,3
Tomini,tomi1243,Austronesian,0.01541437159254282,4
Tomini,tomi1243,Austronesian,0.04648079866569306,5
Tomini,tomi1243,Austronesian,-0.008480816310047282,6
Tomini,tomi1243,Austronesian,-0.03038803168712567,7
Tomini,tomi1243,Austronesian,0.0113170722293278,8
Tomini,tomi1243,Austronesian,0.013533352610200253,9
Erzya,erzy1239,Uralic,-0.021068309184266998,0
Erzya,erzy1239,Uralic,0.05021302813157452,1
Erzya,erzy1239,Uralic,0.013827160389515746,2
Erzya,erzy1239,Uralic,-0.015262028399154727,3
Erzya,erzy1239,Uralic,-0.02391934459162636,4
Erzya,erzy1239,Uralic,0.07612286149911507,5
Erzya,erzy1239,Uralic,-0.032210226167637905,6
Erzya,erzy1239,Uralic,0.08826268033238535,7
Erzya,erzy1239,Uralic,-0.004808187201682726,8
Erzya,erzy1239,Uralic,-0.0025981877347594122,9
Hoti,yuwa1244,,0.007746344973523111,0
Hoti,yuwa1244,,0.01793599246088228,1
Hoti,yuwa1244,,-0.0003751407945906319,2
Hoti,yuwa1244,,-0.07189436602989108,3
Hoti,yuwa1244,,-0.016200613550518234,4
Hoti,yuwa1244,,-0.04484306494934797,5
Hoti,yuwa1244,,-0.020259110279241495,6
Hoti,yuwa1244,,0.06303547182442001,7
Hoti,yuwa1244,,-0.0034250076380144315,8
Hoti,yuwa1244,,0.03840497225480404,9
Ancient Greek,anci1242,Indo-European,-0.010529677986667457,0
Ancient Greek,anci1242,Indo-European,0.05647665790511287,1
Ancient Greek,anci1242,Indo-European,0.012740436142331446,2
Ancient Greek,anci1242,Indo-European,0.045848235136847305,3
Ancient Greek,anci1242,Indo-European,0.007163945591403776,4
Ancient Greek,anci1242,Indo-European,-0.056629957240048406,5
Ancient Greek,anci1242,Indo-European,0.014805507879186917,6
Ancient Greek,anci1242,Indo-European,0.07118457898144595,7
Ancient Greek,anci1242,Indo-European,-0.05756649358751954,8
Ancient Greek,anci1242,Indo-European,0.01635222163829058,9
Bila,bila1255,Atlantic-Congo,-0.0005058812296371592,0
Bila,bila1255,Atlantic-Congo,-0.008539757891809458,1
Bila,bila1255,Atlantic-Congo,-0.011278681079817672,2
Bila,bila1255,Atlantic-Congo,0.00013402231712974122,3
Bila,bila1255,Atlantic-Congo,0.010890692130975972,4
Bila,bila1255,Atlantic-Congo,-0.005635610830755691,5
Bila,bila1255,Atlantic-Congo,-0.0012961091503355352,6
Bila,bila1255,Atlantic-Congo,0.012390522776591528,7
Bila,bila1255,Atlantic-Congo,-0.0012146348420479672,8
Bila,bila1255,Atlantic-Congo,-0.0011077627372844431,9
Tonga (Nyasa),tong1321,Atlantic-Congo,-0.012232531992577069,0
Tonga (Nyasa),tong1321,Atlantic-Congo,0.005998301029307178,1
Tonga (Nyasa),tong1321,Atlantic-Congo,-0.00606936577798575,2
Tonga (Nyasa),tong1321,Atlantic-Congo,-0.016163235075453093,3
Tonga (Nyasa),tong1321,Atlantic-Congo,-0.010827718219903401,4
Tonga (Nyasa),tong1321,Atlantic-Congo,-0.008393213853732871,5
Tonga (Nyasa),tong1321,Atlantic-Congo,-0.009901751016774749,6
Tonga (Nyasa),tong1321,Atlantic-Congo,0.0026908955166055383,7
Tonga (Nyasa),tong1321,Atlantic-Congo,0.015008322507537471,8
Tonga (Nyasa),tong1321,Atlantic-Congo,0.03147571775740461,9
Tubar,tuba1279,Uto-Aztecan,-0.03364289716055582,0
Tubar,tuba1279,Uto-Aztecan,-0.03550393708678982,1
Tubar,tuba1279,Uto-Aztecan,0.035439267010074105,2
Tubar,tuba1279,Uto-Aztecan,-0.007792463961219354,3
Tubar,tuba1279,Uto-Aztecan,-0.12052011376009526,4
Tubar,tuba1279,Uto-Aztecan,-0.07287723119096944,5
Tubar,tuba1279,Uto-Aztecan,0.051585107966777,6
Tubar,tuba1279,Uto-Aztecan,-0.07471511838100336,7
Tubar,tuba1279,Uto-Aztecan,0.08658513904713633,8
Tubar,tuba1279,Uto-Aztecan,-0.07814039024304839,9
Eyak,eyak1241,,-0.036417636224883386,0
Eyak,eyak1241,,-0.028689805226640767,1
Eyak,eyak1241,,0.01612129957364508,2
Eyak,eyak1241,,-0.02892583758052805,3
Eyak,eyak1241,,-0.04594432033655611,4
Eyak,eyak1241,,0.03159034946899849,5
Eyak,eyak1241,,-0.013872276818698166,6
Eyak,eyak1241,,-0.033247283486664704,7
Eyak,eyak1241,,-0.025720969556100832,8
Eyak,eyak1241,,-0.013265312431163764,9
Lonwolwol,lonw1238,Austronesian,0.0023261680758624994,0
Lonwolwol,lonw1238,Austronesian,-0.03430444838620567,1
Lonwolwol,lonw1238,Austronesian,-0.0018569997143440997,2
Lonwolwol,lonw1238,Austronesian,0.009812471616266543,3
Lonwolwol,lonw1238,Austronesian,-0.02193519662240775,4
Lonwolwol,lonw1238,Austronesian,-0.00858488666296728,5
Lonwolwol,lonw1238,Austronesian,0.033653865210046686,6
Lonwolwol,lonw1238,Austronesian,-0.01749297558864916,7
Lonwolwol,lonw1238,Austronesian,-0.010603708517808471,8
Lonwolwol,lonw1238,Austronesian,-0.01926007459389189,9
Northern Yukian,yuki1243,,0.009358254855511372,0
Northern Yukian,yuki1243,,-0.016297481700024156,1
Northern Yukian,yuki1243,,0.03341732107486965,2
Northern Yukian,yuki1243,,0.011938883563251625,3
Northern Yukian,yuki1243,,-0.009306503384983742,4
Northern Yukian,yuki1243,,0.00026149103119361847,5
Northern Yukian,yuki1243,,0.05179374748167333,6
Northern Yukian,yuki1243,,-0.01904416501799762,7
Northern Yukian,yuki1243,,0.10064128565299148,8
Northern Yukian,yuki1243,,0.004139471175204174,9
Bwaidoga,bwai1243,Austronesian,-0.03578674513630339,0
Bwaidoga,bwai1243,Austronesian,-0.027964262208640848,1
Bwaidoga,bwai1243,Austronesian,-0.18554555926694785,2
Bwaidoga,bwai1243,Austronesian,0.04009167741875075,3
Bwaidoga,bwai1243,Austronesian,0.45657421963465616,4
Bwaidoga,bwai1243,Austronesian,-0.009153740438884058,5
Bwaidoga,bwai1243,Austronesian,-0.019672784412643245,6
Bwaidoga,bwai1243,Austronesian,0.1929684380123089,7
Bwaidoga,bwai1243,Austronesian,-0.027964262208640858,8
Bwaidoga,bwai1243,Austronesian,-0.027842153442481962,9
Nyulnyul,nyul1247,,0.07256273269000825,0
Nyulnyul,nyul1247,,0.023137199053312848,1
Nyulnyul,nyul1247,,0.005456204488951776,2
Nyulnyul,nyul1247,,-0.041131678087654,3
Nyulnyul,nyul1247,,-0.02340528196148905,4
Nyulnyul,nyul1247,,0.02326317581700115,5
Nyulnyul,nyul1247,,0.006222232208223764,6
Nyulnyul,nyul1247,,-0.015033923414873161,7
Nyulnyul,nyul1247,,0.001242352716406029,8
Nyulnyul,nyul1247,,0.01710265000143068,9
Manange,mana1288,Sino-Tibetan,0.02380933268842807,0
Manange,mana1288,Sino-Tibetan,-0.09109520224830393,1
Manange,mana1288,Sino-Tibetan,-0.040639304197950143,2
Manange,mana1288,Sino-Tibetan,-0.05052783726199285,3
Manange,mana1288,Sino-Tibetan,0.01681375084166385,4
Manange,mana1288,Sino-Tibetan,0.07895161728951025,5
Manange,mana1288,Sino-Tibetan,-0.07741944750298968,6
Manange,mana1288,Sino-Tibetan,-0.09611120666663826,7
Manange,mana1288,Sino-Tibetan,-0.009248191523290079,8
Manange,mana1288,Sino-Tibetan,0.003801286189930968,9
Kala Lagaw Ya,kala1377,Pama-Nyungan,-0.0014428762090020362,0
Kala Lagaw Ya,kala1377,Pama-Nyungan,0.008235325708671387,1
Kala Lagaw Ya,kala1377,Pama-Nyungan,0.00968722580183807,2
Kala Lagaw Ya,kala1377,Pama-Nyungan,-0.014346012416287544,3
Kala Lagaw Ya,kala1377,Pama-Nyungan,0.019224042141044936,4
Kala Lagaw Ya,kala1377,Pama-Nyungan,-0.033750283415839404,5
Kala Lagaw Ya,kala1377,Pama-Nyungan,0.012243885760381797,6
Kala Lagaw Ya,kala1377,Pama-Nyungan,0.03379308332864024,7
Kala Lagaw Ya,kala1377,Pama-Nyungan,0.005437210988503881,8
Kala Lagaw Ya,kala1377,Pama-Nyungan,-0.044834428492134384,9
Ganda,gand1255,Atlantic-Congo,-0.017102774842863343,0
Ganda,gand1255,Atlantic-Congo,-0.018196526548673958,1
Ganda,gand1255,Atlantic-Congo,0.002586560018262916,2
Ganda,gand1255,Atlantic-Congo,0.04485122511117802,3
Ganda,gand1255,Atlantic-Congo,-0.019328780771185907,4
Ganda,gand1255,Atlantic-Congo,-0.009840942827883848,5
Ganda,gand1255,Atlantic-Congo,-0.010952494883769062,6
Ganda,gand1255,Atlantic-Congo,0.01889511369277268,7
Ganda,gand1255,Atlantic-Congo,0.0004979490774514624,8
Ganda,gand1255,Atlantic-Congo,-0.016088775060408865,9
Bushoong,bush1247,Atlantic-Congo,0.06027302634711123,0
Bushoong,bush1247,Atlantic-Congo,0.030275094647443518,1
Bushoong,bush1247,Atlantic-Congo,-0.024955333015818246,2
Bushoong,bush1247,Atlantic-Congo,0.01880725748307386,3
Bushoong,bush1247,Atlantic-Congo,-0.029447764955800558,4
Bushoong,bush1247,Atlantic-Congo,-0.017160329764632703,5
Bushoong,bush1247,Atlantic-Congo,-0.004030208534805019,6
Bushoong,bush1247,Atlantic-Congo,0.005264512192120242,7
Bushoong,bush1247,Atlantic-Congo,-0.009791342646493475,8
Bushoong,bush1247,Atlantic-Congo,0.01174710678276085,9
Yao,yaoo1241,Atlantic-Congo,-0.2561800863624399,0
Yao,yaoo1241,Atlantic-Congo,0.04372439110781246,1
Yao,yaoo1241,Atlantic-Congo,-0.25618008636243983,2
Yao,yaoo1241,Atlantic-Congo,-0.33465976270979564,3
Yao,yaoo1241,Atlantic-Congo,-0.3346597627097956,4
Yao,yaoo1241,Atlantic-Congo,-0.3346597627097955,5
Yao,yaoo1241,Atlantic-Congo,-0.1777004100150841,6
Yao,yaoo1241,Atlantic-Congo,-0.3346597627097956,7
Yao,yaoo1241,Atlantic-Congo,0.04372439110781246,8
Yao,yaoo1241,Atlantic-Congo,0.7892813164076922,9
Lunda,lund1266,Atlantic-Congo,0.014402334832370427,0
Lunda,lund1266,Atlantic-Congo,-0.03407499416611479,1
Lunda,lund1266,Atlantic-Congo,-0.022721598700513494,2
Lunda,lund1266,Atlantic-Congo,0.004826833461543665,3
Lunda,lund1266,Atlantic-Congo,0.0012064823658674837,4
Lunda,lund1266,Atlantic-Congo,-0.00396565370830686,5
Lunda,lund1266,Atlantic-Congo,-0.0289041956750832,6
Lunda,lund1266,Atlantic-Congo,-0.003014345496967605,7
Lunda,lund1266,Atlantic-Congo,-0.006267084505511292,8
Lunda,lund1266,Atlantic-Congo,-0.00018161350272076756,9
Dutch,dutc1256,Indo-European,-0.018110414559752805,0
Dutch,dutc1256,Indo-European,-0.024598428513783754,1
Dutch,dutc1256,Indo-European,-0.006273879833241926,2
Dutch,dutc1256,Indo-European,0.007246737385512757,3
Dutch,dutc1256,Indo-European,-0.03250700155585581,4
Dutch,dutc1256,Indo-European,-0.007485388547472419,5
Dutch,dutc1256,Indo-European,0.0277515436454604,6
Dutch,dutc1256,Indo-European,-0.0003711091371866246,7
Dutch,dutc1256,Indo-European,0.030705671168272976,8
Dutch,dutc1256,Indo-European,-0.0021694642339042153,9
Kabaena,kaba1285,Austronesian,-0.04481685776985102,0
Kabaena,kaba1285,Austronesian,-0.011099305181217725,1
Kabaena,kaba1285,Austronesian,-0.008243709347466932,2
Kabaena,kaba1285,Austronesian,-0.034003586259115204,3
Kabaena,kaba1285,Austronesian,0.022795841553223818,4
Kabaena,kaba1285,Austronesian,0.035964378327161796,5
Kabaena,kaba1285,Austronesian,-0.04165214684885391,6
Kabaena,kaba1285,Austronesian,0.03918081721078471,7
Kabaena,kaba1285,Austronesian,0.004562646315773271,8
Kabaena,kaba1285,Austronesian,0.09107718748817084,9
Fijian,fiji1243,Austronesian,0.023503246524894737,0
Fijian,fiji1243,Austronesian,0.0075836148037728545,1
Fijian,fiji1243,Austronesian,-0.014950257218727211,2
Fijian,fiji1243,Austronesian,-0.04980713129596511,3
Fijian,fiji1243,Austronesian,-0.000880640842848791,4
Fijian,fiji1243,Austronesian,-0.018592805111266677,5
Fijian,fiji1243,Austronesian,-0.02262447605681621,6
Fijian,fiji1243,Austronesian,-0.02408455494881477,7
Fijian,fiji1243,Austronesian,-0.025549735686728157,8
Fijian,fiji1243,Austronesian,0.00032530028871858977,9
Classical Nahuatl,clas1250,Uto-Aztecan,0.04327683590847926,0
Classical Nahuatl,clas1250,Uto-Aztecan,0.08239407741078711,1
Classical Nahuatl,clas1250,Uto-Aztecan,0.04098993768544534,2
Classical Nahuatl,clas1250,Uto-Aztecan,-0.02603800267977443,3
Classical Nahuatl,clas1250,Uto-Aztecan,-0.026841544938227657,4
Classical Nahuatl,clas1250,Uto-Aztecan,-0.07028724331891356,5
Classical Nahuatl,clas1250,Uto-Aztecan,0.06067794317240856,6
Classical Nahuatl,clas1250,Uto-Aztecan,-0.04002936018763763,7
Classical Nahuatl,clas1250,Uto-Aztecan,-0.02426591412543564,8
Classical Nahuatl,clas1250,Uto-Aztecan,0.06767061213247313,9
Kélé,kele1257,Atlantic-Congo,0.0655729467404894,0
Kélé,kele1257,Atlantic-Congo,0.16731642154598428,1
Kélé,kele1257,Atlantic-Congo,-0.07687551597002276,2
Kélé,kele1257,Atlantic-Congo,0.04522180957062707,3
Kélé,kele1257,Atlantic-Congo,0.06557294674048941,4
Kélé,kele1257,Atlantic-Congo,-0.07687551597002276,5
Kélé,kele1257,Atlantic-Congo,0.06557362513181259,6
Kélé,kele1257,Atlantic-Congo,-0.09723072348782405,7
Kélé,kele1257,Atlantic-Congo,-0.11758050387504007,8
Kélé,kele1257,Atlantic-Congo,0.10627250751492144,9
Inanwatan,inan1242,,-0.019212722071991255,0
Inanwatan,inan1242,,0.008771034300448819,1
Inanwatan,inan1242,,-0.004155734046882316,2
Inanwatan,inan1242,,0.010268157302190767,3
Inanwatan,inan1242,,-0.012486119518416303,4
Inanwatan,inan1242,,-0.015871922120902004,5
Inanwatan,inan1242,,0.03212225036640269,6
Inanwatan,inan1242,,0.006417104241067391,7
Inanwatan,inan1242,,0.0030439642344251647,8
Inanwatan,inan1242,,0.03963690925750015,9
Madurese,nucl1460,Austronesian,0.020459209049847025,0
Madurese,nucl1460,Austronesian,0.017116272310293324,1
Madurese,nucl1460,Austronesian,-0.020282413815603903,2
Madurese,nucl1460,Austronesian,0.0037933043967616504,3
Madurese,nucl1460,Austronesian,0.012026685648225796,4
Madurese,nucl1460,Austronesian,0.03102304776416873,5
Madurese,nucl1460,Austronesian,0.0077412837714638935,6
Madurese,nucl1460,Austronesian,0.011440501442391539,7
Madurese,nucl1460,Austronesian,-0.014486620712279533,8
Madurese,nucl1460,Austronesian,-0.017780525139759053,9
Western Low Navarrese,west1508,,0.0019635355468571,0
Western Low Navarrese,west1508,,-0.0036034589019975174,1
Western Low Navarrese,west1508,,0.019817667517841753,2
Western Low Navarrese,west1508,,-0.018485786329516005,3
Western Low Navarrese,west1508,,0.020313045596035802,4
Western Low Navarrese,west1508,,0.022740751245617224,5
Western Low Navarrese,west1508,,0.003727795487278229,6
Western Low Navarrese,west1508,,-0.0038492061104502973,7
Western Low Navarrese,west1508,,-0.04154185563145172,8
Western Low Navarrese,west1508,,-0.012633629316062616,9
Pokomo,poko1261,Atlantic-Congo,0.041154996366359935,0
Pokomo,poko1261,Atlantic-Congo,0.10217722035516438,1
Pokomo,poko1261,Atlantic-Congo,0.008790313993203,2
Pokomo,poko1261,Atlantic-Congo,0.038464718911964804,3
Pokomo,poko1261,Atlantic-Congo,0.0007814539011377013,4
Pokomo,poko1261,Atlantic-Congo,0.172618717608161,5
Pokomo,poko1261,Atlantic-Congo,-0.07663596752467954,6
Pokomo,poko1261,Atlantic-Congo,0.11576425255332981,7
Pokomo,poko1261,Atlantic-Congo,0.07332104008985305,8
Pokomo,poko1261,Atlantic-Congo,0.01343602274009078,9
"!Kung, Southeastern Ju, or Ju'hoan",juho1239,Kxa,-0.011555837656317805,0
"!Kung, Southeastern Ju, or Ju'hoan",juho1239,Kxa,-0.03786681786365123,1
"!Kung, Southeastern Ju, or Ju'hoan",juho1239,Kxa,-0.04921608732685624,2
"!Kung, Southeastern Ju, or Ju'hoan",juho1239,Kxa,-0.056214723235346445,3
"!Kung, Southeastern Ju, or Ju'hoan",juho1239,Kxa,0.007528652401202526,4
"!Kung, Southeastern Ju, or Ju'hoan",juho1239,Kxa,-0.042942168864060555,5
"!Kung, Southeastern Ju, or Ju'hoan",juho1239,Kxa,0.03949030782573815,6
"!Kung, Southeastern Ju, or Ju'hoan",juho1239,Kxa,-0.06464140030418453,7
"!Kung, Southeastern Ju, or Ju'hoan",juho1239,Kxa,-0.0219815601293473,8
"!Kung, Southeastern Ju, or Ju'hoan",juho1239,Kxa,-0.07951914983093289,9
Unua,unua1237,Austronesian,-0.0067313701514689454,0
Unua,unua1237,Austronesian,-0.037206825132687624,1
Unua,unua1237,Austronesian,-0.0248633138632398,2
Unua,unua1237,Austronesian,-0.023904754685294197,3
Unua,unua1237,Austronesian,-0.033131499875487684,4
Unua,unua1237,Austronesian,0.055080837349104246,5
Unua,unua1237,Austronesian,-0.0006589779135634026,6
Unua,unua1237,Austronesian,0.036937035969556734,7
Unua,unua1237,Austronesian,-0.03338384262554713,8
Unua,unua1237,Austronesian,0.01615472153646362,9
Kulisusu,kuli1254,Austronesian,-0.021592595772497305,0
Kulisusu,kuli1254,Austronesian,-0.04533686504069573,1
Kulisusu,kuli1254,Austronesian,0.04112495796447545,2
Kulisusu,kuli1254,Austronesian,-0.020869825462191002,3
Kulisusu,kuli1254,Austronesian,-0.03783316981476205,4
Kulisusu,kuli1254,Austronesian,-0.023878672157885406,5
Kulisusu,kuli1254,Austronesian,0.0036811643793719087,6
Kulisusu,kuli1254,Austronesian,-0.012735385074318428,7
Kulisusu,kuli1254,Austronesian,0.0009034341143765471,8
Kulisusu,kuli1254,Austronesian,-0.025109644569810317,9
Inxokvari,inxo1238,Nakh-Daghestanian,0.00583246767982824,0
Inxokvari,inxo1238,Nakh-Daghestanian,-0.01102166089217686,1
Inxokvari,inxo1238,Nakh-Daghestanian,-0.014289133281896078,2
Inxokvari,inxo1238,Nakh-Daghestanian,0.029338801317595517,3
Inxokvari,inxo1238,Nakh-Daghestanian,0.01044208745695218,4
Inxokvari,inxo1238,Nakh-Daghestanian,-0.013724924083723215,5
Inxokvari,inxo1238,Nakh-Daghestanian,-0.004360549901714545,6
Inxokvari,inxo1238,Nakh-Daghestanian,0.030794512410662073,7
Inxokvari,inxo1238,Nakh-Daghestanian,-0.03409852869921355,8
Inxokvari,inxo1238,Nakh-Daghestanian,0.022770035842018616,9
Dobu,dobu1241,Austronesian,-0.0037947525483421982,0
Dobu,dobu1241,Austronesian,-0.04882819848110184,1
Dobu,dobu1241,Austronesian,0.05207812088419801,2
Dobu,dobu1241,Austronesian,0.013945959921830921,3
Dobu,dobu1241,Austronesian,0.013100994888816024,4
Dobu,dobu1241,Austronesian,0.02278424637417819,5
Dobu,dobu1241,Austronesian,-0.003625900913284663,6
Dobu,dobu1241,Austronesian,0.04133231709977453,7
Dobu,dobu1241,Austronesian,-0.031812026212061154,8
Dobu,dobu1241,Austronesian,0.0742867903018099,9
Kazakh,kaza1248,Turkic,-0.037410444899606404,0
Kazakh,kaza1248,Turkic,0.019630815106386323,1
Kazakh,kaza1248,Turkic,0.02461278930806847,2
Kazakh,kaza1248,Turkic,-0.05597926971722133,3
Kazakh,kaza1248,Turkic,0.012811838239663611,4
Kazakh,kaza1248,Turkic,-0.010593922004141762,5
Kazakh,kaza1248,Turkic,-0.0058613272635313135,6
Kazakh,kaza1248,Turkic,0.08468750102345356,7
Kazakh,kaza1248,Turkic,0.01352141566787504,8
Kazakh,kaza1248,Turkic,0.009638091483159077,9
Flinders Island,flin1247,Pama-Nyungan,-0.026536212198402777,0
Flinders Island,flin1247,Pama-Nyungan,0.00010109955860445012,1
Flinders Island,flin1247,Pama-Nyungan,0.20771264498736836,2
Flinders Island,flin1247,Pama-Nyungan,0.03065189336709272,3
Flinders Island,flin1247,Pama-Nyungan,0.04505227519318011,4
Flinders Island,flin1247,Pama-Nyungan,0.012244748593538595,5
Flinders Island,flin1247,Pama-Nyungan,0.006592936169172761,6
Flinders Island,flin1247,Pama-Nyungan,-0.006709351015699769,7
Flinders Island,flin1247,Pama-Nyungan,0.03326139982584869,8
Flinders Island,flin1247,Pama-Nyungan,0.05864241690701984,9
Lower Grand Valley Dani,lowe1415,Nuclear Trans New Guinea,-0.027899062477774482,0
Lower Grand Valley Dani,lowe1415,Nuclear Trans New Guinea,-0.009503850534576504,1
Lower Grand Valley Dani,lowe1415,Nuclear Trans New Guinea,0.020545421220465515,2
Lower Grand Valley Dani,lowe1415,Nuclear Trans New Guinea,-0.006194499393676481,3
Lower Grand Valley Dani,lowe1415,Nuclear Trans New Guinea,0.030946320444395957,4
Lower Grand Valley Dani,lowe1415,Nuclear Trans New Guinea,-0.03296673748937884,5
Lower Grand Valley Dani,lowe1415,Nuclear Trans New Guinea,-0.023058229291859942,6
Lower Grand Valley Dani,lowe1415,Nuclear Trans New Guinea,0.020218886790157577,7
Lower Grand Valley Dani,lowe1415,Nuclear Trans New Guinea,-0.029349612070943745,8
Lower Grand Valley Dani,lowe1415,Nuclear Trans New Guinea,0.015259060947460577,9
Saaroa,saar1237,Austronesian,0.05211955824839547,0
Saaroa,saar1237,Austronesian,-0.0035990956604975877,1
Saaroa,saar1237,Austronesian,0.011807913716059635,2
Saaroa,saar1237,Austronesian,-0.016031640134356324,3
Saaroa,saar1237,Austronesian,-0.02401578009776094,4
Saaroa,saar1237,Austronesian,-0.030358905383108495,5
Saaroa,saar1237,Austronesian,0.0008132157428053094,6
Saaroa,saar1237,Austronesian,0.05492651350487895,7
Saaroa,saar1237,Austronesian,-0.01922078773193464,8
Saaroa,saar1237,Austronesian,-0.005379774110436191,9
Ili'uun,iliu1237,Austronesian,-0.05384713440605402,0
Ili'uun,iliu1237,Austronesian,0.033940652102511834,1
Ili'uun,iliu1237,Austronesian,-0.017297143354238053,2
Ili'uun,iliu1237,Austronesian,0.012695556318835765,3
Ili'uun,iliu1237,Austronesian,0.043799952119211026,4
Ili'uun,iliu1237,Austronesian,0.011978355214980332,5
Ili'uun,iliu1237,Austronesian,0.027300739547658888,6
Ili'uun,iliu1237,Austronesian,0.029083325513236644,7
Ili'uun,iliu1237,Austronesian,-0.06320654842043062,8
Ili'uun,iliu1237,Austronesian,0.05431907534705776,9
S'gaw Karen,sgaw1245,Sino-Tibetan,0.0034247558401645783,0
S'gaw Karen,sgaw1245,Sino-Tibetan,-0.03816728648046709,1
S'gaw Karen,sgaw1245,Sino-Tibetan,-0.03901848112144628,2
S'gaw Karen,sgaw1245,Sino-Tibetan,0.0026569543830494537,3
S'gaw Karen,sgaw1245,Sino-Tibetan,0.009698715282291786,4
S'gaw Karen,sgaw1245,Sino-Tibetan,-0.023302403651864305,5
S'gaw Karen,sgaw1245,Sino-Tibetan,-0.016004806493394308,6
S'gaw Karen,sgaw1245,Sino-Tibetan,0.0022001819193732328,7
S'gaw Karen,sgaw1245,Sino-Tibetan,-0.011382192887679877,8
S'gaw Karen,sgaw1245,Sino-Tibetan,0.01476039394477174,9
Isnag,isna1241,Austronesian,0.010221510682806188,0
Isnag,isna1241,Austronesian,-0.005303506623939398,1
Isnag,isna1241,Austronesian,0.03611117102483306,2
Isnag,isna1241,Austronesian,-0.029316440652773803,3
Isnag,isna1241,Austronesian,0.005035787819193461,4
Isnag,isna1241,Austronesian,-0.015665323538851972,5
Isnag,isna1241,Austronesian,-0.008397277443287395,6
Isnag,isna1241,Austronesian,-0.007141760387670747,7
Isnag,isna1241,Austronesian,-0.007893145957971769,8
Isnag,isna1241,Austronesian,-0.06076252017889253,9
Rahambuu,raha1237,Austronesian,-0.011600147183674298,0
Rahambuu,raha1237,Austronesian,-0.013462900933982253,1
Rahambuu,raha1237,Austronesian,-0.0037164982844289096,2
Rahambuu,raha1237,Austronesian,0.06993575614660869,3
Rahambuu,raha1237,Austronesian,0.0025075698426113013,4
Rahambuu,raha1237,Austronesian,0.023195779856384408,5
Rahambuu,raha1237,Austronesian,-0.0055704328778977295,6
Rahambuu,raha1237,Austronesian,0.01707221476587927,7
Rahambuu,raha1237,Austronesian,-0.004558708838732802,8
Rahambuu,raha1237,Austronesian,0.08316616764356718,9
Polci,polc1243,Afro-Asiatic,-0.044241383472837084,0
Polci,polc1243,Afro-Asiatic,-0.02998733607352665,1
Polci,polc1243,Afro-Asiatic,-0.012084115108845331,2
Polci,polc1243,Afro-Asiatic,0.02048638994008685,3
Polci,polc1243,Afro-Asiatic,-0.046748076846528916,4
Polci,polc1243,Afro-Asiatic,0.016466614198503364,5
Polci,polc1243,Afro-Asiatic,-0.0565375016739751,6
Polci,polc1243,Afro-Asiatic,0.014203243623871464,7
Polci,polc1243,Afro-Asiatic,0.021946168639308927,8
Polci,polc1243,Afro-Asiatic,-0.008777847238596172,9
Yaka (Central African Republic),yaka1272,Atlantic-Congo,-0.017650558030510948,0
Yaka (Central African Republic),yaka1272,Atlantic-Congo,0.020899523652473894,1
Yaka (Central African Republic),yaka1272,Atlantic-Congo,0.04133253040778952,2
Yaka (Central African Republic),yaka1272,Atlantic-Congo,-0.0011425440611095906,3
Yaka (Central African Republic),yaka1272,Atlantic-Congo,-0.04259756525564523,4
Yaka (Central African Republic),yaka1272,Atlantic-Congo,-0.030251585835452666,5
Yaka (Central African Republic),yaka1272,Atlantic-Congo,0.021130646447406417,6
Yaka (Central African Republic),yaka1272,Atlantic-Congo,0.006322933975761289,7
Yaka (Central African Republic),yaka1272,Atlantic-Congo,-0.021033836372674926,8
Yaka (Central African Republic),yaka1272,Atlantic-Congo,-0.009946715899068738,9
Jicarilla Apache,jica1244,,0.011415374409983626,0
Jicarilla Apache,jica1244,,0.03064772247853669,1
Jicarilla Apache,jica1244,,-0.005663021278911466,2
Jicarilla Apache,jica1244,,0.03144460043381151,3
Jicarilla Apache,jica1244,,0.01737002494166725,4
Jicarilla Apache,jica1244,,-0.00853780358402258,5
Jicarilla Apache,jica1244,,-0.038957549582145874,6
Jicarilla Apache,jica1244,,0.045590570792484325,7
Jicarilla Apache,jica1244,,-0.0105347580352788,8
Jicarilla Apache,jica1244,,-0.007406927351746066,9
Hinuq,hinu1240,Nakh-Daghestanian,-0.010899989125246366,0
Hinuq,hinu1240,Nakh-Daghestanian,0.02142284842414978,1
Hinuq,hinu1240,Nakh-Daghestanian,-0.009540955394001117,2
Hinuq,hinu1240,Nakh-Daghestanian,0.003733319312050549,3
Hinuq,hinu1240,Nakh-Daghestanian,-0.008353062424797438,4
Hinuq,hinu1240,Nakh-Daghestanian,0.06151304815691544,5
Hinuq,hinu1240,Nakh-Daghestanian,-0.021431876777203204,6
Hinuq,hinu1240,Nakh-Daghestanian,0.040281795521826515,7
Hinuq,hinu1240,Nakh-Daghestanian,0.009096141412797465,8
Hinuq,hinu1240,Nakh-Daghestanian,-0.005544991699996669,9
Thayore,thay1249,Pama-Nyungan,0.004171968248355432,0
Thayore,thay1249,Pama-Nyungan,-0.0128147314687286,1
Thayore,thay1249,Pama-Nyungan,-0.0039667284779714065,2
Thayore,thay1249,Pama-Nyungan,-0.02429837518676707,3
Thayore,thay1249,Pama-Nyungan,-0.008827180955392516,4
Thayore,thay1249,Pama-Nyungan,-0.02129889902535837,5
Thayore,thay1249,Pama-Nyungan,0.020830663639227753,6
Thayore,thay1249,Pama-Nyungan,0.014943576703371274,7
Thayore,thay1249,Pama-Nyungan,-0.0034893253126723764,8
Thayore,thay1249,Pama-Nyungan,-0.01730041466404514,9
Nguna,ngun1274,Austronesian,-0.03172626578268961,0
Nguna,ngun1274,Austronesian,-0.0034819426627043914,1
Nguna,ngun1274,Austronesian,-0.011019533122329289,2
Nguna,ngun1274,Austronesian,0.05168962294298675,3
Nguna,ngun1274,Austronesian,0.005313955221228501,4
Nguna,ngun1274,Austronesian,0.005559830911341705,5
Nguna,ngun1274,Austronesian,0.0022247951778498615,6
Nguna,ngun1274,Austronesian,-0.001791141552801796,7
Nguna,ngun1274,Austronesian,-0.01366675786053271,8
Nguna,ngun1274,Austronesian,-0.01899344851053865,9
Tolaki,tola1247,Austronesian,-0.0020278117377546317,0
Tolaki,tola1247,Austronesian,-0.00016319502668388588,1
Tolaki,tola1247,Austronesian,-0.008307626628326199,2
Tolaki,tola1247,Austronesian,0.012394805554234781,3
Tolaki,tola1247,Austronesian,-0.015098120275752427,4
Tolaki,tola1247,Austronesian,-0.020527383216701497,5
Tolaki,tola1247,Austronesian,0.020545238389663704,6
Tolaki,tola1247,Austronesian,0.03607978308193335,7
Tolaki,tola1247,Austronesian,-0.0069924756765706135,8
Tolaki,tola1247,Austronesian,-0.02277856911155378,9
Yavitero,yavi1244,Arawakan,0.015346116264438546,0
Yavitero,yavi1244,Arawakan,-0.04257525519233776,1
Yavitero,yavi1244,Arawakan,-3.8589402807055356e-05,2
Yavitero,yavi1244,Arawakan,-0.024799754674900358,3
Yavitero,yavi1244,Arawakan,0.01529900837999789,4
Yavitero,yavi1244,Arawakan,-0.028629632207285337,5
Yavitero,yavi1244,Arawakan,-0.023595484973078368,6
Yavitero,yavi1244,Arawakan,-0.03573812311030755,7
Yavitero,yavi1244,Arawakan,0.02234520046671689,8
Yavitero,yavi1244,Arawakan,-0.0027599809937420266,9
Biak,biak1248,Austronesian,0.004198253340254113,0
Biak,biak1248,Austronesian,-0.00566101994069555,1
Biak,biak1248,Austronesian,0.005633305531546394,2
Biak,biak1248,Austronesian,-0.009151541477857066,3
Biak,biak1248,Austronesian,-0.004462470576385562,4
Biak,biak1248,Austronesian,-2.8216087167459193e-06,5
Biak,biak1248,Austronesian,-0.012841609222223717,6
Biak,biak1248,Austronesian,-0.017402837531573765,7
Biak,biak1248,Austronesian,0.03539575703975091,8
Biak,biak1248,Austronesian,0.0019750312903860047,9
Gujarati,guja1252,Indo-European,0.001711796447490895,0
Gujarati,guja1252,Indo-European,-0.0006021299452275502,1
Gujarati,guja1252,Indo-European,0.03287677763798958,2
Gujarati,guja1252,Indo-European,-0.0038745976622219912,3
Gujarati,guja1252,Indo-European,-0.01539696733703681,4
Gujarati,guja1252,Indo-European,0.0016205452007973789,5
Gujarati,guja1252,Indo-European,0.001163769024268783,6
Gujarati,guja1252,Indo-European,0.014167525611618409,7
Gujarati,guja1252,Indo-European,-0.01712454051155984,8
Gujarati,guja1252,Indo-European,-0.0033442241443047143,9
Atayal,atay1247,Austronesian,-0.005602586931454695,0
Atayal,atay1247,Austronesian,0.01617060620157907,1
Atayal,atay1247,Austronesian,0.01666354287106847,2
Atayal,atay1247,Austronesian,-0.04185898306561171,3
Atayal,atay1247,Austronesian,-0.08503093601567212,4
Atayal,atay1247,Austronesian,0.06389385933064534,5
Atayal,atay1247,Austronesian,-0.04994132548971198,6
Atayal,atay1247,Austronesian,-0.016537591768026633,7
Atayal,atay1247,Austronesian,0.04793355772938528,8
Atayal,atay1247,Austronesian,-0.03864189400571166,9
Nyamal,nyam1271,Pama-Nyungan,-0.012490061530106428,0
Nyamal,nyam1271,Pama-Nyungan,-0.03717049619345014,1
Nyamal,nyam1271,Pama-Nyungan,0.010907836227188265,2
Nyamal,nyam1271,Pama-Nyungan,-0.029334490173395462,3
Nyamal,nyam1271,Pama-Nyungan,-0.03130378515648135,4
Nyamal,nyam1271,Pama-Nyungan,0.011567271950546121,5
Nyamal,nyam1271,Pama-Nyungan,-0.011319452088434993,6
Nyamal,nyam1271,Pama-Nyungan,0.0008852982687344688,7
Nyamal,nyam1271,Pama-Nyungan,-0.012737437139329413,8
Nyamal,nyam1271,Pama-Nyungan,0.01574984299145212,9
French,stan1290,Indo-European,-0.02871626248030571,0
French,stan1290,Indo-European,-0.034639614360711335,1
French,stan1290,Indo-European,-0.015111233286590172,2
French,stan1290,Indo-European,-0.025600159151604004,3
French,stan1290,Indo-European,-0.007341612155511535,4
French,stan1290,Indo-European,0.006989018827685394,5
French,stan1290,Indo-European,0.0004138885258869983,6
French,stan1290,Indo-European,-0.0024734042075603654,7
French,stan1290,Indo-European,0.010301020643578254,8
French,stan1290,Indo-European,0.02592104678114533,9
Oneida,onei1249,,-0.01284011896925611,0
Oneida,onei1249,,0.03154365711063886,1
Oneida,onei1249,,-0.029718224990989615,2
Oneida,onei1249,,-0.029448163156961565,3
Oneida,onei1249,,0.06098308122254493,4
Oneida,onei1249,,-0.018226292997255568,5
Oneida,onei1249,,0.008213224602346365,6
Oneida,onei1249,,-0.004723771706036132,7
Oneida,onei1249,,0.00859001729174888,8
Oneida,onei1249,,-0.024514316613829617,9
Western Keres,west2632,,-0.05325807512358316,0
Western Keres,west2632,,0.014726725712096518,1
Western Keres,west2632,,-0.0695931304589764,2
Western Keres,west2632,,-0.00462931143808466,3
Western Keres,west2632,,-0.018451129558599556,4
Western Keres,west2632,,0.01593770204661553,5
Western Keres,west2632,,-0.049450116952878855,6
Western Keres,west2632,,0.012235858832628748,7
Western Keres,west2632,,0.004334373903239515,8
Western Keres,west2632,,-0.02758677476629023,9
Kwoma,kwom1262,,-0.03632097141276637,0
Kwoma,kwom1262,,0.021386089969767506,1
Kwoma,kwom1262,,0.038871699349215624,2
Kwoma,kwom1262,,0.012598650911527991,3
Kwoma,kwom1262,,-0.016196501548307974,4
Kwoma,kwom1262,,-0.0022780323186565575,5
Kwoma,kwom1262,,-0.032327782855045534,6
Kwoma,kwom1262,,-0.02955060395163672,7
Kwoma,kwom1262,,0.04933237833252144,8
Kwoma,kwom1262,,-0.028363831040520114,9
Kerewe,kere1283,Atlantic-Congo,-0.014853725426295684,0
Kerewe,kere1283,Atlantic-Congo,0.0009732656961682654,1
Kerewe,kere1283,Atlantic-Congo,0.0204944658630325,2
Kerewe,kere1283,Atlantic-Congo,-0.041175570518487255,3
Kerewe,kere1283,Atlantic-Congo,0.04118920715749564,4
Kerewe,kere1283,Atlantic-Congo,0.06175234844992899,5
Kerewe,kere1283,Atlantic-Congo,-0.00676687486764557,6
Kerewe,kere1283,Atlantic-Congo,-0.016221803659754976,7
Kerewe,kere1283,Atlantic-Congo,-0.061753636595005414,8
Kerewe,kere1283,Atlantic-Congo,-0.06650387133804211,9
Kumbainggar,kumb1268,Pama-Nyungan,-0.022354567097732102,0
Kumbainggar,kumb1268,Pama-Nyungan,0.010431938718965732,1
Kumbainggar,kumb1268,Pama-Nyungan,0.02882771962716737,2
Kumbainggar,kumb1268,Pama-Nyungan,0.0030718195529709142,3
Kumbainggar,kumb1268,Pama-Nyungan,0.002388216629177793,4
Kumbainggar,kumb1268,Pama-Nyungan,-0.028251779456828163,5
Kumbainggar,kumb1268,Pama-Nyungan,0.00023109276370907294,6
Kumbainggar,kumb1268,Pama-Nyungan,0.008779684190338076,7
Kumbainggar,kumb1268,Pama-Nyungan,0.023034755174452203,8
Kumbainggar,kumb1268,Pama-Nyungan,-0.009518282260601002,9
Cha'palaa,chac1249,,-0.01612172705172734,0
Cha'palaa,chac1249,,-0.015708054491773676,1
Cha'palaa,chac1249,,-0.016632783696760675,2
Cha'palaa,chac1249,,0.02350008898522741,3
Cha'palaa,chac1249,,-0.041162683267185175,4
Cha'palaa,chac1249,,-0.01681502308586883,5
Cha'palaa,chac1249,,0.022842769392569767,6
Cha'palaa,chac1249,,-0.016963175205769725,7
Cha'palaa,chac1249,,-0.020248188113279955,8
Cha'palaa,chac1249,,-0.01412928106207862,9
Judeo-Tat,jude1256,Indo-European,-0.01808245931613983,0
Judeo-Tat,jude1256,Indo-European,-0.03512490830548584,1
Judeo-Tat,jude1256,Indo-European,-0.03030503549665061,2
Judeo-Tat,jude1256,Indo-European,0.018965156264197397,3
Judeo-Tat,jude1256,Indo-European,0.004095555039559613,4
Judeo-Tat,jude1256,Indo-European,-0.03718609715022443,5
Judeo-Tat,jude1256,Indo-European,0.0337094716518407,6
Judeo-Tat,jude1256,Indo-European,-0.0281237275253299,7
Judeo-Tat,jude1256,Indo-European,-0.0031211142017683715,8
Judeo-Tat,jude1256,Indo-European,-0.030434396944547373,9
Yugambal,yuga1244,Pama-Nyungan,-0.001408082868978542,0
Yugambal,yuga1244,Pama-Nyungan,0.005848687409270008,1
Yugambal,yuga1244,Pama-Nyungan,0.0018145258916858452,2
Yugambal,yuga1244,Pama-Nyungan,0.005190545096412713,3
Yugambal,yuga1244,Pama-Nyungan,0.0003412389517978172,4
Yugambal,yuga1244,Pama-Nyungan,0.05220023344776906,5
Yugambal,yuga1244,Pama-Nyungan,0.0014442970577081139,6
Yugambal,yuga1244,Pama-Nyungan,-0.009532177942257143,7
Yugambal,yuga1244,Pama-Nyungan,0.013871910845803265,8
Yugambal,yuga1244,Pama-Nyungan,-0.0098307469379396,9
Lithuanian,lith1251,Indo-European,0.0065498626423458935,0
Lithuanian,lith1251,Indo-European,-0.014770037748237094,1
Lithuanian,lith1251,Indo-European,0.0035348009707737976,2
Lithuanian,lith1251,Indo-European,-0.018487546462726254,3
Lithuanian,lith1251,Indo-European,-0.02420238232868,4
Lithuanian,lith1251,Indo-European,-0.018839200789041728,5
Lithuanian,lith1251,Indo-European,-0.011997855867177852,6
Lithuanian,lith1251,Indo-European,-0.017625560182540218,7
Lithuanian,lith1251,Indo-European,-0.01926962607120082,8
Lithuanian,lith1251,Indo-European,0.0033114078335920163,9
Chavacano,chav1241,Indo-European,-0.005938414263651963,0
Chavacano,chav1241,Indo-European,0.005366718512517656,1
Chavacano,chav1241,Indo-European,-0.048839790588480335,2
Chavacano,chav1241,Indo-European,-0.004919722408855404,3
Chavacano,chav1241,Indo-European,-0.021303620225407827,4
Chavacano,chav1241,Indo-European,-0.024058999087749736,5
Chavacano,chav1241,Indo-European,-0.040957202952344327,6
Chavacano,chav1241,Indo-European,0.02115288296360742,7
Chavacano,chav1241,Indo-European,-0.030529149024003426,8
Chavacano,chav1241,Indo-European,-0.04535284209395551,9
Wangkajunga,wang1288,Pama-Nyungan,-0.04763214821682019,0
Wangkajunga,wang1288,Pama-Nyungan,-0.055714646653180586,1
Wangkajunga,wang1288,Pama-Nyungan,-0.0364684984962451,2
Wangkajunga,wang1288,Pama-Nyungan,-0.01405808952031043,3
Wangkajunga,wang1288,Pama-Nyungan,-0.046014729755191656,4
Wangkajunga,wang1288,Pama-Nyungan,0.037529225887062284,5
Wangkajunga,wang1288,Pama-Nyungan,0.027380952378746617,6
Wangkajunga,wang1288,Pama-Nyungan,0.03732413465676296,7
Wangkajunga,wang1288,Pama-Nyungan,-0.0630189131035021,8
Wangkajunga,wang1288,Pama-Nyungan,0.003919737722965419,9
Eastern Armenian,nucl1235,Indo-European,0.04004532143632478,0
Eastern Armenian,nucl1235,Indo-European,0.0031472522241633343,1
Eastern Armenian,nucl1235,Indo-European,-0.013458813842140413,2
Eastern Armenian,nucl1235,Indo-European,0.07683946685166648,3
Eastern Armenian,nucl1235,Indo-European,-0.0012890630173831089,4
Eastern Armenian,nucl1235,Indo-European,0.009171746866165727,5
Eastern Armenian,nucl1235,Indo-European,0.0012270485481682366,6
Eastern Armenian,nucl1235,Indo-European,-0.02634664052289138,7
Eastern Armenian,nucl1235,Indo-European,0.01403986284129222,8
Eastern Armenian,nucl1235,Indo-European,-0.029712757821522783,9
Aniwa,aniw1237,Austronesian,-0.023969358164204604,0
Aniwa,aniw1237,Austronesian,0.012304064280960623,1
Aniwa,aniw1237,Austronesian,0.0025850173788824734,2
Aniwa,aniw1237,Austronesian,0.023419104730231517,3
Aniwa,aniw1237,Austronesian,0.01573856683795056,4
Aniwa,aniw1237,Austronesian,-0.004734533762391407,5
Aniwa,aniw1237,Austronesian,0.003855149759455153,6
Aniwa,aniw1237,Austronesian,-0.007815283922894984,7
Aniwa,aniw1237,Austronesian,-0.03316368688964415,8
Aniwa,aniw1237,Austronesian,0.010379109912010654,9
Duala,dual1243,Atlantic-Congo,0.004051454370015776,0
Duala,dual1243,Atlantic-Congo,-0.03047158630788111,1
Duala,dual1243,Atlantic-Congo,0.00596602718935563,2
Duala,dual1243,Atlantic-Congo,-0.020345373765810706,3
Duala,dual1243,Atlantic-Congo,0.03466048392283753,4
Duala,dual1243,Atlantic-Congo,-0.016249904112484063,5
Duala,dual1243,Atlantic-Congo,-0.03670492939466929,6
Duala,dual1243,Atlantic-Congo,0.004867353119208819,7
Duala,dual1243,Atlantic-Congo,0.01079347158369134,8
Duala,dual1243,Atlantic-Congo,-0.048604589881380285,9
Mandan,mand1446,,0.03293875069224599,0
Mandan,mand1446,,0.03234419651901111,1
Mandan,mand1446,,-0.012858506865978775,2
Mandan,mand1446,,-0.004891698157862809,3
Mandan,mand1446,,0.022739889618704837,4
Mandan,mand1446,,0.0014392902297153864,5
Mandan,mand1446,,-0.01801983221260945,6
Mandan,mand1446,,-0.021566466088861275,7
Mandan,mand1446,,0.03339870623337981,8
Mandan,mand1446,,-0.034694291326396655,9
Central Aymara,cent2142,,0.16281189431209228,0
Central Aymara,cent2142,,0.04694195219963547,1
Central Aymara,cent2142,,0.046176232604682024,2
Central Aymara,cent2142,,0.041400775549323636,3
Central Aymara,cent2142,,-0.04563725767171902,4
Central Aymara,cent2142,,0.014774128237358736,5
Central Aymara,cent2142,,0.1075116901316415,6
Central Aymara,cent2142,,-0.0011050676263760799,7
Central Aymara,cent2142,,0.036031658619007166,8
Central Aymara,cent2142,,-0.004787359610469272,9
Central Sama,cent2092,Austronesian,-0.02494387519380467,0
Central Sama,cent2092,Austronesian,0.014095340289073043,1
Central Sama,cent2092,Austronesian,-0.00835453495162346,2
Central Sama,cent2092,Austronesian,-0.015461850640423084,3
Central Sama,cent2092,Austronesian,-0.026469540657454417,4
Central Sama,cent2092,Austronesian,0.016846257704657107,5
Central Sama,cent2092,Austronesian,0.00244817387719977,6
Central Sama,cent2092,Austronesian,0.014436081019993538,7
Central Sama,cent2092,Austronesian,-0.017664219517799427,8
Central Sama,cent2092,Austronesian,0.012825802283512345,9
Bayungu,bayu1240,Pama-Nyungan,-0.00789585182242338,0
Bayungu,bayu1240,Pama-Nyungan,0.014627326131336185,1
Bayungu,bayu1240,Pama-Nyungan,0.03022085082272013,2
Bayungu,bayu1240,Pama-Nyungan,-0.018109012186314694,3
Bayungu,bayu1240,Pama-Nyungan,0.021440977052155454,4
Bayungu,bayu1240,Pama-Nyungan,0.012240135724812504,5
Bayungu,bayu1240,Pama-Nyungan,0.015825185130588403,6
Bayungu,bayu1240,Pama-Nyungan,-0.006593633436893972,7
Bayungu,bayu1240,Pama-Nyungan,0.009979140544096885,8
Bayungu,bayu1240,Pama-Nyungan,-0.013846368845957233,9
Luburua,lubu1242,Austronesian,0.1143118331727689,0
Luburua,lubu1242,Austronesian,-0.05893448262345273,1
Luburua,lubu1242,Austronesian,0.07161083813634897,2
Luburua,lubu1242,Austronesian,0.0056915689614988815,3
Luburua,lubu1242,Austronesian,0.022115875997078087,4
Luburua,lubu1242,Austronesian,0.023644541742485682,5
Luburua,lubu1242,Austronesian,0.0160854624769261,6
Luburua,lubu1242,Austronesian,0.024175356872088084,7
Luburua,lubu1242,Austronesian,-0.051837750457122016,8
Luburua,lubu1242,Austronesian,-0.02627687306495987,9
Western Mari,west2392,Uralic,0.012073515460592476,0
Western Mari,west2392,Uralic,-0.012174259210676271,1
Western Mari,west2392,Uralic,-0.015641948169085727,2
Western Mari,west2392,Uralic,0.016593158198492303,3
Western Mari,west2392,Uralic,-0.02909793069804932,4
Western Mari,west2392,Uralic,0.007291205455608359,5
Western Mari,west2392,Uralic,0.013143939938560356,6
Western Mari,west2392,Uralic,-0.02163022586617685,7
Western Mari,west2392,Uralic,-0.008856073016818735,8
Western Mari,west2392,Uralic,0.019725681619134842,9
Cheke Holo,chek1238,Austronesian,-0.014400823182446733,0
Cheke Holo,chek1238,Austronesian,-0.0027813226181234814,1
Cheke Holo,chek1238,Austronesian,0.06877119817041405,2
Cheke Holo,chek1238,Austronesian,-0.020592100355490913,3
Cheke Holo,chek1238,Austronesian,-0.008808592841563885,4
Cheke Holo,chek1238,Austronesian,0.04178895478970567,5
Cheke Holo,chek1238,Austronesian,0.020314729266206782,6
Cheke Holo,chek1238,Austronesian,0.024880224962568743,7
Cheke Holo,chek1238,Austronesian,-0.0009106450215264392,8
Cheke Holo,chek1238,Austronesian,-0.010598834808307067,9
Kinshasa Lingala,ling1263,Atlantic-Congo,0.029822145512105384,0
Kinshasa Lingala,ling1263,Atlantic-Congo,0.024227720539149553,1
Kinshasa Lingala,ling1263,Atlantic-Congo,0.013128215138306814,2
Kinshasa Lingala,ling1263,Atlantic-Congo,-0.04124449585985329,3
Kinshasa Lingala,ling1263,Atlantic-Congo,-0.03510818231639993,4
Kinshasa Lingala,ling1263,Atlantic-Congo,-0.012822176328320981,5
Kinshasa Lingala,ling1263,Atlantic-Congo,-0.016391611829217667,6
Kinshasa Lingala,ling1263,Atlantic-Congo,-0.014913875636586565,7
Kinshasa Lingala,ling1263,Atlantic-Congo,0.036924696466348814,8
Kinshasa Lingala,ling1263,Atlantic-Congo,-0.028337499549772594,9
Archi,arch1244,Nakh-Daghestanian,0.008233565453999836,0
Archi,arch1244,Nakh-Daghestanian,-0.012804156670604524,1
Archi,arch1244,Nakh-Daghestanian,0.015908536423946268,2
Archi,arch1244,Nakh-Daghestanian,-0.014120939165123674,3
Archi,arch1244,Nakh-Daghestanian,0.0006673591037199972,4
Archi,arch1244,Nakh-Daghestanian,0.0024166705874131625,5
Archi,arch1244,Nakh-Daghestanian,0.01453311057533637,6
Archi,arch1244,Nakh-Daghestanian,-0.002356491600387689,7
Archi,arch1244,Nakh-Daghestanian,0.012070640211591054,8
Archi,arch1244,Nakh-Daghestanian,-0.020274555863870638,9
Negerhollands,nege1244,Indo-European,0.03376558087318858,0
Negerhollands,nege1244,Indo-European,0.0909674088054621,1
Negerhollands,nege1244,Indo-European,-0.06302825230852419,2
Negerhollands,nege1244,Indo-European,-0.0388766195493936,3
Negerhollands,nege1244,Indo-European,0.03077826283604333,4
Negerhollands,nege1244,Indo-European,-0.009213364473212065,5
Negerhollands,nege1244,Indo-European,-0.0639605528451222,6
Negerhollands,nege1244,Indo-European,-0.05412765605562701,7
Negerhollands,nege1244,Indo-European,-0.0201704359550842,8
Negerhollands,nege1244,Indo-European,-0.03916323189540775,9
Western Shoshoni,west2622,Uto-Aztecan,,0
Western Shoshoni,west2622,Uto-Aztecan,,1
Western Shoshoni,west2622,Uto-Aztecan,,2
Western Shoshoni,west2622,Uto-Aztecan,,3
Western Shoshoni,west2622,Uto-Aztecan,,4
Western Shoshoni,west2622,Uto-Aztecan,,5
Western Shoshoni,west2622,Uto-Aztecan,,6
Western Shoshoni,west2622,Uto-Aztecan,,7
Western Shoshoni,west2622,Uto-Aztecan,,8
Western Shoshoni,west2622,Uto-Aztecan,,9
Dupaninan Agta,dupa1235,Austronesian,-0.05231085390993678,0
Dupaninan Agta,dupa1235,Austronesian,-0.03610394405306572,1
Dupaninan Agta,dupa1235,Austronesian,0.0837373472922966,2
Dupaninan Agta,dupa1235,Austronesian,0.03387109423845903,3
Dupaninan Agta,dupa1235,Austronesian,-0.009927868580396283,4
Dupaninan Agta,dupa1235,Austronesian,-0.027763326804547843,5
Dupaninan Agta,dupa1235,Austronesian,0.023832330274567288,6
Dupaninan Agta,dupa1235,Austronesian,-0.044699762352932035,7
Dupaninan Agta,dupa1235,Austronesian,-0.004604577705726542,8
Dupaninan Agta,dupa1235,Austronesian,-0.02460308247021179,9
Djinang,djin1253,Pama-Nyungan,-0.02171612662895824,0
Djinang,djin1253,Pama-Nyungan,0.00532434843403957,1
Djinang,djin1253,Pama-Nyungan,0.016071802463852657,2
Djinang,djin1253,Pama-Nyungan,0.02303920855362642,3
Djinang,djin1253,Pama-Nyungan,-0.0011541175662412853,4
Djinang,djin1253,Pama-Nyungan,-0.007561400444360325,5
Djinang,djin1253,Pama-Nyungan,-0.03023034097025413,6
Djinang,djin1253,Pama-Nyungan,0.011468337930746789,7
Djinang,djin1253,Pama-Nyungan,0.022399680294781715,8
Djinang,djin1253,Pama-Nyungan,0.0043532872146225905,9
Pipil,pipi1250,Uto-Aztecan,-0.1478262353273697,0
Pipil,pipi1250,Uto-Aztecan,-0.14782623532736966,1
Pipil,pipi1250,Uto-Aztecan,0.28260832958694376,2
Pipil,pipi1250,Uto-Aztecan,-0.14782647828704043,3
Pipil,pipi1250,Uto-Aztecan,-0.14782647828704043,4
Pipil,pipi1250,Uto-Aztecan,0.2826090584659561,5
Pipil,pipi1250,Uto-Aztecan,-0.14782647828704046,6
Pipil,pipi1250,Uto-Aztecan,0.2826089014695661,7
Pipil,pipi1250,Uto-Aztecan,0.282608901469566,8
Pipil,pipi1250,Uto-Aztecan,-0.14782590640441814,9
Kashmiri,kash1277,Indo-European,0.034759328370368124,0
Kashmiri,kash1277,Indo-European,0.005731639111108212,1
Kashmiri,kash1277,Indo-European,-0.003233923595117401,2
Kashmiri,kash1277,Indo-European,0.01446932062997986,3
Kashmiri,kash1277,Indo-European,0.025716808851687437,4
Kashmiri,kash1277,Indo-European,-0.0063262460637592615,5
Kashmiri,kash1277,Indo-European,-0.029808451357235734,6
Kashmiri,kash1277,Indo-European,-0.01793348516808644,7
Kashmiri,kash1277,Indo-European,0.009103419233720711,8
Kashmiri,kash1277,Indo-European,0.013222906672018822,9
Waffa,waff1241,Nuclear Trans New Guinea,0.0018729320386260866,0
Waffa,waff1241,Nuclear Trans New Guinea,0.014426327006616087,1
Waffa,waff1241,Nuclear Trans New Guinea,0.01544235585362944,2
Waffa,waff1241,Nuclear Trans New Guinea,-0.0040756139641630945,3
Waffa,waff1241,Nuclear Trans New Guinea,-0.02066179535507478,4
Waffa,waff1241,Nuclear Trans New Guinea,-0.013252102958118867,5
Waffa,waff1241,Nuclear Trans New Guinea,0.03180776406381023,6
Waffa,waff1241,Nuclear Trans New Guinea,0.016707551929095277,7
Waffa,waff1241,Nuclear Trans New Guinea,-0.001349643134079297,8
Waffa,waff1241,Nuclear Trans New Guinea,0.011334137097635944,9
Mele-Fila,mele1250,Austronesian,-0.04058874525883737,0
Mele-Fila,mele1250,Austronesian,0.01035959291797719,1
Mele-Fila,mele1250,Austronesian,0.0013830505534362788,2
Mele-Fila,mele1250,Austronesian,0.00673661297272077,3
Mele-Fila,mele1250,Austronesian,-0.022924441241888478,4
Mele-Fila,mele1250,Austronesian,0.016352396247076594,5
Mele-Fila,mele1250,Austronesian,-0.006333615217158582,6
Mele-Fila,mele1250,Austronesian,0.013958768318186076,7
Mele-Fila,mele1250,Austronesian,0.033610692939194435,8
Mele-Fila,mele1250,Austronesian,-0.0034083553267697277,9
Wagaya,waga1260,Pama-Nyungan,-0.01661939563082894,0
Wagaya,waga1260,Pama-Nyungan,-0.0030733049052641456,1
Wagaya,waga1260,Pama-Nyungan,-0.03075917206105937,2
Wagaya,waga1260,Pama-Nyungan,0.020614840775715536,3
Wagaya,waga1260,Pama-Nyungan,0.017312197754466546,4
Wagaya,waga1260,Pama-Nyungan,-0.038383062471812085,5
Wagaya,waga1260,Pama-Nyungan,0.019787101349327207,6
Wagaya,waga1260,Pama-Nyungan,-0.01309399447827709,7
Wagaya,waga1260,Pama-Nyungan,0.0003526225968921385,8
Wagaya,waga1260,Pama-Nyungan,0.012325095546626197,9
Ket,kett1243,,0.00021518825353321238,0
Ket,kett1243,,-0.012425099160946026,1
Ket,kett1243,,-0.003842350544875586,2
Ket,kett1243,,0.024562684487456687,3
Ket,kett1243,,-0.0008445917089098398,4
Ket,kett1243,,0.017021887724153723,5
Ket,kett1243,,0.019796286491103154,6
Ket,kett1243,,-0.06652612762473052,7
Ket,kett1243,,-0.01175048933022264,8
Ket,kett1243,,-0.043191316780212256,9
Eastern Yiddish,east2295,Indo-European,-0.01995749800874222,0
Eastern Yiddish,east2295,Indo-European,-0.024200231414995117,1
Eastern Yiddish,east2295,Indo-European,-0.024361719544909226,2
Eastern Yiddish,east2295,Indo-European,-0.023098882484669472,3
Eastern Yiddish,east2295,Indo-European,-0.0032674151916784132,4
Eastern Yiddish,east2295,Indo-European,0.022457483872236485,5
Eastern Yiddish,east2295,Indo-European,0.020983408961300958,6
Eastern Yiddish,east2295,Indo-European,-0.014632601671721656,7
Eastern Yiddish,east2295,Indo-European,0.016793613195050197,8
Eastern Yiddish,east2295,Indo-European,-0.02492585743445693,9
Numbami,numb1247,Austronesian,0.001114988443592816,0
Numbami,numb1247,Austronesian,0.0026523531792704263,1
Numbami,numb1247,Austronesian,0.010975183300673626,2
Numbami,numb1247,Austronesian,0.009396100790565836,3
Numbami,numb1247,Austronesian,-0.013307992849502102,4
Numbami,numb1247,Austronesian,-0.001740594830334371,5
Numbami,numb1247,Austronesian,-0.0036559052869633455,6
Numbami,numb1247,Austronesian,-0.011565802059731296,7
Numbami,numb1247,Austronesian,-0.005010690471539351,8
Numbami,numb1247,Austronesian,-0.016075593302731894,9
Ifugaw,ifug1247,Austronesian,-0.006520097163879515,0
Ifugaw,ifug1247,Austronesian,-0.0013738049089451728,1
Ifugaw,ifug1247,Austronesian,0.011386509249469458,2
Ifugaw,ifug1247,Austronesian,0.02974482369673946,3
Ifugaw,ifug1247,Austronesian,-0.016929393708427387,4
Ifugaw,ifug1247,Austronesian,-0.012095498310000556,5
Ifugaw,ifug1247,Austronesian,0.019238398098902994,6
Ifugaw,ifug1247,Austronesian,0.0019236992205361645,7
Ifugaw,ifug1247,Austronesian,0.008932072133713236,8
Ifugaw,ifug1247,Austronesian,0.030570489715498857,9
Korafe,kora1295,Nuclear Trans New Guinea,-0.02714317777834431,0
Korafe,kora1295,Nuclear Trans New Guinea,-0.013524626857590816,1
Korafe,kora1295,Nuclear Trans New Guinea,-0.03756291034477559,2
Korafe,kora1295,Nuclear Trans New Guinea,0.00369578587860777,3
Korafe,kora1295,Nuclear Trans New Guinea,0.01235483708687294,4
Korafe,kora1295,Nuclear Trans New Guinea,0.03889112639235716,5
Korafe,kora1295,Nuclear Trans New Guinea,-0.03245511242429959,6
Korafe,kora1295,Nuclear Trans New Guinea,0.010062266765874368,7
Korafe,kora1295,Nuclear Trans New Guinea,0.0018246579688720745,8
Korafe,kora1295,Nuclear Trans New Guinea,0.02680411552582538,9
Gurindji,guri1247,Pama-Nyungan,0.011687884050888855,0
Gurindji,guri1247,Pama-Nyungan,-0.0312028865780982,1
Gurindji,guri1247,Pama-Nyungan,0.009953972915988617,2
Gurindji,guri1247,Pama-Nyungan,0.026572778982623453,3
Gurindji,guri1247,Pama-Nyungan,0.01995726684524121,4
Gurindji,guri1247,Pama-Nyungan,-0.005133393814122058,5
Gurindji,guri1247,Pama-Nyungan,-0.01830388715103259,6
Gurindji,guri1247,Pama-Nyungan,-0.004973574020178888,7
Gurindji,guri1247,Pama-Nyungan,-0.008610752585687104,8
Gurindji,guri1247,Pama-Nyungan,-0.007531398791176164,9
Hupa-Chilula,hupa1239,,-0.03704063946144902,0
Hupa-Chilula,hupa1239,,-0.015601663387979615,1
Hupa-Chilula,hupa1239,,-0.0246001644810465,2
Hupa-Chilula,hupa1239,,-0.04171790808728051,3
Hupa-Chilula,hupa1239,,0.010704978596465804,4
Hupa-Chilula,hupa1239,,-0.005485345609892843,5
Hupa-Chilula,hupa1239,,0.006501653208711583,6
Hupa-Chilula,hupa1239,,-0.03967556997063983,7
Hupa-Chilula,hupa1239,,0.03701938659976295,8
Hupa-Chilula,hupa1239,,0.03242218637372264,9
Fordata,ford1242,Austronesian,-0.047706153715809815,0
Fordata,ford1242,Austronesian,0.10360788611432264,1
Fordata,ford1242,Austronesian,-0.16657338173005434,2
Fordata,ford1242,Austronesian,0.015661123690383603,3
Fordata,ford1242,Austronesian,-0.09043545328791328,4
Fordata,ford1242,Austronesian,0.5068644344295857,5
Fordata,ford1242,Austronesian,0.09153992728522678,6
Fordata,ford1242,Austronesian,0.2886143640969614,7
Fordata,ford1242,Austronesian,-0.14678908078955807,8
Fordata,ford1242,Austronesian,-0.16412252961948048,9
Anambé,anam1249,Tupian,-0.04771238504964691,0
Anambé,anam1249,Tupian,-0.005128176040922933,1
Anambé,anam1249,Tupian,-0.043538924659993476,2
Anambé,anam1249,Tupian,0.031441083969848634,3
Anambé,anam1249,Tupian,0.03691266549521131,4
Anambé,anam1249,Tupian,-0.030981438476159192,5
Anambé,anam1249,Tupian,-0.09243450969140553,6
Anambé,anam1249,Tupian,0.022206640675190185,7
Anambé,anam1249,Tupian,-0.06261522954179205,8
Anambé,anam1249,Tupian,-0.05584828789404033,9
Birhor,birh1242,Austroasiatic,-0.017237950858672805,0
Birhor,birh1242,Austroasiatic,0.04657582534948308,1
Birhor,birh1242,Austroasiatic,0.00844557029846772,2
Birhor,birh1242,Austroasiatic,-0.013810175860636454,3
Birhor,birh1242,Austroasiatic,-0.003537429775668054,4
Birhor,birh1242,Austroasiatic,-0.020950105255281452,5
Birhor,birh1242,Austroasiatic,0.00722114988269657,6
Birhor,birh1242,Austroasiatic,-0.007997455404220533,7
Birhor,birh1242,Austroasiatic,0.01710989751703256,8
Birhor,birh1242,Austroasiatic,-0.02279245755464592,9
Marind,nucl1622,,-0.0023074566104942414,0
Marind,nucl1622,,0.007150024049005434,1
Marind,nucl1622,,-0.04646429414879021,2
Marind,nucl1622,,0.02189573257427613,3
Marind,nucl1622,,-0.0006378416141565601,4
Marind,nucl1622,,-0.011135080502006614,5
Marind,nucl1622,,-0.007947204932603223,6
Marind,nucl1622,,0.025990558792017872,7
Marind,nucl1622,,-0.049005994586530245,8
Marind,nucl1622,,-0.005183022016960313,9
Bengali,beng1280,Indo-European,-0.0008810716705747637,0
Bengali,beng1280,Indo-European,-0.004434591061648421,1
Bengali,beng1280,Indo-European,0.025971481403777176,2
Bengali,beng1280,Indo-European,0.03910986298631315,3
Bengali,beng1280,Indo-European,0.00020757932754604373,4
Bengali,beng1280,Indo-European,0.0042125307376253245,5
Bengali,beng1280,Indo-European,0.013683877604529469,6
Bengali,beng1280,Indo-European,-0.03960676935137412,7
Bengali,beng1280,Indo-European,-0.02470096386949638,8
Bengali,beng1280,Indo-European,-0.010004688755188697,9
Sardinian,sard1257,Indo-European,-0.01929692909010164,0
Sardinian,sard1257,Indo-European,-0.001517336657415169,1
Sardinian,sard1257,Indo-European,-0.026344566734455975,2
Sardinian,sard1257,Indo-European,0.003485972724693512,3
Sardinian,sard1257,Indo-European,-0.04338306192694297,4
Sardinian,sard1257,Indo-European,0.02999657385850242,5
Sardinian,sard1257,Indo-European,-0.0016501311095751523,6
Sardinian,sard1257,Indo-European,0.004324049371107682,7
Sardinian,sard1257,Indo-European,-0.004301790157719918,8
Sardinian,sard1257,Indo-European,0.002929152578786853,9
Elamite,elam1244,,-0.12343571663483323,0
Elamite,elam1244,,0.10934777796408936,1
Elamite,elam1244,,0.052558859420782374,2
Elamite,elam1244,,-0.011669942288063683,3
Elamite,elam1244,,-0.011727883275232267,4
Elamite,elam1244,,0.021921135539063306,5
Elamite,elam1244,,-0.023984309599590865,6
Elamite,elam1244,,-0.03127196860915085,7
Elamite,elam1244,,-0.0719058669775587,8
Elamite,elam1244,,-0.006565026586952454,9
Komo (Democratic Republic of Congo),komo1260,Atlantic-Congo,0.025202216333878355,0
Komo (Democratic Republic of Congo),komo1260,Atlantic-Congo,0.005980681626005938,1
Komo (Democratic Republic of Congo),komo1260,Atlantic-Congo,-0.02544500293905521,2
Komo (Democratic Republic of Congo),komo1260,Atlantic-Congo,-0.003185013516752251,3
Komo (Democratic Republic of Congo),komo1260,Atlantic-Congo,-0.013247173603963602,4
Komo (Democratic Republic of Congo),komo1260,Atlantic-Congo,0.0133112204214923,5
Komo (Democratic Republic of Congo),komo1260,Atlantic-Congo,-0.007162410776373548,6
Komo (Democratic Republic of Congo),komo1260,Atlantic-Congo,-0.005296681553121779,7
Komo (Democratic Republic of Congo),komo1260,Atlantic-Congo,0.044372979124449125,8
Komo (Democratic Republic of Congo),komo1260,Atlantic-Congo,-0.0033812812508392243,9
Icelandic,icel1247,Indo-European,-0.027777079183145065,0
Icelandic,icel1247,Indo-European,-0.021768508483315553,1
Icelandic,icel1247,Indo-European,0.0007838680888220906,2
Icelandic,icel1247,Indo-European,0.005797511017781148,3
Icelandic,icel1247,Indo-European,0.033595451132950524,4
Icelandic,icel1247,Indo-European,-0.01132803894626332,5
Icelandic,icel1247,Indo-European,-0.018454259365323515,6
Icelandic,icel1247,Indo-European,-0.01272300016612444,7
Icelandic,icel1247,Indo-European,-0.017623775612329782,8
Icelandic,icel1247,Indo-European,0.028038303504249944,9
Rakahanga-Manihiki,raka1237,Austronesian,-0.0006580923234811333,0
Rakahanga-Manihiki,raka1237,Austronesian,0.03551812043274079,1
Rakahanga-Manihiki,raka1237,Austronesian,-0.029990282425442633,2
Rakahanga-Manihiki,raka1237,Austronesian,0.0021477080956970587,3
Rakahanga-Manihiki,raka1237,Austronesian,-0.015724080238921797,4
Rakahanga-Manihiki,raka1237,Austronesian,-0.004862463883231783,5
Rakahanga-Manihiki,raka1237,Austronesian,0.011332303872090495,6
Rakahanga-Manihiki,raka1237,Austronesian,0.008782628466979775,7
Rakahanga-Manihiki,raka1237,Austronesian,0.015235254780211887,8
Rakahanga-Manihiki,raka1237,Austronesian,0.02577254665447689,9
Tanala,tana1285,Austronesian,-0.04468915321970946,0
Tanala,tana1285,Austronesian,0.056673598398886034,1
Tanala,tana1285,Austronesian,0.0044095316583526445,2
Tanala,tana1285,Austronesian,0.0006301712425946851,3
Tanala,tana1285,Austronesian,0.043659877899629926,4
Tanala,tana1285,Austronesian,-0.018411380341960958,5
Tanala,tana1285,Austronesian,0.0001623486864293317,6
Tanala,tana1285,Austronesian,-0.0436192468219872,7
Tanala,tana1285,Austronesian,0.014032913998772493,8
Tanala,tana1285,Austronesian,-0.0030206729956200142,9
Mairasi,nucl1594,Mairasic,0.025898177259641234,0
Mairasi,nucl1594,Mairasic,0.0012619048920725039,1
Mairasi,nucl1594,Mairasic,0.0036742500303645863,2
Mairasi,nucl1594,Mairasic,-0.013541739694316646,3
Mairasi,nucl1594,Mairasic,-0.002944924398391933,4
Mairasi,nucl1594,Mairasic,0.017094575276087362,5
Mairasi,nucl1594,Mairasic,-0.0054359643031477445,6
Mairasi,nucl1594,Mairasic,-0.013967884522173788,7
Mairasi,nucl1594,Mairasic,-0.02187244448293916,8
Mairasi,nucl1594,Mairasic,0.0005304499627622858,9
Puyuma,puyu1239,Austronesian,-0.014264431206329701,0
Puyuma,puyu1239,Austronesian,0.04766225446502711,1
Puyuma,puyu1239,Austronesian,0.006294979824148471,2
Puyuma,puyu1239,Austronesian,-0.06986336856155954,3
Puyuma,puyu1239,Austronesian,0.145155773288657,4
Puyuma,puyu1239,Austronesian,-0.02300592980147027,5
Puyuma,puyu1239,Austronesian,0.037124215753746394,6
Puyuma,puyu1239,Austronesian,-0.0047405428153219865,7
Puyuma,puyu1239,Austronesian,-0.08298523436544107,8
Puyuma,puyu1239,Austronesian,0.059086991494626595,9
Kilmeri,kilm1241,Border,-0.025718167345139542,0
Kilmeri,kilm1241,Border,-0.018367273991602335,1
Kilmeri,kilm1241,Border,0.009736591115052536,2
Kilmeri,kilm1241,Border,0.008819868164971118,3
Kilmeri,kilm1241,Border,-0.005963528449314437,4
Kilmeri,kilm1241,Border,0.010817128476109158,5
Kilmeri,kilm1241,Border,0.016023675607557984,6
Kilmeri,kilm1241,Border,-0.019685907467320025,7
Kilmeri,kilm1241,Border,0.015822044209097007,8
Kilmeri,kilm1241,Border,-0.004469455750749726,9
Kamang,kama1365,,0.03833682573871762,0
Kamang,kama1365,,-0.027551561758303433,1
Kamang,kama1365,,-0.014013763672180097,2
Kamang,kama1365,,0.020913297577016834,3
Kamang,kama1365,,0.0019291988377450608,4
Kamang,kama1365,,0.003209342490486489,5
Kamang,kama1365,,0.011007906580867807,6
Kamang,kama1365,,-0.016724108587996025,7
Kamang,kama1365,,-0.024878031893928582,8
Kamang,kama1365,,0.030385138694580573,9
Umiray Dumaget Agta,umir1236,Austronesian,-0.0022726739840717254,0
Umiray Dumaget Agta,umir1236,Austronesian,0.023937771177008446,1
Umiray Dumaget Agta,umir1236,Austronesian,-0.011554171765966965,2
Umiray Dumaget Agta,umir1236,Austronesian,0.0008758431263686146,3
Umiray Dumaget Agta,umir1236,Austronesian,0.040531109687616,4
Umiray Dumaget Agta,umir1236,Austronesian,0.022036104730516683,5
Umiray Dumaget Agta,umir1236,Austronesian,-0.019916005074454193,6
Umiray Dumaget Agta,umir1236,Austronesian,-0.04340866838841122,7
Umiray Dumaget Agta,umir1236,Austronesian,-0.006374822058566893,8
Umiray Dumaget Agta,umir1236,Austronesian,0.0689528849608964,9
Dieri,dier1241,Pama-Nyungan,-0.02502999496358621,0
Dieri,dier1241,Pama-Nyungan,-0.030562333614768893,1
Dieri,dier1241,Pama-Nyungan,-0.017422628407924332,2
Dieri,dier1241,Pama-Nyungan,0.0010668130015040783,3
Dieri,dier1241,Pama-Nyungan,0.027713581563429724,4
Dieri,dier1241,Pama-Nyungan,0.033175675344814436,5
Dieri,dier1241,Pama-Nyungan,-0.03622738723605076,6
Dieri,dier1241,Pama-Nyungan,-0.002175126635521041,7
Dieri,dier1241,Pama-Nyungan,0.024518449146665663,8
Dieri,dier1241,Pama-Nyungan,0.028388238257358124,9
Mota,mota1237,Austronesian,0.036621750524631805,0
Mota,mota1237,Austronesian,0.010504421650962,1
Mota,mota1237,Austronesian,-0.0004951040065768403,2
Mota,mota1237,Austronesian,-0.002813574152629425,3
Mota,mota1237,Austronesian,-0.010836125455659002,4
Mota,mota1237,Austronesian,-0.013290608253914772,5
Mota,mota1237,Austronesian,-0.028049725382117058,6
Mota,mota1237,Austronesian,-0.01566315319188414,7
Mota,mota1237,Austronesian,0.0034616314533448787,8
Mota,mota1237,Austronesian,0.006069429938037663,9
Waropen,waro1242,Austronesian,0.014552760565746888,0
Waropen,waro1242,Austronesian,0.05417358083009248,1
Waropen,waro1242,Austronesian,0.017120711851986617,2
Waropen,waro1242,Austronesian,-0.029703927842512357,3
Waropen,waro1242,Austronesian,-0.0713589382144344,4
Waropen,waro1242,Austronesian,-0.028660996808264554,5
Waropen,waro1242,Austronesian,-0.026530632762680466,6
Waropen,waro1242,Austronesian,-0.015623320220685057,7
Waropen,waro1242,Austronesian,-0.08459791894786586,8
Waropen,waro1242,Austronesian,-0.026440649089044446,9
Luangiua,onto1237,Austronesian,0.03784278077929332,0
Luangiua,onto1237,Austronesian,-0.018006038981228503,1
Luangiua,onto1237,Austronesian,0.0013390197639109394,2
Luangiua,onto1237,Austronesian,-0.03529171771997697,3
Luangiua,onto1237,Austronesian,-0.03304505078903088,4
Luangiua,onto1237,Austronesian,-0.020049703124689927,5
Luangiua,onto1237,Austronesian,-0.0376746463284509,6
Luangiua,onto1237,Austronesian,-0.013303522079476045,7
Luangiua,onto1237,Austronesian,-0.004193347394390115,8
Luangiua,onto1237,Austronesian,0.043676325504520136,9
Cree,cree1272,Algic,-0.017455170518510834,0
Cree,cree1272,Algic,0.0017850984553185042,1
Cree,cree1272,Algic,0.02690860620977873,2
Cree,cree1272,Algic,-0.005801225369629354,3
Cree,cree1272,Algic,-0.015415247617680832,4
Cree,cree1272,Algic,0.028857764806264855,5
Cree,cree1272,Algic,-0.01726974204945407,6
Cree,cree1272,Algic,0.0027253393827950485,7
Cree,cree1272,Algic,0.01192479737909958,8
Cree,cree1272,Algic,-0.026717521249671833,9
Maskelynes,mask1242,Austronesian,0.03627479161344322,0
Maskelynes,mask1242,Austronesian,0.010137670854844833,1
Maskelynes,mask1242,Austronesian,-0.0022247837394007916,2
Maskelynes,mask1242,Austronesian,-0.010415271709692997,3
Maskelynes,mask1242,Austronesian,-0.044423878312068545,4
Maskelynes,mask1242,Austronesian,-0.007592316953633731,5
Maskelynes,mask1242,Austronesian,0.009574344037396185,6
Maskelynes,mask1242,Austronesian,-0.027080325342712788,7
Maskelynes,mask1242,Austronesian,0.0013131967111899613,8
Maskelynes,mask1242,Austronesian,-0.0006588130142411165,9
Gimi (Eastern Highlands),gimi1243,Nuclear Trans New Guinea,-0.01501811116502294,0
Gimi (Eastern Highlands),gimi1243,Nuclear Trans New Guinea,-0.02775031729439151,1
Gimi (Eastern Highlands),gimi1243,Nuclear Trans New Guinea,-0.01250296563969484,2
Gimi (Eastern Highlands),gimi1243,Nuclear Trans New Guinea,0.008605079321574855,3
Gimi (Eastern Highlands),gimi1243,Nuclear Trans New Guinea,-0.019016571317527126,4
Gimi (Eastern Highlands),gimi1243,Nuclear Trans New Guinea,-0.035136666608959234,5
Gimi (Eastern Highlands),gimi1243,Nuclear Trans New Guinea,-0.03586011832041129,6
Gimi (Eastern Highlands),gimi1243,Nuclear Trans New Guinea,0.060710211353559945,7
Gimi (Eastern Highlands),gimi1243,Nuclear Trans New Guinea,0.014894373425967573,8
Gimi (Eastern Highlands),gimi1243,Nuclear Trans New Guinea,-0.012281433335534367,9
Kayabí,kaya1329,Tupian,0.023286870428899435,0
Kayabí,kaya1329,Tupian,0.009958279037030211,1
Kayabí,kaya1329,Tupian,-0.02924268343704214,2
Kayabí,kaya1329,Tupian,0.06940881786671069,3
Kayabí,kaya1329,Tupian,-0.04008548303448854,4
Kayabí,kaya1329,Tupian,-0.04624634653969137,5
Kayabí,kaya1329,Tupian,0.008012132185123186,6
Kayabí,kaya1329,Tupian,-0.021841403220703635,7
Kayabí,kaya1329,Tupian,-0.09233558764204992,8
Kayabí,kaya1329,Tupian,0.016615850287363374,9
Nuclear Woleaian,nucl1479,Austronesian,-0.033114669987143464,0
Nuclear Woleaian,nucl1479,Austronesian,0.0245556234490003,1
Nuclear Woleaian,nucl1479,Austronesian,0.0017251509207868911,2
Nuclear Woleaian,nucl1479,Austronesian,0.01949392586129479,3
Nuclear Woleaian,nucl1479,Austronesian,-0.02490685394461764,4
Nuclear Woleaian,nucl1479,Austronesian,-0.021413159941953322,5
Nuclear Woleaian,nucl1479,Austronesian,0.00519279961686795,6
Nuclear Woleaian,nucl1479,Austronesian,-0.003731546341768602,7
Nuclear Woleaian,nucl1479,Austronesian,0.004362335761708946,8
Nuclear Woleaian,nucl1479,Austronesian,-0.00891929025023823,9
Marathi,mara1378,Indo-European,-0.02654078428438145,0
Marathi,mara1378,Indo-European,0.0027729637211054664,1
Marathi,mara1378,Indo-European,0.01857004557445015,2
Marathi,mara1378,Indo-European,0.04184124701064752,3
Marathi,mara1378,Indo-European,-0.0054583174890912,4
Marathi,mara1378,Indo-European,-0.008072179817509566,5
Marathi,mara1378,Indo-European,-0.02013900932131794,6
Marathi,mara1378,Indo-European,0.002875286656332728,7
Marathi,mara1378,Indo-European,0.008317982142513634,8
Marathi,mara1378,Indo-European,-0.03358944423512983,9
Takia,taki1248,Austronesian,-0.02368984859566698,0
Takia,taki1248,Austronesian,-0.01991963694045893,1
Takia,taki1248,Austronesian,-0.0190077307266489,2
Takia,taki1248,Austronesian,-0.005588026463885445,3
Takia,taki1248,Austronesian,-0.009628362939390843,4
Takia,taki1248,Austronesian,0.057832878209007725,5
Takia,taki1248,Austronesian,0.02010581748331587,6
Takia,taki1248,Austronesian,-0.013527343818896621,7
Takia,taki1248,Austronesian,-0.006752152951632055,8
Takia,taki1248,Austronesian,0.007854511573068447,9
Old English (ca. 450-1100),olde1238,Indo-European,-0.012616644928175305,0
Old English (ca. 450-1100),olde1238,Indo-European,0.0003308649668375045,1
Old English (ca. 450-1100),olde1238,Indo-European,0.012026703693863399,2
Old English (ca. 450-1100),olde1238,Indo-European,-0.022515848339764104,3
Old English (ca. 450-1100),olde1238,Indo-European,-0.000682499921474027,4
Old English (ca. 450-1100),olde1238,Indo-European,-0.015548150837867942,5
Old English (ca. 450-1100),olde1238,Indo-European,-0.023726804497018618,6
Old English (ca. 450-1100),olde1238,Indo-European,0.010786889899364653,7
Old English (ca. 450-1100),olde1238,Indo-European,-0.023624167677244196,8
Old English (ca. 450-1100),olde1238,Indo-European,-0.001970971984988074,9
Assiniboine,assi1247,,-0.019891842546752234,0
Assiniboine,assi1247,,0.0008555972181197046,1
Assiniboine,assi1247,,-0.030333050012386776,2
Assiniboine,assi1247,,-0.003800960312481368,3
Assiniboine,assi1247,,0.011591463433837757,4
Assiniboine,assi1247,,0.014111791103697887,5
Assiniboine,assi1247,,0.01645460856486574,6
Assiniboine,assi1247,,0.007946026658940954,7
Assiniboine,assi1247,,0.021989159370400455,8
Assiniboine,assi1247,,0.004909305971882928,9
Hidatsa,hida1246,,0.00104743489058943,0
Hidatsa,hida1246,,-0.010339511105442317,1
Hidatsa,hida1246,,0.03365063566458118,2
Hidatsa,hida1246,,-0.011602660777686898,3
Hidatsa,hida1246,,0.0026955388284491243,4
Hidatsa,hida1246,,-0.015833390157777277,5
Hidatsa,hida1246,,0.0005437994262172396,6
Hidatsa,hida1246,,-0.011721420438616568,7
Hidatsa,hida1246,,0.002973217265700056,8
Hidatsa,hida1246,,0.014438462015485053,9
Mangole,mang1408,Austronesian,0.01645118603297459,0
Mangole,mang1408,Austronesian,0.027769099022407196,1
Mangole,mang1408,Austronesian,-0.007074144366073791,2
Mangole,mang1408,Austronesian,-0.04521295115745452,3
Mangole,mang1408,Austronesian,0.028418757954612156,4
Mangole,mang1408,Austronesian,-0.033530141094271784,5
Mangole,mang1408,Austronesian,0.036680133974187845,6
Mangole,mang1408,Austronesian,-0.060107059406820464,7
Mangole,mang1408,Austronesian,-0.04897685684298856,8
Mangole,mang1408,Austronesian,-0.007446646987307592,9
Taliabu,tali1262,Austronesian,-0.011124323503094617,0
Taliabu,tali1262,Austronesian,-0.03150824532785297,1
Taliabu,tali1262,Austronesian,0.02605041211824443,2
Taliabu,tali1262,Austronesian,-0.027924527130195793,3
Taliabu,tali1262,Austronesian,0.025215852525198392,4
Taliabu,tali1262,Austronesian,-0.03441557888113132,5
Taliabu,tali1262,Austronesian,-0.05644319241242465,6
Taliabu,tali1262,Austronesian,0.022433378687013044,7
Taliabu,tali1262,Austronesian,0.02953634911273572,8
Taliabu,tali1262,Austronesian,0.07229759966929658,9
Dari,dari1249,Indo-European,0.007501086251349605,0
Dari,dari1249,Indo-European,0.010886659973822524,1
Dari,dari1249,Indo-European,-0.04442023024363946,2
Dari,dari1249,Indo-European,-0.024849472392534308,3
Dari,dari1249,Indo-European,0.046211692027963394,4
Dari,dari1249,Indo-European,0.028803254207836776,5
Dari,dari1249,Indo-European,-0.011475836914522744,6
Dari,dari1249,Indo-European,-0.01936350134906784,7
Dari,dari1249,Indo-European,0.021546900427081538,8
Dari,dari1249,Indo-European,-0.006451697321194413,9
Assamese,assa1263,Indo-European,0.04211563719480464,0
Assamese,assa1263,Indo-European,-0.016529181505645543,1
Assamese,assa1263,Indo-European,0.011608240540566214,2
Assamese,assa1263,Indo-European,0.030547829668133557,3
Assamese,assa1263,Indo-European,0.016451551816892125,4
Assamese,assa1263,Indo-European,-0.001831659167911985,5
Assamese,assa1263,Indo-European,-0.034455155355827306,6
Assamese,assa1263,Indo-European,0.02148384810753498,7
Assamese,assa1263,Indo-European,-0.05573372828617342,8
Assamese,assa1263,Indo-European,0.006711796600086381,9
East Ambae,east2443,Austronesian,-0.003149818108516663,0
East Ambae,east2443,Austronesian,0.01208902191497353,1
East Ambae,east2443,Austronesian,0.04391133307395802,2
East Ambae,east2443,Austronesian,0.026744532676325403,3
East Ambae,east2443,Austronesian,-0.06717437961360467,4
East Ambae,east2443,Austronesian,0.0016241676896124428,5
East Ambae,east2443,Austronesian,0.034672511263954306,6
East Ambae,east2443,Austronesian,0.004371037030284183,7
East Ambae,east2443,Austronesian,-0.04215111316717448,8
East Ambae,east2443,Austronesian,0.017568201888021096,9
Rapanui,rapa1244,Austronesian,-0.014299383989514743,0
Rapanui,rapa1244,Austronesian,0.018022780376996,1
Rapanui,rapa1244,Austronesian,0.036151776320538946,2
Rapanui,rapa1244,Austronesian,0.022067959093486463,3
Rapanui,rapa1244,Austronesian,-0.013654172819743226,4
Rapanui,rapa1244,Austronesian,-0.0035557045274034593,5
Rapanui,rapa1244,Austronesian,-0.012586139265565918,6
Rapanui,rapa1244,Austronesian,0.00032929290768317875,7
Rapanui,rapa1244,Austronesian,-0.04192361234041721,8
Rapanui,rapa1244,Austronesian,0.013712206287795986,9
Djambarrpuyngu,djam1256,Pama-Nyungan,-0.008280577645090126,0
Djambarrpuyngu,djam1256,Pama-Nyungan,0.03568809115854803,1
Djambarrpuyngu,djam1256,Pama-Nyungan,-0.03429362179973836,2
Djambarrpuyngu,djam1256,Pama-Nyungan,0.017470973685279324,3
Djambarrpuyngu,djam1256,Pama-Nyungan,-0.05202947804633492,4
Djambarrpuyngu,djam1256,Pama-Nyungan,-0.0013067275361664655,5
Djambarrpuyngu,djam1256,Pama-Nyungan,0.011427567421723609,6
Djambarrpuyngu,djam1256,Pama-Nyungan,-0.06726833234010837,7
Djambarrpuyngu,djam1256,Pama-Nyungan,0.022810807977123634,8
Djambarrpuyngu,djam1256,Pama-Nyungan,0.013605679608037423,9
Nehan,neha1247,Austronesian,0.07081448969591977,0
Nehan,neha1247,Austronesian,-0.033922865296147325,1
Nehan,neha1247,Austronesian,0.02846164769884163,2
Nehan,neha1247,Austronesian,-0.014752259760117247,3
Nehan,neha1247,Austronesian,0.0580742548209298,4
Nehan,neha1247,Austronesian,-0.062281032506624145,5
Nehan,neha1247,Austronesian,-0.04540834487861689,6
Nehan,neha1247,Austronesian,-0.05002722640845726,7
Nehan,neha1247,Austronesian,0.0059963896806902355,8
Nehan,neha1247,Austronesian,0.01955710938821169,9
Yindjibarndi,yind1247,Pama-Nyungan,0.017520350433861968,0
Yindjibarndi,yind1247,Pama-Nyungan,-0.0034539414007169027,1
Yindjibarndi,yind1247,Pama-Nyungan,-0.023837141659204066,2
Yindjibarndi,yind1247,Pama-Nyungan,-0.01080256888997903,3
Yindjibarndi,yind1247,Pama-Nyungan,-0.022189889649028918,4
Yindjibarndi,yind1247,Pama-Nyungan,-0.023718224117417783,5
Yindjibarndi,yind1247,Pama-Nyungan,-0.004321116925246582,6
Yindjibarndi,yind1247,Pama-Nyungan,-0.03369772708917862,7
Yindjibarndi,yind1247,Pama-Nyungan,0.022418703952460484,8
Yindjibarndi,yind1247,Pama-Nyungan,-0.004357813141860824,9
Kamayurá,kama1373,Tupian,-0.0068311451396534505,0
Kamayurá,kama1373,Tupian,0.01163806016259344,1
Kamayurá,kama1373,Tupian,0.013518500996419332,2
Kamayurá,kama1373,Tupian,-0.014114168118576693,3
Kamayurá,kama1373,Tupian,0.0868651774723459,4
Kamayurá,kama1373,Tupian,-0.023505912088689376,5
Kamayurá,kama1373,Tupian,-0.01061446930392764,6
Kamayurá,kama1373,Tupian,0.00634722661095357,7
Kamayurá,kama1373,Tupian,-0.005096990020804071,8
Kamayurá,kama1373,Tupian,0.0026211628145317604,9
Miami,miam1252,Algic,-0.01607941637061101,0
Miami,miam1252,Algic,0.005431639504647848,1
Miami,miam1252,Algic,0.058606281473278,2
Miami,miam1252,Algic,-0.03634160907616689,3
Miami,miam1252,Algic,-0.006093784696662598,4
Miami,miam1252,Algic,0.029040470419327082,5
Miami,miam1252,Algic,-0.013717214124662779,6
Miami,miam1252,Algic,-0.03577159305070601,7
Miami,miam1252,Algic,-0.012639656452259547,8
Miami,miam1252,Algic,-0.03263048104476492,9
Mekongga,meko1237,Austronesian,0.04660596084831476,0
Mekongga,meko1237,Austronesian,-0.021152876395706285,1
Mekongga,meko1237,Austronesian,0.049297720648723196,2
Mekongga,meko1237,Austronesian,0.0028041237887205606,3
Mekongga,meko1237,Austronesian,0.009441402418973793,4
Mekongga,meko1237,Austronesian,0.019988129957820473,5
Mekongga,meko1237,Austronesian,-0.019392352915514523,6
Mekongga,meko1237,Austronesian,0.02386113938913796,7
Mekongga,meko1237,Austronesian,-0.006756567344693353,8
Mekongga,meko1237,Austronesian,0.012000316150069384,9
Welsh,wels1247,Indo-European,0.030196700333864835,0
Welsh,wels1247,Indo-European,-0.010890750620152597,1
Welsh,wels1247,Indo-European,-0.028786265218572218,2
Welsh,wels1247,Indo-European,-0.020559193727869088,3
Welsh,wels1247,Indo-European,-0.000493501255078516,4
Welsh,wels1247,Indo-European,-0.02908336213306235,5
Welsh,wels1247,Indo-European,-0.006727408847367833,6
Welsh,wels1247,Indo-European,-0.011489440600278521,7
Welsh,wels1247,Indo-European,0.022007367671641402,8
Welsh,wels1247,Indo-European,0.046125943909703655,9
Northern Kurdish,nort2641,Indo-European,-0.0017461743966334779,0
Northern Kurdish,nort2641,Indo-European,0.03763159908698388,1
Northern Kurdish,nort2641,Indo-European,0.0012192186897668463,2
Northern Kurdish,nort2641,Indo-European,-0.015584974133978068,3
Northern Kurdish,nort2641,Indo-European,0.011905961462742908,4
Northern Kurdish,nort2641,Indo-European,-0.019213921675493836,5
Northern Kurdish,nort2641,Indo-European,-0.014481610608430482,6
Northern Kurdish,nort2641,Indo-European,-0.010047616709717395,7
Northern Kurdish,nort2641,Indo-European,0.008756763154551706,8
Northern Kurdish,nort2641,Indo-European,0.004975571238259109,9
Motu,motu1246,Austronesian,0.005485020338580183,0
Motu,motu1246,Austronesian,-0.0185237432355234,1
Motu,motu1246,Austronesian,0.024394208008227117,2
Motu,motu1246,Austronesian,0.058188399445551854,3
Motu,motu1246,Austronesian,0.02333921986500239,4
Motu,motu1246,Austronesian,0.03237664617559062,5
Motu,motu1246,Austronesian,0.004504755872757782,6
Motu,motu1246,Austronesian,-0.015034323946950858,7
Motu,motu1246,Austronesian,0.06642167389738507,8
Motu,motu1246,Austronesian,0.03836926517785674,9
Huasteca Nahuatl,huas1257,Uto-Aztecan,0.25706803650126975,0
Huasteca Nahuatl,huas1257,Uto-Aztecan,-0.2439790223363278,1
Huasteca Nahuatl,huas1257,Uto-Aztecan,-0.2439790223363278,2
Huasteca Nahuatl,huas1257,Uto-Aztecan,0.032460715259078295,3
Huasteca Nahuatl,huas1257,Uto-Aztecan,-0.17486910552416388,4
Huasteca Nahuatl,huas1257,Uto-Aztecan,-0.2439790223363278,5
Huasteca Nahuatl,huas1257,Uto-Aztecan,-0.2439790223363278,6
Huasteca Nahuatl,huas1257,Uto-Aztecan,-0.10575917112531236,7
Huasteca Nahuatl,huas1257,Uto-Aztecan,-0.10575917112531234,8
Huasteca Nahuatl,huas1257,Uto-Aztecan,-0.10575917112531238,9
Duna,duna1248,,-0.02421879240635269,0
Duna,duna1248,,-0.015158541942841115,1
Duna,duna1248,,-0.00949350852562568,2
Duna,duna1248,,0.012159808480459541,3
Duna,duna1248,,-0.020216815951168313,4
Duna,duna1248,,-0.0007284253042698974,5
Duna,duna1248,,-0.023269464142418993,6
Duna,duna1248,,0.006357364362665275,7
Duna,duna1248,,0.031341611845584316,8
Duna,duna1248,,0.03007243600084318,9
Sanskrit,sans1269,Indo-European,0.008737524765901297,0
Sanskrit,sans1269,Indo-European,-0.0027539214248374186,1
Sanskrit,sans1269,Indo-European,-0.020347101094031265,2
Sanskrit,sans1269,Indo-European,-0.03109015374621092,3
Sanskrit,sans1269,Indo-European,0.02259582974263424,4
Sanskrit,sans1269,Indo-European,-0.005888045167968583,5
Sanskrit,sans1269,Indo-European,-0.01374878232429634,6
Sanskrit,sans1269,Indo-European,-0.012068537972844946,7
Sanskrit,sans1269,Indo-European,0.016362890254144384,8
Sanskrit,sans1269,Indo-European,-0.028050107362052636,9
Southwestern Alaya-Athima,kunj1248,Pama-Nyungan,-0.022229331246906216,0
Southwestern Alaya-Athima,kunj1248,Pama-Nyungan,-0.038598282362376224,1
Southwestern Alaya-Athima,kunj1248,Pama-Nyungan,0.006553795251113671,2
Southwestern Alaya-Athima,kunj1248,Pama-Nyungan,-0.03735767346345591,3
Southwestern Alaya-Athima,kunj1248,Pama-Nyungan,0.009288982796629654,4
Southwestern Alaya-Athima,kunj1248,Pama-Nyungan,0.013590305053520687,5
Southwestern Alaya-Athima,kunj1248,Pama-Nyungan,0.0029145871830351354,6
Southwestern Alaya-Athima,kunj1248,Pama-Nyungan,-0.006243965962344656,7
Southwestern Alaya-Athima,kunj1248,Pama-Nyungan,-0.02951835606959821,8
Southwestern Alaya-Athima,kunj1248,Pama-Nyungan,0.014273279054228259,9
Ingush,ingu1240,Nakh-Daghestanian,-0.013346471224506702,0
Ingush,ingu1240,Nakh-Daghestanian,-0.10664774264832241,1
Ingush,ingu1240,Nakh-Daghestanian,0.06992020033434469,2
Ingush,ingu1240,Nakh-Daghestanian,0.03238455272626428,3
Ingush,ingu1240,Nakh-Daghestanian,-0.015934208748386667,4
Ingush,ingu1240,Nakh-Daghestanian,0.0035409086135055603,5
Ingush,ingu1240,Nakh-Daghestanian,-0.06444102841171145,6
Ingush,ingu1240,Nakh-Daghestanian,0.0654978110265515,7
Ingush,ingu1240,Nakh-Daghestanian,-0.01905152300780822,8
Ingush,ingu1240,Nakh-Daghestanian,0.01841017518303219,9
Balinese,bali1278,Austronesian,-0.021410236291332166,0
Balinese,bali1278,Austronesian,0.026395803462256444,1
Balinese,bali1278,Austronesian,-0.02668028151174148,2
Balinese,bali1278,Austronesian,-0.017497785064943747,3
Balinese,bali1278,Austronesian,0.011702862286580283,4
Balinese,bali1278,Austronesian,0.016957009455991365,5
Balinese,bali1278,Austronesian,-0.06169447049321932,6
Balinese,bali1278,Austronesian,-0.031306549098853984,7
Balinese,bali1278,Austronesian,-0.02124283301433349,8
Balinese,bali1278,Austronesian,0.014132861979071508,9
Touo,touo1238,Touo,0.03437746252943014,0
Touo,touo1238,Touo,0.01614367616183177,1
Touo,touo1238,Touo,0.007415457240695623,2
Touo,touo1238,Touo,-0.0420994688140803,3
Touo,touo1238,Touo,-0.023850982748822802,4
Touo,touo1238,Touo,-0.005532304761351432,5
Touo,touo1238,Touo,-0.034953320768473954,6
Touo,touo1238,Touo,0.006431288832422507,7
Touo,touo1238,Touo,-0.033057457974711726,8
Touo,touo1238,Touo,-0.03387760558480001,9
Fore,fore1270,Nuclear Trans New Guinea,-0.009346928179235485,0
Fore,fore1270,Nuclear Trans New Guinea,-0.0065208586758104215,1
Fore,fore1270,Nuclear Trans New Guinea,0.06808029180569639,2
Fore,fore1270,Nuclear Trans New Guinea,-0.008045521321159406,3
Fore,fore1270,Nuclear Trans New Guinea,-0.0001775964648572938,4
Fore,fore1270,Nuclear Trans New Guinea,0.0026473735999751045,5
Fore,fore1270,Nuclear Trans New Guinea,0.00020270621986639794,6
Fore,fore1270,Nuclear Trans New Guinea,0.03927263022170185,7
Fore,fore1270,Nuclear Trans New Guinea,-0.0037029944605876716,8
Fore,fore1270,Nuclear Trans New Guinea,-0.014842022465343553,9
Kwamera,kwam1252,Austronesian,0.009431665465476222,0
Kwamera,kwam1252,Austronesian,0.004128258753623139,1
Kwamera,kwam1252,Austronesian,-0.0047029313051859265,2
Kwamera,kwam1252,Austronesian,-0.01917129697361426,3
Kwamera,kwam1252,Austronesian,0.018125231788137935,4
Kwamera,kwam1252,Austronesian,-0.005681047578701817,5
Kwamera,kwam1252,Austronesian,0.049646509657811366,6
Kwamera,kwam1252,Austronesian,0.04226974755954084,7
Kwamera,kwam1252,Austronesian,-0.007011151897642542,8
Kwamera,kwam1252,Austronesian,-0.03157766948638631,9
Sosva Mansi,nort2677,Uralic,0.012508879245112816,0
Sosva Mansi,nort2677,Uralic,-0.02887065083353628,1
Sosva Mansi,nort2677,Uralic,0.030701309765270055,2
Sosva Mansi,nort2677,Uralic,-0.013559685045494414,3
Sosva Mansi,nort2677,Uralic,0.03907512990013035,4
Sosva Mansi,nort2677,Uralic,0.02673175784284483,5
Sosva Mansi,nort2677,Uralic,-0.03761842499852821,6
Sosva Mansi,nort2677,Uralic,-0.0008859173456345209,7
Sosva Mansi,nort2677,Uralic,0.05795194108726287,8
Sosva Mansi,nort2677,Uralic,-0.0050464963851594765,9
Mekeo,meke1243,Austronesian,-0.038866060773428406,0
Mekeo,meke1243,Austronesian,-0.0530936203771558,1
Mekeo,meke1243,Austronesian,0.0007780722088860728,2
Mekeo,meke1243,Austronesian,-0.13844843024425502,3
Mekeo,meke1243,Austronesian,-0.07741244680955486,4
Mekeo,meke1243,Austronesian,0.03121510327864063,5
Mekeo,meke1243,Austronesian,0.11649050742400283,6
Mekeo,meke1243,Austronesian,0.041503056209222955,7
Mekeo,meke1243,Austronesian,-0.021233378910823136,8
Mekeo,meke1243,Austronesian,-0.10771006116770293,9
Gilbertese,gilb1244,Austronesian,-0.02751424653692777,0
Gilbertese,gilb1244,Austronesian,-0.012862427458737486,1
Gilbertese,gilb1244,Austronesian,-0.0235198549401311,2
Gilbertese,gilb1244,Austronesian,0.03719933865171641,3
Gilbertese,gilb1244,Austronesian,-0.04144820999824807,4
Gilbertese,gilb1244,Austronesian,-0.00228244858832456,5
Gilbertese,gilb1244,Austronesian,-0.01536910113159608,6
Gilbertese,gilb1244,Austronesian,-0.04621869407844499,7
Gilbertese,gilb1244,Austronesian,0.09031148859522405,8
Gilbertese,gilb1244,Austronesian,0.004615806581966562,9
Northern Ojibwa,nort2961,Algic,0.016117965845441878,0
Northern Ojibwa,nort2961,Algic,0.012138897570718097,1
Northern Ojibwa,nort2961,Algic,0.023707030410197744,2
Northern Ojibwa,nort2961,Algic,0.0105926641490176,3
Northern Ojibwa,nort2961,Algic,-0.001464601004989327,4
Northern Ojibwa,nort2961,Algic,-0.021114352058611074,5
Northern Ojibwa,nort2961,Algic,-0.030309407898232457,6
Northern Ojibwa,nort2961,Algic,0.004215883563661799,7
Northern Ojibwa,nort2961,Algic,0.010879210017902785,8
Northern Ojibwa,nort2961,Algic,-0.016742255648536063,9
Tesuque,tesu1245,,-0.010406392530798272,0
Tesuque,tesu1245,,0.008635022163301965,1
Tesuque,tesu1245,,0.006870729336596526,2
Tesuque,tesu1245,,-0.006769239712726646,3
Tesuque,tesu1245,,0.02919828223297447,4
Tesuque,tesu1245,,-0.0086817428732997,5
Tesuque,tesu1245,,0.022674560689917515,6
Tesuque,tesu1245,,0.041807860873835305,7
Tesuque,tesu1245,,0.038105361335598685,8
Tesuque,tesu1245,,0.011752770671819221,9
Selk'nam,onaa1245,,0.018003464519728653,0
Selk'nam,onaa1245,,0.12046090650146328,1
Selk'nam,onaa1245,,-0.028224596156442454,2
Selk'nam,onaa1245,,0.009104175573961896,3
Selk'nam,onaa1245,,-0.020393129630609425,4
Selk'nam,onaa1245,,0.003064320102987175,5
Selk'nam,onaa1245,,-0.036345084027716426,6
Selk'nam,onaa1245,,0.0013800102946647677,7
Selk'nam,onaa1245,,-0.032527146959938066,8
Selk'nam,onaa1245,,-0.01688704380308391,9
Mundurukú,mund1330,Tupian,-0.030147978874028588,0
Mundurukú,mund1330,Tupian,-0.05546585277584114,1
Mundurukú,mund1330,Tupian,-0.0009882069708059596,2
Mundurukú,mund1330,Tupian,0.05325404413647856,3
Mundurukú,mund1330,Tupian,-0.017446095211348496,4
Mundurukú,mund1330,Tupian,0.02724078300411436,5
Mundurukú,mund1330,Tupian,-0.01165326043010179,6
Mundurukú,mund1330,Tupian,0.06005557034964529,7
Mundurukú,mund1330,Tupian,-0.03210340966278225,8
Mundurukú,mund1330,Tupian,0.004001337305262705,9
Bierebo,bier1244,Austronesian,-0.008159623631095087,0
Bierebo,bier1244,Austronesian,-0.04233324522800912,1
Bierebo,bier1244,Austronesian,0.04505369046971626,2
Bierebo,bier1244,Austronesian,0.03390955843879301,3
Bierebo,bier1244,Austronesian,-0.036930746740545556,4
Bierebo,bier1244,Austronesian,-0.011057940947992138,5
Bierebo,bier1244,Austronesian,0.08405150630481377,6
Bierebo,bier1244,Austronesian,0.017703396651751094,7
Bierebo,bier1244,Austronesian,-0.022177064900780113,8
Bierebo,bier1244,Austronesian,-0.027127338342724336,9
Polish,poli1260,Indo-European,-0.01431970402078542,0
Polish,poli1260,Indo-European,0.029037054151579828,1
Polish,poli1260,Indo-European,0.0033092146157367355,2
Polish,poli1260,Indo-European,-0.006052735338205264,3
Polish,poli1260,Indo-European,0.0026144312952217238,4
Polish,poli1260,Indo-European,0.00038071264153771104,5
Polish,poli1260,Indo-European,0.003365019104425919,6
Polish,poli1260,Indo-European,0.022247166947329276,7
Polish,poli1260,Indo-European,-0.018344858577251537,8
Polish,poli1260,Indo-European,0.009926968695445071,9
Weda,weda1240,Austronesian,-0.012740137257954798,0
Weda,weda1240,Austronesian,0.005669076641731392,1
Weda,weda1240,Austronesian,-0.020043972462332874,2
Weda,weda1240,Austronesian,0.0001153635170347651,3
Weda,weda1240,Austronesian,0.018551015212190623,4
Weda,weda1240,Austronesian,0.017640653557754522,5
Weda,weda1240,Austronesian,-0.017345827307363088,6
Weda,weda1240,Austronesian,-0.0036665352279260767,7
Weda,weda1240,Austronesian,-0.00159105473420979,8
Weda,weda1240,Austronesian,0.02885112499537639,9
Muduapa,mudu1242,Austronesian,-0.015397943756604011,0
Muduapa,mudu1242,Austronesian,0.025689459176032374,1
Muduapa,mudu1242,Austronesian,-0.003608243284498128,2
Muduapa,mudu1242,Austronesian,0.03224810176957843,3
Muduapa,mudu1242,Austronesian,-0.02165825752118915,4
Muduapa,mudu1242,Austronesian,0.020510805107430488,5
Muduapa,mudu1242,Austronesian,-0.015555881771604604,6
Muduapa,mudu1242,Austronesian,-0.0018956497474196428,7
Muduapa,mudu1242,Austronesian,0.03027419305102732,8
Muduapa,mudu1242,Austronesian,0.020042934741598333,9
Dzongkha,dzon1239,Sino-Tibetan,-0.03508085946364432,0
Dzongkha,dzon1239,Sino-Tibetan,0.023166972126448727,1
Dzongkha,dzon1239,Sino-Tibetan,0.018070264822817848,2
Dzongkha,dzon1239,Sino-Tibetan,0.013792611693439219,3
Dzongkha,dzon1239,Sino-Tibetan,-0.017902698364724953,4
Dzongkha,dzon1239,Sino-Tibetan,0.02458521180923831,5
Dzongkha,dzon1239,Sino-Tibetan,0.0037420405660343638,6
Dzongkha,dzon1239,Sino-Tibetan,-0.0028035308959284827,7
Dzongkha,dzon1239,Sino-Tibetan,-0.00154834745394667,8
Dzongkha,dzon1239,Sino-Tibetan,-0.015164203034272855,9
Warlmanpa,warl1255,Pama-Nyungan,0.024295593115178444,0
Warlmanpa,warl1255,Pama-Nyungan,0.07617941435808087,1
Warlmanpa,warl1255,Pama-Nyungan,0.018033468082689443,2
Warlmanpa,warl1255,Pama-Nyungan,-0.017719677205682335,3
Warlmanpa,warl1255,Pama-Nyungan,-0.021220136327948422,4
Warlmanpa,warl1255,Pama-Nyungan,0.056627839463213904,5
Warlmanpa,warl1255,Pama-Nyungan,0.03776705683673155,6
Warlmanpa,warl1255,Pama-Nyungan,0.038331183601886844,7
Warlmanpa,warl1255,Pama-Nyungan,-0.015115063850521507,8
Warlmanpa,warl1255,Pama-Nyungan,-0.021506294709650903,9
Mbala,mbal1257,Atlantic-Congo,-0.023163236064449453,0
Mbala,mbal1257,Atlantic-Congo,-0.01226191617722467,1
Mbala,mbal1257,Atlantic-Congo,0.0023166839369456508,2
Mbala,mbal1257,Atlantic-Congo,0.024270619573739594,3
Mbala,mbal1257,Atlantic-Congo,0.02298262012532484,4
Mbala,mbal1257,Atlantic-Congo,-0.018245186968371577,5
Mbala,mbal1257,Atlantic-Congo,-0.019251485354433495,6
Mbala,mbal1257,Atlantic-Congo,-0.0365289237349482,7
Mbala,mbal1257,Atlantic-Congo,0.012505313107484702,8
Mbala,mbal1257,Atlantic-Congo,0.02277857126490142,9
Sogeram,soge1235,Nuclear Trans New Guinea,0.012338574338531354,0
Sogeram,soge1235,Nuclear Trans New Guinea,-0.006026836950207629,1
Sogeram,soge1235,Nuclear Trans New Guinea,0.009188693455137557,2
Sogeram,soge1235,Nuclear Trans New Guinea,-0.01962170333646974,3
Sogeram,soge1235,Nuclear Trans New Guinea,0.010159109069653307,4
Sogeram,soge1235,Nuclear Trans New Guinea,0.020785485184500106,5
Sogeram,soge1235,Nuclear Trans New Guinea,0.010031832556875817,6
Sogeram,soge1235,Nuclear Trans New Guinea,0.03905935686651206,7
Sogeram,soge1235,Nuclear Trans New Guinea,-0.0026223910784894553,8
Sogeram,soge1235,Nuclear Trans New Guinea,-0.02424620941560182,9
Dyirbal,dyir1250,Pama-Nyungan,0.029526085987061,0
Dyirbal,dyir1250,Pama-Nyungan,-0.0030397650602619953,1
Dyirbal,dyir1250,Pama-Nyungan,-0.005278010233659173,2
Dyirbal,dyir1250,Pama-Nyungan,0.011280489012670605,3
Dyirbal,dyir1250,Pama-Nyungan,-0.026126926444962013,4
Dyirbal,dyir1250,Pama-Nyungan,-0.01286623788408496,5
Dyirbal,dyir1250,Pama-Nyungan,-0.01756162052271048,6
Dyirbal,dyir1250,Pama-Nyungan,0.020079521226095645,7
Dyirbal,dyir1250,Pama-Nyungan,-0.018010838773965747,8
Dyirbal,dyir1250,Pama-Nyungan,-0.005425043843455851,9
Central Kurdish,cent1972,Indo-European,-0.02928014786683479,0
Central Kurdish,cent1972,Indo-European,0.009599963025075353,1
Central Kurdish,cent1972,Indo-European,0.0195465730899816,2
Central Kurdish,cent1972,Indo-European,0.018072501761898344,3
Central Kurdish,cent1972,Indo-European,-0.013075287421723005,4
Central Kurdish,cent1972,Indo-European,0.035917759411705774,5
Central Kurdish,cent1972,Indo-European,-0.03461932177926406,6
Central Kurdish,cent1972,Indo-European,-0.05135226142786802,7
Central Kurdish,cent1972,Indo-European,0.044789568798861146,8
Central Kurdish,cent1972,Indo-European,0.012123292183110628,9
Akhvakh,akhv1239,Nakh-Daghestanian,0.01590555454371171,0
Akhvakh,akhv1239,Nakh-Daghestanian,-0.00357177517552467,1
Akhvakh,akhv1239,Nakh-Daghestanian,-0.014496859767181462,2
Akhvakh,akhv1239,Nakh-Daghestanian,0.02496813304250377,3
Akhvakh,akhv1239,Nakh-Daghestanian,0.028324827371156828,4
Akhvakh,akhv1239,Nakh-Daghestanian,0.027302880636523696,5
Akhvakh,akhv1239,Nakh-Daghestanian,0.014631441795941913,6
Akhvakh,akhv1239,Nakh-Daghestanian,0.013446256832930315,7
Akhvakh,akhv1239,Nakh-Daghestanian,-0.02000531310449255,8
Akhvakh,akhv1239,Nakh-Daghestanian,0.028363637874567117,9
Wichí Lhamtés Güisnay,wich1264,,-0.07857267517803383,0
Wichí Lhamtés Güisnay,wich1264,,-0.04030691063741759,1
Wichí Lhamtés Güisnay,wich1264,,-0.06764399165406876,2
Wichí Lhamtés Güisnay,wich1264,,0.013454061647451663,3
Wichí Lhamtés Güisnay,wich1264,,0.015334235144471998,4
Wichí Lhamtés Güisnay,wich1264,,0.030585995864008432,5
Wichí Lhamtés Güisnay,wich1264,,0.036643577591230575,6
Wichí Lhamtés Güisnay,wich1264,,0.04569136509573285,7
Wichí Lhamtés Güisnay,wich1264,,0.03852343837310697,8
Wichí Lhamtés Güisnay,wich1264,,-0.009850881696151002,9
Tetum,tetu1245,Austronesian,0.031956914263195316,0
Tetum,tetu1245,Austronesian,-0.027374794901886434,1
Tetum,tetu1245,Austronesian,-0.02515998967031735,2
Tetum,tetu1245,Austronesian,0.020894969022193753,3
Tetum,tetu1245,Austronesian,-0.003332728757191643,4
Tetum,tetu1245,Austronesian,0.00840055010369753,5
Tetum,tetu1245,Austronesian,0.03803370698294573,6
Tetum,tetu1245,Austronesian,-0.011939872943758163,7
Tetum,tetu1245,Austronesian,0.010294444173756483,8
Tetum,tetu1245,Austronesian,-0.014738175601721025,9
Bilua,bilu1245,Bilua,-0.006156414274106082,0
Bilua,bilu1245,Bilua,-0.01630160415710802,1
Bilua,bilu1245,Bilua,-0.0020853753354730924,2
Bilua,bilu1245,Bilua,-0.0032236938892307885,3
Bilua,bilu1245,Bilua,-0.010929077315831745,4
Bilua,bilu1245,Bilua,-0.0069601208200065256,5
Bilua,bilu1245,Bilua,-0.010252815453635121,6
Bilua,bilu1245,Bilua,0.050330351587494784,7
Bilua,bilu1245,Bilua,0.006862308989895505,8
Bilua,bilu1245,Bilua,-0.009799730524339405,9
To'abaita,toab1237,Austronesian,-0.0030724039870034395,0
To'abaita,toab1237,Austronesian,-0.021431623764535702,1
To'abaita,toab1237,Austronesian,-0.02352873134094002,2
To'abaita,toab1237,Austronesian,-0.001382911893346319,3
To'abaita,toab1237,Austronesian,0.023791125560423527,4
To'abaita,toab1237,Austronesian,-0.006911208185665848,5
To'abaita,toab1237,Austronesian,-0.0030334799204334213,6
To'abaita,toab1237,Austronesian,-0.026359530469874583,7
To'abaita,toab1237,Austronesian,-0.015361673280703734,8
To'abaita,toab1237,Austronesian,-0.019992482695614194,9
Irish,iris1253,Indo-European,-0.03126314263220855,0
Irish,iris1253,Indo-European,-0.0008165400397941317,1
Irish,iris1253,Indo-European,-0.035382996959441707,2
Irish,iris1253,Indo-European,-0.05146741733431946,3
Irish,iris1253,Indo-European,0.002748020327769812,4
Irish,iris1253,Indo-European,0.02394465129205738,5
Irish,iris1253,Indo-European,0.0018079449702235895,6
Irish,iris1253,Indo-European,-0.028698991961960005,7
Irish,iris1253,Indo-European,-0.0008286526884551534,8
Irish,iris1253,Indo-European,0.002832342401047974,9
Tigak,tiga1245,Austronesian,-0.015639938389790685,0
Tigak,tiga1245,Austronesian,-0.04888920487626229,1
Tigak,tiga1245,Austronesian,0.024224109717439206,2
Tigak,tiga1245,Austronesian,0.02982410692607782,3
Tigak,tiga1245,Austronesian,0.22609999422586818,4
Tigak,tiga1245,Austronesian,-0.0034251595603938187,5
Tigak,tiga1245,Austronesian,-0.00902515676903239,6
Tigak,tiga1245,Austronesian,-0.09571875136961049,7
Tigak,tiga1245,Austronesian,0.006584692062083691,8
Tigak,tiga1245,Austronesian,-0.02785471721918762,9
Lamba,lamb1271,Atlantic-Congo,0.002927067352316221,0
Lamba,lamb1271,Atlantic-Congo,0.023306747745352168,1
Lamba,lamb1271,Atlantic-Congo,0.011274478157102908,2
Lamba,lamb1271,Atlantic-Congo,-0.026934062030072016,3
Lamba,lamb1271,Atlantic-Congo,0.0213873491004152,4
Lamba,lamb1271,Atlantic-Congo,-0.00048101427487467005,5
Lamba,lamb1271,Atlantic-Congo,0.03667637682436152,6
Lamba,lamb1271,Atlantic-Congo,-0.02154973633350243,7
Lamba,lamb1271,Atlantic-Congo,-0.02061128572186693,8
Lamba,lamb1271,Atlantic-Congo,-0.0074059446748539065,9
Maybrat-Karon,maib1239,Maybrat-Karon,-0.0380224886168427,0
Maybrat-Karon,maib1239,Maybrat-Karon,-0.0026243221019369538,1
Maybrat-Karon,maib1239,Maybrat-Karon,0.014839886166677621,2
Maybrat-Karon,maib1239,Maybrat-Karon,-0.027317800672312844,3
Maybrat-Karon,maib1239,Maybrat-Karon,0.04315199369098409,4
Maybrat-Karon,maib1239,Maybrat-Karon,0.002735863765722429,5
Maybrat-Karon,maib1239,Maybrat-Karon,-0.012805535021741622,6
Maybrat-Karon,maib1239,Maybrat-Karon,0.009454866680284606,7
Maybrat-Karon,maib1239,Maybrat-Karon,0.037932908448371945,8
Maybrat-Karon,maib1239,Maybrat-Karon,-0.008611239368968987,9
/Gwi,gwii1239,,-0.01650982777796002,0
/Gwi,gwii1239,,-0.004081205226570317,1
/Gwi,gwii1239,,0.005906797887210354,2
/Gwi,gwii1239,,-0.004687200206907089,3
/Gwi,gwii1239,,0.009826487801182015,4
/Gwi,gwii1239,,0.011041197179355668,5
/Gwi,gwii1239,,0.016107476688509433,6
/Gwi,gwii1239,,-0.0023080654446619954,7
/Gwi,gwii1239,,-0.01585279044510581,8
/Gwi,gwii1239,,-0.012738841780253432,9
Kei,keii1239,Austronesian,-0.14902094833943033,0
Kei,keii1239,Austronesian,0.05944995566328851,1
Kei,keii1239,Austronesian,-0.1332562162239326,2
Kei,keii1239,Austronesian,0.013687479386474091,3
Kei,keii1239,Austronesian,-0.08910105675519922,4
Kei,keii1239,Austronesian,-0.10328638324229857,5
Kei,keii1239,Austronesian,0.09265456081666447,6
Kei,keii1239,Austronesian,0.0012309013866174585,7
Kei,keii1239,Austronesian,-0.04308587557784102,8
Kei,keii1239,Austronesian,-0.02758134810504305,9
Pagu,pagu1249,,-0.023289917205751357,0
Pagu,pagu1249,,-0.027642462426612686,1
Pagu,pagu1249,,0.03525042672401661,2
Pagu,pagu1249,,-0.044734830356925784,3
Pagu,pagu1249,,0.009184406074566316,4
Pagu,pagu1249,,0.024248613540347908,5
Pagu,pagu1249,,-0.010910907118664161,6
Pagu,pagu1249,,-0.02962517468417341,7
Pagu,pagu1249,,0.03573744707378144,8
Pagu,pagu1249,,-0.017657356230710162,9
Wik-Mungkan,wikm1247,Pama-Nyungan,0.019675650190188923,0
Wik-Mungkan,wikm1247,Pama-Nyungan,-0.009417657436970338,1
Wik-Mungkan,wikm1247,Pama-Nyungan,-0.010801309318019649,2
Wik-Mungkan,wikm1247,Pama-Nyungan,-0.017853578023500783,3
Wik-Mungkan,wikm1247,Pama-Nyungan,-0.019058921512201742,4
Wik-Mungkan,wikm1247,Pama-Nyungan,0.04332202084535975,5
Wik-Mungkan,wikm1247,Pama-Nyungan,-0.01800134724611119,6
Wik-Mungkan,wikm1247,Pama-Nyungan,0.0036205436334665786,7
Wik-Mungkan,wikm1247,Pama-Nyungan,0.003623155487253398,8
Wik-Mungkan,wikm1247,Pama-Nyungan,0.016732608401754338,9
Yulparija,yulp1239,Pama-Nyungan,-0.02786061066718511,0
Yulparija,yulp1239,Pama-Nyungan,0.016967134888991584,1
Yulparija,yulp1239,Pama-Nyungan,0.012488468840221503,2
Yulparija,yulp1239,Pama-Nyungan,0.008245611665167761,3
Yulparija,yulp1239,Pama-Nyungan,-0.02171098587608961,4
Yulparija,yulp1239,Pama-Nyungan,-0.010263288885939928,5
Yulparija,yulp1239,Pama-Nyungan,-0.035718281665720636,6
Yulparija,yulp1239,Pama-Nyungan,0.0007296765866084996,7
Yulparija,yulp1239,Pama-Nyungan,0.006283494221100564,8
Yulparija,yulp1239,Pama-Nyungan,-0.007405033321612986,9
Kyaka,kyak1244,Nuclear Trans New Guinea,0.028064141060807624,0
Kyaka,kyak1244,Nuclear Trans New Guinea,-0.031012357395422484,1
Kyaka,kyak1244,Nuclear Trans New Guinea,-0.02260347710644297,2
Kyaka,kyak1244,Nuclear Trans New Guinea,0.0025780781859330738,3
Kyaka,kyak1244,Nuclear Trans New Guinea,-0.005552256892191755,4
Kyaka,kyak1244,Nuclear Trans New Guinea,0.03984982598347385,5
Kyaka,kyak1244,Nuclear Trans New Guinea,-0.012781778326987802,6
Kyaka,kyak1244,Nuclear Trans New Guinea,-0.02267538981146181,7
Kyaka,kyak1244,Nuclear Trans New Guinea,-0.012004763042763692,8
Kyaka,kyak1244,Nuclear Trans New Guinea,0.010181114505858534,9
Aklanon,akla1241,Austronesian,0.008503945768742355,0
Aklanon,akla1241,Austronesian,-0.005960759147557568,1
Aklanon,akla1241,Austronesian,-0.0030277569292240618,2
Aklanon,akla1241,Austronesian,0.013850953498842866,3
Aklanon,akla1241,Austronesian,0.00212398491171752,4
Aklanon,akla1241,Austronesian,-0.02761486335042368,5
Aklanon,akla1241,Austronesian,-0.0041447274257250385,6
Aklanon,akla1241,Austronesian,0.0019629546095861197,7
Aklanon,akla1241,Austronesian,-0.016903674748830706,8
Aklanon,akla1241,Austronesian,-0.0008803249478168285,9
Bihari,biha1245,Indo-European,0.07711567416496605,0
Bihari,biha1245,Indo-European,0.030591094283447768,1
Bihari,biha1245,Indo-European,0.03814543081346565,2
Bihari,biha1245,Indo-European,0.04566087843720976,3
Bihari,biha1245,Indo-European,-0.03778327184743916,4
Bihari,biha1245,Indo-European,-0.08163403301464024,5
Bihari,biha1245,Indo-European,0.04788269666188732,6
Bihari,biha1245,Indo-European,-0.034437269679461424,7
Bihari,biha1245,Indo-European,0.014908705447437571,8
Bihari,biha1245,Indo-European,-0.06298708865282554,9
Kemtuik,kemt1242,Nimboranic,-0.007056024604776941,0
Kemtuik,kemt1242,Nimboranic,0.008262292018304527,1
Kemtuik,kemt1242,Nimboranic,0.0008158304879983926,2
Kemtuik,kemt1242,Nimboranic,-0.018924649989014136,3
Kemtuik,kemt1242,Nimboranic,-0.005656580564076739,4
Kemtuik,kemt1242,Nimboranic,-0.006013347833722966,5
Kemtuik,kemt1242,Nimboranic,0.0035797736137187512,6
Kemtuik,kemt1242,Nimboranic,-0.018674063187428917,7
Kemtuik,kemt1242,Nimboranic,-0.021146666183312075,8
Kemtuik,kemt1242,Nimboranic,-0.002791437154292698,9
Nen,nenn1238,,-0.00535362814752155,0
Nen,nenn1238,,0.02385370135729447,1
Nen,nenn1238,,-0.01872892928526428,2
Nen,nenn1238,,0.0009470910370120763,3
Nen,nenn1238,,-0.0010849767874224008,4
Nen,nenn1238,,-0.010526260393844768,5
Nen,nenn1238,,0.008268410942252804,6
Nen,nenn1238,,-3.117818840218684e-05,7
Nen,nenn1238,,0.00970739538319695,8
Nen,nenn1238,,0.008673315688342684,9
Dampelas,damp1237,Austronesian,-0.019046334827167184,0
Dampelas,damp1237,Austronesian,0.002309808228354004,1
Dampelas,damp1237,Austronesian,0.019064286594283907,2
Dampelas,damp1237,Austronesian,0.03211581889390386,3
Dampelas,damp1237,Austronesian,-0.01767959844259427,4
Dampelas,damp1237,Austronesian,-0.002105021689319833,5
Dampelas,damp1237,Austronesian,-0.023256262079901772,6
Dampelas,damp1237,Austronesian,-0.024601831684297484,7
Dampelas,damp1237,Austronesian,-0.008480434413596336,8
Dampelas,damp1237,Austronesian,-0.014009789299921919,9
Nyawaygi,nyaw1247,Pama-Nyungan,0.04561717836526273,0
Nyawaygi,nyaw1247,Pama-Nyungan,-0.021540893734921525,1
Nyawaygi,nyaw1247,Pama-Nyungan,-0.0008363134512277547,2
Nyawaygi,nyaw1247,Pama-Nyungan,0.009979967939665971,3
Nyawaygi,nyaw1247,Pama-Nyungan,-0.004767443963568007,4
Nyawaygi,nyaw1247,Pama-Nyungan,0.00836455251434744,5
Nyawaygi,nyaw1247,Pama-Nyungan,-0.057116788877880756,6
Nyawaygi,nyaw1247,Pama-Nyungan,-0.02929265305666678,7
Nyawaygi,nyaw1247,Pama-Nyungan,0.04953620268470615,8
Nyawaygi,nyaw1247,Pama-Nyungan,0.0010666893101603416,9
Hiligaynon,hili1240,Austronesian,-0.02823274940741793,0
Hiligaynon,hili1240,Austronesian,0.005669087566714935,1
Hiligaynon,hili1240,Austronesian,0.13846729355406895,2
Hiligaynon,hili1240,Austronesian,-0.03947852970432407,3
Hiligaynon,hili1240,Austronesian,0.002300639697805738,4
Hiligaynon,hili1240,Austronesian,0.00637830339855287,5
Hiligaynon,hili1240,Austronesian,-0.03801484679414461,6
Hiligaynon,hili1240,Austronesian,0.06205585934457259,7
Hiligaynon,hili1240,Austronesian,-0.04717580662647244,8
Hiligaynon,hili1240,Austronesian,-0.043475706432275676,9
Klon,kelo1247,Timor-Alor-Pantar,-0.054487456995188296,0
Klon,kelo1247,Timor-Alor-Pantar,0.027082516973595545,1
Klon,kelo1247,Timor-Alor-Pantar,0.004210153586534932,2
Klon,kelo1247,Timor-Alor-Pantar,-0.08479679405064089,3
Klon,kelo1247,Timor-Alor-Pantar,0.02534393702885636,4
Klon,kelo1247,Timor-Alor-Pantar,-0.051701891980838535,5
Klon,kelo1247,Timor-Alor-Pantar,0.054832996060925884,6
Klon,kelo1247,Timor-Alor-Pantar,-0.026993461433761027,7
Klon,kelo1247,Timor-Alor-Pantar,-0.0008571559570530212,8
Klon,kelo1247,Timor-Alor-Pantar,0.010804731264190431,9
Karitiâna,kari1311,Tupian,0.010717208540499623,0
Karitiâna,kari1311,Tupian,0.051828662940396106,1
Karitiâna,kari1311,Tupian,0.06381774752337314,2
Karitiâna,kari1311,Tupian,0.10581135247774923,3
Karitiâna,kari1311,Tupian,0.023684791377922752,4
Karitiâna,kari1311,Tupian,0.022116766832303913,5
Karitiâna,kari1311,Tupian,0.00718980910996413,6
Karitiâna,kari1311,Tupian,-0.018426040369849694,7
Karitiâna,kari1311,Tupian,0.018765794245773057,8
Karitiâna,kari1311,Tupian,-0.04185977508739856,9
Tolowa-Chetco,tolo1259,,-0.012623638427240364,0
Tolowa-Chetco,tolo1259,,0.0036422559081109615,1
Tolowa-Chetco,tolo1259,,0.022812448998713732,2
Tolowa-Chetco,tolo1259,,0.027650810619760612,3
Tolowa-Chetco,tolo1259,,-0.000363279615389032,4
Tolowa-Chetco,tolo1259,,-0.012736054208346411,5
Tolowa-Chetco,tolo1259,,0.035955657397599435,6
Tolowa-Chetco,tolo1259,,0.019405541489166477,7
Tolowa-Chetco,tolo1259,,-0.0022118709251392776,8
Tolowa-Chetco,tolo1259,,-0.04453933333151023,9
Mongolian,mong1331,,0.031398056049612,0
Mongolian,mong1331,,-0.07171104829096772,1
Mongolian,mong1331,,0.005824548823019795,2
Mongolian,mong1331,,-0.0025715322723051555,3
Mongolian,mong1331,,0.07370459912309849,4
Mongolian,mong1331,,-0.004669987105333606,5
Mongolian,mong1331,,-0.04170663236669204,6
Mongolian,mong1331,,-0.038262601372507546,7
Mongolian,mong1331,,-0.0069265548232650435,8
Mongolian,mong1331,,-0.0033112323717541924,9
Manggarai,mang1405,Austronesian,-0.015401369090289932,0
Manggarai,mang1405,Austronesian,-0.04787547868420039,1
Manggarai,mang1405,Austronesian,-0.03566580676961431,2
Manggarai,mang1405,Austronesian,0.018445447102237153,3
Manggarai,mang1405,Austronesian,-0.0007755683445381098,4
Manggarai,mang1405,Austronesian,-0.018397250328955426,5
Manggarai,mang1405,Austronesian,0.024202658938457168,6
Manggarai,mang1405,Austronesian,-0.02579777582570062,7
Manggarai,mang1405,Austronesian,0.02432294086837101,8
Manggarai,mang1405,Austronesian,-0.01251250742126394,9
Yámana,yama1264,,-0.011048507662197917,0
Yámana,yama1264,,-0.0164195201753323,1
Yámana,yama1264,,0.016941609304744525,2
Yámana,yama1264,,0.008834165548685765,3
Yámana,yama1264,,0.02643334879323829,4
Yámana,yama1264,,0.08074045547828201,5
Yámana,yama1264,,0.028307844092122687,6
Yámana,yama1264,,-0.04653352314346443,7
Yámana,yama1264,,-0.015166024185884964,8
Yámana,yama1264,,-0.014130627122517347,9
Hunzib,hunz1247,Nakh-Daghestanian,-0.0027634932454591336,0
Hunzib,hunz1247,Nakh-Daghestanian,0.059521533978123445,1
Hunzib,hunz1247,Nakh-Daghestanian,0.004239058167430134,2
Hunzib,hunz1247,Nakh-Daghestanian,-0.003816183323919878,3
Hunzib,hunz1247,Nakh-Daghestanian,-0.016817232814407748,4
Hunzib,hunz1247,Nakh-Daghestanian,-0.018054017846140344,5
Hunzib,hunz1247,Nakh-Daghestanian,-0.001581122754095183,6
Hunzib,hunz1247,Nakh-Daghestanian,-0.005011008836379316,7
Hunzib,hunz1247,Nakh-Daghestanian,-0.01468620154382989,8
Hunzib,hunz1247,Nakh-Daghestanian,-0.020516276742726942,9
Roviana,rovi1238,Austronesian,-0.007972921770064601,0
Roviana,rovi1238,Austronesian,0.01996122727374913,1
Roviana,rovi1238,Austronesian,-0.015553447094879104,2
Roviana,rovi1238,Austronesian,-0.019847019760776463,3
Roviana,rovi1238,Austronesian,0.0014712595793481297,4
Roviana,rovi1238,Austronesian,0.016068833166901664,5
Roviana,rovi1238,Austronesian,-0.03374659938172406,6
Roviana,rovi1238,Austronesian,0.01344263938190438,7
Roviana,rovi1238,Austronesian,0.01046988816510326,8
Roviana,rovi1238,Austronesian,0.011576879003904045,9
Keyagana,keya1238,Nuclear Trans New Guinea,0.02537644930761604,0
Keyagana,keya1238,Nuclear Trans New Guinea,-0.018328358065923808,1
Keyagana,keya1238,Nuclear Trans New Guinea,-0.0030515800830274234,2
Keyagana,keya1238,Nuclear Trans New Guinea,-0.04616708259864296,3
Keyagana,keya1238,Nuclear Trans New Guinea,-0.01971723696362667,4
Keyagana,keya1238,Nuclear Trans New Guinea,-0.04786913630019245,5
Keyagana,keya1238,Nuclear Trans New Guinea,-0.032973540577713616,6
Keyagana,keya1238,Nuclear Trans New Guinea,0.06452499377600524,7
Keyagana,keya1238,Nuclear Trans New Guinea,0.06594489814714041,8
Keyagana,keya1238,Nuclear Trans New Guinea,-0.022255980213839916,9
Adang,adan1251,,-0.03683835761548496,0
Adang,adan1251,,0.012723119974155133,1
Adang,adan1251,,0.011633925688823283,2
Adang,adan1251,,0.08708126353129089,3
Adang,adan1251,,-0.03738011434928873,4
Adang,adan1251,,0.004003263649944839,5
Adang,adan1251,,-0.017960082094591025,6
Adang,adan1251,,-0.01221997596872825,7
Adang,adan1251,,-0.027518565827868418,8
Adang,adan1251,,-0.016042318497818356,9
Lardil,lard1243,,0.0012523965623901867,0
Lardil,lard1243,,-0.007271961826377038,1
Lardil,lard1243,,0.06175684206361702,2
Lardil,lard1243,,0.02405871208981459,3
Lardil,lard1243,,0.04330920493480575,4
Lardil,lard1243,,0.019993410902478984,5
Lardil,lard1243,,-0.001209460933981818,6
Lardil,lard1243,,-0.01987109000548328,7
Lardil,lard1243,,-0.02760637042394625,8
Lardil,lard1243,,0.024366143423852342,9
Tabla,tabl1243,Sentanic,0.009806019974601714,0
Tabla,tabl1243,Sentanic,0.010575698971856059,1
Tabla,tabl1243,Sentanic,-0.0016113536570162615,2
Tabla,tabl1243,Sentanic,-0.001713109943478855,3
Tabla,tabl1243,Sentanic,-0.012391120121664106,4
Tabla,tabl1243,Sentanic,-0.0024136553579478933,5
Tabla,tabl1243,Sentanic,0.0025491905364466946,6
Tabla,tabl1243,Sentanic,-0.02797111111764883,7
Tabla,tabl1243,Sentanic,-0.0046882871447060945,8
Tabla,tabl1243,Sentanic,-0.0004153690091109109,9
Kuot,kuot1243,,-0.002311841671315439,0
Kuot,kuot1243,,-0.026237388716001068,1
Kuot,kuot1243,,-0.0015932156495858277,2
Kuot,kuot1243,,-0.00046188682845257976,3
Kuot,kuot1243,,-0.03535016893333081,4
Kuot,kuot1243,,0.03289530502584221,5
Kuot,kuot1243,,0.03229178290336974,6
Kuot,kuot1243,,-0.009195580067358398,7
Kuot,kuot1243,,-0.0037356733548345898,8
Kuot,kuot1243,,0.03745419749039579,9
Pintupi-Luritja,pint1250,Pama-Nyungan,0.026591280555404554,0
Pintupi-Luritja,pint1250,Pama-Nyungan,-0.028463855939864623,1
Pintupi-Luritja,pint1250,Pama-Nyungan,0.006195965762740156,2
Pintupi-Luritja,pint1250,Pama-Nyungan,-0.007652362658745299,3
Pintupi-Luritja,pint1250,Pama-Nyungan,-0.03200362045829908,4
Pintupi-Luritja,pint1250,Pama-Nyungan,-0.01938255835201542,5
Pintupi-Luritja,pint1250,Pama-Nyungan,0.0006226804794927038,6
Pintupi-Luritja,pint1250,Pama-Nyungan,0.00422202832590722,7
Pintupi-Luritja,pint1250,Pama-Nyungan,-0.013609417698149728,8
Pintupi-Luritja,pint1250,Pama-Nyungan,-0.02040999648342244,9
Vurës,vure1239,Austronesian,-0.02790701372367665,0
Vurës,vure1239,Austronesian,0.0206927843425513,1
Vurës,vure1239,Austronesian,0.05100589482699209,2
Vurës,vure1239,Austronesian,-0.02291297818896411,3
Vurës,vure1239,Austronesian,0.011230050571402826,4
Vurës,vure1239,Austronesian,-0.034435535746445846,5
Vurës,vure1239,Austronesian,-0.025977145365433437,6
Vurës,vure1239,Austronesian,-0.0058599245255490096,7
Vurës,vure1239,Austronesian,-0.01001990957983355,8
Vurës,vure1239,Austronesian,-0.007761935199075235,9
Telugu,telu1262,Dravidian,0.021837588422932746,0
Telugu,telu1262,Dravidian,-0.007081304526435258,1
Telugu,telu1262,Dravidian,-0.02607993766389682,2
Telugu,telu1262,Dravidian,0.009391133982549812,3
Telugu,telu1262,Dravidian,-0.019647088579991166,4
Telugu,telu1262,Dravidian,-0.003715474036666304,5
Telugu,telu1262,Dravidian,0.023670762894759938,6
Telugu,telu1262,Dravidian,-0.029037160882496138,7
Telugu,telu1262,Dravidian,0.033522890726325756,8
Telugu,telu1262,Dravidian,0.012502552548566467,9
Chipewyan,chip1261,,-0.0013113972397503044,0
Chipewyan,chip1261,,0.015984952811516823,1
Chipewyan,chip1261,,-0.019993944946717586,2
Chipewyan,chip1261,,-0.05189428536739804,3
Chipewyan,chip1261,,0.05215590647545039,4
Chipewyan,chip1261,,0.03364749890999412,5
Chipewyan,chip1261,,0.011278400415328335,6
Chipewyan,chip1261,,-0.02129805931587546,7
Chipewyan,chip1261,,0.05632853313377088,8
Chipewyan,chip1261,,0.01512232333019221,9
Ga'dang,gada1258,Austronesian,0.015474875121062513,0
Ga'dang,gada1258,Austronesian,-0.018618233872007017,1
Ga'dang,gada1258,Austronesian,0.008544320186246002,2
Ga'dang,gada1258,Austronesian,-0.00234843406667242,3
Ga'dang,gada1258,Austronesian,-0.04385636821870238,4
Ga'dang,gada1258,Austronesian,0.035980268857775874,5
Ga'dang,gada1258,Austronesian,-0.03134948388907716,6
Ga'dang,gada1258,Austronesian,0.03353963031040924,7
Ga'dang,gada1258,Austronesian,-0.03945482236845995,8
Ga'dang,gada1258,Austronesian,-0.01740563904421655,9
Yalarnnga,yala1262,Pama-Nyungan,0.07474461539349836,0
Yalarnnga,yala1262,Pama-Nyungan,-0.007877520558436999,1
Yalarnnga,yala1262,Pama-Nyungan,-0.00471571094915425,2
Yalarnnga,yala1262,Pama-Nyungan,0.0641123382842178,3
Yalarnnga,yala1262,Pama-Nyungan,-0.024494446152764873,4
Yalarnnga,yala1262,Pama-Nyungan,-0.010256796437072481,5
Yalarnnga,yala1262,Pama-Nyungan,0.04083365458251448,6
Yalarnnga,yala1262,Pama-Nyungan,-0.02215616716696398,7
Yalarnnga,yala1262,Pama-Nyungan,-0.011610731983915377,8
Yalarnnga,yala1262,Pama-Nyungan,0.03884831442540622,9
Au,auuu1241,Nuclear Torricelli,-0.009373434688739744,0
Au,auuu1241,Nuclear Torricelli,0.046899888399033196,1
Au,auuu1241,Nuclear Torricelli,0.02944128522573719,2
Au,auuu1241,Nuclear Torricelli,0.028545789377788077,3
Au,auuu1241,Nuclear Torricelli,-0.027060688395913003,4
Au,auuu1241,Nuclear Torricelli,0.00010255072441969337,5
Au,auuu1241,Nuclear Torricelli,-0.021610497387670763,6
Au,auuu1241,Nuclear Torricelli,-0.007892684778398959,7
Au,auuu1241,Nuclear Torricelli,0.01727736780493414,8
Au,auuu1241,Nuclear Torricelli,-0.00041230501115447704,9
Maca,maca1260,,0.054931217130355266,0
Maca,maca1260,,-0.056047604630881286,1
Maca,maca1260,,0.012074250591778432,2
Maca,maca1260,,-0.05867193941050693,3
Maca,maca1260,,6.154457914154384e-05,4
Maca,maca1260,,0.01120226110186796,5
Maca,maca1260,,0.01806820353321786,6
Maca,maca1260,,-0.02616903683578511,7
Maca,maca1260,,-0.08860042938848442,8
Maca,maca1260,,0.01233275018949186,9
Yawa,nucl1454,Yawa-Saweru,-0.0075900895266635855,0
Yawa,nucl1454,Yawa-Saweru,-0.029798601008361948,1
Yawa,nucl1454,Yawa-Saweru,-0.0016522262238895676,2
Yawa,nucl1454,Yawa-Saweru,-0.006785910074738432,3
Yawa,nucl1454,Yawa-Saweru,-0.03727860984251565,4
Yawa,nucl1454,Yawa-Saweru,0.0025979292255683215,5
Yawa,nucl1454,Yawa-Saweru,-0.03271258938953889,6
Yawa,nucl1454,Yawa-Saweru,-0.005136698293139111,7
Yawa,nucl1454,Yawa-Saweru,0.02236492599302966,8
Yawa,nucl1454,Yawa-Saweru,0.002367778980180617,9
North Tanna,nort2847,Austronesian,-0.007851757017481491,0
North Tanna,nort2847,Austronesian,0.03213104714086405,1
North Tanna,nort2847,Austronesian,0.01760701155938422,2
North Tanna,nort2847,Austronesian,-0.03843388367380862,3
North Tanna,nort2847,Austronesian,-0.009336328716372473,4
North Tanna,nort2847,Austronesian,0.017369235242277358,5
North Tanna,nort2847,Austronesian,0.012828277162761493,6
North Tanna,nort2847,Austronesian,-0.02751756176535931,7
North Tanna,nort2847,Austronesian,-0.022287987402925046,8
North Tanna,nort2847,Austronesian,-0.007278143458046363,9
Finnish,finn1318,Uralic,-0.048664100586104625,0
Finnish,finn1318,Uralic,-0.09830626458149287,1
Finnish,finn1318,Uralic,0.05148731061217848,2
Finnish,finn1318,Uralic,0.06794842916930655,3
Finnish,finn1318,Uralic,0.07425584992283644,4
Finnish,finn1318,Uralic,-0.004018910856916321,5
Finnish,finn1318,Uralic,-0.0009376115775839293,6
Finnish,finn1318,Uralic,0.17060873153912484,7
Finnish,finn1318,Uralic,0.030554459250971226,8
Finnish,finn1318,Uralic,-0.05989143319013061,9
Degexit'an,dege1248,,-0.049253167908625946,0
Degexit'an,dege1248,,-0.10500750860041672,1
Degexit'an,dege1248,,0.039768623475705284,2
Degexit'an,dege1248,,0.016204141518800234,3
Degexit'an,dege1248,,-0.009470891708945191,4
Degexit'an,dege1248,,0.007556550415706922,5
Degexit'an,dege1248,,0.0007998487542946642,6
Degexit'an,dege1248,,0.06473941205524913,7
Degexit'an,dege1248,,0.059966688317636,8
Degexit'an,dege1248,,-0.1494582823590415,9
Grass Koiari,gras1249,Koiarian,0.03309829051645354,0
Grass Koiari,gras1249,Koiarian,0.023032370795877697,1
Grass Koiari,gras1249,Koiarian,-0.00426393311026822,2
Grass Koiari,gras1249,Koiarian,0.02143318441512863,3
Grass Koiari,gras1249,Koiarian,0.004197818681961568,4
Grass Koiari,gras1249,Koiarian,-0.029499119924123317,5
Grass Koiari,gras1249,Koiarian,0.001276971600929011,6
Grass Koiari,gras1249,Koiarian,0.013259345460443944,7
Grass Koiari,gras1249,Koiarian,-0.005433565772080019,8
Grass Koiari,gras1249,Koiarian,-0.001518720423975999,9
Wiradhuri,wira1262,Pama-Nyungan,0.05551877993461988,0
Wiradhuri,wira1262,Pama-Nyungan,0.022058047028953188,1
Wiradhuri,wira1262,Pama-Nyungan,-0.041129829212013067,2
Wiradhuri,wira1262,Pama-Nyungan,0.0250536639170093,3
Wiradhuri,wira1262,Pama-Nyungan,0.0010708714905768952,4
Wiradhuri,wira1262,Pama-Nyungan,-0.024186364809133925,5
Wiradhuri,wira1262,Pama-Nyungan,0.08698029639256578,6
Wiradhuri,wira1262,Pama-Nyungan,-0.010448391206232954,7
Wiradhuri,wira1262,Pama-Nyungan,-0.047456119984164484,8
Wiradhuri,wira1262,Pama-Nyungan,-0.04957611382362206,9
O'du,oduu1239,Austroasiatic,0.04853569238370747,0
O'du,oduu1239,Austroasiatic,-0.024970860103474855,1
O'du,oduu1239,Austroasiatic,0.02051806961063077,2
O'du,oduu1239,Austroasiatic,0.05925251058253562,3
O'du,oduu1239,Austroasiatic,-0.012613918974359798,4
O'du,oduu1239,Austroasiatic,-0.014137394866604602,5
O'du,oduu1239,Austroasiatic,0.00590230300541741,6
O'du,oduu1239,Austroasiatic,0.013762964724685531,7
O'du,oduu1239,Austroasiatic,0.028758096400816443,8
O'du,oduu1239,Austroasiatic,-0.01058497407300476,9
Nepali,nepa1254,Indo-European,-0.005007336055098142,0
Nepali,nepa1254,Indo-European,0.0006671018053105482,1
Nepali,nepa1254,Indo-European,-0.005940939236356517,2
Nepali,nepa1254,Indo-European,-0.0008730551952144764,3
Nepali,nepa1254,Indo-European,-0.026919484029406464,4
Nepali,nepa1254,Indo-European,-0.008853863595130075,5
Nepali,nepa1254,Indo-European,0.0010696148687400736,6
Nepali,nepa1254,Indo-European,0.013702666010410938,7
Nepali,nepa1254,Indo-European,-0.02065205740274263,8
Nepali,nepa1254,Indo-European,0.0154769272002765,9
Gothic,goth1244,Indo-European,-0.020941252642522445,0
Gothic,goth1244,Indo-European,0.027084293004324578,1
Gothic,goth1244,Indo-European,-0.034960030113439705,2
Gothic,goth1244,Indo-European,0.07726818196981272,3
Gothic,goth1244,Indo-European,0.026641704662071063,4
Gothic,goth1244,Indo-European,-0.09169072027313284,5
Gothic,goth1244,Indo-European,-0.08638894278239644,6
Gothic,goth1244,Indo-European,0.03769668274372233,7
Gothic,goth1244,Indo-European,0.010133337980657043,8
Gothic,goth1244,Indo-European,0.02896372283173326,9
Teiwa,teiw1235,,0.0028403460664832543,0
Teiwa,teiw1235,,0.02079044741013586,1
Teiwa,teiw1235,,-0.008574075826563315,2
Teiwa,teiw1235,,-0.01278666266888063,3
Teiwa,teiw1235,,0.01228251673754474,4
Teiwa,teiw1235,,0.004813017863161066,5
Teiwa,teiw1235,,-0.020643559432282577,6
Teiwa,teiw1235,,0.0016892528697814082,7
Teiwa,teiw1235,,-0.0035265924690277,8
Teiwa,teiw1235,,-0.007926243967058929,9
Naman,litz1237,Austronesian,-0.010900891650365363,0
Naman,litz1237,Austronesian,-0.0010563421046064663,1
Naman,litz1237,Austronesian,-0.009192268290644718,2
Naman,litz1237,Austronesian,0.009341325574374896,3
Naman,litz1237,Austronesian,-0.010974903472537783,4
Naman,litz1237,Austronesian,-0.011296967952543202,5
Naman,litz1237,Austronesian,-0.00746065923025647,6
Naman,litz1237,Austronesian,-0.02660977187562785,7
Naman,litz1237,Austronesian,0.011125480271885696,8
Naman,litz1237,Austronesian,-0.003010487628187322,9
Rotokas,roto1249,,-0.015723655441364733,0
Rotokas,roto1249,,0.00435718617913916,1
Rotokas,roto1249,,0.012962699351555512,2
Rotokas,roto1249,,-0.016003687274252137,3
Rotokas,roto1249,,0.01782317511743052,4
Rotokas,roto1249,,0.002936302951481974,5
Rotokas,roto1249,,0.00208671891294497,6
Rotokas,roto1249,,0.02410442452929397,7
Rotokas,roto1249,,-0.011184876307876975,8
Rotokas,roto1249,,-0.020613810958152408,9
Suki,suki1245,,0.005166001218625283,0
Suki,suki1245,,-0.03890600482798228,1
Suki,suki1245,,0.016863924650556698,2
Suki,suki1245,,0.014411402572092247,3
Suki,suki1245,,-0.00910509856651602,4
Suki,suki1245,,0.05287013300568893,5
Suki,suki1245,,-0.008209153212979305,6
Suki,suki1245,,-0.015825780002298548,7
Suki,suki1245,,-0.0028157843477815397,8
Suki,suki1245,,-0.005016785770015904,9
Duma,duma1253,Atlantic-Congo,-0.11071675973243114,0
Duma,duma1253,Atlantic-Congo,-0.14240128147668546,1
Duma,duma1253,Atlantic-Congo,0.0684891355416085,2
Duma,duma1253,Atlantic-Congo,-0.07141612968489341,3
Duma,duma1253,Atlantic-Congo,-0.1838171058725279,4
Duma,duma1253,Atlantic-Congo,-0.021425608038503453,5
Duma,duma1253,Atlantic-Congo,0.07365388837846149,6
Duma,duma1253,Atlantic-Congo,0.04224488425666785,7
Duma,duma1253,Atlantic-Congo,-0.19663703291868975,8
Duma,duma1253,Atlantic-Congo,-0.15342914670698835,9
Woods Cree,wood1236,Algic,0.014747947182149852,0
Woods Cree,wood1236,Algic,0.031128278017750956,1
Woods Cree,wood1236,Algic,0.008392905109771937,2
Woods Cree,wood1236,Algic,0.017561899497301327,3
Woods Cree,wood1236,Algic,-0.01568727531779757,4
Woods Cree,wood1236,Algic,-0.002083724009399826,5
Woods Cree,wood1236,Algic,-0.0031633400872861355,6
Woods Cree,wood1236,Algic,0.03248403583156797,7
Woods Cree,wood1236,Algic,-0.036836774955219365,8
Woods Cree,wood1236,Algic,-0.007769152058278241,9
Konawe,kona1243,Austronesian,0.0046914553472307136,0
Konawe,kona1243,Austronesian,-0.02232110737917141,1
Konawe,kona1243,Austronesian,0.07150047670501819,2
Konawe,kona1243,Austronesian,-0.006279529503205136,3
Konawe,kona1243,Austronesian,0.0007756911538133746,4
Konawe,kona1243,Austronesian,0.019219114568182465,5
Konawe,kona1243,Austronesian,0.011595008758499887,6
Konawe,kona1243,Austronesian,-0.030855628966295692,7
Konawe,kona1243,Austronesian,0.008150146583718054,8
Konawe,kona1243,Austronesian,0.01797988212012159,9
Bannoni,bann1247,Austronesian,0.0438569096729374,0
Bannoni,bann1247,Austronesian,0.06026991000329923,1
Bannoni,bann1247,Austronesian,0.00829512468585865,2
Bannoni,bann1247,Austronesian,-0.012329739480121744,3
Bannoni,bann1247,Austronesian,0.024540296600524224,4
Bannoni,bann1247,Austronesian,-0.02845141375485275,5
Bannoni,bann1247,Austronesian,0.08141868136191306,6
Bannoni,bann1247,Austronesian,0.06681112839659362,7
Bannoni,bann1247,Austronesian,-0.014841094646151206,8
Bannoni,bann1247,Austronesian,0.025302556435514365,9
Toba,toba1269,,-0.022977355568493566,0
Toba,toba1269,,-0.02536175974251079,1
Toba,toba1269,,0.041796062574165474,2
Toba,toba1269,,0.025626856420976653,3
Toba,toba1269,,0.002882219786893455,4
Toba,toba1269,,-0.013361058417190198,5
Toba,toba1269,,-0.01095348895825934,6
Toba,toba1269,,-0.015014974098790873,7
Toba,toba1269,,0.0008835770782991857,8
Toba,toba1269,,0.011786048957564146,9
Ha,haaa1252,Atlantic-Congo,0.03136884487951998,0
Ha,haaa1252,Atlantic-Congo,-0.0024023712404250205,1
Ha,haaa1252,Atlantic-Congo,-0.019308544071010576,2
Ha,haaa1252,Atlantic-Congo,-0.03187210824766101,3
Ha,haaa1252,Atlantic-Congo,0.004440817665940842,4
Ha,haaa1252,Atlantic-Congo,0.0229038428537274,5
Ha,haaa1252,Atlantic-Congo,0.002285316469868408,6
Ha,haaa1252,Atlantic-Congo,0.01962973401616068,7
Ha,haaa1252,Atlantic-Congo,0.03515257531921915,8
Ha,haaa1252,Atlantic-Congo,-0.004856739184114795,9
Uab Meto,uabm1237,Austronesian,0.01328253701738693,0
Uab Meto,uabm1237,Austronesian,-0.016196177512413125,1
Uab Meto,uabm1237,Austronesian,0.03949268223821253,2
Uab Meto,uabm1237,Austronesian,-0.008982357740914299,3
Uab Meto,uabm1237,Austronesian,0.007671302978860424,4
Uab Meto,uabm1237,Austronesian,0.017960133148882385,5
Uab Meto,uabm1237,Austronesian,-0.010042809538276371,6
Uab Meto,uabm1237,Austronesian,0.02739300611852887,7
Uab Meto,uabm1237,Austronesian,0.005829368546463982,8
Uab Meto,uabm1237,Austronesian,-0.007744207296281941,9
Tungag,tung1290,Austronesian,-0.03501883037851068,0
Tungag,tung1290,Austronesian,0.07114740804750688,1
Tungag,tung1290,Austronesian,0.009030150595403196,2
Tungag,tung1290,Austronesian,0.014286521578612548,3
Tungag,tung1290,Austronesian,0.010194927778295474,4
Tungag,tung1290,Austronesian,0.043828489251542646,5
Tungag,tung1290,Austronesian,0.06943329976419471,6
Tungag,tung1290,Austronesian,-0.027511064864644944,7
Tungag,tung1290,Austronesian,0.003500164003271024,8
Tungag,tung1290,Austronesian,-0.011331147720288443,9
Latvian,latv1249,Indo-European,-0.015602239160320344,0
Latvian,latv1249,Indo-European,-0.013973714932470394,1
Latvian,latv1249,Indo-European,0.007913291017244754,2
Latvian,latv1249,Indo-European,-0.01362381930932033,3
Latvian,latv1249,Indo-European,0.02034924764334707,4
Latvian,latv1249,Indo-European,0.01896682912700484,5
Latvian,latv1249,Indo-European,0.005258110344538127,6
Latvian,latv1249,Indo-European,0.009845343483798695,7
Latvian,latv1249,Indo-European,-0.022757502096801108,8
Latvian,latv1249,Indo-European,-0.033677667252046836,9
Teko,emer1243,Tupian,0.04072672113775557,0
Teko,emer1243,Tupian,-0.03330356688527807,1
Teko,emer1243,Tupian,-0.038348908744140556,2
Teko,emer1243,Tupian,0.09169097347059904,3
Teko,emer1243,Tupian,-0.03616808842107859,4
Teko,emer1243,Tupian,0.028498425944107515,5
Teko,emer1243,Tupian,0.013895315297803752,6
Teko,emer1243,Tupian,-0.06021013727927842,7
Teko,emer1243,Tupian,-0.013625184277790152,8
Teko,emer1243,Tupian,-0.0371503580377693,9
Jamaican Creole English,jama1262,Indo-European,-0.01868840281870312,0
Jamaican Creole English,jama1262,Indo-European,-0.006717267565505809,1
Jamaican Creole English,jama1262,Indo-European,-0.015179351138853887,2
Jamaican Creole English,jama1262,Indo-European,-0.008930425990611678,3
Jamaican Creole English,jama1262,Indo-European,0.0005961177692455216,4
Jamaican Creole English,jama1262,Indo-European,-0.006892419623339176,5
Jamaican Creole English,jama1262,Indo-European,-0.020835637546767642,6
Jamaican Creole English,jama1262,Indo-European,2.980299990678844e-05,7
Jamaican Creole English,jama1262,Indo-European,-0.03209984419195154,8
Jamaican Creole English,jama1262,Indo-European,-0.018725098677650764,9
Savosavo,savo1255,Savosavo,-0.0061081875223982385,0
Savosavo,savo1255,Savosavo,-0.018023717936533207,1
Savosavo,savo1255,Savosavo,0.038745332753779435,2
Savosavo,savo1255,Savosavo,0.0170416581692936,3
Savosavo,savo1255,Savosavo,0.01234330287074587,4
Savosavo,savo1255,Savosavo,0.0029097765996009273,5
Savosavo,savo1255,Savosavo,-0.03416026301490356,6
Savosavo,savo1255,Savosavo,-0.013357454408702774,7
Savosavo,savo1255,Savosavo,0.0022888928699741243,8
Savosavo,savo1255,Savosavo,-0.0022096040701141332,9
Northern Paiute,nort2954,Uto-Aztecan,-0.04328799948823298,0
Northern Paiute,nort2954,Uto-Aztecan,-0.051220694863126255,1
Northern Paiute,nort2954,Uto-Aztecan,0.03754356998465666,2
Northern Paiute,nort2954,Uto-Aztecan,0.022139400278810038,3
Northern Paiute,nort2954,Uto-Aztecan,-0.02933897806896235,4
Northern Paiute,nort2954,Uto-Aztecan,0.09342437780625217,5
Northern Paiute,nort2954,Uto-Aztecan,0.10209174023852494,6
Northern Paiute,nort2954,Uto-Aztecan,-0.00605361910454971,7
Northern Paiute,nort2954,Uto-Aztecan,0.0004148244841008399,8
Northern Paiute,nort2954,Uto-Aztecan,0.0453357995111096,9
Riantana,rian1263,,-0.11069032332391245,0
Riantana,rian1263,,0.08150094304243335,1
Riantana,rian1263,,-0.0780750156201758,2
Riantana,rian1263,,-0.05170133068887242,3
Riantana,rian1263,,-0.05066977899294054,4
Riantana,rian1263,,-0.02193156737411886,5
Riantana,rian1263,,-0.09076555915331125,6
Riantana,rian1263,,-0.08344745300103774,7
Riantana,rian1263,,-0.044407797429482684,8
Riantana,rian1263,,-0.0853221152416177,9
Tajio,taji1246,Austronesian,-0.015404457898236528,0
Tajio,taji1246,Austronesian,0.011438171094890155,1
Tajio,taji1246,Austronesian,-0.0014106009877355903,2
Tajio,taji1246,Austronesian,0.0062139856453942485,3
Tajio,taji1246,Austronesian,-0.003460168538419667,4
Tajio,taji1246,Austronesian,-0.024562356017729284,5
Tajio,taji1246,Austronesian,-0.010007443745399715,6
Tajio,taji1246,Austronesian,-0.023862011461756455,7
Tajio,taji1246,Austronesian,0.03157577362320421,8
Tajio,taji1246,Austronesian,-0.009805980725825784,9
Ngamini-Yarluyandi-Karangura,ngam1265,Pama-Nyungan,-0.003683450185860433,0
Ngamini-Yarluyandi-Karangura,ngam1265,Pama-Nyungan,0.02135861100348806,1
Ngamini-Yarluyandi-Karangura,ngam1265,Pama-Nyungan,0.026536494485855003,2
Ngamini-Yarluyandi-Karangura,ngam1265,Pama-Nyungan,-0.012260485720266901,3
Ngamini-Yarluyandi-Karangura,ngam1265,Pama-Nyungan,0.00578470028929492,4
Ngamini-Yarluyandi-Karangura,ngam1265,Pama-Nyungan,-0.020018066031864533,5
Ngamini-Yarluyandi-Karangura,ngam1265,Pama-Nyungan,0.04483413078607174,6
Ngamini-Yarluyandi-Karangura,ngam1265,Pama-Nyungan,-0.00025613481237312015,7
Ngamini-Yarluyandi-Karangura,ngam1265,Pama-Nyungan,0.0281933373072287,8
Ngamini-Yarluyandi-Karangura,ngam1265,Pama-Nyungan,0.01455508749898652,9
Emau,emau1237,Austronesian,0.013939814006302518,0
Emau,emau1237,Austronesian,-0.003243532727622396,1
Emau,emau1237,Austronesian,0.0033713855817745215,2
Emau,emau1237,Austronesian,-0.008379507347803834,3
Emau,emau1237,Austronesian,-0.01636722829035212,4
Emau,emau1237,Austronesian,0.004617830955534012,5
Emau,emau1237,Austronesian,0.001908327090976379,6
Emau,emau1237,Austronesian,0.020674970914402704,7
Emau,emau1237,Austronesian,-0.027283675936614633,8
Emau,emau1237,Austronesian,-0.006686616327905584,9
Sanga (Democratic Republic of Congo),sang1331,Atlantic-Congo,-0.03323172589595687,0
Sanga (Democratic Republic of Congo),sang1331,Atlantic-Congo,-0.012990660778919196,1
Sanga (Democratic Republic of Congo),sang1331,Atlantic-Congo,-0.00532225245001478,2
Sanga (Democratic Republic of Congo),sang1331,Atlantic-Congo,0.000980217372473869,3
Sanga (Democratic Republic of Congo),sang1331,Atlantic-Congo,0.041853030135897085,4
Sanga (Democratic Republic of Congo),sang1331,Atlantic-Congo,0.029624505795447807,5
Sanga (Democratic Republic of Congo),sang1331,Atlantic-Congo,-0.0294557062344889,6
Sanga (Democratic Republic of Congo),sang1331,Atlantic-Congo,-0.002408800813663025,7
Sanga (Democratic Republic of Congo),sang1331,Atlantic-Congo,0.0068161587489251624,8
Sanga (Democratic Republic of Congo),sang1331,Atlantic-Congo,0.007725766691678138,9
Tsogo,tsog1243,Atlantic-Congo,-0.04941120424038102,0
Tsogo,tsog1243,Atlantic-Congo,-0.003657825566636087,1
Tsogo,tsog1243,Atlantic-Congo,-0.036712530376611846,2
Tsogo,tsog1243,Atlantic-Congo,0.012933789799148882,3
Tsogo,tsog1243,Atlantic-Congo,-0.024522414204259928,4
Tsogo,tsog1243,Atlantic-Congo,-0.020447909420037127,5
Tsogo,tsog1243,Atlantic-Congo,-0.02632766651467562,6
Tsogo,tsog1243,Atlantic-Congo,-0.07056692227082169,7
Tsogo,tsog1243,Atlantic-Congo,-0.034643481917563994,8
Tsogo,tsog1243,Atlantic-Congo,0.05615452732750643,9
Mocoví,moco1246,,0.02712469844882874,0
Mocoví,moco1246,,0.0019609860026271906,1
Mocoví,moco1246,,-0.027645971093635344,2
Mocoví,moco1246,,0.02548965864737971,3
Mocoví,moco1246,,-0.020741838809232173,4
Mocoví,moco1246,,-0.0067054397454462,5
Mocoví,moco1246,,-0.03178988511310468,6
Mocoví,moco1246,,-0.006033018205435092,7
Mocoví,moco1246,,-0.009071180331509995,8
Mocoví,moco1246,,0.0015308496279499081,9
Sakata,saka1287,Atlantic-Congo,0.05050729927966192,0
Sakata,saka1287,Atlantic-Congo,-0.1305259010563239,1
Sakata,saka1287,Atlantic-Congo,0.2777502959812981,2
Sakata,saka1287,Atlantic-Congo,0.11674987988471791,3
Sakata,saka1287,Atlantic-Congo,0.027768414705933598,4
Sakata,saka1287,Atlantic-Congo,-0.02793113548838278,5
Sakata,saka1287,Atlantic-Congo,-0.22642811896145332,6
Sakata,saka1287,Atlantic-Congo,-0.13023378771234384,7
Sakata,saka1287,Atlantic-Congo,0.10827815298825626,8
Sakata,saka1287,Atlantic-Congo,-0.0558298334555155,9
Gupapuyngu,gupa1247,Pama-Nyungan,-0.049100385539574826,0
Gupapuyngu,gupa1247,Pama-Nyungan,-0.004482958171071493,1
Gupapuyngu,gupa1247,Pama-Nyungan,0.0292988329956935,2
Gupapuyngu,gupa1247,Pama-Nyungan,-0.022134644165588527,3
Gupapuyngu,gupa1247,Pama-Nyungan,0.00785687409394587,4
Gupapuyngu,gupa1247,Pama-Nyungan,-0.034278187593849825,5
Gupapuyngu,gupa1247,Pama-Nyungan,-0.01256227093793887,6
Gupapuyngu,gupa1247,Pama-Nyungan,-0.011283701927572234,7
Gupapuyngu,gupa1247,Pama-Nyungan,0.001111392122183465,8
Gupapuyngu,gupa1247,Pama-Nyungan,-0.01579760350104612,9
Yaqui,yaqu1251,Uto-Aztecan,0.006406779986786221,0
Yaqui,yaqu1251,Uto-Aztecan,-0.03877952028793046,1
Yaqui,yaqu1251,Uto-Aztecan,-0.02915327159076156,2
Yaqui,yaqu1251,Uto-Aztecan,-0.03694015904962487,3
Yaqui,yaqu1251,Uto-Aztecan,0.003319503499616772,4
Yaqui,yaqu1251,Uto-Aztecan,0.003699665333274664,5
Yaqui,yaqu1251,Uto-Aztecan,0.031178599333514585,6
Yaqui,yaqu1251,Uto-Aztecan,-0.05162330636909766,7
Yaqui,yaqu1251,Uto-Aztecan,0.033531433669503445,8
Yaqui,yaqu1251,Uto-Aztecan,-0.04474402387894402,9
Arikara,arik1262,,0.0023896854139604925,0
Arikara,arik1262,,0.04730081443899593,1
Arikara,arik1262,,0.020915487236055463,2
Arikara,arik1262,,0.00179487707007448,3
Arikara,arik1262,,-0.010344929937191306,4
Arikara,arik1262,,0.04326025846436897,5
Arikara,arik1262,,-0.03382475104451745,6
Arikara,arik1262,,-0.03288742189238347,7
Arikara,arik1262,,-0.008771293472656191,8
Arikara,arik1262,,-0.03440474295027164,9
Iloko,ilok1237,Austronesian,-0.0010248274221648602,0
Iloko,ilok1237,Austronesian,0.02066430483657225,1
Iloko,ilok1237,Austronesian,0.0403278038976937,2
Iloko,ilok1237,Austronesian,0.007022850184011577,3
Iloko,ilok1237,Austronesian,-0.02150545313675526,4
Iloko,ilok1237,Austronesian,0.014900332321555201,5
Iloko,ilok1237,Austronesian,0.018871033997551582,6
Iloko,ilok1237,Austronesian,0.0001434871771855105,7
Iloko,ilok1237,Austronesian,-0.016595242238342224,8
Iloko,ilok1237,Austronesian,0.018437433286568487,9
Hittite,hitt1242,Indo-European,-0.04789834948151017,0
Hittite,hitt1242,Indo-European,0.031591214439834404,1
Hittite,hitt1242,Indo-European,-0.10741657224499897,2
Hittite,hitt1242,Indo-European,-0.010117769218323813,3
Hittite,hitt1242,Indo-European,-0.02503974450477465,4
Hittite,hitt1242,Indo-European,-0.10730591847625237,5
Hittite,hitt1242,Indo-European,-0.06453023906369446,6
Hittite,hitt1242,Indo-European,-0.004308231561351674,7
Hittite,hitt1242,Indo-European,-0.05060518575228502,8
Hittite,hitt1242,Indo-European,-0.061449474247610436,9
Batak Toba,bata1289,Austronesian,0.012761836955414864,0
Batak Toba,bata1289,Austronesian,-0.008453655440685645,1
Batak Toba,bata1289,Austronesian,0.0192346831928308,2
Batak Toba,bata1289,Austronesian,0.013248906821373767,3
Batak Toba,bata1289,Austronesian,-0.02363523462304825,4
Batak Toba,bata1289,Austronesian,-0.025076854279976905,5
Batak Toba,bata1289,Austronesian,0.03817291268798427,6
Batak Toba,bata1289,Austronesian,0.011729069552781714,7
Batak Toba,bata1289,Austronesian,0.004052426819487591,8
Batak Toba,bata1289,Austronesian,0.029207877145542717,9
Digo,digo1243,Atlantic-Congo,0.014535675077295494,0
Digo,digo1243,Atlantic-Congo,0.07770848977197016,1
Digo,digo1243,Atlantic-Congo,-0.018207416943037805,2
Digo,digo1243,Atlantic-Congo,-0.005695098447967918,3
Digo,digo1243,Atlantic-Congo,-0.016159832247822668,4
Digo,digo1243,Atlantic-Congo,-0.0017017040491543595,5
Digo,digo1243,Atlantic-Congo,-0.003838598989223962,6
Digo,digo1243,Atlantic-Congo,0.001526727327728984,7
Digo,digo1243,Atlantic-Congo,-0.02563867280641314,8
Digo,digo1243,Atlantic-Congo,0.05454991211596396,9
Guajá,guaj1256,Tupian,0.006920823736695957,0
Guajá,guaj1256,Tupian,0.037192331537137885,1
Guajá,guaj1256,Tupian,-0.002262512780450414,2
Guajá,guaj1256,Tupian,-0.006906071532949987,3
Guajá,guaj1256,Tupian,-0.011665823575264724,4
Guajá,guaj1256,Tupian,-0.006545955066450572,5
Guajá,guaj1256,Tupian,-0.008588630007836794,6
Guajá,guaj1256,Tupian,-0.004360079053808755,7
Guajá,guaj1256,Tupian,-0.007360090696957996,8
Guajá,guaj1256,Tupian,-0.0292790655844428,9
Pitjantjatjara,pitj1243,Pama-Nyungan,-0.017326618764705363,0
Pitjantjatjara,pitj1243,Pama-Nyungan,0.010957185181723188,1
Pitjantjatjara,pitj1243,Pama-Nyungan,0.0011324977635496212,2
Pitjantjatjara,pitj1243,Pama-Nyungan,-0.01645196695824135,3
Pitjantjatjara,pitj1243,Pama-Nyungan,0.02889627044622295,4
Pitjantjatjara,pitj1243,Pama-Nyungan,-0.020103514760396048,5
Pitjantjatjara,pitj1243,Pama-Nyungan,-0.01604554437487332,6
Pitjantjatjara,pitj1243,Pama-Nyungan,0.007692097517232652,7
Pitjantjatjara,pitj1243,Pama-Nyungan,0.029059279342962478,8
Pitjantjatjara,pitj1243,Pama-Nyungan,-0.024939142602397678,9
Cofán,cofa1242,,0.06634728480049949,0
Cofán,cofa1242,,-0.041806344735501835,1
Cofán,cofa1242,,-0.030004241912605555,2
Cofán,cofa1242,,-0.0065807285016409745,3
Cofán,cofa1242,,0.0844486438192107,4
Cofán,cofa1242,,0.0814190126030099,5
Cofán,cofa1242,,0.02544817121939447,6
Cofán,cofa1242,,-0.021752971611503358,7
Cofán,cofa1242,,-0.02959307293426391,8
Cofán,cofa1242,,-0.033913856029194736,9
Gogo,gogo1263,Atlantic-Congo,-0.0013049840612053378,0
Gogo,gogo1263,Atlantic-Congo,-0.009241571607697572,1
Gogo,gogo1263,Atlantic-Congo,0.02026343665319386,2
Gogo,gogo1263,Atlantic-Congo,-0.002263671638490235,3
Gogo,gogo1263,Atlantic-Congo,0.017737621414935734,4
Gogo,gogo1263,Atlantic-Congo,0.01624836933631207,5
Gogo,gogo1263,Atlantic-Congo,-0.03411181501831534,6
Gogo,gogo1263,Atlantic-Congo,-0.007096011138652695,7
Gogo,gogo1263,Atlantic-Congo,-0.010254262819675309,8
Gogo,gogo1263,Atlantic-Congo,-0.015041320061424284,9
Ninam,nina1238,,-0.02058326325911175,0
Ninam,nina1238,,0.013335294767082609,1
Ninam,nina1238,,-0.02911275236112662,2
Ninam,nina1238,,0.009551652137719932,3
Ninam,nina1238,,0.009161809231367488,4
Ninam,nina1238,,-0.018989649332775877,5
Ninam,nina1238,,0.0047975374321462426,6
Ninam,nina1238,,0.01408607154527343,7
Ninam,nina1238,,0.012419407261235905,8
Ninam,nina1238,,0.014441732677902764,9
Wuvulu-Aua,wuvu1239,Austronesian,0.032043014714811316,0
Wuvulu-Aua,wuvu1239,Austronesian,0.01664702761452917,1
Wuvulu-Aua,wuvu1239,Austronesian,-0.005467967197919745,2
Wuvulu-Aua,wuvu1239,Austronesian,-0.007900173766798212,3
Wuvulu-Aua,wuvu1239,Austronesian,0.026602066782957845,4
Wuvulu-Aua,wuvu1239,Austronesian,-0.010923524264733288,5
Wuvulu-Aua,wuvu1239,Austronesian,0.07325013050942843,6
Wuvulu-Aua,wuvu1239,Austronesian,-0.015367225672037799,7
Wuvulu-Aua,wuvu1239,Austronesian,0.04585170519511393,8
Wuvulu-Aua,wuvu1239,Austronesian,-0.005115554718479121,9
Monumbo,nucl1458,Bogia,0.023225509286869683,0
Monumbo,nucl1458,Bogia,-0.006895401136606728,1
Monumbo,nucl1458,Bogia,-0.02206914761146427,2
Monumbo,nucl1458,Bogia,0.0181437929384861,3
Monumbo,nucl1458,Bogia,0.02258969347263762,4
Monumbo,nucl1458,Bogia,-0.020322499473923908,5
Monumbo,nucl1458,Bogia,0.03911283376073316,6
Monumbo,nucl1458,Bogia,0.0021246283795534047,7
Monumbo,nucl1458,Bogia,0.0041894289767650476,8
Monumbo,nucl1458,Bogia,-0.039758107291467,9
Miani,mian1254,Nuclear Trans New Guinea,0.005619521827442379,0
Miani,mian1254,Nuclear Trans New Guinea,0.0037299182084762797,1
Miani,mian1254,Nuclear Trans New Guinea,-0.01388312042726383,2
Miani,mian1254,Nuclear Trans New Guinea,-0.0075597718555046375,3
Miani,mian1254,Nuclear Trans New Guinea,0.03929843186621136,4
Miani,mian1254,Nuclear Trans New Guinea,0.06219928467800213,5
Miani,mian1254,Nuclear Trans New Guinea,-0.0009368037672141402,6
Miani,mian1254,Nuclear Trans New Guinea,0.05364020579100632,7
Miani,mian1254,Nuclear Trans New Guinea,0.022816030147429136,8
Miani,mian1254,Nuclear Trans New Guinea,0.006980539978321189,9
Muna,muna1247,Austronesian,-0.01571446947391946,0
Muna,muna1247,Austronesian,-0.013809100457971237,1
Muna,muna1247,Austronesian,0.014016253050269916,2
Muna,muna1247,Austronesian,0.013180553550335792,3
Muna,muna1247,Austronesian,0.004429311478644033,4
Muna,muna1247,Austronesian,0.004578500634997896,5
Muna,muna1247,Austronesian,0.010463121326365786,6
Muna,muna1247,Austronesian,-0.012383937659412429,7
Muna,muna1247,Austronesian,0.008473626958629438,8
Muna,muna1247,Austronesian,0.003241085985937375,9
Kalam,kala1397,Nuclear Trans New Guinea,0.009412656285865725,0
Kalam,kala1397,Nuclear Trans New Guinea,0.009286110058069076,1
Kalam,kala1397,Nuclear Trans New Guinea,0.0240519977158494,2
Kalam,kala1397,Nuclear Trans New Guinea,-0.0526178138215343,3
Kalam,kala1397,Nuclear Trans New Guinea,-0.01124139954072862,4
Kalam,kala1397,Nuclear Trans New Guinea,-0.03704079768092434,5
Kalam,kala1397,Nuclear Trans New Guinea,-0.015856970775185733,6
Kalam,kala1397,Nuclear Trans New Guinea,0.02134575807867623,7
Kalam,kala1397,Nuclear Trans New Guinea,-0.012458704646917068,8
Kalam,kala1397,Nuclear Trans New Guinea,0.002100848752647982,9
Yakan,yaka1277,Austronesian,0.0011621245082499634,0
Yakan,yaka1277,Austronesian,0.006343905687477858,1
Yakan,yaka1277,Austronesian,-0.030847695608335807,2
Yakan,yaka1277,Austronesian,-0.02732698096807795,3
Yakan,yaka1277,Austronesian,-0.03972285525242523,4
Yakan,yaka1277,Austronesian,-0.011575005978310625,5
Yakan,yaka1277,Austronesian,-0.01537343274426746,6
Yakan,yaka1277,Austronesian,-0.04748935642913228,7
Yakan,yaka1277,Austronesian,0.028931787835937573,8
Yakan,yaka1277,Austronesian,-0.00764181113126218,9
Mongo,mong1338,Atlantic-Congo,0.002025089758048053,0
Mongo,mong1338,Atlantic-Congo,-0.013825306976621508,1
Mongo,mong1338,Atlantic-Congo,-0.03740524652100205,2
Mongo,mong1338,Atlantic-Congo,-0.04463506468600084,3
Mongo,mong1338,Atlantic-Congo,-0.054009656730674455,4
Mongo,mong1338,Atlantic-Congo,-0.012480021121142038,5
Mongo,mong1338,Atlantic-Congo,-0.05429013317576345,6
Mongo,mong1338,Atlantic-Congo,0.008473217545749916,7
Mongo,mong1338,Atlantic-Congo,0.004711920561044752,8
Mongo,mong1338,Atlantic-Congo,-0.04368595188283585,9
Waru,waru1266,Austronesian,-0.002609105955018723,0
Waru,waru1266,Austronesian,-0.04119221108600288,1
Waru,waru1266,Austronesian,-0.042310940482738583,2
Waru,waru1266,Austronesian,0.059406547245402744,3
Waru,waru1266,Austronesian,-0.035901511269446226,4
Waru,waru1266,Austronesian,-0.018529564919302507,5
Waru,waru1266,Austronesian,0.03206151711252697,6
Waru,waru1266,Austronesian,0.012204654244145359,7
Waru,waru1266,Austronesian,-0.04572354070394098,8
Waru,waru1266,Austronesian,-0.03769309378605554,9
Nyangumarta,nyan1301,Pama-Nyungan,-0.008375212536846036,0
Nyangumarta,nyan1301,Pama-Nyungan,0.01969903108012854,1
Nyangumarta,nyan1301,Pama-Nyungan,0.0061102925613444065,2
Nyangumarta,nyan1301,Pama-Nyungan,-0.02136199240368489,3
Nyangumarta,nyan1301,Pama-Nyungan,0.010319945761153632,4
Nyangumarta,nyan1301,Pama-Nyungan,-0.023678103973841784,5
Nyangumarta,nyan1301,Pama-Nyungan,-0.004869542709699249,6
Nyangumarta,nyan1301,Pama-Nyungan,-0.006969306897155716,7
Nyangumarta,nyan1301,Pama-Nyungan,0.014331276077068201,8
Nyangumarta,nyan1301,Pama-Nyungan,-0.001001798281096613,9
Kwere,kwer1261,Atlantic-Congo,0.03252956423889728,0
Kwere,kwer1261,Atlantic-Congo,0.03914646368624698,1
Kwere,kwer1261,Atlantic-Congo,-0.013811360543474148,2
Kwere,kwer1261,Atlantic-Congo,0.004986933632217062,3
Kwere,kwer1261,Atlantic-Congo,0.01202425186518653,4
Kwere,kwer1261,Atlantic-Congo,0.0033976301196670085,5
Kwere,kwer1261,Atlantic-Congo,0.007164993134456453,6
Kwere,kwer1261,Atlantic-Congo,0.026514399718360424,7
Kwere,kwer1261,Atlantic-Congo,0.004416045504418016,8
Kwere,kwer1261,Atlantic-Congo,0.008310198164151008,9
Rade,rade1240,Austronesian,-0.04689528126143014,0
Rade,rade1240,Austronesian,0.015649548446674495,1
Rade,rade1240,Austronesian,0.020036300560318132,2
Rade,rade1240,Austronesian,-0.037776557341085044,3
Rade,rade1240,Austronesian,0.049811890403802975,4
Rade,rade1240,Austronesian,0.010759459628492717,5
Rade,rade1240,Austronesian,0.0062806485895604705,6
Rade,rade1240,Austronesian,-0.027900985400134044,7
Rade,rade1240,Austronesian,-0.036325893892505914,8
Rade,rade1240,Austronesian,-0.026171691155384206,9
Wappo,wapp1239,,-0.00128000333652955,0
Wappo,wapp1239,,-0.02014407285535686,1
Wappo,wapp1239,,0.04740753433995904,2
Wappo,wapp1239,,0.019296410045396884,3
Wappo,wapp1239,,0.014041892271977097,4
Wappo,wapp1239,,0.03939853726674772,5
Wappo,wapp1239,,-0.01793698491461015,6
Wappo,wapp1239,,0.03890776371049758,7
Wappo,wapp1239,,-0.04934668145759447,8
Wappo,wapp1239,,-0.020951702876141388,9
Yurok,yuro1248,Algic,-0.004266701080719782,0
Yurok,yuro1248,Algic,0.0607458804875875,1
Yurok,yuro1248,Algic,0.08554932427823018,2
Yurok,yuro1248,Algic,0.10865563090516492,3
Yurok,yuro1248,Algic,0.011465592682446991,4
Yurok,yuro1248,Algic,-0.011318119962152092,5
Yurok,yuro1248,Algic,0.09737727346361448,6
Yurok,yuro1248,Algic,-0.005004181739135794,7
Yurok,yuro1248,Algic,-0.08653398448336723,8
Yurok,yuro1248,Algic,-0.029764549650705546,9
Netsilik,nets1241,Eskimo-Aleut,0.035867335469114525,0
Netsilik,nets1241,Eskimo-Aleut,-0.0004925859072869063,1
Netsilik,nets1241,Eskimo-Aleut,0.005824692513344484,2
Netsilik,nets1241,Eskimo-Aleut,0.03683728585367993,3
Netsilik,nets1241,Eskimo-Aleut,0.007123077775162679,4
Netsilik,nets1241,Eskimo-Aleut,0.007090555567136238,5
Netsilik,nets1241,Eskimo-Aleut,-0.0002650225947277359,6
Netsilik,nets1241,Eskimo-Aleut,-0.01160090418635716,7
Netsilik,nets1241,Eskimo-Aleut,-0.0010695412014056118,8
Netsilik,nets1241,Eskimo-Aleut,-0.031023507013341767,9
Gumatj,guma1253,Pama-Nyungan,9.267735405538221e-05,0
Gumatj,guma1253,Pama-Nyungan,-0.03474114258083133,1
Gumatj,guma1253,Pama-Nyungan,0.02110883653238778,2
Gumatj,guma1253,Pama-Nyungan,0.04282572310739867,3
Gumatj,guma1253,Pama-Nyungan,-0.008492580496732443,4
Gumatj,guma1253,Pama-Nyungan,0.03943874214055931,5
Gumatj,guma1253,Pama-Nyungan,0.012895663565222214,6
Gumatj,guma1253,Pama-Nyungan,-0.04328267117354522,7
Gumatj,guma1253,Pama-Nyungan,-0.030391607925981744,8
Gumatj,guma1253,Pama-Nyungan,-0.0025076560517306662,9
Northwest Sahaptin,yaki1237,,0.0003768625256524191,0
Northwest Sahaptin,yaki1237,,-0.000671330575877128,1
Northwest Sahaptin,yaki1237,,0.022494996853153346,2
Northwest Sahaptin,yaki1237,,-0.027776772301259047,3
Northwest Sahaptin,yaki1237,,-0.0015984054089890698,4
Northwest Sahaptin,yaki1237,,0.04775639844441827,5
Northwest Sahaptin,yaki1237,,-0.020655505651295075,6
Northwest Sahaptin,yaki1237,,-0.03452002768621195,7
Northwest Sahaptin,yaki1237,,0.01454729631881241,8
Northwest Sahaptin,yaki1237,,-0.04561672167094273,9
Wipi,wipi1242,,0.11968104315628607,0
Wipi,wipi1242,,0.038115671440178175,1
Wipi,wipi1242,,-0.03512523426563319,2
Wipi,wipi1242,,-0.07744816137062746,3
Wipi,wipi1242,,0.062156651589906395,4
Wipi,wipi1242,,-0.016152646690752875,5
Wipi,wipi1242,,0.055900974549666284,6
Wipi,wipi1242,,0.025682344671616595,7
Wipi,wipi1242,,-0.0077973944712929595,8
Wipi,wipi1242,,-0.07500014332875263,9
Slovak,slov1269,Indo-European,0.012934407019555946,0
Slovak,slov1269,Indo-European,0.01808754511334679,1
Slovak,slov1269,Indo-European,-0.014414279272240045,2
Slovak,slov1269,Indo-European,0.05611516098043493,3
Slovak,slov1269,Indo-European,-0.03128592975514036,4
Slovak,slov1269,Indo-European,0.025183183130387303,5
Slovak,slov1269,Indo-European,0.004845961867209318,6
Slovak,slov1269,Indo-European,0.0014699321287495286,7
Slovak,slov1269,Indo-European,0.002597080078541868,8
Slovak,slov1269,Indo-European,-0.001209304529565608,9
Tuamotuan,tuam1242,Austronesian,0.01635967834570308,0
Tuamotuan,tuam1242,Austronesian,-0.01794335180768136,1
Tuamotuan,tuam1242,Austronesian,0.024061193106726254,2
Tuamotuan,tuam1242,Austronesian,0.004803398281266186,3
Tuamotuan,tuam1242,Austronesian,-0.0020709691411687874,4
Tuamotuan,tuam1242,Austronesian,0.02696595129295462,5
Tuamotuan,tuam1242,Austronesian,0.0387990090076679,6
Tuamotuan,tuam1242,Austronesian,-0.033907227436558204,7
Tuamotuan,tuam1242,Austronesian,0.02370502132380733,8
Tuamotuan,tuam1242,Austronesian,0.03176889840639894,9
Tzeltal,tzel1254,,0.07688594466128926,0
Tzeltal,tzel1254,,-0.0069276419207197695,1
Tzeltal,tzel1254,,-0.009786499404506285,2
Tzeltal,tzel1254,,-0.05674739665522891,3
Tzeltal,tzel1254,,-0.029170913114965724,4
Tzeltal,tzel1254,,-0.07797869430398985,5
Tzeltal,tzel1254,,0.08461142690259776,6
Tzeltal,tzel1254,,-0.013669199269887836,7
Tzeltal,tzel1254,,-0.03123501599587111,8
Tzeltal,tzel1254,,-0.00042785316623765066,9
Lewo,lewo1242,Austronesian,-0.06093731830633546,0
Lewo,lewo1242,Austronesian,0.06057639451248864,1
Lewo,lewo1242,Austronesian,0.0036935775358880154,2
Lewo,lewo1242,Austronesian,-0.026540698836382614,3
Lewo,lewo1242,Austronesian,0.034229347407030646,4
Lewo,lewo1242,Austronesian,-0.05206464526956117,5
Lewo,lewo1242,Austronesian,0.008834690821979711,6
Lewo,lewo1242,Austronesian,0.040256432668663876,7
Lewo,lewo1242,Austronesian,-0.005838045329794673,8
Lewo,lewo1242,Austronesian,0.08138794789152867,9
Kawi,kawi1241,Austronesian,-0.0002734289859406445,0
Kawi,kawi1241,Austronesian,-0.03925547726815256,1
Kawi,kawi1241,Austronesian,0.08282740215682138,2
Kawi,kawi1241,Austronesian,0.026725465026149798,3
Kawi,kawi1241,Austronesian,0.04438184151040863,4
Kawi,kawi1241,Austronesian,-0.010843751831266428,5
Kawi,kawi1241,Austronesian,-0.03528030810265256,6
Kawi,kawi1241,Austronesian,-0.002516789662226313,7
Kawi,kawi1241,Austronesian,-0.0585087205478405,8
Kawi,kawi1241,Austronesian,0.006494825151795097,9
Limilngan-Wulna,limi1242,,-0.010398149585094857,0
Limilngan-Wulna,limi1242,,0.014521482756622815,1
Limilngan-Wulna,limi1242,,-0.031149834397992123,2
Limilngan-Wulna,limi1242,,0.011430204644140386,3
Limilngan-Wulna,limi1242,,0.021250213837668123,4
Limilngan-Wulna,limi1242,,-0.0005379464139438488,5
Limilngan-Wulna,limi1242,,0.011148002822375753,6
Limilngan-Wulna,limi1242,,-0.017308853775060903,7
Limilngan-Wulna,limi1242,,-0.03449510067721342,8
Limilngan-Wulna,limi1242,,-0.023138957891584686,9
Mussau-Emira,muss1246,Austronesian,-0.0019277259088369457,0
Mussau-Emira,muss1246,Austronesian,0.02867805787179411,1
Mussau-Emira,muss1246,Austronesian,-0.011532440792528994,2
Mussau-Emira,muss1246,Austronesian,0.01718579772765665,3
Mussau-Emira,muss1246,Austronesian,0.021517389939788918,4
Mussau-Emira,muss1246,Austronesian,-0.0008801977291474881,5
Mussau-Emira,muss1246,Austronesian,-0.021743090362345747,6
Mussau-Emira,muss1246,Austronesian,-0.01318820518779043,7
Mussau-Emira,muss1246,Austronesian,-0.022402467777016787,8
Mussau-Emira,muss1246,Austronesian,-0.02371796278696274,9
Trinitario,trin1274,Arawakan,-0.004392417045256045,0
Trinitario,trin1274,Arawakan,0.044757466626320436,1
Trinitario,trin1274,Arawakan,0.009551149492771333,2
Trinitario,trin1274,Arawakan,0.03786846813414021,3
Trinitario,trin1274,Arawakan,-0.02926062396781278,4
Trinitario,trin1274,Arawakan,0.002364776342119835,5
Trinitario,trin1274,Arawakan,-0.053027649859734696,6
Trinitario,trin1274,Arawakan,-0.039260100002518616,7
Trinitario,trin1274,Arawakan,-0.016078848089533894,8
Trinitario,trin1274,Arawakan,0.024779129223187285,9
Ida'an,idaa1241,Austronesian,-0.022547722880688494,0
Ida'an,idaa1241,Austronesian,-0.01879382190407402,1
Ida'an,idaa1241,Austronesian,-0.012361230693536056,2
Ida'an,idaa1241,Austronesian,-0.003827229689095976,3
Ida'an,idaa1241,Austronesian,-0.04717067058852071,4
Ida'an,idaa1241,Austronesian,0.02613002865025491,5
Ida'an,idaa1241,Austronesian,0.023344799511473033,6
Ida'an,idaa1241,Austronesian,0.019240690836929256,7
Ida'an,idaa1241,Austronesian,0.04542965609930456,8
Ida'an,idaa1241,Austronesian,-0.059140312592230564,9
Western Panjabi,west2386,Indo-European,-0.03054978456667236,0
Western Panjabi,west2386,Indo-European,-0.021309920241936557,1
Western Panjabi,west2386,Indo-European,-0.006102033318677537,2
Western Panjabi,west2386,Indo-European,0.042710300681026395,3
Western Panjabi,west2386,Indo-European,0.03788625118329074,4
Western Panjabi,west2386,Indo-European,0.006419999577436849,5
Western Panjabi,west2386,Indo-European,-0.02581810428361077,6
Western Panjabi,west2386,Indo-European,-0.012679384020243496,7
Western Panjabi,west2386,Indo-European,0.004491087738025991,8
Western Panjabi,west2386,Indo-European,-0.012298869837340534,9
Mokpwe,mokp1239,Atlantic-Congo,-0.0004912459483126497,0
Mokpwe,mokp1239,Atlantic-Congo,-0.007708802666458368,1
Mokpwe,mokp1239,Atlantic-Congo,-0.009746959584110577,2
Mokpwe,mokp1239,Atlantic-Congo,0.0001575940304666813,3
Mokpwe,mokp1239,Atlantic-Congo,0.0016853836737437539,4
Mokpwe,mokp1239,Atlantic-Congo,-0.014343753373353684,5
Mokpwe,mokp1239,Atlantic-Congo,-0.02826253856598157,6
Mokpwe,mokp1239,Atlantic-Congo,0.018771366653216454,7
Mokpwe,mokp1239,Atlantic-Congo,-0.03537162919766175,8
Mokpwe,mokp1239,Atlantic-Congo,0.04704576477364473,9
Modern Greek,mode1248,Indo-European,0.016835482704064406,0
Modern Greek,mode1248,Indo-European,-0.005483526400651372,1
Modern Greek,mode1248,Indo-European,-0.057117969640377346,2
Modern Greek,mode1248,Indo-European,0.0027874996975996566,3
Modern Greek,mode1248,Indo-European,0.027938576482456394,4
Modern Greek,mode1248,Indo-European,0.04942594447626283,5
Modern Greek,mode1248,Indo-European,0.036435535404811,6
Modern Greek,mode1248,Indo-European,0.00010728810134156544,7
Modern Greek,mode1248,Indo-European,-0.025766961846668775,8
Modern Greek,mode1248,Indo-European,0.04460403743350579,9
Kazym Khanty,nort2672,Uralic,0.031388425818297816,0
Kazym Khanty,nort2672,Uralic,-0.022802043639759215,1
Kazym Khanty,nort2672,Uralic,-0.020390356976423423,2
Kazym Khanty,nort2672,Uralic,-0.013522237773714436,3
Kazym Khanty,nort2672,Uralic,-0.027004653607184306,4
Kazym Khanty,nort2672,Uralic,-0.0049954851361092316,5
Kazym Khanty,nort2672,Uralic,-0.039305967789473775,6
Kazym Khanty,nort2672,Uralic,0.03637824010816222,7
Kazym Khanty,nort2672,Uralic,-0.017113959466307706,8
Kazym Khanty,nort2672,Uralic,0.015519385637274506,9
Woiwurrung-Thagungwurrung,woiw1237,Pama-Nyungan,-0.007927069152744026,0
Woiwurrung-Thagungwurrung,woiw1237,Pama-Nyungan,0.17831260414781583,1
Woiwurrung-Thagungwurrung,woiw1237,Pama-Nyungan,0.13845051312842568,2
Woiwurrung-Thagungwurrung,woiw1237,Pama-Nyungan,-0.013500565737734076,3
Woiwurrung-Thagungwurrung,woiw1237,Pama-Nyungan,0.08437708335105053,4
Woiwurrung-Thagungwurrung,woiw1237,Pama-Nyungan,-0.026909416905732064,5
Woiwurrung-Thagungwurrung,woiw1237,Pama-Nyungan,0.024887484197262742,6
Woiwurrung-Thagungwurrung,woiw1237,Pama-Nyungan,0.0034117242073740555,7
Woiwurrung-Thagungwurrung,woiw1237,Pama-Nyungan,0.17810774387549497,8
Woiwurrung-Thagungwurrung,woiw1237,Pama-Nyungan,0.0172095807687898,9
Neve'ei,vinm1237,Austronesian,-0.017045777840148348,0
Neve'ei,vinm1237,Austronesian,0.03307047455564064,1
Neve'ei,vinm1237,Austronesian,0.04480245233281072,2
Neve'ei,vinm1237,Austronesian,-0.0028145202710585793,3
Neve'ei,vinm1237,Austronesian,0.05773208791600155,4
Neve'ei,vinm1237,Austronesian,-0.004311169302447748,5
Neve'ei,vinm1237,Austronesian,-0.01508734545233072,6
Neve'ei,vinm1237,Austronesian,0.020347673412192204,7
Neve'ei,vinm1237,Austronesian,-0.024172260304470398,8
Neve'ei,vinm1237,Austronesian,-0.017093331011656963,9
