language,glottocode,family,generation,gender,lineal,gcr,seniority,speaker_gender,result
Nsong,song1299,NA,0,0,1,0,0,0,0.01420744213203129
Nsong,song1299,NA,0,0,0,0,0,1,0.00345230150076131
Nsong,song1299,NA,0.9264961548099298,0.07350384519007028,0,0,0,0,0.020850421584229
Nsong,song1299,NA,0,0,0.8735360914218853,0.12646390857811485,0,0,0.03182635069266365
Nsong,song1299,NA,0,0.4785781168337731,0,0,0.16629684485996055,0.3551250383062663,0.03332192654973495
Huichol,huic1243,NA,0.32781629149481323,0,0.2654319053102487,0.06230966793890629,0.333629680272564,0.01081245498346778,0.5505926825630214
Huichol,huic1243,NA,0,0,0.23927928553901764,0.12588477108408405,0.6348359433768983,0,0.0432440017643659
Huichol,huic1243,NA,0,0,0.2318110462458576,0.3063374194624592,0,0.4618515342916832,0.15383189363203523
Huichol,huic1243,NA,0.09377657344629864,0.6653769569381234,0,0.21087031980375903,0,0.02997614981181908,0.30069558834284804
Huichol,huic1243,NA,0,5.0216008935398e-4,0.5218462870441061,0.03185079262186003,0,0.4458007602446798,0.19851864044424808
Fore,fore1270,NA,0.7562823462465487,0,0,0.24371765375345136,0,0,0.01182842193570851
Fore,fore1270,NA,0.7867106243578729,0,0,0,0,0.21328937564212713,0.027536308548525
Fore,fore1270,NA,0,1,0,0,0,0,7.0223771690465e-4
Fore,fore1270,NA,0,0.8973113595634267,0,0,0,0.10268864043657332,0.02270458246933096
Fore,fore1270,NA,0,0.09422489337835956,0,0,0.23332921392230305,0.6724458926993373,0.06984303168045683
Sanskrit,sans1269,NA,1,0,0,0,0,0,-0.00256288792079176
Sanskrit,sans1269,NA,0,0.07484403761723757,0.34504728670542845,0.2923808655768621,0.2877278101004718,0,0.02256710583192724
Sanskrit,sans1269,NA,0,0,0,0,1,0,0.0049270770002886
Sanskrit,sans1269,NA,0,0.9938723192867422,0.00612768071325779,0,0,0,0.0222344089036697
Sanskrit,sans1269,NA,0,0.9692832157801684,0,0.02490083698935947,0.00581594723047214,0,0.054287940033287
Äiwoo,ayiw1239,NA,0,0,0.6452523524847988,0,0,0.3547476475152011,0.05590454753304586
Äiwoo,ayiw1239,NA,0,0,0,0.9001030272845666,0.09989697271543348,0,0.00929031084042965
Äiwoo,ayiw1239,NA,0,0,0.8720863400564998,0.01746360391947399,0,0.11045005602402616,0.02906679073324908
Äiwoo,ayiw1239,NA,0,0,0.6919600260697729,0.06364588664606394,0.24439408728416312,0,0.04641840493207117
Äiwoo,ayiw1239,NA,0,0,0,1,0,0,-0.00359593414676089
Parakanã,para1312,NA,0.17297788056814878,0,0,0.8270221194318512,0,0,0.04012832841218691
Parakanã,para1312,NA,0.1397567279374967,0.8602432720625034,0,0,0,0,0.03809810511131022
Parakanã,para1312,NA,0,1,0,0,0,0,0.03539686223184299
Parakanã,para1312,NA,0.6611751815078163,0,0,0,0.33882481849218365,0,0.01657440135326056
Parakanã,para1312,NA,0.2394024880176435,0.07887910779998544,0.31322148237267383,0,0.36849692180969734,0,0.06849021196635104
Sangu (Gabon),sang1333,NA,0.02422685862958504,0.4760355199596224,0.07961259866972202,0.1397822842377857,0.13498184882122286,0.1453608896820619,0.34447667109151525
Sangu (Gabon),sang1333,NA,0.03374389681745737,0,0.6748779492393101,0.2576342577370931,0,0.03374389620613936,0.1973685044468508
Sangu (Gabon),sang1333,NA,0.20059575003295688,0.34431151209684113,0.455092737870202,0,0,0,0.17516968393332097
Sangu (Gabon),sang1333,NA,0.06608986980564804,0.428830850299079,0.06448013945054606,0,0.4405991073911585,3.305356851522025e-8,0.1362355427344323
Sangu (Gabon),sang1333,NA,0.41527266825222486,0,0,0,0.584727331747775,0,0.16522842494944617
Edopi,edop1238,NA,0.4444404008049459,0,0,0,0,0.5555595991950539,0.01307785139739367
Edopi,edop1238,NA,0,0,0,0.933495951259918,0.06650404874008195,0,0.02742043413758649
Edopi,edop1238,NA,0,1,0,0,0,0,0.0235367271564518
Edopi,edop1238,NA,0,0,0,0,1,0,0.00226833991652877
Edopi,edop1238,NA,0,0.12394477695730076,0.3832744712155229,0.444278960896129,0.04850179093104737,0,0.01209586164924555
Lake Miwok,lake1258,NA,3.0012274138184795e-8,0,0,0,0.16289582039888487,0.8371041495888409,0.29381870505147445
Lake Miwok,lake1258,NA,0.29766723054911093,0,0.07441681403837655,0.13699977897085433,0,0.4909161764416581,0.2986794296723487
Lake Miwok,lake1258,NA,0,0,0.05554955726327824,0,0.9444504427367216,0,0.416602559170839
Lake Miwok,lake1258,NA,0,0.8805573688867302,0.1194426311132698,0,0,0,0.09172492321316786
Lake Miwok,lake1258,NA,0.07407416523213893,0,0.2777782343893109,0.27777653875011854,0,0.37037106162843153,0.114401078830042
Tzeltal,tzel1254,NA,0,0.4684765340065231,0.27467769606780496,0.01882323258627659,0.2380225373393953,0,0.02839011575987344
Tzeltal,tzel1254,NA,0.23193192244864977,0.30573276353731554,0.4623353140140347,0,0,0,0.05181359461779249
Tzeltal,tzel1254,NA,0,0,1,0,0,0,0.03488843100088594
Tzeltal,tzel1254,NA,0,0,1,0,0,0,0.0295658805183536
Tzeltal,tzel1254,NA,0.4675392002863056,0,0,0,0,0.5324607997136943,0.01617480333110589
Meriam,meri1244,NA,0.42843289413229446,0,0.00923999108247411,0.5623271147852315,0,0,0.01356902710026938
Meriam,meri1244,NA,0.00354057186634719,0,0.4964767525964051,0,0.4999826755372475,0,0.06878823680959731
Meriam,meri1244,NA,0,0.00101065703378914,0.5426049785391289,0,0.456384364427082,0,0.03149797976189554
Meriam,meri1244,NA,0.0392191479828755,0.1852542394541158,0.7755266125630086,0,0,0,0.06870774011475236
Meriam,meri1244,NA,0.3680160662063066,0,0.3798986208336511,0.2520853129600422,0,0,0.01622319524723745
Russian,russ1263,NA,0,0.1393589211313258,0.5685532550915474,0,0.2920878237771269,0,0.04192914342586387
Russian,russ1263,NA,0,0,0,0.35279353281062487,0,0.6472064671893751,0.04505887452271436
Russian,russ1263,NA,0,0,0,0,0.39849495192973006,0.6015050480702698,0.02104382421867516
Russian,russ1263,NA,0.3233423690286729,0.08722116151613604,0.11977677480297544,0,0.4443227651148162,0.02533692953739929,0.05410336241683973
Russian,russ1263,NA,0,1,0,0,1.1102230246251563e-16,0,0.00143861149766319
Pilagá,pila1245,NA,0,1,0,0,0,0,-0.00112256662482553
Pilagá,pila1245,NA,0.00685728412146862,0.1958518731028128,0.06453073186180137,0,0.03347284584524458,0.6992872650686724,0.02750166222225934
Pilagá,pila1245,NA,0,0,1,0,0,0,0.03186633911099255
Pilagá,pila1245,NA,0.47589262058202175,0,0,0.5241073794179784,0,0,0.00796406390776619
Pilagá,pila1245,NA,0,0,0,0,0,1,-0.00186482811335391
Satawalese,sata1237,NA,0.11661626541292044,0,0,0.6799110637284549,0,0.2034726708586248,0.02964790815533813
Satawalese,sata1237,NA,0,0.03307520824743646,0,0.00149277398004147,0.6008294292197173,0.3646025885528047,0.04884627974201246
Satawalese,sata1237,NA,0.8256203978502916,0,0.10141716722004172,0.07296243492966661,0,0,0.03578135751934543
Satawalese,sata1237,NA,0,0,0,1,0,0,0.02696750597012157
Satawalese,sata1237,NA,0.34952838804480707,0,0.5548286173622444,0,0,0.09564299459294852,0.0759346396615727
Central Tarahumara,cent2131,NA,0.01711178222968266,0,0,0.26286703646861903,0.7200211813016983,0,0.04113805721113101
Central Tarahumara,cent2131,NA,0.6762449810653384,0.3237550189346617,0,0,0,0,0.06791228576284815
Central Tarahumara,cent2131,NA,1,0,0,0,0,0,0.00108030614421607
Central Tarahumara,cent2131,NA,0.5048372054138386,0.27171789795319756,0,0,0.12610185134687055,0.09734304528609332,0.0738244691860619
Central Tarahumara,cent2131,NA,0.2625420465013986,0,0,0,0.2373935445502137,0.5000644089483877,0.0441728323680429
Gela,gela1263,NA,0.4803372207219001,0,0,0.45626554192958,0.06339723734851986,0,0.08397234347466676
Gela,gela1263,NA,0,0.19916212922628507,0.43773110697087936,0.0495001539487097,0.02745092353841009,0.2861556863157158,0.06195466696152144
Gela,gela1263,NA,0.31653685542931637,0,0.1099882299907994,0.09936357435384152,0,0.4741113402260427,0.06913402501627418
Gela,gela1263,NA,0,0.8911448744021314,0,0.10885512559786868,0,0,0.05003740253593408
Gela,gela1263,NA,0,1,0,0,0,0,0.00608347762925401
Iban,iban1264,NA,0.7330469534131894,0,0.1591309232236383,0.10782212336317226,0,0,0.01239267420375412
Iban,iban1264,NA,0,0,0,0,0.5256541415866802,0.4743458584133199,0.03989804803166087
Iban,iban1264,NA,0.3951232735352565,0,0.48212090625800985,0,0,0.12275582020673348,0.03471469635666101
Iban,iban1264,NA,0.11121276900875776,0.14427280720842284,0.5638524076698211,0,0.18066201611299823,0,0.05862280708946872
Iban,iban1264,NA,0,0,0,0,1,0,0.00524465237323952
Kutenai,kute1249,NA,0.386534971211113,0,0.01757137859144462,0,0,0.5958936501974424,0.07519255141921914
Kutenai,kute1249,NA,0.9061147667504836,0.0938852332495164,0,0,0,0,0.0279389577527248
Kutenai,kute1249,NA,0,0.7570973915959128,0.0474736135465046,0,0,0.19542899485758256,0.01434414244025752
Kutenai,kute1249,NA,0.4870111567701213,0.08662560833303852,0.02396689872892112,0.26144355723416757,0.14095277893375144,0,0.0963796915997668
Kutenai,kute1249,NA,0.07395980146446575,0,0.16455862016082626,0,0.3377958818044629,0.4236856965702451,0.03525889837763806
Mosetén-Chimané,mose1249,NA,0.06175405358342361,0.06475493888350606,0.6345151574705162,0.07452491428135143,0,0.16445093578120276,0.04532746103840779
Mosetén-Chimané,mose1249,NA,0,0,0,0,0,1,-0.0163914839571215
Mosetén-Chimané,mose1249,NA,0,1,0,0,0,0,0.02578443170135257
Mosetén-Chimané,mose1249,NA,0.08926280165761201,0.05988998121327145,0,0,0.5787166888515979,0.2721305282775186,0.05022722558383148
Mosetén-Chimané,mose1249,NA,0.3651181630357273,0.20278544078269356,0.05608753077441137,0,0.08604710066393681,0.28996176474323093,0.03630801683842605
Puinave,puin1248,NA,0.4308370298470547,0.5691629701529454,0,0,0,0,0.01489426827397291
Puinave,puin1248,NA,0,0,0,0.8874889445374183,0.1125110554625817,0,0.05347456245360094
Puinave,puin1248,NA,1,0,0,0,0,0,0.002872852969426
Puinave,puin1248,NA,0.2421355915318409,0,0,0.2991857324735928,0.03092548390180564,0.42775319209276064,0.04897477283349293
Puinave,puin1248,NA,0.4288765260066456,0.02094351083104083,0.13069171432367066,0.05335800822765117,0.2092294748608686,0.1569007657501231,0.02315767008287243
Emae,emae1237,NA,0.9760374229712858,0,0,0.02396257702871418,0,0,0.12678592998092317
Emae,emae1237,NA,0.21900519753645284,0,0,0.3088632422299797,0,0.4721315602335674,0.10300440656465272
Emae,emae1237,NA,0.26868085720734064,0.7313191427926593,0,0,0,0,0.1461541135277915
Emae,emae1237,NA,0.42422976664675993,0,0.0373012992989887,0,0.5384689340542513,0,0.1991152240848851
Emae,emae1237,NA,0,0,0,0.3564197272613131,0.6258471237799522,0.01773314895873464,0.3930999897770331
Tokharian B,tokh1243,NA,0,0,0.01884566494817869,0.6804069286125978,0.03890575047840823,0.2618416559608152,0.10434908044663128
Tokharian B,tokh1243,NA,0.12899048133046506,0.8710095186695349,0,0,0,0,0.05055527604393085
Tokharian B,tokh1243,NA,0.5334774527007078,0.20843852745818245,0,0.1955388572530913,0,0.06254516258801845,0.3324501674866686
Tokharian B,tokh1243,NA,0.05793472698386962,0,0,0,0,0.9420652730161304,0.14230257559706988
Tokharian B,tokh1243,NA,0,0,0,0.3912786668781597,0.6087213331218403,0,0.08717899709718081
Wersing,wers1238,NA,1,0,0,0,0,0,0.01171231602700293
Wersing,wers1238,NA,0,0,0,0,0.9044851180521206,0.09551488194787948,0.00342024581960019
Wersing,wers1238,NA,0.7794800991673605,0.22051990083263956,0,0,0,0,0.01408097584128454
Wersing,wers1238,NA,0.310334125699096,0.0271663728963854,0.28288978553202465,0,0,0.3796097158724941,0.03649396328732232
Wersing,wers1238,NA,0,0,1,0,0,0,0.02208712242599842
Cocopa,coco1261,NA,0,0,0.1475981671580794,0,0.4910560268886257,0.36134580595329496,0.03008465829888277
Cocopa,coco1261,NA,0.2808754857623119,0,0.18652975159699223,0.5166856704591067,0,0.01590909218158915,0.02224492876552158
Cocopa,coco1261,NA,0.911412076382498,0,0.0885879236175021,0,0,0,0.00719917807340733
Cocopa,coco1261,NA,0,0,0,0.794955452335831,0.20504454766416896,0,0.00356663732753149
Cocopa,coco1261,NA,0,0,0,0.6900156962276418,0.19693397074254348,0.11305033302981478,0.02306633147046486
Dhuwal,dhuw1249,NA,1,0,0,0,0,0,0.00652818426200841
Dhuwal,dhuw1249,NA,0.05601863725351681,0,0.7310523815102056,0.21292898123627765,0,0,0.03135636716587028
Dhuwal,dhuw1249,NA,0.16590313541992557,0,0.8340968645800744,0,0,0,0.04113273083433658
Dhuwal,dhuw1249,NA,0.6400726505676463,0.10707538306264612,0.16273927255113893,0.04753694239407394,0,0.04257575142449477,0.05460081215361453
Dhuwal,dhuw1249,NA,0.04721568691862939,0.48571298406043745,0,0.3143310477846878,0.06048530445675157,0.09225497677949385,0.03884582254130634
Rapanui,rapa1244,NA,0,0.5800020266434516,0.3839510070010744,0,0,0.03604696635547407,0.05418606277471002
Rapanui,rapa1244,NA,0.471486397029899,0,0.5115650204673932,0,0,0.0169485825027079,0.06771583354877361
Rapanui,rapa1244,NA,0.680991215504336,0,0.08124184934521207,0,0.1469844404097825,0.0907824947406694,0.06025104872576438
Rapanui,rapa1244,NA,0,0,1,0,0,0,0.00179357726386549
Rapanui,rapa1244,NA,0,0.10525906820808408,0,0.15209678642029087,0.742644145371625,0,0.09119556298135896
Cinta Larga,cint1239,NA,0,0,0,0.6956298923792176,0.131249030566694,0.17312107705408838,0.03675508127832005
Cinta Larga,cint1239,NA,0.4637113521732217,0.308122664805371,0,0.03832101031440019,0.18984497270700704,0,0.02430197555995635
Cinta Larga,cint1239,NA,0,0.5003322492550671,0,0.23995007406127625,0.2597176766836567,0,0.01113818986128386
Cinta Larga,cint1239,NA,0,0.0446856569097318,0,0.5019669954783191,0,0.45334734761194906,0.02471626014213447
Cinta Larga,cint1239,NA,0,0.00993226728500961,0,0,0.2734561900349199,0.7166115426800705,0.02352074900946913
Kerewe,kere1283,NA,0,0,0,0,0,1,-9.4784408589956e-4
Kerewe,kere1283,NA,0,0,0,0.6510478843023763,0.24389606315364484,0.10505605254397891,0.05555615993737921
Kerewe,kere1283,NA,0.2062303218652683,0,0.666663346943876,0,0,0.12710633119085574,0.04489090914137138
Kerewe,kere1283,NA,0,0,0.30290024042334435,0.04437063323686305,0.05767037899816037,0.5950587473416322,0.08778425123002213
Kerewe,kere1283,NA,0,0.5247806927531186,0.1112656180512318,0,0.16089526286898534,0.2030584263266642,0.06061361519273139
Suki,suki1245,NA,0,0,0,0.06517275386446587,0.934827246135534,0,0.04935210155139527
Suki,suki1245,NA,0.21856837947579427,0,0.6247760394774341,0,0,0.1566555810467717,0.08799123555377708
Suki,suki1245,NA,0.6341849918200944,0.36532984389074574,4.8516428915986e-4,0,0,0,0.04482369115321402
Suki,suki1245,NA,0,0.17822883925031757,0,0,0,0.8217711607496824,0.03554396048379535
Suki,suki1245,NA,0,0.17952559596783524,0,0,0.5036477537142217,0.31682665031794316,0.03128229340530988
Kaiwá,kaiw1246,NA,0,0,0,0.8447694960588694,0.1552305039411307,0,0.01713981772015615
Kaiwá,kaiw1246,NA,0.6986176432101915,0,0,0,0.30138235678980846,0,0.09168881409019522
Kaiwá,kaiw1246,NA,0.2035897236732913,0,0,0,0.5823472283520982,0.21406304797461048,0.02912745207790723
Kaiwá,kaiw1246,NA,0.47065677919315746,0,0,0.05854962105136099,0.08484205631388583,0.38595154344159577,0.03608652344512722
Kaiwá,kaiw1246,NA,0,0.20207134751444497,0,0.5845717120362361,0,0.21335694044931883,0.02616088112707996
Malapandaram,mala1468,NA,0,0.31064741246078814,0,0,0.0266463278830859,0.6627062596561258,0.01877972889606411
Malapandaram,mala1468,NA,0,0,0,0,0.8371501577128708,0.16284984228712923,0.01495702887483789
Malapandaram,mala1468,NA,0.4731032544004722,0.015236614821301,0.22986524684723048,0.05788159773987837,0.19928950555241343,0.0246237806387046,0.05141022019680219
Malapandaram,mala1468,NA,0,0,0,1,0,0,0.03631511979264667
Malapandaram,mala1468,NA,0.08572806255676317,0,0,0,0.9142719374432368,0,0.03876792865812594
Sie,siee1239,NA,0.3182157654464073,0,0.3077716785218136,0.37401255603177913,0,0,0.01793288508571289
Sie,siee1239,NA,0,0,0,0.33118554144746676,0,0.6688144585525333,0.01370031746171176
Sie,siee1239,NA,0,0.6556284183541635,0.02843221652798035,0.31593936511785603,0,0,0.03786968007035948
Sie,siee1239,NA,0,2.77555756156289e-17,0,0,1,0,3.0615935537573e-4
Sie,siee1239,NA,0,0,0,0,0,1,0.00110623461363541
Ngoni,ngon1269,NA,0,0,0,0,0,1,0.01953116469453952
Ngoni,ngon1269,NA,0,0.10086250258364676,0,0.2588464928898988,0.6402910045264545,0,0.08842905929636619
Ngoni,ngon1269,NA,0,0,0.4474188371794477,0,0.5525811628205523,0,0.05869328092689638
Ngoni,ngon1269,NA,0,0,0,0.8023528115707763,0.19764718842922369,0,0.04367169637492023
Ngoni,ngon1269,NA,0,0.03961567755222099,0,0,0.6250658399166686,0.33531848253111024,0.04559167308038817
Paluai,balu1257,NA,0,0,0,0,1,0,0.00915351223925893
Paluai,balu1257,NA,0,0,0.12400241615763874,0,0,0.8759975838423614,0.01436654309711295
Paluai,balu1257,NA,0,0.31989641047339684,0,0.23600719213601923,0.27146237621973085,0.17263402117085316,0.04128124854146492
Paluai,balu1257,NA,0.5893095228946551,0.03965245388910777,0,0,0.371038023216237,0,0.0201079388406106
Paluai,balu1257,NA,0,0.23534453513589965,0.6046676332515817,0,0.15998783161251862,0,0.02768411925175556
Anuta,anut1237,NA,0,0.1690109006171615,0.11087466955232068,0,0.6707142890732514,0.0494001407572665,0.04440351862857556
Anuta,anut1237,NA,0,0,0,0,0,1,0.00466521609776742
Anuta,anut1237,NA,0,0,0.2803605346748508,0.7196394653251492,0,0,0.01553001189602272
Anuta,anut1237,NA,0.42431692519407416,0.21209905928652148,0,0.23000721623236803,0.13357679928703636,0,0.03591310242872389
Anuta,anut1237,NA,0,0.00375737866995438,0.14193702215682372,0.12867766041622294,0,0.725627938756999,0.03564183469463483
Barí,bari1297,NA,0.00198605334996054,0.03900335359165894,0.757655336989156,0,0.1673905017609124,0.03396475430831217,0.05631271422603597
Barí,bari1297,NA,0,0,0,0,1,2.77555756156289e-17,-5.4148797802763e-4
Barí,bari1297,NA,0.26033443531824346,0,0,0,0,0.7396655646817565,0.00834167904264236
Barí,bari1297,NA,0,0.11874966914922946,0.8744936228091752,0,0.00675670804159546,0,0.04936914170244277
Barí,bari1297,NA,0.8567205986025055,0,0.03917849222519368,0,0.10410090917230082,0,0.04500697537073838
Kiai,fort1240,NA,0,0.2336360503695156,0.6794018575525166,0,0.08696209207796783,0,0.05581563741020823
Kiai,fort1240,NA,0,1,0,0,0,0,0.04111515503129507
Kiai,fort1240,NA,0,0,1,0,0,0,0.05757763783320482
Kiai,fort1240,NA,0.2030798208250376,0.2624416771583261,0,0,0.1841226959237092,0.350355806092927,0.04593290582911082
Kiai,fort1240,NA,0,1,0,0,0,0,0.03468154106273299
Maskelynes,mask1242,NA,0.04234352086380105,0.23471475841898423,0.01434609833357797,0.19080805748390417,0,0.5177875648997323,0.05811101833678327
Maskelynes,mask1242,NA,0.21395474740419904,0,0.49364773669392886,0.292397515901872,0,0,0.0955137804165979
Maskelynes,mask1242,NA,0,1,0,0,0,0,0.00901048219434444
Maskelynes,mask1242,NA,0,0.03021767906423203,0,0.969782320935768,0,0,0.0189713806206147
Maskelynes,mask1242,NA,0,0,0.01001880511162791,0.5178674487808268,0.4721137461075453,0,0.03890591681452469
Binongan Itneg,bino1237,NA,0,0,0.6834398255096463,0,0.3165601744903537,0,0.02907874463263964
Binongan Itneg,bino1237,NA,0,0,0,0.9916678748318194,0,0.00833212516818051,0.03149009082794164
Binongan Itneg,bino1237,NA,0,0,0,0,0.10897229515658752,0.8910277048434125,0.06036188463327643
Binongan Itneg,bino1237,NA,0,0.5666796889346655,0.23824720860206688,0,0.19507310246326748,0,0.02887612241397086
Binongan Itneg,bino1237,NA,0,0.05878725165452732,0.9412127483454726,0,0,0,0.01352901631730097
Old High German (ca. 750-1050),oldh1241,NA,1,0,0,0,0,0,0.05032799741590976
Old High German (ca. 750-1050),oldh1241,NA,0,0,0.8695652173913044,0,0.13043478260869565,0,0.03366921765005991
Old High German (ca. 750-1050),oldh1241,NA,0.7721013705790896,0.1714695112469681,0,0,0.05642911817394228,0,0.03544152766249667
Old High German (ca. 750-1050),oldh1241,NA,0.4434099789933045,0.32276878917135965,0.02311648612952578,0,0.21070474570580996,0,0.1667411535661408
Old High German (ca. 750-1050),oldh1241,NA,0.5807781749885874,0.14076280173201078,0,0.24942011452997248,0.02903890874942936,0,0.1409547253605061
Xibe,xibe1242,NA,0,0,0.19310663110878196,0.3418951429731756,0.17610959351293193,0.2888886324051107,0.02543271907014417
Xibe,xibe1242,NA,0.5083485897727273,0,0.2811511661635984,0,0.21050024406367432,0,0.03741077794488666
Xibe,xibe1242,NA,0,0.15143909286077628,0.1899607559161365,0.3870934193815197,0.27150673184156743,0,0.02205489709677059
Xibe,xibe1242,NA,0,0.3845853475956685,0,0.6154146524043316,0,0,0.01594702446117039
Xibe,xibe1242,NA,0,0.6523471017295108,0,0.00186709537443383,0.34578580289605537,0,0.02269631067670687
Ganda,gand1255,NA,0.5548267079139141,0,0.445173292086086,0,0,0,0.08058351509118532
Ganda,gand1255,NA,0.40202140619938,0,0,0.4454691432845486,0,0.15250945051607132,0.02204785753277985
Ganda,gand1255,NA,0,0.16950734315842866,0.14310924103210695,0,0.6873834158094644,0,0.01336496114581694
Ganda,gand1255,NA,0,0.763906110945766,0,0,0.23609388905423392,0,0.01793002114735845
Ganda,gand1255,NA,0,0,0.3142542808218995,0.02748663258652481,0,0.6582590865915756,0.1008776784773907
Eastern Yiddish,east2295,NA,0,0.2338535054609109,0.27443343696225286,0,0.356511622991036,0.1352014345858003,0.00889035169197433
Eastern Yiddish,east2295,NA,0.689996490894341,0.07843128211837942,0.15555503027460418,0,0.07601719671267533,0,0.03248529134946808
Eastern Yiddish,east2295,NA,0.2224688333920131,0,0,0.591883006014864,0.18564816059312292,0,0.00821914001139729
Eastern Yiddish,east2295,NA,0.7743187639177034,0,0.09608488904585352,0.12959634703644315,0,0,0.05409116691390529
Eastern Yiddish,east2295,NA,0.3672269551189376,0.08893809177651743,0.4779524492932404,0,0,0.06588250381130464,0.04968769323070925
Lala-Bisa,lala1264,NA,0,0,0,0.3008237940166643,0.6203780851609708,0.07879812082236476,0.00691713286633382
Lala-Bisa,lala1264,NA,0.708870623276393,0,0,0.29112937672360695,0,0,0.03221210867770318
Lala-Bisa,lala1264,NA,0,0,0,1,0,0,0.01382872915406088
Lala-Bisa,lala1264,NA,0,0,0,0.3994131589755407,0,0.6005868410244593,0.03708999558354925
Lala-Bisa,lala1264,NA,0,0.2909959988046822,0,0,0.7090040011953179,0,0.06606827207498758
Fipa,fipa1238,NA,0,0.3224020602542171,0,0,0.6688312747819416,0.00876666496384132,0.0607477993852546
Fipa,fipa1238,NA,0.8968766857650935,0,0,0.10312331423490644,0,0,0.02698905952431761
Fipa,fipa1238,NA,0.7629597431786039,0.23704025682139596,0,0,0,0,0.01750716255813913
Fipa,fipa1238,NA,0,0,0,0.7364460640998864,0.26355393590011367,0,0.02817155269472715
Fipa,fipa1238,NA,0.13464614227960958,0.10832685449490136,0.5992321738572909,0.0595265396377011,0,0.0982682897304971,0.0828619446578048
Zinza,zinz1238,NA,0,0,0,1,0,0,0.01446144986758295
Zinza,zinz1238,NA,0,0.02981550988093184,0.25833098451416814,0.2669665724418553,0.13902485671384412,0.30586207644920055,0.0739170388595231
Zinza,zinz1238,NA,0.8884749457697902,0,0,0.11152505423020974,0,0,0.03813720984449615
Zinza,zinz1238,NA,0.1946652972518303,0,0.6796391746761621,0,0,0.12569552807200765,0.0969608785688968
Zinza,zinz1238,NA,0,0,0,0,0.2281120174653525,0.7718879825346475,0.06151275264829285
Selk'nam,onaa1245,NA,0,0,0.6858770409546546,0.2391955484117984,0,0.07492741063354698,0.09459987323349137
Selk'nam,onaa1245,NA,0.4662652776941744,0.2474522241628364,0,0.19701682297073053,0.08926567517225875,0,0.04630059549377044
Selk'nam,onaa1245,NA,0,0.34811902218518076,0.4148347548439081,0,0,0.23704622297091116,0.02777576903541242
Selk'nam,onaa1245,NA,0.24296487701454808,0.23697983608960552,0.4593213759508551,0.01918996344610657,0.04154394749888472,0,0.05195523583179957
Selk'nam,onaa1245,NA,0,0,0.8695942133509288,0,0.13040578664907118,0,0.07131845209533091
Comanche,coma1245,NA,0.3206691354949801,0.11072159691386207,0,0,0.5686092675911578,0,0.04483616063485146
Comanche,coma1245,NA,0,0.05776635762116905,0,0,0,0.942233642378831,0.01581973272371982
Comanche,coma1245,NA,0,0.2474414138212651,0.6925021513417714,0.06005643483696354,0,0,0.04470760520841083
Comanche,coma1245,NA,0.07143831965120585,0,0,0.9285616803487942,0,0,0.03638959137533607
Comanche,coma1245,NA,0,0,1,0,0,0,0.0025180568831195
Jurúna,juru1256,NA,0.3783571787860846,0.25749706295201746,0.16176481831686,0.11142427003792998,0.09095666990710798,0,0.04135136299194772
Jurúna,juru1256,NA,0,0.10416287654506558,0.870875932330835,0,0.02496119112409931,0,0.04638445856967913
Jurúna,juru1256,NA,0.18733082259220457,0.15930848134675335,0,0.2221609213402144,0.37456044790750886,0.05663932681331888,0.03405391135397186
Jurúna,juru1256,NA,0.02502355239401303,0,0.2977859162914008,0.2845746246171044,0.10398644328447028,0.2886294634130115,0.03305575927269801
Jurúna,juru1256,NA,0,0,0,1,0,0,0.00313388701187203
Sindhi,sind1272,NA,0.27952797631254334,0.2113573635941469,0,0,0,0.5091146600933097,0.02538329696107473
Sindhi,sind1272,NA,0,0,0.7141373909742277,0,0,0.2858626090257724,0.04309092253378943
Sindhi,sind1272,NA,0,0.6191400807542486,0,0.23667098902353223,0.05632321068201977,0.08786571954019935,0.03734117334773802
Sindhi,sind1272,NA,0,0.4049812227399497,0,0,0.5948635265178499,1.5525074220038e-4,0.0342462591869504
Sindhi,sind1272,NA,0.9081969478060148,0.09180305219398507,0,0,0,0,0.03067986387272723
Highland Puebla Nahuatl,high1278,NA,0,0,0.4945575783879787,0.5054424216120214,0,0,0.07139658276836822
Highland Puebla Nahuatl,high1278,NA,0.5690733608941215,0.13055483932434037,0.3003717997815381,0,0,0,0.118738518542234
Highland Puebla Nahuatl,high1278,NA,1,0,0,0,0,0,0.03127666476249267
Highland Puebla Nahuatl,high1278,NA,1,0,0,0,0,0,0.05722981655498654
Highland Puebla Nahuatl,high1278,NA,0,0,0,0.18692739172087416,0.8130726082791259,0,0.05103744810530902
West Futuna,west2515,NA,0,0,0,0.6922752918900958,0.3077247081099041,0,0.00485941186505483
West Futuna,west2515,NA,0.1688910687996882,0,0,0,0.19673099806231267,0.6343779331379991,0.03816614852240535
West Futuna,west2515,NA,0,0.17622875257801043,0.1359079042199837,0.6393297819433301,0.04853356125867572,0,0.03282613245245077
West Futuna,west2515,NA,0,0,0,1,0,0,0.01672743650143405
West Futuna,west2515,NA,0.1338863785857523,0.18405882767371928,0.2002095974467791,0.11416495526360967,0.2789959170466488,0.08868432398349092,0.03266713544349575
Hunza,hunz1248,NA,0,0.4192269598918029,0,0.5807730401081972,0,0,0.06188095613880854
Hunza,hunz1248,NA,0,0.37677788061925815,0.08094157479688945,0,0.3567292733029351,0.18555127128091728,0.03102106023993286
Hunza,hunz1248,NA,0.4342890566605238,0,0.20166039967753496,0,0.3640505436619413,0,0.00925419590245042
Hunza,hunz1248,NA,0.4079380097877468,0,0,0,0.07737508385579611,0.514686906356457,0.10703422813568776
Hunza,hunz1248,NA,0.8812327143101972,0.11876728568980274,0,0,0,0,0.06075786520019339
Tamambo,malo1243,NA,0,0.02310126414203625,0.15885134488352523,0.3800043541130489,0.4380430368613896,0,0.0401822393604753
Tamambo,malo1243,NA,0.0417991461372272,0,0.02749783943660263,0,0.7519563080857168,0.17874670634045342,0.04737013249640679
Tamambo,malo1243,NA,0,0,0,0.5747800116998666,0,0.4252199883001333,0.02633100216588134
Tamambo,malo1243,NA,0.8162710811322111,0,0.18372891886778883,0,0,0,0.02030394149484765
Tamambo,malo1243,NA,0,0,0,0.11583077593373677,0.612968905215017,0.2712003188512462,0.07414692311417832
East Ambae,east2443,NA,0,0,0,0.8653355283511716,0,0.13466447164882836,0.08537957127716791
East Ambae,east2443,NA,0,0.7156013414354311,0.1886005454703647,0.0957981130942042,0,0,0.0961240771620745
East Ambae,east2443,NA,0,0,0,0,0.6700824907581481,0.3299175092418519,0.05443386227493616
East Ambae,east2443,NA,0,0,0.3671010383170411,0,0,0.632898961682959,0.07628569543770189
East Ambae,east2443,NA,0,0,0,0.5230916594328147,0.4769083405671854,0,0.03219088635741211
Macushi,macu1259,NA,0,0,0,0.9079444259130676,0,0.09205557408693242,0.01057181348901418
Macushi,macu1259,NA,0,0,0,1,0,0,0.03558628606944775
Macushi,macu1259,NA,0.3717519170836433,0,0.6194262291738278,0.0088218537425289,0,0,0.06681454778115589
Macushi,macu1259,NA,0,0.05594267648128027,0.8570378156579924,0.02687151579973099,0.06014799206099638,0,0.03714818509181154
Macushi,macu1259,NA,0,0,0,0,1,0,0.01760486512286565
Yuracaré,yura1255,NA,0,0,0,0,0.6052181437162337,0.3947818562837662,0.01093379278285543
Yuracaré,yura1255,NA,0,1,0,0,0,0,0.03861365872879014
Yuracaré,yura1255,NA,0.1508014579721836,0,0,0.40735797611085545,0,0.441840565916961,0.01764096914594742
Yuracaré,yura1255,NA,0,0,0,0,0,1,0.00736193022260755
Yuracaré,yura1255,NA,0.19220751343049408,0.42048297511329485,0,0.3873095114562111,0,0,0.03768549788966009
Carolinian,caro1242,NA,0,0,0.08695655246211086,0,0.04347825940656615,0.8695651881313229,0.3434147975799542
Carolinian,caro1242,NA,0,0,0.21276868014153327,0,0.15957651010614995,0.6276548097523167,0.34341479757995447
Carolinian,caro1242,NA,0,0,0.09090907973378784,0,0,0.9090909202662124,0.3434147975799544
Carolinian,caro1242,NA,0,0,0.17907787110336443,0.507535856640302,0.3133862722563336,0,0.06131393394849666
Carolinian,caro1242,NA,0,0.7720588343069354,0.0386029428181276,0,0.11580882514604032,0.07352939772889672,0.9852716548841384
Maybrat-Karon,maib1239,NA,0,0,0,1,0,0,0.00866740888299203
Maybrat-Karon,maib1239,NA,0,0,0,0.09003171834249382,0,0.909968281657506,0.01830246303531168
Maybrat-Karon,maib1239,NA,0,0,0,0,0,1,0.00806345207077311
Maybrat-Karon,maib1239,NA,0.4803736432138587,0.2542991720441391,0,0.05426341077811559,0,0.21106377396388665,0.0297883398198283
Maybrat-Karon,maib1239,NA,0.7196939726993564,0.2803060273006436,0,0,0,0,0.03303499449388064
Casiguran-Nagtipunan Agta,casi1235,NA,0.11929657839283288,0,0,0,0.6644720146349519,0.21623140697221524,0.00586035958285547
Casiguran-Nagtipunan Agta,casi1235,NA,0,0,0,0,0,1,-0.00696334047931218
Casiguran-Nagtipunan Agta,casi1235,NA,0,0.04739287230106578,0.9526071276989342,0,0,0,0.04679688105896217
Casiguran-Nagtipunan Agta,casi1235,NA,0,0.45608806941366736,0,0.05402203589272152,0.4898898946936111,0,0.00892928607227877
Casiguran-Nagtipunan Agta,casi1235,NA,0,0,0,1,0,0,0.01865356279893092
Daakie,port1286,NA,0.2611886194355808,0.43100106165924174,0,0,0.24951108072471975,0.05829923818045773,0.02305922679203766
Daakie,port1286,NA,0.3241039958166848,0.2307481518699543,0.445147852313361,0,0,0,0.03752060641187898
Daakie,port1286,NA,0.24515906979802576,0.6605059880418478,0.09433494216012649,0,0,0,0.05332380389162772
Daakie,port1286,NA,0,0,0.9233314548138066,0,0,0.07666854518619338,0.03834926470179722
Daakie,port1286,NA,0,0.05808125385687651,0,0.3950939163857314,0.15414101596506047,0.3926838137923315,0.06440801922372634
Kuot,kuot1243,NA,0,0.37320975267755896,0,0,0.626790247322441,0,0.0021561220336361
Kuot,kuot1243,NA,0.00319295072846319,0,0,0,0.9968070492715368,0,0.08922747527280282
Kuot,kuot1243,NA,0,0.02421500886723284,0.8981571905026711,0.07762780063009608,0,0,0.10605883600383348
Kuot,kuot1243,NA,0,1,0,0,0,1.1102230246251563e-16,2.6340361699746e-4
Kuot,kuot1243,NA,0,0,0,0,1,0,-0.01436512542606011
Idi,nucl1597,NA,0,0.02506305002308082,0.29485480273481984,0,0.6060196255794866,0.07406252166261271,0.02997162341068511
Idi,nucl1597,NA,0,0.13502537706639514,0.642856682202487,0,0,0.22211794073111776,0.08326660189468664
Idi,nucl1597,NA,0.5093204345531618,0,0,0,0.4862009344377915,0.00447863100904682,0.03523326468798089
Idi,nucl1597,NA,0.04115026787818882,0,0.03447366450988734,0,0.47424333217515147,0.4501327354367724,0.01259613873782084
Idi,nucl1597,NA,0,0,0.5711450337494551,0,0,0.4288549662505449,0.0170823326827476
Laiwui,laiw1239,NA,1,0,0,0,0,0,0.01650058127751675
Laiwui,laiw1239,NA,0,0,0.7230956702725446,0.08494418872748075,0.19196014099997463,0,0.09405042785248036
Laiwui,laiw1239,NA,0.2202198987394316,0.6938548083975827,0,0,0,0.08592529286298561,0.04312520814130598
Laiwui,laiw1239,NA,0.32610616140401694,0,0.555683562160889,0.11821027643509394,0,0,0.03316247000574131
Laiwui,laiw1239,NA,0,0,0.4071542756246374,0,0,0.5928457243753625,0.01836472711515529
Māngarongaro,penr1237,NA,0.6481182527146273,0.15848602335126669,0,0.1933957239341059,0,0,0.05441375449084933
Māngarongaro,penr1237,NA,0.4581266338520424,0.28539167505083657,0,0,0.25648169109712105,0,0.00922223497397616
Māngarongaro,penr1237,NA,0,0.1971109387691311,0.6778975311264821,0.11528165423879162,0,0.00970987586559514,0.04289223208464715
Māngarongaro,penr1237,NA,0.4383244840525965,0.09250387509759998,0.04684645519430551,0,0.42232518565549826,0,0.01884487832947243
Māngarongaro,penr1237,NA,0.13762951933889847,0.13669263780584442,0,0.01536175988077353,0.659759301133393,0.05055678184109061,0.04034219415930658
Kazym-Berezover-Suryskarer Khanty,khan1273,NA,0,0.02774827476971929,0.6351214253525951,0.3371302998776856,0,0,0.00894446745109242
Kazym-Berezover-Suryskarer Khanty,khan1273,NA,0.04424002973163532,0,0.7100752201387165,0.2456847501296483,0,0,0.0137160016522351
Kazym-Berezover-Suryskarer Khanty,khan1273,NA,0,0,0,0,1,0,-0.01241136354080101
Kazym-Berezover-Suryskarer Khanty,khan1273,NA,0.7230260341984082,0.128661921960034,0,0.1041178980236558,0,0.04419414581790197,0.07934102308547998
Kazym-Berezover-Suryskarer Khanty,khan1273,NA,0,1,0,0,0,0,0.00522868594322266
Western Keres,west2632,NA,0.5769914595052622,0,0,0.19613896922133067,0.22686957127340704,0,0.11717913441831512
Western Keres,west2632,NA,0.6944806655632502,0,0,0,0.3055193344367499,0,0.04148758114051158
Western Keres,west2632,NA,0,0,0.4551944921674327,0.28633582232365273,0,0.2584696855089145,0.23209577803484
Western Keres,west2632,NA,0.15791094110564025,0.24932025161444893,0.04888348666790308,0.5438853206120077,0,0,0.2328881559251505
Western Keres,west2632,NA,0.6757868997915091,0,0.03838536523298765,0,0,0.28582773497550323,0.01266342444949437
Odia,oriy1255,NA,0,0.28853928013064123,0.7114607198693588,0,0,0,0.01183603134877092
Odia,oriy1255,NA,0,1,0,0,0,0,-0.00112087527344891
Odia,oriy1255,NA,0,0,0,0,0.7526722435136629,0.2473277564863371,0.01399132900503323
Odia,oriy1255,NA,0.6702319961039624,0,0,0,0.32976800389603755,0,0.02560923392367999
Odia,oriy1255,NA,0.29643759449106194,0.05316390870589002,0,0,0.5886583645923084,0.06174013221073971,0.00832690751925098
Tocantins Asurini,toca1235,NA,0,0,0.29242248206573657,0.7075775179342635,0,0,0.0229825696051492
Tocantins Asurini,toca1235,NA,0.0911159540365614,0.10021767949563526,0.06389453192119525,0,0.7447718345466082,0,0.05600279370360123
Tocantins Asurini,toca1235,NA,0,0.1901777723595136,0,0,0.17825705116857798,0.6315651764719085,0.03306081988469966
Tocantins Asurini,toca1235,NA,0,0.98717770866516,0,0.01282229133483995,0,0,0.01752528703913022
Tocantins Asurini,toca1235,NA,0,0.0722378817815564,0,0,0.7400614568891585,0.18770066132928512,0.01675843080885579
Au,auuu1241,NA,0,0,0,0.4928564939303965,0.2443787082229931,0.2627647978466104,0.05558397549162743
Au,auuu1241,NA,0.4272714747711291,0.44553849256762423,0,0.12719003266124662,0,0,0.02885565774683673
Au,auuu1241,NA,0,0,0,0,0,1,0.01132349701184888
Au,auuu1241,NA,0,0,1,0,0,0,0.01794887492191815
Au,auuu1241,NA,0,0.1258483638444109,0.8162410256425896,0,0.05791061051299943,0,0.07336232130378414
Waia (Bungku),waia1242,NA,0,0,0,0,1,0,0.05290389540723012
Waia (Bungku),waia1242,NA,0.8941648847542062,0.06471524939240611,0,0,0.04111986585338755,0,0.05710376441730466
Waia (Bungku),waia1242,NA,0,0,0.8840854775821343,0,0.11591452241786576,0,0.03218771443166834
Waia (Bungku),waia1242,NA,0,0.8468826160769191,0,0,0,0.15311738392308094,0.04891245127210149
Waia (Bungku),waia1242,NA,0,0,0,0.21234170875668892,0,0.7876582912433111,0.03204714309843901
Southern Cook Island Maori,raro1241,NA,0.7475808946283172,0,0,0,0.2524191053716828,0,0.00888033298201135
Southern Cook Island Maori,raro1241,NA,0,0,0.05114758266546011,0.44734295843463906,0,0.5015094588999008,0.02438841060215988
Southern Cook Island Maori,raro1241,NA,0,0.22920349374837393,0,0,0,0.770796506251626,0.00126870625022666
Southern Cook Island Maori,raro1241,NA,0,0,0,0.04730886019501457,0.8419256485527018,0.11076549125228352,0.01340931760699603
Southern Cook Island Maori,raro1241,NA,0.36969320428719415,0.2979928985082918,0.24967743063494585,0,0.08263646656956823,0,0.07055884844037041
Sonsorol,sons1242,NA,0,0.1969993465182346,0,0,0.7527602529400228,0.05024040054174262,0.03816126961920835
Sonsorol,sons1242,NA,0.5786670512442543,0,0,0,0.4213329487557457,0,0.09876716912299444
Sonsorol,sons1242,NA,0.5723276772878059,0,0,0,0.4276723227121942,0,0.00139768871397378
Sonsorol,sons1242,NA,0.6459246616824633,0.03675491512102821,0.26531900206228676,0,0.05200142113422167,0,0.13676892094430898
Sonsorol,sons1242,NA,0,0,0.27398961918647463,0.722055461752744,0.00395491906078128,0,0.04667170494762399
Batanga,bata1285,NA,0.32056088581446524,0.00744729928398334,0.244633068400513,0.3063079949590523,0.12105075154198612,0,0.02122728081316391
Batanga,bata1285,NA,0,0.29315553628815344,0,0.06034877674051482,0.46633235891276154,0.18016332805857024,0.02636699332518412
Batanga,bata1285,NA,0,0,0,0,0.5337706754455412,0.4662293245544587,0.00455386218332634
Batanga,bata1285,NA,0.9968026000966932,0,0.0031973999033069,0,0,0,0.02047248315386644
Batanga,bata1285,NA,0.1869696277744805,0,0.5893553165561278,0.10710377163705057,0,0.11657128403234096,0.07943683271763188
Yanomám,yano1262,NA,0,0.8012917084365766,0,0.1987082915634234,0,0,0.107344697702555
Yanomám,yano1262,NA,0.0296410186835126,0.10605910225213816,0.08202681911629331,0.00793327235140073,0.03705772096778435,0.7372820666288707,0.09919544463378088
Yanomám,yano1262,NA,0.20726212501029548,0,0.714378227953985,0.07835964703571952,0,0,0.13390388149234378
Yanomám,yano1262,NA,0,0.5695081793144627,0.4304918206855372,0,0,0,0.0865767782676769
Yanomám,yano1262,NA,1,0,0,0,0,0,3.901358616365594e-5
Bunganditj,bung1264,NA,0.6220954424425628,0,0,0.2752235593829336,0.10268099817450368,0,0.05708418822400066
Bunganditj,bung1264,NA,0.2138106338248689,0.28178156672990323,0,0.1548193652350457,0.3495884342101821,0,0.02975532840527726
Bunganditj,bung1264,NA,0,0.02732814356486966,0.00375417028422409,0.9689176861509065,0,0,0.03876780699997322
Bunganditj,bung1264,NA,0,0.2524958009905189,0,0.31643583005892845,0.36481854640148453,0.06624982254906808,0.0415578817296734
Bunganditj,bung1264,NA,0,0.224305322760936,0,0.6529325421089294,0.10497380591539258,0.01778832921474199,0.02310806612089456
Indonesian Bajau,indo1317,NA,0,0,0,0.5790393792979426,0.2998586646830346,0.12110195601902288,0.015113923265109
Indonesian Bajau,indo1317,NA,0,0,0.4872375311595194,0.1318180801100696,0,0.38094438873041114,0.03934092901347406
Indonesian Bajau,indo1317,NA,0,0.2997264518499787,0.650699214808954,0,0.04957433334106727,0,0.03337359373954057
Indonesian Bajau,indo1317,NA,0.4435061559953647,0,0.3806983647910988,0,0.03988260757411184,0.13591287163942453,0.04326321017819902
Indonesian Bajau,indo1317,NA,0.3336715426520077,0,0,0.1911232134301331,0.47520524391785907,0,0.01155364849381076
Malgana,malg1242,NA,0,0,0.11376260784090904,0.4319266703918953,0.3329259925961915,0.12138472917100428,0.02505717106112848
Malgana,malg1242,NA,0.01116207137155906,0.2907391351589762,0.6980987934694647,0,0,0,0.0909024253836252
Malgana,malg1242,NA,0.04609485801105239,0,0.9539051419889476,0,0,0,0.11104739926315968
Malgana,malg1242,NA,0,0.24346602394484892,0.7300139095334135,0.02652006652173754,0,0,0.08587672075506718
Malgana,malg1242,NA,0,0,0,0,0.13182569265098967,0.8681743073490104,0.03939898203454048
Bandjalangic,band1339,NA,0,0.27528623098847677,0.5306952238072812,0.1940185452042421,0,0,0.03403233214364906
Bandjalangic,band1339,NA,0.6145559084695126,0,0,0.3854440915304876,0,0,0.00694671086204715
Bandjalangic,band1339,NA,0.3260895624086278,0,0,0.16139413423466875,0.35923365971326093,0.15328264364344243,0.01502443851488401
Bandjalangic,band1339,NA,0,1,0,0,0,0,-0.00126103026125368
Bandjalangic,band1339,NA,0.3170101853711264,0,0.6613000454045651,0.02168976922430853,0,0,0.04814537622945583
Cahuilla,cahu1264,NA,0,0.2814187322102583,0,0.4363247824723835,0.2822564853173582,0,0.01069726930610235
Cahuilla,cahu1264,NA,0,0,0.08970528518169825,0,0.9102947148183018,0,0.05305343501209415
Cahuilla,cahu1264,NA,0.03237390605808111,0.45936033818640554,0.4710179856834699,0,0.03724777007204356,0,0.01624309297047358
Cahuilla,cahu1264,NA,0.5257066998512133,0,0,0,0.47429330014878673,0,0.01269123217509517
Cahuilla,cahu1264,NA,0,0.5432755963997586,0.25716134064241225,0,0.19956306295782908,0,0.0223905818790353
Frisian,fris1239,NA,0,0,0,0,0,1,0.00766320652115254
Frisian,fris1239,NA,0.0753805866724812,0.00393558045172584,0.2389717149320436,0.1476633768614069,0.2252570230907601,0.30879171799158234,0.05571026219412386
Frisian,fris1239,NA,0,0.0676396017473173,0,0,0.9323603982526826,0,0.01240828213670179
Frisian,fris1239,NA,0.3391328172479566,0,0.5374266358481024,0.02599376157753009,0,0.09744678532641105,0.02657568917762205
Frisian,fris1239,NA,0,1,0,0,0,0,-0.00327468524096188
Icelandic,icel1247,NA,0,0,0,0,0.5592477467684753,0.4407522532315246,0.01732298148683569
Icelandic,icel1247,NA,1,0,0,0,0,0,0.02977302510335239
Icelandic,icel1247,NA,0.5641602310805719,0,0,0.24088203254701215,0,0.194957736372416,0.01971054796799469
Icelandic,icel1247,NA,0,0,0,0,0,1,-0.0035701398184397
Icelandic,icel1247,NA,0,0,0,1,0,0,0.02136373400293564
Ga'dang,gada1258,NA,0.3658150094075868,0,0.6341849905924131,0,0,0,0.07772718463802444
Ga'dang,gada1258,NA,0.5229978846133388,0,0.25609389746181094,0.10789210509391182,0,0.11301611283093851,0.06232617283270188
Ga'dang,gada1258,NA,1,0,0,0,0,0,-0.00269339543450315
Ga'dang,gada1258,NA,0,0.2700975729056378,0.23111016704853043,0,0.33937247653502944,0.1594197835108025,0.0270027677229357
Ga'dang,gada1258,NA,0,0,0,0.17021395399870043,0,0.8297860460012995,0.03654520557650859
Tahitian,tahi1242,NA,1,0,0,0,0,0,0.00829827101775773
Tahitian,tahi1242,NA,0,0,0,0,1,0,0.01715462395294631
Tahitian,tahi1242,NA,0.2142421839104704,0,0.08455813197940379,0.02988833856092021,0,0.6713113455492056,0.01164120149550555
Tahitian,tahi1242,NA,0,0,0,0,1,0,0.01305229295212463
Tahitian,tahi1242,NA,0.3767595261697415,0,0.4786490683392404,0,0.14459140549101815,0,0.03278854391274817
Northern Tepehuan,nort2959,NA,0,0,0.4201437591307871,0,0.3522725075120092,0.2275837333572038,0.10781117176787008
Northern Tepehuan,nort2959,NA,0.19379190127417695,0,0.03963151224036947,0,0.7665765864854535,0,0.10952623564729864
Northern Tepehuan,nort2959,NA,0,0.04359417302876122,0,0,0.37929176944700793,0.577114057524231,0.0912267118022678
Northern Tepehuan,nort2959,NA,0.5262025994410424,0,0.4737974005589577,0,0,0,0.0219824592185309
Northern Tepehuan,nort2959,NA,0,0.3952484244344787,0,0.06858539370141725,0.49542756193134,0.04073861993276412,0.04917365273763132
Prai,phai1238,NA,0,0,1,0,0,0,-0.00448656963631886
Prai,phai1238,NA,0,0.06284408238379822,0,0.6910883220074513,0.2460675956087506,0,0.04100015498505746
Prai,phai1238,NA,0.201294086782699,0,0.798705913217301,0,0,0,0.04139929653572176
Prai,phai1238,NA,0,0,0.9754998022943916,0.0245001977056085,0,0,0.01804375617135812
Prai,phai1238,NA,0.6800925622196708,0.31990743778032915,0,0,0,0,0.04756747712584582
Tohono O'odham,toho1245,NA,0.3712172108106651,0.628782789189335,0,0,0,0,0.06463232565128035
Tohono O'odham,toho1245,NA,0.08755545404188338,0.2308281415251983,0.2137202317692787,0,0.46789617266363953,0,0.10933342249699278
Tohono O'odham,toho1245,NA,0.30312177452942407,0.1080692100930862,0.112196113893715,0,0,0.4766129014837747,0.11579386364707613
Tohono O'odham,toho1245,NA,0,0.27030573205625585,0,0.4667096486702785,0.23574220301118756,0.02724241626227806,0.08426258689079744
Tohono O'odham,toho1245,NA,0.0935679070870308,0,0,0,0,0.9064320929129692,0.01851775110101496
Andi,andi1255,NA,0,0,0.5779999967385903,0.42200000326140974,0,0,0.00782970488126228
Andi,andi1255,NA,0,0,0,1,0,0,1.3774356039175e-4
Andi,andi1255,NA,0,0,0,0,0,1,4.4464294085269e-4
Andi,andi1255,NA,0,0.4855978379781196,0.5144021620218804,0,0,0,0.02240338565005548
Andi,andi1255,NA,0,0.20041328018915763,0,0.7057268500042381,0.09385986980660442,0,0.04180084547646087
Eastern Pahari,east1436,NA,0.4291619973903487,0,0,0,0.5708380026096512,0,0.00601759924047887
Eastern Pahari,east1436,NA,0.07722078461614128,0,0,0.01734565960614817,0.7796821405874089,0.12575141519030156,0.07276467158068116
Eastern Pahari,east1436,NA,0.0952246958223124,0,0,0.9047753041776876,0,0,0.08472860345091292
Eastern Pahari,east1436,NA,0.7632897871933033,0,0,0.09691268338504597,0,0.13979752942165066,0.04077238573975968
Eastern Pahari,east1436,NA,0,0,0,1,0,0,0.0223823975894037
Spanish,stan1288,NA,0.053984598046814,0.1967493648063612,0,0.3358603497963243,0.07693983532776567,0.3364658520227349,0.05712570018276969
Spanish,stan1288,NA,0.16078755112542523,0,0.7617986440644532,0.07741380481012147,0,0,0.03403938835422127
Spanish,stan1288,NA,0,0.6659014114147979,0,0.3340985885852021,0,0,0.0136225807435566
Spanish,stan1288,NA,0.6196511923360943,0.38034880766390566,0,0,0,0,0.01854268356524434
Spanish,stan1288,NA,0,0,0,0.863564832103677,0.02868198227539797,0.10775318562092503,0.04641105628491836
Sateré-Mawé,sate1243,NA,0,0,0.8695651960675863,0,0,0.13043480393241377,0.01036700361527892
Sateré-Mawé,sate1243,NA,0.5611317943194197,0,0.22062657384065096,0.07790169202811965,5.649245564555077e-5,0.1402834473561641,0.12720237050802607
Sateré-Mawé,sate1243,NA,0,0,0.7591634939364964,0,0,0.2408365060635035,0.04289684356809633
Sateré-Mawé,sate1243,NA,0,0,1,0,0,0,-0.00897506338369365
Sateré-Mawé,sate1243,NA,0,0,0,0,1,0,0.03289749108888874
Bau-Jagoi Bidayuh,baub1235,NA,0.39763595707951194,0,0,0.26072299484252587,0.34164104807796225,0,0.10505072059233823
Bau-Jagoi Bidayuh,baub1235,NA,0.12489206338078292,0.4684563257994727,0,0,0.3751336626143576,0.03151794820538668,0.16910377891255132
Bau-Jagoi Bidayuh,baub1235,NA,0.9339379301305072,0,0,0,0,0.06606206986949298,0.1353029789822978
Bau-Jagoi Bidayuh,baub1235,NA,0,0.2463335241469507,0,0,0.6626852641618644,0.09098121169118496,0.0940002280708307
Bau-Jagoi Bidayuh,baub1235,NA,0,0.10331279862342985,0,0,0.564298602915841,0.33238859846072916,0.05477962136718394
Mono-Alu,mono1273,NA,0.47778603557742094,0,0.1846406756488663,0.3375732887737128,0,0,0.09170324663244445
Mono-Alu,mono1273,NA,0.070712201313781,0,0.07609196141258169,0.07269236180321084,0.7805034754704265,0,0.03308280713750811
Mono-Alu,mono1273,NA,0,0,0,1,0,0,0.01452070158107721
Mono-Alu,mono1273,NA,1,0,0,0,0,0,-0.01511519651719446
Mono-Alu,mono1273,NA,0,0.03716594217125674,0,0.02868258362657177,0.9341514742021714,0,0.12417690833930956
Agob-Ende-Kawam,agob1244,NA,0,0.7120073179346691,0,0.28799268206533085,0,0,0.03569109309192744
Agob-Ende-Kawam,agob1244,NA,0,0,0.20126663483254423,0.7987333651674557,0,0,0.04622711490939815
Agob-Ende-Kawam,agob1244,NA,0,0.21065081429735957,0,0.319628504820134,0,0.46972068088250657,0.03477035909829471
Agob-Ende-Kawam,agob1244,NA,0,0.01757540293786865,0,0,0.31219239836729384,0.6702321986948375,0.08099646078361211
Agob-Ende-Kawam,agob1244,NA,0,0,2.0758866416752375e-17,0,1,0,-0.00421247197490313
Watam,wata1253,NA,0,0,0.5891715882195657,0,0.2571336939022454,0.15369471787818892,0.01277073209986937
Watam,wata1253,NA,0,0,0.4888849829475232,0,0.5111150170524769,0,0.04009248374815082
Watam,wata1253,NA,0,0.7478459739026131,0.2521540260973869,0,0,0,0.01013862488871885
Watam,wata1253,NA,0,0,0,0,0.05536744596857698,0.9446325540314232,0.01091148241793653
Watam,wata1253,NA,0,0,1,0,0,0,0.02132091711601384
Oroko,orok1266,NA,0,0.37735849056603776,0.01886792452830189,0.37735849056603776,0.22641509433962265,0,-0.5
Oroko,orok1266,NA,0.1,0.2,0.1,0.55,0.05,0,1
Oroko,orok1266,NA,0.1153846166886384,0,0.07692307680968362,0,0.03846153840484181,0.7692307680968361,0.9999999999999996
Oroko,orok1266,NA,0,0.3005477394143476,0.06648408584823377,0.5997261318133016,0.03324204292411689,0,-0.5
Oroko,orok1266,NA,0.2903225824239967,0,0.06451612820213486,0,0,0.6451612893738684,0.9999999999999998
Waorani,waor1240,NA,0.261514644128059,0,0.7384853558719411,0,0,0,0.01907120066665836
Waorani,waor1240,NA,0,0.02751166776537312,0.4801568869904107,0.49233144524421624,0,0,0.03489019018075152
Waorani,waor1240,NA,0.8279659597624247,0.00960749953558304,0,0.1439786294906805,0,0.01844791121131185,0.03915060316623354
Waorani,waor1240,NA,0.5920238566397733,0,0.4079761433602267,0,0,0,0.05607036035270844
Waorani,waor1240,NA,0.37811771075421624,0,0.5012767578782034,0,0,0.12060553136758048,0.08820163105992075
Njebi,njeb1242,NA,1,0,0,0,0,0,0.03209289242452645
Njebi,njeb1242,NA,0,0,1,0,0,0,0.01149486519402229
Njebi,njeb1242,NA,0.1329220872633057,0,0.23997487920846433,0.6271030335282299,0,0,0.04235073261359993
Njebi,njeb1242,NA,0.43731288428171705,0,0,0.44881993118153624,0,0.11386718453674673,0.07085311454838686
Njebi,njeb1242,NA,0.4469832273378925,0.0498886046298329,0.16042692054625357,0,0,0.34270124748602115,0.09301432746976412
Jingulu,djin1251,NA,0.21241684224189453,0.12355388853684766,0.5320646671926728,0.13196460202858498,0,0,0.05367446275460753
Jingulu,djin1251,NA,0,0.09826010631869446,0,0,0,0.9017398936813056,0.00321670738923482
Jingulu,djin1251,NA,0,0.05395817465701009,0.3250205438827191,0.02702075002714608,0.5940005314331247,0,0.07864167673622047
Jingulu,djin1251,NA,0,0.03951917512941959,0.3860387091295355,0.5158840132569186,0,0.05855810248412636,0.0612854633798283
Jingulu,djin1251,NA,0,0,0.34954544477716826,0,0.28959525977846384,0.3608592954443678,0.052499775975869
Takuu,taku1257,NA,0,0,0,0.7541371644454498,0,0.24586283555455024,0.02512912283492255
Takuu,taku1257,NA,0,1,0,0,0,0,0.005380592120497
Takuu,taku1257,NA,0.17431852852674476,0,0.5020167808541631,0,0.09554781893424108,0.22811687168485084,0.05275949479669326
Takuu,taku1257,NA,0.5787244377787568,0,0.4197704771484879,0,0,0.00150508507275529,0.03524995142417899
Takuu,taku1257,NA,0,0.08062830082240521,0.5381494813284626,0.2995080936940637,0,0.0817141241550684,0.05885197419321957
Djambarrpuyngu,djam1256,NA,0.45910455275542894,0,0.01410063779502827,0.5267948094495428,0,0,0.05668701790154641
Djambarrpuyngu,djam1256,NA,0.5845166020527227,0.04310732774805666,0,0.03779687098741038,0,0.33457919921181034,0.05505878962911074
Djambarrpuyngu,djam1256,NA,0,0.2973278264108015,0.48441301853923385,0,0.1836900596488074,0.03456909540115727,0.06528635712215168
Djambarrpuyngu,djam1256,NA,0.8661002206457189,0,0,0,0.1338997793542812,0,0.05396658684117778
Djambarrpuyngu,djam1256,NA,0,0.09439229210502206,0.6053548442178603,0.3002528636771177,0,0,0.04380573753111867
Phende,phen1239,NA,0.5175697221466383,0,0.44968402498388493,0.03274625286947674,0,0,0.01947671564670358
Phende,phen1239,NA,0.02674940518024373,0.25017648103349277,0.2331767843685239,0.11610234612304488,0,0.3737949832946947,0.02307603299154754
Phende,phen1239,NA,0.15944980997997654,0,0.6951560830677708,0,0.08821069406178848,0.05718341289046426,0.07035127586346268
Phende,phen1239,NA,0,0.608375571831809,0.11679663016314064,0.0184251040716106,0.15300709964608525,0.10339559428735454,0.01045281665918397
Phende,phen1239,NA,0.2909327846354353,0.02780909558329501,0,0.30864315656852326,0,0.3726149632127464,0.01715738923823621
Mudburra,mudb1240,NA,0,0,0.5358461436329861,0.46415385636701384,0,0,0.02485795303144023
Mudburra,mudb1240,NA,0.829892169249735,0,0,0,0,0.170107830750265,0.0457055214572168
Mudburra,mudb1240,NA,0,0.209600954021841,0,0.6765557193265896,0,0.11384332665156946,0.0353387160882711
Mudburra,mudb1240,NA,0,0,0,1,0,0,0.01068509527750134
Mudburra,mudb1240,NA,0.27741052527622045,0.7225894747237795,0,0,0,0,0.05105686379963665
Cherokee,cher1273,NA,0,0,0,0,0.6293121790600263,0.3706878209399737,0.04106926180525711
Cherokee,cher1273,NA,0.0533575269668019,0,0,0.9466424730331982,0,0,0.00595513161327551
Cherokee,cher1273,NA,0,0,0,1,0,0,0.00182724723987643
Cherokee,cher1273,NA,0,0,0,0,1,0,0.01701701870841268
Cherokee,cher1273,NA,0.2953925834158013,0,0,0,0,0.7046074165841987,0.05659491367331837
North Efate,nort2836,NA,0.9869675717825784,0.01132651747940717,0.00170591073801442,0,0,0,0.07462637688887006
North Efate,nort2836,NA,0,0,0.03792792436128615,0.3108500220484243,0.05490456215610515,0.5963174914341842,0.06274169467987833
North Efate,nort2836,NA,0,0,0,0,1,0,-0.00118240305380109
North Efate,nort2836,NA,0.3942031137660533,0,0.2993294476570572,0,0.04740032159170899,0.25906711698518037,0.08074145124194303
North Efate,nort2836,NA,0,0,0.10459459326784486,0.34643570364199944,0.5489697030901557,0,0.06000721643339032
Ossetic,osse1245,NA,0,0,0,0.4181628097066995,0,0.5818371902933006,0.21422687784316727
Ossetic,osse1245,NA,0.516197536740915,0.22643657475619589,0.02722230820081588,0,0.23014358030207333,0,0.20770787215425035
Ossetic,osse1245,NA,0.6000316179456451,0,0.1599575525598065,0,0,0.24001082949454844,0.18882640493867847
Ossetic,osse1245,NA,0,0,0.2947511672958139,0,0.705248832704186,0,0.00900296941302376
Ossetic,osse1245,NA,0.12790443981917138,0,0.07940597488916971,0,0.792689585291659,0,0.1166094142919983
Portuguese,port1283,NA,0,0,0.8125090946970333,0,0,0.1874909053029667,0.03518137214590524
Portuguese,port1283,NA,0,0.2702776345450215,0.31033459844022926,0.4193877670147492,0,0,0.02126795413441362
Portuguese,port1283,NA,0,0.7087820752045584,0.01504770369121878,0,0.2761702211042229,0,0.02845838692774885
Portuguese,port1283,NA,0.6049078067653341,0.03459955421283692,0.360492639021829,0,0,0,0.04110807757469457
Portuguese,port1283,NA,0,0,0,0,0,1,0.01041348990033166
West Coast Bajau,west2560,NA,1,0,0,0,0,0,-1.61934752517961e-5
West Coast Bajau,west2560,NA,0.6428808671710962,0,0,0,0.02571471583495512,0.33140441699394874,0.02141820659729989
West Coast Bajau,west2560,NA,0.5616427505922506,0,0.4383572494077496,0,0,0,0.06564943605427878
West Coast Bajau,west2560,NA,0.5660390724467323,0,0,0,0.10875565711739824,0.32520527043586933,0.02403319429053816
West Coast Bajau,west2560,NA,0,0,0,0.44117968901306936,0.5588203109869307,0,0.02805039862251437
Albanian,alba1267,NA,0,0,0.6732979262416036,0.1644598522721848,0,0.16224222148621162,0.0170658073074022
Albanian,alba1267,NA,0.4157337922089387,0,0.01578199812935727,0.4846154907453425,0,0.08386871891636138,0.01220389537865015
Albanian,alba1267,NA,0,0.03413313972668182,0.3837926483654976,0,0.5075093573618549,0.07456485454596576,0.03794594071600379
Albanian,alba1267,NA,0,0,0.5733011946868081,0,0.42669880531319193,0,0.00323572309905418
Albanian,alba1267,NA,0.45252235736141966,0,0,0,0.5474776426385803,0,0.00823666573905714
Mota,mota1237,NA,0,0,0.10219689323596222,0,0.4347457108347488,0.463057395929289,0.0278575135033583
Mota,mota1237,NA,0,0.2571118664663882,0,0.5398693086269987,0.20301882490661316,0,0.06150752811921783
Mota,mota1237,NA,0.11871320633037778,0,0,0,0.8812867936696223,0,0.01801712486439291
Mota,mota1237,NA,0.5243524619608322,0.20327869408908972,0,0.27236884395007815,0,0,0.02181176445427658
Mota,mota1237,NA,0,0.03611460552690618,0,0.47943204810323287,0.484453346369861,0,0.05285734974694908
Woleaian,wole1240,NA,0.10545811759967648,0.00496283087638527,0.00401976012539735,0.41525661127161295,0.22038795445796697,0.24991472566896103,0.14644266034013115
Woleaian,wole1240,NA,0,0,0,0,1,0,0.00651228470891272
Woleaian,wole1240,NA,0.4021700610232753,0,0,0,0.5978299389767247,0,0.0507747159087366
Woleaian,wole1240,NA,0,0.07905247092008245,0.34244397844051183,0,0.5408515197416504,0.03765203089775536,0.24504656062889493
Woleaian,wole1240,NA,0,0,0,0,0,1,0.11721255078516345
Waru,waru1266,NA,0,0,1,0,0,0,0.04098797112321306
Waru,waru1266,NA,0.3803351354871507,0,0.01220880821737116,0,0.38333013123749865,0.2241259250579794,0.02559018416926212
Waru,waru1266,NA,0.9845872594069754,0.01541274059302465,0,0,0,0,0.05028852935466203
Waru,waru1266,NA,0,0.04311065824728002,0,0,0.95688934175272,0,0.01612535793336464
Waru,waru1266,NA,0.10691194951475108,0,0,0.21571300843502983,0.6773750420502193,0,0.05930050973439876
Miami,miam1252,NA,0.07297165557361929,0,0.8194474739710712,0.1075808704553095,0,0,0.02922423234722875
Miami,miam1252,NA,0,0,0.6729785096763092,0,0.3270214903236907,0,0.01224277983087552
Miami,miam1252,NA,0,0,0,1,0,0,0.00935806040427622
Miami,miam1252,NA,0.11793065318408712,0.00481213002716342,0.8772572167887495,0,0,0,0.0210108129898261
Miami,miam1252,NA,0.823182107299722,0.15126499683876182,0.02555289586151635,0,0,0,0.03401915959312135
Hunzib,hunz1247,NA,0.4390884765284032,0,0,0.04066187350632399,0.5202496499652728,0,0.02151222142687666
Hunzib,hunz1247,NA,0,0.968535067514487,0,0,0.03146493248551296,0,0.02882218524579883
Hunzib,hunz1247,NA,0,0.15809141021849202,0,0.8419085897815081,0,0,0.02092425730757109
Hunzib,hunz1247,NA,0,1,0,0,0,0,0.0100205662036067
Hunzib,hunz1247,NA,0,0,0,0,1,0,-0.00124253589962953
Warrnambool,warr1257,NA,0,0,0,0,0,1,0.00873300947739379
Warrnambool,warr1257,NA,0.3369287064688721,0,0,0.17262567327114184,0.3234185164494997,0.16702710381048633,0.01108568025016742
Warrnambool,warr1257,NA,0.5000517527048791,0,0.04576388570987835,0.11300933814544772,0.3411750234397949,0,0.03381027154859947
Warrnambool,warr1257,NA,0,0,0,1,0,0,0.01856841557263004
Warrnambool,warr1257,NA,0.11747081149436536,0.08965389489833034,0.24778137319987031,0.1158032753584872,0.4292906450489469,0,0.01879383409195211
Lower Grand Valley Dani,lowe1415,NA,0,0,0,0,0,1,0.03395808478327575
Lower Grand Valley Dani,lowe1415,NA,0.20966450755227337,0,0,0,0.25581689227140375,0.534518600176323,0.02989694690563478
Lower Grand Valley Dani,lowe1415,NA,0,1,0,0,0,0,-0.01182073379517087
Lower Grand Valley Dani,lowe1415,NA,0,0.23106639025958425,0.7248543564371258,0,0.04407925330328995,0,0.04480086969771806
Lower Grand Valley Dani,lowe1415,NA,0,0,0,0.5700519252417173,0.01107416814442939,0.41887390661385326,0.06211528505617997
Siwai,siwa1245,NA,0,0,0,0.5448256441213615,0.1553699393908692,0.2998044164877694,0.01801940283357041
Siwai,siwa1245,NA,0.08052567677557149,0.4594742834307384,0,0.4411015433671075,0.01889849642658255,0,0.05490996331452551
Siwai,siwa1245,NA,0.3915237235235881,0.06139439473058204,0,0.2845481422824341,0.2625337394633957,0,0.04636347769181664
Siwai,siwa1245,NA,0.4165600059530538,0,0,0,0.2658106843133754,0.3176293097335708,0.02520560169016263
Siwai,siwa1245,NA,0.11337372557800494,0.11155681524559284,0,0.5709991122501125,0.20407034692628975,0,0.03559438366730784
Copper Inuit,copp1244,NA,0,0,1,0,0,0,0.01227129235096733
Copper Inuit,copp1244,NA,0.27656921469721074,0,0,0.7234307853027893,0,0,0.03738686234131629
Copper Inuit,copp1244,NA,0.19401466556546235,0,0,0.01425171271947427,0,0.7917336217150635,0.01015179819803749
Copper Inuit,copp1244,NA,0,0,1,0,0,0,-2.276327577909e-4
Copper Inuit,copp1244,NA,0.11189269507903277,0.5119838623748977,0,0.11835103627026024,0.03113652805709085,0.22663587821871845,0.08307447481868246
Cheke Holo,chek1238,NA,0,0.01658894442617496,0,0,0.16722896923834363,0.8161820863354815,0.10378277247197802
Cheke Holo,chek1238,NA,0,0.15502033391749587,0.10555122286736034,0.6490316399722087,0,0.09039680324293504,0.08558145662960161
Cheke Holo,chek1238,NA,0,0,0,0.09553021154759508,0,0.904469788452405,0.1470938605990827
Cheke Holo,chek1238,NA,0.2490868192806379,0.07512303184259983,0,0,0.6757901488767623,0,0.07842914905024743
Cheke Holo,chek1238,NA,0,0.8652769170448887,0.01878670215097181,0,0.11593638080413944,0,0.04354508184617506
Uma Juman,umaj1240,NA,0,0,0.6634411695819586,0,0,0.3365588304180414,0.02250654942833159
Uma Juman,umaj1240,NA,0.6471283640520817,0,0.3528716359479183,0,0,0,0.02448231638478147
Uma Juman,umaj1240,NA,0,0.22632478769244485,0,0.6240395030191064,0.14963570928844871,0,0.01967258687584522
Uma Juman,umaj1240,NA,0,0.5461256095998466,0,0,0,0.4538743904001534,0.02262895709093421
Uma Juman,umaj1240,NA,0.435863698168199,0.41172336347750765,0,0,0,0.15241293835429331,0.02309174847939072
Lamogai,lamo1244,NA,0.04762022342871595,0,8.478341152610138e-8,0.6906245538260998,0.2617551379617727,0,0.08552924341317605
Lamogai,lamo1244,NA,0,0.2028482899583027,0.12715595112240713,0.2877377694587763,0,0.38225798946051376,0.2873182262226648
Lamogai,lamo1244,NA,0,0.3543340357857261,0.02672532682467565,0,0.5345066320540509,0.08443400533554743,0.13198221902968468
Lamogai,lamo1244,NA,0.20764996607166272,0,0.10533752285308876,0.16032440394531555,0.5266881071299331,0,0.03138068584272455
Lamogai,lamo1244,NA,0,0,0.35483871098649655,0.6451612890135034,0,0,0.03995002601120635
Bannoni,bann1247,NA,0.08756022852471972,0,0.46766394972832104,0.04141466947544731,0,0.403361152271512,0.04177178877520643
Bannoni,bann1247,NA,0,0.07664192121588918,0.6689423487679111,0.2544157300161997,0,0,0.02344235039656487
Bannoni,bann1247,NA,0,0,0.891858366991215,0.108141633008785,0,0,0.02698137917135352
Bannoni,bann1247,NA,0.39435133861355354,0,0,0.3167756655361907,0,0.2888729958502558,0.0186523112945953
Bannoni,bann1247,NA,0.8764846523246378,0.12351534767536224,0,0,0,0,0.03016842231971124
Hidatsa,hida1246,NA,0,0,0.402177755825335,0,0,0.597822244174665,0.02645874130781657
Hidatsa,hida1246,NA,0,1,0,0,0,0,0.01734895753428898
Hidatsa,hida1246,NA,0.12245775240625537,0.10393283288477882,0.2821034900723125,0.31299307893350303,0.15190016506716844,0.02661268063598188,0.06470667386886021
Hidatsa,hida1246,NA,0.43254960340944665,0.05063623048886216,0,0.42581515664882286,0,0.09099900945286822,0.03721211835596712
Hidatsa,hida1246,NA,0,0,0.6667040038683533,0,0.33329599613164673,0,0.0254424442852293
Belarusian,bela1254,NA,0.040526491340096,0,0.4666343692578543,0.01465850638639372,0.2974991854225641,0.180681447593092,0.02131286647114883
Belarusian,bela1254,NA,0,0,0.8224867688799119,0.00538319021818745,0.14329952285244468,0.02883051804945601,0.08347839138616633
Belarusian,bela1254,NA,0.49336865659744605,0,0.3257812592180706,0,0,0.1808500841844834,0.02643895359760399
Belarusian,bela1254,NA,0.5132232533488122,0.06441385825420949,0.35603427307615887,0,0.04046668126916931,0.02586193405165002,0.04375818013571267
Belarusian,bela1254,NA,0,0,0.04037330143207864,0.01561197808923613,0.9440147204786852,0,0.01962884054036055
Mbyá Guaraní,mbya1239,NA,0.9442316515500996,0.05576834844990039,0,0,0,0,0.04702047642643969
Mbyá Guaraní,mbya1239,NA,0.8032831182942373,0,0,0.05542077242213369,0.14129610928362915,0,0.04509650571285227
Mbyá Guaraní,mbya1239,NA,0.4621109273087309,0.10485090726841752,0,0.4330381654228516,0,0,0.0304510720263471
Mbyá Guaraní,mbya1239,NA,0.2887732521415635,0,0,0.594153508282438,0,0.11707323957599848,0.00517653862800713
Mbyá Guaraní,mbya1239,NA,0,0,0,0.17376049549413297,0.523267518173396,0.3029719863324711,0.02186105219760247
Midob,mido1240,NA,0.9985320930406014,0,0,0,0.00146790695939852,0,0.01426970652147708
Midob,mido1240,NA,0,0,1,0,0,0,0.05598543758590315
Midob,mido1240,NA,0,1,0,0,0,0,-0.00598145630227218
Midob,mido1240,NA,0.9870516600486184,0,0.01294833995138167,0,0,0,0.03067800364588718
Midob,mido1240,NA,0,0,0.7714208416592699,0,0.2285791583407301,0,0.06044031407782171
Chavacano,chav1241,NA,0,0.40501298396050567,0.08479946109847535,0,0.510187554941019,0,0.01425451609301651
Chavacano,chav1241,NA,0.4180955699017799,0,0.28628748256494624,0.295616947533274,0,0,0.031335125355559
Chavacano,chav1241,NA,0,0,0,0,1,0,0.00433022325984127
Chavacano,chav1241,NA,0.4287204373373365,0,0.384281231247848,0,0,0.1869983314148156,0.05444452391969903
Chavacano,chav1241,NA,0.367591445689984,0.22668301211866063,0,0,0,0.4057255421913552,0.00819533629022139
Epena,epen1239,NA,0,0,0,0.45558918480712446,0.5185063024446197,0.0259045127482558,0.08005729319015387
Epena,epen1239,NA,0,0.22936709080448175,0.46899046506559705,0,0,0.3016424441299212,0.04168899527883608
Epena,epen1239,NA,0,0.16826439040128954,0.7613743496738455,0,0.07036125992486499,0,0.2719256864560023
Epena,epen1239,NA,0.2266463080011963,0,0,0.07245154966614946,0.7009021423326544,0,0.02453240008768932
Epena,epen1239,NA,0,0.09604105790083406,0.04382754984100021,0.4666752268837089,0.3934561653744568,0,0.05882068486844441
Wambayan,wamb1258,NA,0,0.17633906961055956,0.01362770275004179,0,0,0.8100332276393986,0.01154944957967947
Wambayan,wamb1258,NA,0.1146246810706452,0,0.6273007672513173,0,0,0.25807455167803756,0.0262336693668818
Wambayan,wamb1258,NA,0.846677181520491,0,0,0,0.14660237869733211,0.00672043978217688,0.03020097004507507
Wambayan,wamb1258,NA,0,1,0,0,0,0,0.00831625398159985
Wambayan,wamb1258,NA,0.40958584380395774,0.29540009103401943,0,0,0.10695444835701816,0.1880596168050047,0.03870271264420682
Hiw,hiww1237,NA,0,0.0144015987085635,0.1768278259196999,0.4362331349859021,0.3725374403858344,0,0.0879351697820363
Hiw,hiww1237,NA,0,0.10333391106124525,0.3138957494567575,0.5716152583070438,0,0.01115508117495338,0.1321752355833467
Hiw,hiww1237,NA,0.10240387008870756,0.42506748149312623,0,0.466845793905765,0.00568285451240129,0,0.03748104207461115
Hiw,hiww1237,NA,0.18870537589974865,0.5583940908803874,0,0.25290053321986394,0,0,0.05149848094131197
Hiw,hiww1237,NA,0.11613226745830264,0,0.4252647446728759,0,0.4586029878688215,0,0.07464426596873647
Jaru,jaru1254,NA,0,0.149798642015311,0,0.6948586027005084,0,0.15534275528418062,0.0513720954812544
Jaru,jaru1254,NA,0.40059701134438025,0.26665686309988745,0.0505964415679273,0,0.28214968398780493,0,0.04399547895797804
Jaru,jaru1254,NA,0.02531256282949616,0.2544745191683127,0,0.15859500688196293,0.13209557313524317,0.429522337984985,0.05237626789913636
Jaru,jaru1254,NA,0.42186637566428903,0.300071990971747,0,0,0,0.2780616333639641,0.05093040819960654
Jaru,jaru1254,NA,0.6966616860958386,0.1427397491861756,0.16059856471798584,0,0,0,0.0432368951083219
Veps,veps1250,NA,0.35808091534454806,0,0.02717345367925936,0.6147456309761926,0,0,0.06280702875641944
Veps,veps1250,NA,0,0,0,1,0,0,-0.00256398838908026
Veps,veps1250,NA,0,0,0,0.8004617540100388,0.19953824598996103,0,0.1746451286328337
Veps,veps1250,NA,0,0,0,0,0,1,0.0437870160045186
Veps,veps1250,NA,0.5786000380181605,0.1117940935062564,0.30480247547548306,0.00480339300010003,0,0,0.11309064530175332
Weda,weda1240,NA,0.6883763390747925,0,0,0.21280706000506028,0.02330580205448166,0.07551079886566552,0.06097188103118071
Weda,weda1240,NA,0.3863597078737015,0.4600029697213683,0,0,0,0.15363732240493022,0.01781658564189281
Weda,weda1240,NA,0,0,0,0,0.37166128539121474,0.6283387146087853,0.01347332362926767
Weda,weda1240,NA,1,0,0,0,0,0,0.01928129619737174
Weda,weda1240,NA,0,0,0,0,0,1,0.00265901474529029
Kalkutung,kalk1246,NA,0,0,0,0,0,1,-0.00247369094428411
Kalkutung,kalk1246,NA,0,0,0.3832524658829325,0.15786236767017817,0.05216147736215925,0.40672368908473017,0.01954682336771422
Kalkutung,kalk1246,NA,0,0.4999333049223712,0.33894184585883275,0,0,0.16112484921879602,0.00729164785453361
Kalkutung,kalk1246,NA,1,0,0,0,0,0,0.01122762173880166
Kalkutung,kalk1246,NA,0,0,0,0.3945542649989324,0.6054457350010677,0,0.018913636041114
Wirangu,wira1265,NA,0,0.707991417361907,0,0.08597130008182788,0.20603728255626524,0,0.06927640232475801
Wirangu,wira1265,NA,0.30133772388528224,0,0.21223540716804795,0,0,0.48642686894666987,0.03320340155962414
Wirangu,wira1265,NA,0.13038903477330627,0,0.02533443255964166,0,0.8442765326670522,0,0.04054894665432937
Wirangu,wira1265,NA,0,0,0,0.9787256724130726,0.02127432758692735,0,0.00710524176578853
Wirangu,wira1265,NA,0,0,0,0.02260646880315569,0.9773935311968442,0,0.04953931119317101
Baffin Inuktitut,baff1241,NA,0.7705513908234196,0,0.00450312956566822,0.06345968005992832,0,0.16148579955098388,0.05047224598296861
Baffin Inuktitut,baff1241,NA,0.5874452110343704,0,0,0.4125547889656294,0,0,0.03063931226551276
Baffin Inuktitut,baff1241,NA,0,0.01014918772986641,0,0.10355916396963336,0.8862916483005002,0,0.02950662511279653
Baffin Inuktitut,baff1241,NA,0,0,0,0.5934738780037636,0.4065261219962363,0,0.00105250694229843
Baffin Inuktitut,baff1241,NA,0,0.0062804460043918604,0.2842300623462043,0.11918253909793793,0.12779005397688706,0.4625168985745789,0.042683309763356
Tlingit,tlin1245,NA,0,0,0.355054462212718,0.16411172041030542,0.02904498330186333,0.4517888340751132,0.04280753920585686
Tlingit,tlin1245,NA,0,0,0,0.4162622374870592,0,0.5837377625129407,0.02798801980559237
Tlingit,tlin1245,NA,0,1,0,0,0,0,0.03104788782296717
Tlingit,tlin1245,NA,0,0.820450653834065,0,0.17954934616593507,0,0,0.04956914605407141
Tlingit,tlin1245,NA,0,0.22285574536344693,0.777144254636553,0,0,0,0.02551983226375723
Magam,maga1262,NA,0.5541464268167972,0,0.03655930357224158,0.18457019011486275,0.22472407949609857,0,0.03678792395349994
Magam,maga1262,NA,0.47081819777137435,0,0,0.22758364682660043,0,0.30159815540202506,0.03644255905928905
Magam,maga1262,NA,0,0.34091286564944334,0.6590871343505567,0,0,0,0.05048239556230533
Magam,maga1262,NA,0.2472474455866509,0.18201411944345897,0.345023214973815,0.22571521999607513,0,0,0.04796621031358485
Magam,maga1262,NA,0.07755662033587499,0.13280720130837792,0.03522150432134573,0,0.4901146277570919,0.2643000462773095,0.03240926274198399
Totoli,toto1304,NA,0.24301370459195176,0.05100160860046122,0.06177146785013574,0.5503552800692302,0.0938579388882211,0,0.04319070838145428
Totoli,toto1304,NA,0.8904721735834842,0.01843718771203562,0.09109063870448016,0,0,0,0.05245788987146652
Totoli,toto1304,NA,0.7353790475059941,0,0.26462095249400586,0,0,0,0.01458477221748726
Totoli,toto1304,NA,0,0.15159885568797382,0.705938475120377,0.1424626691916492,0,0,0.05902036635556418
Totoli,toto1304,NA,0.7085306580274838,0,0,0,0.1868142708091055,0.10465507116341066,0.02988089756617949
Motu,motu1246,NA,0.80186621123816,0,0,0,0,0.19813378876184004,0.02959354810013903
Motu,motu1246,NA,0.4057801200269452,0,0.30591476886600605,0.28830511110704865,0,0,0.0548291528521916
Motu,motu1246,NA,0.8452650676719182,0,0,0,0,0.15473493232808183,0.01796645102216021
Motu,motu1246,NA,0.5745784569615607,0,0,0,0,0.42542154303843943,0.01906994270248334
Motu,motu1246,NA,0.5965364182847286,0,0,0.4034635817152714,0,0,0.03356281765614525
Angaité,anga1316,NA,0,0,0.5555427673558271,0,0.01389287986095835,0.4305643527832144,0.0876669347539179
Angaité,anga1316,NA,0.5356540523776444,0.13270625490833543,0.33163969271402016,0,0,0,0.03246784749401621
Angaité,anga1316,NA,0.19396454446400588,0.35282089403882316,0,0,0.3273150909734654,0.12589947052370562,0.00744515404624963
Angaité,anga1316,NA,0,0.943314963909508,0,0.0566850360904918,0,0,0.02914012028854069
Angaité,anga1316,NA,0.5491546022285182,0,0,0.1395460839140794,0,0.31129931385740234,0.01922198555660169
Dehu,dehu1237,NA,0.00563880501948686,0,0.49944949790218096,0,0.4949116970783322,0,0.12882156698918695
Dehu,dehu1237,NA,0.19707989606498655,0.03640439089357946,0,0.22910134793603473,0.2105607093005949,0.32685365580480424,0.08073275574123168
Dehu,dehu1237,NA,0,0.11726546056083675,0,0,0.7629084740163078,0.11982606542285544,0.06459976200084858
Dehu,dehu1237,NA,0.36167233899120954,0.6383276610087905,0,0,0,0,0.1575444298678874
Dehu,dehu1237,NA,0.6167355843914355,0.08345619871747993,0,0.2998082168910845,0,0,0.07155103874715293
Ngarluma,ngar1287,NA,0,0,1,0,0,0,0.00415643469223819
Ngarluma,ngar1287,NA,0,0.3362468570150288,0.2057999803960137,0.45795316258895746,0,0,0.01773118982085708
Ngarluma,ngar1287,NA,0,1,0,0,0,0,0.02015249532931729
Ngarluma,ngar1287,NA,0.16756147912570538,0.1913899252845307,0,0,0,0.6410485955897639,0.025087791421326
Ngarluma,ngar1287,NA,0.30089666380807056,0,0,0.16321798563136977,0.3595004111885299,0.1763849393720298,0.07487795482505252
Ngamini-Yarluyandi-Karangura,ngam1265,NA,0,0,0,0,1,0,0.03869587092844986
Ngamini-Yarluyandi-Karangura,ngam1265,NA,1,0,0,0,0,0,-0.00104820408027506
Ngamini-Yarluyandi-Karangura,ngam1265,NA,0.5288953713318708,0.12490977473693192,0,0,0.2020328827218315,0.14416197120936566,0.04874278931699625
Ngamini-Yarluyandi-Karangura,ngam1265,NA,0.4504746476551257,0,0.3799964410345278,0,0,0.16952891131034664,0.05281739827275814
Ngamini-Yarluyandi-Karangura,ngam1265,NA,0.46349962923133975,0.12891417505140026,0,0.192735037198966,0,0.214851158518294,0.05044746387044624
Karadjeri,kara1476,NA,0,0,0,0,0.9778724622689452,0.0221275377310547,0.01268703332641296
Karadjeri,kara1476,NA,0,0,0.9825077867861756,0,0,0.01749221321382426,0.04300601591898951
Karadjeri,kara1476,NA,0,0.8112752415532504,0,0.18872475844674955,0,0,0.01868460996420537
Karadjeri,kara1476,NA,0.5476394351730851,0.33042606328666346,0.12193450154025148,0,0,0,0.01416528928131621
Karadjeri,kara1476,NA,0,0.29090369275857936,0.5415972976437263,0,0.16749900959769431,0,0.04770056597385824
Omaha-Ponca,omah1247,NA,1,0,0,0,0,0,-0.00181800978292461
Omaha-Ponca,omah1247,NA,0,0.40193234325736343,0,0.3247575345335952,0.15131299135758816,0.1219971308514532,0.02945907234412002
Omaha-Ponca,omah1247,NA,0.39663043146011817,0.6033695685398819,0,0,0,0,0.06698408228579267
Omaha-Ponca,omah1247,NA,0.5215950922942235,0,0.22297142545501664,0.17776750974863328,0.07766597250212656,0,0.02934899680680573
Omaha-Ponca,omah1247,NA,0,0,0.29197991253224387,0,0,0.7080200874677562,0.01085686989569706
Hittite,hitt1242,NA,0.9881937187034154,0,0,0,0,0.01180628129658463,0.1301507333814173
Hittite,hitt1242,NA,0.9102593089402498,0,0,0,0.08974069105975031,0,0.08835608272526582
Hittite,hitt1242,NA,0.6341488264767942,0.19228034288415816,0,0.17357083063904766,0,0,0.02555015622766202
Hittite,hitt1242,NA,0,0.5727368129283188,0,0,0,0.4272631870716812,0.01298923933069692
Hittite,hitt1242,NA,0,0.00359234175858746,0,0.32058218106396563,0.10125912555073928,0.5745663516267077,0.070978183516931
Bamun,bamu1253,NA,0.03794595909692776,0,0.04355296971856578,0.866191332641037,0,0.05230973854346929,0.2926712033799269
Bamun,bamu1253,NA,0.5357436796665798,0,0,0,0,0.4642563203334201,0.15429803698746888
Bamun,bamu1253,NA,0.7155725932894662,0,0.04544162892353554,0,0.06062111078901919,0.178364666997979,0.21875542121379124
Bamun,bamu1253,NA,0.261566747606722,0.4539269191918398,0.04034386274419417,0,0.15603976536047384,0.08812270509677027,0.3421062465175835
Bamun,bamu1253,NA,0,0,0.07268844306480711,0,0.726884753777495,0.200426803157698,0.06502574733918416
Umbundu,umbu1257,NA,0,0,0.7648081407428508,0,0,0.23519185925714928,0.01717502877756437
Umbundu,umbu1257,NA,0.30988519177536206,0.05068466618823206,0.30939079379633155,0.19288420929836367,0.13715513894171064,0,0.04697036742570236
Umbundu,umbu1257,NA,0.00747599976522191,0.02099100598251253,0.12760651532123976,0.6014796312836734,0.18270512254775492,0.05974172509959753,0.05359158297571425
Umbundu,umbu1257,NA,0.10794380979205984,0.6103362646608947,0,0.28171992554704545,0,0,0.02191079410648629
Umbundu,umbu1257,NA,0.4537031982704175,0,0,0.06719416446245008,0.13455143619649518,0.34455120107063736,0.04190744684072933
Tsogo,tsog1243,NA,0.48149914895245194,0.3992308110933665,0,0,0.11927003995418152,0,0.07549916016004923
Tsogo,tsog1243,NA,0,0,0,1,0,0,0.02261618781446107
Tsogo,tsog1243,NA,0,0,0,0.8964169189928811,0.00422369286989219,0.09935938813722676,0.01328879976016284
Tsogo,tsog1243,NA,0.28940531392596525,0.05583201144261974,0.6130039532531135,0,0,0.04175872137830151,0.0696485610296246
Tsogo,tsog1243,NA,0,0.13571728784570655,0.3121934716245234,0.55208924052977,0,0,0.04818090560664154
Kiowa Apache,kiow1264,NA,0.11592264131116344,0,0,0,0.8840773586888365,0,0.0145741143553238
Kiowa Apache,kiow1264,NA,0.7094631454859912,0.29053685451400885,0,0,0,0,0.04440151425199296
Kiowa Apache,kiow1264,NA,0,0,0.36047627455909387,0.6395237254409061,0,0,0.00807967468195722
Kiowa Apache,kiow1264,NA,0,0,0,0.3227973200763852,0.6772026799236148,0,0.02610829054958677
Kiowa Apache,kiow1264,NA,0,0.3371332682148636,0,0.4864862933705721,0,0.17638043841456444,0.03343742380037324
Sa,saaa1241,NA,0,0,0,0.1029636719777119,0.8970363280222882,0,0.02089175125358393
Sa,saaa1241,NA,0,1,0,0,0,0,0.00737333003853589
Sa,saaa1241,NA,0,0,0.19656541694914267,0,0.8034345830508572,0,0.04533269368275555
Sa,saaa1241,NA,0,0.3780499702420079,0.4570525131006709,0,0.16489751665732114,0,0.02839172206846473
Sa,saaa1241,NA,0.05626007772444495,0,0,0.2931134870885478,0.28266327519816986,0.3679631599888374,0.03072791097915071
Bilua,bilu1245,NA,0,0.7069737215938487,0,0.2473740500532935,0,0.0456522283528577,0.0665916137472404
Bilua,bilu1245,NA,0.14884899195122897,0.8511510080487711,0,0,0,0,0.01068213311188773
Bilua,bilu1245,NA,0,0.5788665051306002,0,0,0.4211334948693997,0,0.0370730314328897
Bilua,bilu1245,NA,0.13423109199548672,0,0,0,0.8657689080045132,0,0.04566500081686342
Bilua,bilu1245,NA,0.1073592673865974,0,0.8315979139781364,0,0.06104281863526613,0,0.06946306646187436
Car Nicobarese,carn1240,NA,0,0.20778217222386036,0,0.7922178277761397,0,0,0.08693157044409218
Car Nicobarese,carn1240,NA,0,0,0.02192958307082817,0,0.9451720885634302,0.03289832836574181,0.08821446730538404
Car Nicobarese,carn1240,NA,0,0.09420372059140442,0,0.03505073133448613,0.8707455480741094,0,0.11042933650134604
Car Nicobarese,carn1240,NA,0.28532123159481615,0,0.00885477727877107,0,0.7058239911264128,0,0.22157178286568285
Car Nicobarese,carn1240,NA,0,0,1,0,0,0,0.0147175484797397
Toda,toda1252,NA,0.34754286264015466,0.00568614410055867,0.6155768243038466,0,0,0.03119416895544012,0.05344588477256868
Toda,toda1252,NA,0.18374350558453292,0,0.4567785600566635,0.24208348541974625,0.11739444893905723,0,0.03728104312732094
Toda,toda1252,NA,0,0,0.8391406742213825,0,0,0.16085932577861745,0.01896064058990446
Toda,toda1252,NA,1,0,0,0,0,0,0.03656883893961183
Toda,toda1252,NA,0.01428737190362801,0,0,0,0.961535384944156,0.02417724315221609,0.01832683461388778
Western Apache,west2615,NA,0.18807364838558024,0,0.5243747388734631,0.14414889390522156,0,0.14340271883573513,0.04801643391222716
Western Apache,west2615,NA,0,0.3458751393519637,0.03782484233094804,0.15026195565728115,0,0.4660380626598071,0.0104527012436683
Western Apache,west2615,NA,0,0,0,0.431676011220623,0.568323988779377,0,0.0176888287430402
Western Apache,west2615,NA,0,0,1,0,0,0,0.04250853517352709
Western Apache,west2615,NA,0.39230758347694655,0,0.5711573790920574,0,0.03653503743099603,0,0.02979805447462307
Meskwaki,mesk1242,NA,0.2842718968114422,0,0.0188255365177712,0.1674749345764534,0.38821979871533013,0.14120783337900294,0.02040013674262952
Meskwaki,mesk1242,NA,0,0.35914593477822626,0.06030512205263423,0.5805489431691396,0,0,0.00536989565079007
Meskwaki,mesk1242,NA,0,0.07131892672962555,0.8640567035502944,0,0,0.06462436972008007,0.06245511432358161
Meskwaki,mesk1242,NA,0,0.298214239679036,0,0.7017857603209641,0,0,0.04964415996482733
Meskwaki,mesk1242,NA,0.1601517807255152,0,0.17938609050661242,0.532696403912987,0.10193273976563028,0.02583298508925511,0.07445461148487217
Ganggalida,gang1267,NA,0.3927330592044333,0.40258185050842193,0,0.20468509028714463,0,0,0.01614457217978023
Ganggalida,gang1267,NA,0,0,0,1,0,0,-0.00928860845657675
Ganggalida,gang1267,NA,0,0,0.20769333477055085,0.1212921934575819,0,0.6710144717718672,0.03870697693367347
Ganggalida,gang1267,NA,0,0,0,0,0,1,0.01103683344462551
Ganggalida,gang1267,NA,0,0,0,0,0,1,0.01032786361081081
Umbu-Ungu,umbu1258,NA,0,0,0,0.6742075043319747,0.2990663498685796,0.02672614579944557,0.01431954607561142
Umbu-Ungu,umbu1258,NA,0,0.8846918406822589,0,0.11530815931774104,0,0,0.02134932714393544
Umbu-Ungu,umbu1258,NA,0.04204122861691842,0.00810671018760745,0.949852061195474,0,0,0,0.09970037498267172
Umbu-Ungu,umbu1258,NA,0,0,0,0.06940499629247711,0.7006048955082985,0.2299901081992244,0.10410323152626118
Umbu-Ungu,umbu1258,NA,0,0.3762859776731282,0.2980001175984806,0,0.3257139047283912,0,0.02733664761993193
Yaqui,yaqu1251,NA,0.05682769194922665,0.1685401172632009,0,0.5416951118311955,0,0.232937078956377,0.101308274648838
Yaqui,yaqu1251,NA,0,0.4615757772752934,0.1453462266390761,0.3614859959294275,0.0315920001562029,0,0.1149562404723997
Yaqui,yaqu1251,NA,0,0,0,0.03915319602290389,0,0.9608468039770962,0.06088325422115449
Yaqui,yaqu1251,NA,0.19724743491223115,0.46888177594750585,0.1100128226995359,0,0,0.2238579664407272,0.05205147759780297
Yaqui,yaqu1251,NA,0.21950338734256483,0.05177787644828449,0.4392200592435382,0.23154766280914893,0,0.05795101415646363,0.08718959219562905
Kumaoni,kuma1273,NA,0,1,0,0,0,0,-0.0082657295197852
Kumaoni,kuma1273,NA,0,0,0,0,0,1,0.00274487888205928
Kumaoni,kuma1273,NA,0,0.3868986390786708,0.1028073035522766,0.5102940573690526,0,0,0.05763242204573265
Kumaoni,kuma1273,NA,0.23045842504305175,0.19799400069526665,0.10779600264267496,0,0.46375157161900654,0,0.03835915515189637
Kumaoni,kuma1273,NA,0.34632656154765473,0,0,0.360053986074987,0,0.29361945237735826,0.06329885921321847
Elamite,elam1244,NA,0,0,0,0,0.14888034855286655,0.8511196514471334,0.03083756925001153
Elamite,elam1244,NA,0,0,1,0,0,0,0.07364453790433921
Elamite,elam1244,NA,0,2.043432266951511e-17,0,0,0,1,-0.01775659592586121
Elamite,elam1244,NA,0,0.05121420240756668,0.02744206278741624,0.4880993489652683,0.4332443858397487,0,0.02685526624801839
Elamite,elam1244,NA,0,1,0,0,0,0,0.00306556921743066
Rennell-Bellona,renn1242,NA,0,0.2359076498727839,0.3362560128098003,0.2841689570799828,0.143667380237433,0,0.04532244793507419
Rennell-Bellona,renn1242,NA,0,0,0,0.41105947565969897,0,0.5889405243403011,0.00674692653138933
Rennell-Bellona,renn1242,NA,0.2773856520322508,0,0.1963423210462308,0.07219166410041093,0.24504319552213227,0.20903716729897515,0.04874038317741092
Rennell-Bellona,renn1242,NA,0.379841715510744,0,0.6009914140518029,0,0.0191668704374531,0,0.07016263660621153
Rennell-Bellona,renn1242,NA,0,0.4337676326436092,0,0.4913767296839807,0.07485563767240996,0,0.04630149671872965
Western Shoshoni,west2622,NA,0.15,0.65,0,0.15,0,0.05,NA
Western Shoshoni,west2622,NA,0.1,0,0.05,0.2,0.2,0.45,NA
Western Shoshoni,west2622,NA,0.05,0.1,0.5,0.3,0,0.05,NA
Western Shoshoni,west2622,NA,0.05,0.35,0.25,0.2,0,0.15,NA
Western Shoshoni,west2622,NA,0.1,0.15,0.05,0,0,0.7,NA
Yele,yele1255,NA,0.3638793964802259,0.3914521254420402,0,0,0,0.24466847807773393,0.03507293577617298
Yele,yele1255,NA,0.40797944817011494,0,0,0,0.47124830272061047,0.12077224910927468,0.04020178995484206
Yele,yele1255,NA,0.3013331832245333,0,0,0,0.18329351396755925,0.5153733028079075,0.04430586115695958
Yele,yele1255,NA,0,0,0,0,0,1,0.02219984311852034
Yele,yele1255,NA,0,0.04445505429081481,0,0.333929899108378,0.01371721927451257,0.6078978273262946,0.02039898501461128
Tetun Dili,tetu1246,NA,0,0,1,0,0,0,0.02706743794308405
Tetun Dili,tetu1246,NA,0,0.3533249426736057,0.15613481519705874,0.19826910392258412,0.29227113820675144,0,0.05001972025334032
Tetun Dili,tetu1246,NA,0,0,0,0.33492224219739536,0.6650777578026048,0,0.04367826664938006
Tetun Dili,tetu1246,NA,0,0,0,1,0,0,-0.00310822489051711
Tetun Dili,tetu1246,NA,0.8850134852471324,0,0,0,0,0.1149865147528676,0.02345238129573269
Riuk Bekati',beka1241,NA,1,0,0,0,0,0,0.0835954128875748
Riuk Bekati',beka1241,NA,0.04940865059902211,0.4118252679855589,0.04429902002819172,0,0,0.4944670613872272,0.11654987382757794
Riuk Bekati',beka1241,NA,0,0,0,0,1,0,0.05111247578332328
Riuk Bekati',beka1241,NA,0.3295534633869634,0.06159488825259248,0,0,0,0.608851648360444,0.06276076569119929
Riuk Bekati',beka1241,NA,0.9417946307968592,0.05820536920314091,0,0,0,0,0.10783524952654112
Archi,arch1244,NA,0,1,0,0,0,0,0.0124336146057541
Archi,arch1244,NA,0,0.02115450249215916,0,0,0,0.9788454975078408,0.00969495002570301
Archi,arch1244,NA,0.420426440293624,0,0,0.37151829143496257,0,0.20805526827141343,0.04467940205313909
Archi,arch1244,NA,0,0,0,0,0,1,0.01786389769227085
Archi,arch1244,NA,0,0,0,0,0,1,-0.00128132384768459
Abui,abui1241,NA,0,0,1,0,0,0,0.02470346025104175
Abui,abui1241,NA,0.04771850874945162,0,0,0.37645697848664106,0.5659423753063181,0.00988213745758921,0.03196675478704582
Abui,abui1241,NA,0,1,0,0,0,0,0.00261372953905373
Abui,abui1241,NA,0.04823259762062526,0.0974007841954517,0.4967558820391256,0.124540925244972,0,0.23306981089982529,0.02898051182096667
Abui,abui1241,NA,0.6476182254296124,0.06041498715026305,0.2919667874201245,0,0,0,0.06145021431886892
Bininj Kun-Wok,gunw1252,NA,0,0.07001332471199337,0.47316258568185104,0,2.9947947341232e-4,0.4565246101327433,0.05150276574573852
Bininj Kun-Wok,gunw1252,NA,1,0,0,0,0,0,0.02148992148099478
Bininj Kun-Wok,gunw1252,NA,0.19256812051629485,0.12497008278599424,0,0.6824617966977109,0,0,0.03522390684214385
Bininj Kun-Wok,gunw1252,NA,0,0,0,0,1,0,0.0030664682362201
Bininj Kun-Wok,gunw1252,NA,0,0,0,0.6073421333779374,0,0.3926578666220627,0.01447725829839223
Neme,neme1244,NA,0,0.06755686184630019,0,0,0.23115832529498587,0.7012848128587139,0.03788562837014693
Neme,neme1244,NA,0,0,0,0.01422504371252621,0.9857749562874738,0,0.01820373413820412
Neme,neme1244,NA,0.06961820824287528,0,0.9303817917571248,0,0,0,0.02965022179868573
Neme,neme1244,NA,0,0.8319887638675646,0,0.16801123613243535,0,0,0.02182909843627972
Neme,neme1244,NA,0,0.6555858751789768,0,0.32594279259862835,0.0184713322223949,0,0.06570309873689095
Amis,amis1246,NA,0,0,0,1,0,0,0.04319610431021788
Amis,amis1246,NA,0.00978709670332176,0.07585010027314396,0,0.09647255333328432,0.6790513207412305,0.13883892894901942,0.14123561203942028
Amis,amis1246,NA,0.17868101827875,0,0,0,0.7177307312653168,0.10358825045593316,0.08943174638278308
Amis,amis1246,NA,0.3607036518135911,0,0.00623957994780528,0,0.27912896516226665,0.3539278030763368,0.1575740188820221
Amis,amis1246,NA,0.1293499907935213,0.8706500092064786,0,0,0,0,0.07595909154908537
Nuu-chah-nulth,nuuc1236,NA,0,0,0,0.5262379623971097,0,0.47376203760289026,0.00619114589835409
Nuu-chah-nulth,nuuc1236,NA,0,0,0.28612195821359965,0.7138780417864004,0,0,0.04470903577568072
Nuu-chah-nulth,nuuc1236,NA,0,0.9884570964563892,0,0.01154290354361078,0,0,0.08205950403496189
Nuu-chah-nulth,nuuc1236,NA,0,0,0.16454259281609085,0.5036283484461825,0,0.33182905873772656,0.03664192339902303
Nuu-chah-nulth,nuuc1236,NA,0.4980870809172653,0.03210237012465282,0.05756522478285518,0.4122453241752268,0,0,0.05466462103649248
Yorta Yorta,yort1237,NA,0,1,0,0,0,0,0.01340946383535957
Yorta Yorta,yort1237,NA,0.08392472325428037,0.17391239020378907,0.21860495181193035,0,0.5235579347300002,0,0.10989954868405442
Yorta Yorta,yort1237,NA,0.7331280963569572,0,0,0.2668719036430427,0,0,0.07337898020315575
Yorta Yorta,yort1237,NA,0.3658183979592,0,0.5300760228559265,0,0.10410557918487348,0,0.08011211679642256
Yorta Yorta,yort1237,NA,0,0,0,0.597692662121821,0.402307337878179,0,0.02852557878939021
Ifugaw,ifug1247,NA,0,0.14983604469544498,0,0,0.7379254847134197,0.11223847059113538,0.0372754244207
Ifugaw,ifug1247,NA,0.2562700545740633,0.3622496011029831,0.3814803443229534,0,0,0,0.05861233090032604
Ifugaw,ifug1247,NA,0,0,0,0,0,1,0.01405056606569879
Ifugaw,ifug1247,NA,0,0,0.2467985551050557,0,0.6191066734339141,0.13409477146103022,0.00932185957809509
Ifugaw,ifug1247,NA,0.03071464789011093,0,0,0.30837507874803677,0.4893010468584247,0.17160922650342747,0.04187749625166084
Akkadian,akka1240,NA,0,0,0.3738171706240042,0,0.6261828293759957,0,0.03664375627291753
Akkadian,akka1240,NA,0,0.27633826384967014,0,0.7236617361503298,0,0,0.12446932143681522
Akkadian,akka1240,NA,0.00288218639477627,0,0,0.05910888972861273,0.7795191419447444,0.15848978193186672,0.09192352585255203
Akkadian,akka1240,NA,0,0,0.4681721179740427,0,0.43576962472331815,0.0960582573026391,0.02812790526839177
Akkadian,akka1240,NA,0.9622834708577862,0,0,0,0.03771652914221377,0,0.0346823952886446
Ojibwa,ojib1241,NA,0,0,0.7922103057253407,0.2077896942746592,0,0,0.02979988969524712
Ojibwa,ojib1241,NA,0.34531896444608035,0,0.2584348565611377,0.09281706425728448,0.29597772408971634,0.00745139064578126,0.08858441520522262
Ojibwa,ojib1241,NA,0.17258895396861829,0,0.20396147947897583,0.3905088762582537,0.23294069029415207,0,0.0819157966243868
Ojibwa,ojib1241,NA,0,0,0,0,0,1,0.01412347910958934
Ojibwa,ojib1241,NA,0.3861506063740602,0.10370863722687508,0.1406863801097421,0.15766291694893647,0,0.2117914593403862,0.03981068955883982
Lipan Apache,lipa1241,NA,0,0,0,0.07912972291158918,0.9208702770884108,0,0.01210775988027762
Lipan Apache,lipa1241,NA,0,0.2119152640223382,0,0,0.6605816069394815,0.12750312903818026,0.02496022762059463
Lipan Apache,lipa1241,NA,0.1385671214422,0.666009312207288,0.10445066990040136,0,0.0909728964501108,0,0.03049973026290297
Lipan Apache,lipa1241,NA,0.401104674307471,0,0,0.12126439252191291,0.47763093317061617,0,0.02316290311088714
Lipan Apache,lipa1241,NA,0.372297307264045,0,0.4066216545226752,0,0,0.22108103821327976,0.04130184336095864
Páez,paez1247,NA,0,0.3386391272114236,0,0.13194863265518905,0,0.5294122401333874,0.04466440418757964
Páez,paez1247,NA,0,0.5578924684896018,0,0.4421075315103982,0,0,0.01393556953891367
Páez,paez1247,NA,0,0,0,0,1,0,0.01454826026901382
Páez,paez1247,NA,0.8195057906759438,0.02783161055550591,0,0,0.03406152448064403,0.11860107428790632,0.07150516040730245
Páez,paez1247,NA,0.5642519428203935,0.06476701937116174,0.13525289087573822,0,0.13620032853432557,0.09952781839838104,0.11997325132552984
Pitjantjatjara,pitj1243,NA,0,0,0,0,1,0,0.00536685719750107
Pitjantjatjara,pitj1243,NA,0.366969483259376,0,0,0,0,0.633030516740624,0.080840814724083
Pitjantjatjara,pitj1243,NA,0,0.21779758478918984,0,0.5224632212202496,0,0.25973919399056056,0.04586819833406212
Pitjantjatjara,pitj1243,NA,0.14448560198082447,0,0,0.3160269033291344,0.5394874946900411,0,0.02012941097744224
Pitjantjatjara,pitj1243,NA,0,0.00605437981560506,0.35059692079172655,0,0.6433486993926684,0,0.01758449237339051
Djinang,djin1253,NA,0.3024147008700233,0,0,0,0.6975852991299767,0,0.02791101930496213
Djinang,djin1253,NA,0,0.31455728108959474,0.14231022997062542,0,0.5431324889397798,0,0.03329157145572086
Djinang,djin1253,NA,0,0.01357492550048922,0,0.9864250744995108,0,0,0.03593340053021662
Djinang,djin1253,NA,8.029084777537e-4,0.3693382122291241,0,0,0.5257341568226469,0.10412472247047518,0.04525709860117378
Djinang,djin1253,NA,0.2583149842451347,0.11632288031943834,0.6249652143286232,0,0,3.9692110680387e-4,0.09760449575008896
Sunwadia,mari1426,NA,0,0,5.551115123125783e-17,0,1,0,0.00204416320736478
Sunwadia,mari1426,NA,0.6375098653545477,0,0.36249013464545227,0,0,0,0.00497078871590198
Sunwadia,mari1426,NA,0,0.14456120833204664,0,0.2962984548959645,0.28710162556013874,0.2720387112118502,0.05155388247875604
Sunwadia,mari1426,NA,0,0,0,0.26221092234314414,0.34444740741170354,0.3933416702451523,0.02296630792190786
Sunwadia,mari1426,NA,0.13675305642053728,0.00264153459326365,0,0,0.6792418474863166,0.18136356149988253,0.02450187174450192
Seki,seki1238,NA,0,0,0,0,1,0,0.02807588874038823
Seki,seki1238,NA,0,0.21418623205874232,0.6016409059438991,0,0.18417286199735852,0,0.14843748477163007
Seki,seki1238,NA,0,0,0.4710695054563572,0,0.5289304945436428,0,0.03852550976953584
Seki,seki1238,NA,0.5370124214999319,0,0,0,0.44296224593861594,0.02002533256145218,0.2645760053831406
Seki,seki1238,NA,0,0,0,0,0,1,-0.04691533560139396
English,stan1293,NA,0,0,0,0.2113540448936886,0,0.7886459551063114,0.00637769254399936
English,stan1293,NA,0,0,1,0,0,0,0.00160539389526085
English,stan1293,NA,0.3835986102665101,0,0,0,0,0.61640138973349,0.02441552047791019
English,stan1293,NA,0,0,0,0,0.9332473705442296,0.06675262945577062,0.00521905386313378
English,stan1293,NA,0,0,0.4064250120660616,0,0,0.5935749879339384,0.0329819236556849
Taiap,taia1239,NA,0,0,0,0.6133601939889837,0.3866398060110163,0,0.06620211771696921
Taiap,taia1239,NA,0,0.02073647836471763,0,0.6699204848969634,0,0.309343036738319,0.03052501852760638
Taiap,taia1239,NA,0.5676253394478677,0,0,0,0.43237466055213225,0,0.03078391819299097
Taiap,taia1239,NA,0.09689060958182284,0,0,0.5477431937657462,0,0.3553661966524309,0.10662045386515195
Taiap,taia1239,NA,0,0.04333465426827681,0.9566653457317232,0,0,0,0.024698261999556
Mundurukú,mund1330,NA,0,0,0,1,0,0,0.00209402494463028
Mundurukú,mund1330,NA,0,0.3917730715752007,0.6082269284247994,0,0,0,0.02352769652868009
Mundurukú,mund1330,NA,0.6083097990230129,0.3916902009769871,0,0,0,0,0.05680637508102387
Mundurukú,mund1330,NA,0,0,0.24754031172384347,0,0,0.7524596882761566,0.0190091798029571
Mundurukú,mund1330,NA,0,0,0,0.24684139402433056,0.7531586059756695,0,0.02333233726499182
Walloon,wall1255,NA,0,0.32504100476705966,0,0,0.6749589952329405,0,0.00335342751214323
Walloon,wall1255,NA,0,0.1333042019198793,0,0,0.02927844125052163,0.8374173568295991,0.0168522454764755
Walloon,wall1255,NA,0,0,0.7566464961138082,0,0.24335350388619184,0,0.06057369563198999
Walloon,wall1255,NA,0,0.405501119535855,0.594498880464145,0,0,0,0.0793716431904395
Walloon,wall1255,NA,0,0,1,0,0,0,0.03109836231507129
Sibe,sibe1248,NA,0.6755165362427805,0.16508167990384154,0,0,0.15940178385337803,0,0.03758061972070505
Sibe,sibe1248,NA,0,0,0,0,1,0,0.00269380287375735
Sibe,sibe1248,NA,0,0,1,0,0,0,0.00979250284684054
Sibe,sibe1248,NA,0.3815448602110403,0.00459452234510499,0.3855435366758057,0.20790330559361803,0,0.0204137751744311,0.07495057136572997
Sibe,sibe1248,NA,0.17130747297356963,0,0.177381549153624,0,0.38268747535549735,0.268623502517309,0.01318969940408665
Doutai,dout1240,NA,0.1424358635214196,0.01713921505083211,0.5584383162873661,0,0,0.2819866051403824,0.04593438851365582
Doutai,dout1240,NA,0,0,0,0,0,1,8.126332791680985e-5
Doutai,dout1240,NA,0.8617584907263397,0,0,0,0,0.13824150927366027,0.01785073976692406
Doutai,dout1240,NA,0.07522769312402018,0.14979887895453406,0.20467549508828425,0.30892432013455734,0.26137361269860415,0,0.03798395448396717
Doutai,dout1240,NA,0.26172186178225415,0,0.7382781382177459,0,0,0,0.01366492282313889
Jingpho,jing1260,NA,0.23968541556604347,0.02234469558865744,0,0.01339528572752558,0.7245746031177736,0,0.1270001701007798
Jingpho,jing1260,NA,0.23812634790348225,0,0,0,0.6922471467491923,0.06962650534732547,0.14109583097125417
Jingpho,jing1260,NA,0.45079893238569374,0,0.5492010676143062,0,0,0,0.08205714147898506
Jingpho,jing1260,NA,0,0.03121825113798682,0.3851963724161413,0,0.3421493152430304,0.24143606120284153,0.19771119732122175
Jingpho,jing1260,NA,1,0,0,0,0,0,0.08528423087414722
Gumatj,guma1253,NA,0,0.29690339741670213,0.7030966025832979,0,0,0,0.01661195681595114
Gumatj,guma1253,NA,0,0,0,0.464730487649158,0,0.535269512350842,0.016390943540274
Gumatj,guma1253,NA,0.367118214589221,0,0,0.6290232959701929,0.00385848944058607,0,0.05523795253440509
Gumatj,guma1253,NA,0,0,0,0.2594228854317255,0,0.7405771145682745,0.04815117007318321
Gumatj,guma1253,NA,0.21503384366504405,0.3514176720767885,0,0,0.20798678690604455,0.22556169735212284,0.02256569502159782
Uripiv-Wala-Rano-Atchin,urip1239,NA,0,0.36875300982579784,0,0,0,0.6312469901742022,0.00921549475609134
Uripiv-Wala-Rano-Atchin,urip1239,NA,0,1,0,0,0,0,-0.0053870482699925
Uripiv-Wala-Rano-Atchin,urip1239,NA,0,0,0.6392107003739812,0.29686738701613236,0,0.06392191260988649,0.02597222644385841
Uripiv-Wala-Rano-Atchin,urip1239,NA,0.34027996038288694,0,0.659720039617113,0,0,0,0.04813484142667591
Uripiv-Wala-Rano-Atchin,urip1239,NA,0,0.4633145515225311,0,0.01038982584507549,0.05421107681507424,0.472084545817319,0.02440401609168439
Shipibo-Conibo,ship1254,NA,0,0.03068839219652734,0.7920262331493597,0,0,0.17728537465411304,0.01537493332861447
Shipibo-Conibo,ship1254,NA,0.10456085237255584,0,0.5254551390640394,0,0.28950526176885155,0.08047874679455315,0.03301272996580497
Shipibo-Conibo,ship1254,NA,0.7700957726226033,0,0.13272719138203976,0.09717703599535688,0,0,0.0250902867560863
Shipibo-Conibo,ship1254,NA,0,0.5492315091976203,0,0.34333861012744404,0,0.1074298806749356,0.01953874790962849
Shipibo-Conibo,ship1254,NA,0,0.3540493703456793,0.31966684402277745,0.16508278352574535,0,0.16120100210579788,0.0641018967037967
Southeastern Tepehuan,sout2976,NA,0,0,0,1,0,0,0.00881078786311985
Southeastern Tepehuan,sout2976,NA,0.6216245329979133,0.21381263928100636,0,0,0.16456282772108036,0,0.04341932651318708
Southeastern Tepehuan,sout2976,NA,1,0,0,0,0,0,0.01217225115744749
Southeastern Tepehuan,sout2976,NA,0.8341594449708799,0.16584055502912012,0,0,0,0,0.00618451156282682
Southeastern Tepehuan,sout2976,NA,0.620049446265437,0.23585535926101667,0,0.04179406433331639,0.10230113014022987,0,0.05139440519996005
Ahin-Kayapa Kalanguya,ahin1234,NA,0,0.9824466320905076,0,0.01755336790949242,0,0,0.03912685010566133
Ahin-Kayapa Kalanguya,ahin1234,NA,0,0.08135016423691926,0,0.25713137161535,0.6615184641477307,0,0.05283280393965132
Ahin-Kayapa Kalanguya,ahin1234,NA,0.9471400600993256,0.05285993990067438,0,0,0,0,0.04025386327384288
Ahin-Kayapa Kalanguya,ahin1234,NA,0,0.6449316161119542,0,0.35506838388804596,0,0,0.01501336447032684
Ahin-Kayapa Kalanguya,ahin1234,NA,0.19737287742905849,0,0.7879442608166014,0,0,0.01468286175434015,0.1130486483691618
North Slavey,nort2942,NA,0.7870701261427369,0,0,0.2129298738572631,0,0,0.05251353539028985
North Slavey,nort2942,NA,0,0,0,0.6612762925714507,0.18032116506609797,0.1584025423624513,0.0368144145686358
North Slavey,nort2942,NA,0,0,0,0,1,0,0.00809672226792198
North Slavey,nort2942,NA,0.5644669799984872,0,0,0,0.4355330200015128,0,0.01152816522924974
North Slavey,nort2942,NA,0.6047029583783057,0.02649224607181544,0,0,0,0.3688047955498789,0.04946238883379924
Pendau,pend1242,NA,0.10782120474980628,0.0105080582828519,0.8816707369673418,0,0,0,0.06015791961330675
Pendau,pend1242,NA,0,0,0.9711957944864832,0.02880420551351683,0,0,0.055519745504987
Pendau,pend1242,NA,0.190500122531826,0,0,0.030876353872813,0.778623523595361,0,0.02588424955485005
Pendau,pend1242,NA,0,0,0,0.9616617645229804,0,0.03833823547701969,0.01109157416661971
Pendau,pend1242,NA,0,0,0.7635971757349717,0,0,0.23640282426502843,0.06992813444783864
Eastern Armenian,nucl1235,NA,0.03460603425014755,0.02944447826684692,0.4731977332079886,0.46275175427501697,0,0,0.06698260889614957
Eastern Armenian,nucl1235,NA,0,0,0,1,0,0,0.00515193615635696
Eastern Armenian,nucl1235,NA,0,0,0,0,0,1,0.00330369791823399
Eastern Armenian,nucl1235,NA,0.9540985850476706,0.0459014149523294,0,0,0,0,0.0217049201003177
Eastern Armenian,nucl1235,NA,0,0,0,0,1,0,0.00542375950558674
Dandami Maria,dand1238,NA,0,1,0,0,0,0,0.00752338985671205
Dandami Maria,dand1238,NA,0,0,0,0.47700212048930607,0.5229978795106939,0,0.01172865273159643
Dandami Maria,dand1238,NA,0.10711694527489578,0,0.19206291567594647,0.20117066249421728,0.3919689222761869,0.1076805542787536,0.02452669403787831
Dandami Maria,dand1238,NA,0,0.15570462078139757,0,0.18203685529097696,0.366109165212484,0.2961493587151415,0.02698219771986337
Dandami Maria,dand1238,NA,0,1,0,0,0,0,2.0822811608547e-4
Kinshasa Lingala,ling1263,NA,0,1,0,0,0,0,0.00340314713530111
Kinshasa Lingala,ling1263,NA,0,0.26153160404562364,0,0,0.7384683959543763,0,0.03760292756104583
Kinshasa Lingala,ling1263,NA,0.3478636531200746,0.6521363468799254,0,0,0,0,0.02462919281887868
Kinshasa Lingala,ling1263,NA,0.31253349172754297,0.2560830903279986,0,0.4313834179444585,0,0,0.01379379476321773
Kinshasa Lingala,ling1263,NA,0.755326012909953,0,0,0.18489536504186144,0.0597786220481856,0,0.02503104981306574
Nengone,neng1238,NA,0.00124115240461081,0,0.696575838264333,0.02504027038675914,0.277142738944297,0,0.06103792808194704
Nengone,neng1238,NA,0.27688834212345675,0.23023212326861292,0.27719839811104047,0,0.21568113649688983,0,0.03427696116868977
Nengone,neng1238,NA,0,0,0.06539318289158516,0.03539714257703704,0,0.8992096745313778,0.05600906058360774
Nengone,neng1238,NA,0.2662322373438018,0.11630064992399804,0.0106127884903605,0.13435580409798947,0.33026553140859666,0.1422329887352534,0.05652053228242516
Nengone,neng1238,NA,0,0.3394309835126222,0.24631804432442436,0.2071201648648214,0.20713080729813205,0,0.03272482651932268
Pitta Pitta,pitt1247,NA,0.3600958407646772,0.0670773330708237,0.09933192947162882,0,0.23607804177189323,0.2374168549209771,0.03748329366861616
Pitta Pitta,pitt1247,NA,0,0.6677995665506697,0,0.3322004334493302,0,0,0.02492931918450475
Pitta Pitta,pitt1247,NA,0,0,0.3838489238052034,0.4529010732854648,0,0.16325000290933184,0.04433450609439833
Pitta Pitta,pitt1247,NA,0.00598109383894305,0,0.3657491856846342,0,0.45132456896805473,0.17694515150836804,0.01507332246190879
Pitta Pitta,pitt1247,NA,0.38705074045140686,0,0,0.5675545981211103,0.04539466142748273,0,0.01991796279720428
Hinuq,hinu1240,NA,0,0.06351457217961197,0.8602389064504364,0,0.07624652136995157,0,0.03931025884202566
Hinuq,hinu1240,NA,0,0,0,0,0.8313641615684123,0.1686358384315876,0.01595050123072915
Hinuq,hinu1240,NA,0.24323767212929737,0,0.6195386943709386,0.1372236334997641,0,0,0.02654179362953368
Hinuq,hinu1240,NA,0,0,1,0,0,0,0.01897627346887172
Hinuq,hinu1240,NA,0,0,0.2898730376292538,0.213605685902422,0,0.49652127646832417,0.00297470352902175
Modern Greek,mode1248,NA,0,0.35739667949460974,0.4880436794131908,0.15455964109219944,0,0,0.01956602430535226
Modern Greek,mode1248,NA,0.35040063877773275,0,0.12494187213534956,0.10273213734046316,0.02865278109933209,0.39327257064712234,0.04933557358405218
Modern Greek,mode1248,NA,0,1,0,0,0,0,0.00796507241428868
Modern Greek,mode1248,NA,0,1,0,0,0,0,0.01448455520178541
Modern Greek,mode1248,NA,0,0,0,0,1,0,0.01445461126682701
Cayubaba,cayu1262,NA,0.9436312415138718,0,0,0.01595275334985943,0.04041600513626865,0,0.05169858323433021
Cayubaba,cayu1262,NA,0.2150614188238139,0.47691412884555934,0.17685785811312787,0,0,0.13116659421749877,0.04014482600476256
Cayubaba,cayu1262,NA,0,0,0,0,1,0,0.01460067513108491
Cayubaba,cayu1262,NA,1,0,0,0,0,0,0.09029396331834608
Cayubaba,cayu1262,NA,0,0.5336710432357324,0.3383934079886094,0.1279355487756582,0,0,0.04488034455150842
North Marquesan,nort2845,NA,0,0.504352438659693,0,0,0.4956475613403071,0,0.03769457082407383
North Marquesan,nort2845,NA,0,0,0.7228589595392151,0,0.24409792825875787,0.03304311220202717,0.01751447169359188
North Marquesan,nort2845,NA,0.4766425920433773,0,0,0,0.48517307573496576,0.03818433222165687,0.0565850903831694
North Marquesan,nort2845,NA,0,0,0,1,0,0,-0.01367616211790219
North Marquesan,nort2845,NA,0,0,0.994553081518709,0.00544691848129096,0,0,0.08613100445236688
Hano,hano1246,NA,0,0,0.6829613016805004,0,0.31703869831949966,0,0.0219669449680535
Hano,hano1246,NA,0,0,0,0.2993101821679387,0,0.7006898178320613,0.02789242946487827
Hano,hano1246,NA,0,0.1602454676410161,0.8397545323589839,0,0,0,0.05706237396638263
Hano,hano1246,NA,0,0.29805762275886855,0.520214037486443,0,0.12430667501195432,0.05742166474273421,0.02583571935647328
Hano,hano1246,NA,0,0.19673001949871752,0.44489775105642393,0.00174648161468939,0.3566257478301692,0,0.02694703915324865
Woods Cree,wood1236,NA,0.12138607616233826,0,0.23672266445983248,0.44629755269196,0.1955937066858692,0,0.044413901092006
Woods Cree,wood1236,NA,0,0,0,0,0,1,0.01315100753841532
Woods Cree,wood1236,NA,0.35168035519078034,0.18174244214490184,0.2015350356151024,0,0.26504216704921535,0,0.0602998526365857
Woods Cree,wood1236,NA,0,0,0,0.21367813876140915,0,0.7863218612385909,0.01483703814273555
Woods Cree,wood1236,NA,0,0,1,0,0,0,0.01952990173398198
East Uvean,wall1257,NA,0,0,1,0,0,0,0.03573019695674486
East Uvean,wall1257,NA,0,0,0,1,0,0,-0.00171040212721767
East Uvean,wall1257,NA,0.22930665904394193,0,0,0,0,0.7706933409560581,0.02532484885906467
East Uvean,wall1257,NA,0,0,1,0,0,0,0.03809896410138171
East Uvean,wall1257,NA,0,0,0,0,0.01385339136194906,0.986146608638051,0.00946366859591618
Whitesands,whit1269,NA,0,0,0.5957232574798169,0,0.4042767425201832,0,0.04230762033129257
Whitesands,whit1269,NA,0,0,0,0.22108838381786616,0,0.7789116161821339,0.05245556404546146
Whitesands,whit1269,NA,0,0.39319961655544905,0,0.4504167428395533,0,0.15638364060499768,0.04432678256503163
Whitesands,whit1269,NA,0,0,0.9788232668639856,0,0.02117673313601438,0,0.02718097537114801
Whitesands,whit1269,NA,0.17218679660351477,0.792617677850677,0,0,0,0.03519552554580808,0.05647041223583257
Nyawaygi,nyaw1247,NA,0.5823817620265551,0,0,0.3339620507852001,0.08365618718824486,0,0.0664092422053028
Nyawaygi,nyaw1247,NA,0,0,0,1,0,0,-0.00783818214688844
Nyawaygi,nyaw1247,NA,0.19105510338884113,0,0.2925406089768742,0,0,0.5164042876342846,0.06713152238889994
Nyawaygi,nyaw1247,NA,0.17542157572799386,0,0,0.5817026342543539,0.17101352288549398,0.07186226713215833,0.03150159331669586
Nyawaygi,nyaw1247,NA,0,0,0,0.26779624147151115,0.3001339560067555,0.4320698025217333,0.04417326477778914
Niuean,niue1239,NA,0,1,0,0,0,0,0.00111404803247608
Niuean,niue1239,NA,0.8934492866717088,0,0.09712634486644106,0.00942436846185026,0,0,0.03066959692246525
Niuean,niue1239,NA,0,0,1,0,0,0,0.02304866456652281
Niuean,niue1239,NA,0.1536119911337403,0,0.5189712990876825,0.32741670977857706,0,0,0.00808500168040993
Niuean,niue1239,NA,0,0,0,0.4641183299713645,0.5358816700286356,0,0.02717545432984185
Rade,rade1240,NA,0,0,0.7872531121363342,0.21274688786366572,0,0,0.01588189816570865
Rade,rade1240,NA,0,0,0.3229231037825456,0.44863507077057296,0.17659784596391134,0.0518439794829701,0.0816382314636748
Rade,rade1240,NA,0,0.5621262244268228,0,0.0662093460649413,0.08440940669636508,0.2872550228118708,0.13587274001061156
Rade,rade1240,NA,0.1913583837848576,0.04120662447407067,0.13689140275617204,0.07941316271484242,0.4765925765934159,0.07453784967664139,0.02958711687191492
Rade,rade1240,NA,0,0.20560864545640692,0.3992899674011169,0.3951013871424761,0,0,0.02453975821661369
Wagaya,waga1260,NA,0,0.18905250649804525,0.06183413617197344,0.18954891261206877,0.05787354459888269,0.50169090011903,0.0450056666682698
Wagaya,waga1260,NA,0,0,0,0,0.6990042420120263,0.3009957579879738,0.02459626596725803
Wagaya,waga1260,NA,0,0,0.28122305013876786,0.2151517927862588,0,0.5036251570749735,0.03790548966660562
Wagaya,waga1260,NA,0.6152617634107727,0,0,0,0,0.38473823658922746,0.0373515358344567
Wagaya,waga1260,NA,0,0.28227866151024344,0,0.3029836166420575,0,0.4147377218476991,0.01006722880522331
Pohnpeian,pohn1238,NA,0.05582811034984857,0.0730746900536915,0.4939682180489674,0.21538529317078828,0.0707258854892432,0.09101780288746114,0.1209452312482632
Pohnpeian,pohn1238,NA,0.5840628104664121,0.21720607318259416,0,0.01039002149987318,0.07487314976181227,0.11346794508930828,0.01577754086054373
Pohnpeian,pohn1238,NA,0.1929189194191685,0,0.4636162031131892,0.22627012108804395,0.0183721346181281,0.09882262176147028,0.0296521387457646
Pohnpeian,pohn1238,NA,0.6631689828593853,0,0,0.24558843826675855,0,0.09124257887385603,0.03317671094824864
Pohnpeian,pohn1238,NA,0,0,0,0.9013820729762032,0,0.0986179270237967,0.06509771792104041
Kawaiisu,kawa1283,NA,0,0,0.02571482745253619,0.9742851725474636,0,0,0.0090259485994147
Kawaiisu,kawa1283,NA,0,0,0,1,0,0,0.00252203361587513
Kawaiisu,kawa1283,NA,0.8202233416992836,0,0,0,0,0.17977665830071643,0.08167263604558335
Kawaiisu,kawa1283,NA,0,0,1,0,0,0,0.03850550896970466
Kawaiisu,kawa1283,NA,0,0.17882171270261385,0.2151962311372192,0,0.5540622641208872,0.05191979203927977,0.07593171691168205
Pampanga,pamp1243,NA,0.2155201472526719,0.11653365129159993,0,0,0.6512090599454453,0.01673714151028282,0.01104114523120358
Pampanga,pamp1243,NA,0.00883204605882936,0.6200582696916419,0.3711096842495288,0,0,0,0.01290597367291837
Pampanga,pamp1243,NA,0,0,0,0,1,0,0.01023313465245909
Pampanga,pamp1243,NA,0,0.00624863041198624,0,0.9937513695880138,0,0,0.03915669981541086
Pampanga,pamp1243,NA,0.8881703525310138,0.02057178481767669,0,0,0,0.09125786265130952,0.03055494566366491
Iraya,iray1237,NA,0,0,0,0,0,1,0.01079514666848284
Iraya,iray1237,NA,0,0,0,0,0,1,0.00242463387258255
Iraya,iray1237,NA,0.41255303413251454,0.23808255319690905,0,0.0916150733478359,0.2577493393227405,0,0.03566591375798678
Iraya,iray1237,NA,0.14203641309149487,0.1923457356210227,0.3207683135223051,0.3448495377651773,0,0,0.00473854790867437
Iraya,iray1237,NA,0,0,0,0,1,0,3.750482524949011e-5
Avá-Canoeiro,avac1239,NA,0,0,0.08430069727195434,0.5122385697609819,0.28025539380833,0.12320533915873372,0.4418042044574973
Avá-Canoeiro,avac1239,NA,0.42256419676459983,0,0,0,0,0.5774358032354002,0.05392344162955383
Avá-Canoeiro,avac1239,NA,0,0.41449145341112026,0,0,0.5855085465888797,0,0.03546605375416037
Avá-Canoeiro,avac1239,NA,0,0,0,0,0,1,0.12447426942020992
Avá-Canoeiro,avac1239,NA,0.17264750231545054,0,0,0.13834131812530398,0.6890111795592455,0,0.0858342110980587
Polci,polc1243,NA,0.32344847378830033,0.02327976879327683,0.20657861997548485,0.20503231723947257,0,0.24166082020346552,0.06881330467095406
Polci,polc1243,NA,0.7464608506737958,0.16408872323669346,0,0.08945042608951076,0,0,0.04647790431886028
Polci,polc1243,NA,0.5860265802477778,0,0.25212529459652266,0.1618481251556996,0,0,0.11882234040914168
Polci,polc1243,NA,0,0,0.4118200745919223,0,0.5881799254080776,0,0.05392764395455032
Polci,polc1243,NA,0.30139422943489697,0,0.2053046134941535,0.08363541431481282,0.3304718893373068,0.07919385341882992,0.04640664313318005
Northwest Sahaptin,yaki1237,NA,0.10200625963501732,0,0.7006922420539303,0,0.1973014983110523,0,0.11045821976768257
Northwest Sahaptin,yaki1237,NA,0.44057488428298935,0.05045603079097872,0,0.26249497822157214,0.24647410670445985,0,0.0243544100886328
Northwest Sahaptin,yaki1237,NA,0,0,0,1,0,0,0.01533725926572433
Northwest Sahaptin,yaki1237,NA,0.28314252131891987,0,0,0,0.7168574786810802,0,0.02231893770661266
Northwest Sahaptin,yaki1237,NA,0.19544800821482128,0,0,0,0.8045519917851787,0,0.013088897164134
Akhvakh,akhv1239,NA,0.1308742126381996,0.03347112248658847,0,0.6081881887187812,0,0.22746647615643065,0.03710245680054076
Akhvakh,akhv1239,NA,1,0,0,0,0,0,0.03832479360901063
Akhvakh,akhv1239,NA,0.26616064107256043,0.680167599942001,0,0,0.05367175898543842,0,0.02892241753467704
Akhvakh,akhv1239,NA,0,0.13246173903795563,0.18258958573739448,0,0.5453859830526819,0.13956269217196798,0.04311368403212412
Akhvakh,akhv1239,NA,0,0.798474291583445,0,0,0,0.201525708416555,0.03974451388104873
Mbere,mber1257,NA,0.11355135929030616,0,0.4327808667914097,0.21193599305615768,0.2200927389925126,0.02163904186961381,0.05074973765359714
Mbere,mber1257,NA,0.6312319487797458,0,0,0,0.32838225575407404,0.04038579546618021,0.03745137908282217
Mbere,mber1257,NA,0.24105028547140384,0.6601048397185504,0,0.03283429603060926,0,0.06601057877943653,0.08950101579701018
Mbere,mber1257,NA,0,0.14986181666329657,0.5268022475745726,0,0.28158336775454706,0.04175256800758378,0.07338055910482874
Mbere,mber1257,NA,0,0,0.256169643295724,0,0.6732416526251745,0.07058870407910157,0.03217846143823702
Kuman,kuma1280,NA,0.6242444937896738,0,0.2557008413677111,0,0,0.1200546648426151,0.10795126123702688
Kuman,kuma1280,NA,0,0.20391103539881508,0,0.5550674560392304,0.24102150856195456,0,0.00229501421813763
Kuman,kuma1280,NA,0,0,0,0.5176717058533437,0,0.4823282941466564,0.0094031271248513
Kuman,kuma1280,NA,0,0,0,0,0.5073673497202571,0.492632650279743,0.01614814233940727
Kuman,kuma1280,NA,0,0.8048432387748184,0,0,0,0.1951567612251816,0.04948232338382977
Maithili,mait1250,NA,0,0.10995929062489591,0.0575670363798827,0,0.22540318728951517,0.6070704857057063,0.00763195876956359
Maithili,mait1250,NA,0.21089428134654264,0.23598484846930828,0.36360182456531126,0,0.01719345941746534,0.1723255862013724,0.04175695028401717
Maithili,mait1250,NA,0,0.731129399856745,0,0,0.2688706001432551,0,0.01162712491967617
Maithili,mait1250,NA,0.22471711176749015,0,0.4591370906088171,0.27930414993947156,0,0.03684164768422118,0.01449627197439332
Maithili,mait1250,NA,0.08813340633333895,0,0,0.6663452548027841,0.24552133886387692,0,0.06963674882726634
Yir-Yoront,yiry1245,NA,0.23413615459734913,0.02074574964305809,0.1729017940311832,0,0.5722163017284095,0,0.04547569123494206
Yir-Yoront,yiry1245,NA,0.49865539417882854,0,0.23602077813999017,0.24988840192531908,0.01543542575586226,0,0.10564041937817992
Yir-Yoront,yiry1245,NA,0.5777393102783995,0,0.01698360692384147,0,0.1002362235565589,0.3050408592412003,0.02823876704843898
Yir-Yoront,yiry1245,NA,0.19862565230303417,0.7388518098769703,0,0,0,0.06252253781999552,0.02191868293968613
Yir-Yoront,yiry1245,NA,0.5506193480014945,0,0.2168738121806841,0.22033112323333684,0,0.01217571658448458,0.04298456209786903
Wappo,wapp1239,NA,0,0.13255703414036046,0,0,0.8674429658596395,0,0.0193250167364778
Wappo,wapp1239,NA,0.4507106216618324,0,0.26807480362189007,0,0.1702583241619181,0.11095625055435936,0.04653584998369056
Wappo,wapp1239,NA,1,0,0,0,0,0,0.03174859968948389
Wappo,wapp1239,NA,0,0,0.86047995512378,0.13952004487622016,0,0,0.07890772394976861
Wappo,wapp1239,NA,0,0,0,1,0,0,0.03971926336489483
Lengua,leng1262,NA,0,0,0,0.05496356641672587,0.774335963509954,0.17070047007332015,0.07339937375022798
Lengua,leng1262,NA,0,0.519179841640056,0,0.16684415899361849,0.14562654368590064,0.16834945568042492,0.06261130399128657
Lengua,leng1262,NA,0,0,0,0.5697127752572458,0,0.4302872247427542,0.02757547799977762
Lengua,leng1262,NA,0.10986426960721228,0,0.88480825215498,0,0,0.00532747823780762,0.18092116643027456
Lengua,leng1262,NA,0,0,0,0.42724476036752984,0,0.5727552396324701,0.01809214244680528
Vao,vaoo1237,NA,0,0,0,0,1,0,0.00287238609151318
Vao,vaoo1237,NA,1,0,0,0,0,0,0.02614343168825943
Vao,vaoo1237,NA,0,0,0.1242074938319136,0,0.09333692293218952,0.7824555832358969,0.03123426256870398
Vao,vaoo1237,NA,0,0.06551582468766118,0,0.01384112573362969,0.920643049578709,0,0.08006858966544683
Vao,vaoo1237,NA,0.08620078317556001,0.7423963200291467,0,0.1714028967952933,0,0,0.02995894890184194
Paicî,paic1239,NA,0.1376757428699067,0.194969411190863,0.24441538159905016,0.06455641120027408,0.35838305313990604,0,0.02918167008563043
Paicî,paic1239,NA,0.827134439368936,0.16839656213737508,0,0,0,0.00446899849368896,0.02567077547315696
Paicî,paic1239,NA,0.06678701865503489,0.17541076184884852,0,0,0.7578022194961165,0,0.00943342116393737
Paicî,paic1239,NA,0.2055458563738637,0.3757689729762115,0,0,0.4186851706499249,0,0.03910147629312727
Paicî,paic1239,NA,0,0,0,0.5593965208548574,0.4406034791451426,0,0.03509363513833399
Wangkajunga,wang1288,NA,0.6288560721077129,0,0.06027145126390539,0.22071459896767695,0.09015787766070484,0,0.06394975456589123
Wangkajunga,wang1288,NA,0,0,0,1,0,0,-1.3433390262127e-4
Wangkajunga,wang1288,NA,0.8359505476064633,0,0,0.16404945239353674,0,0,0.01814079319576858
Wangkajunga,wang1288,NA,0,0,1,0,0,0,0.04858233362993456
Wangkajunga,wang1288,NA,0,0,0,1,0,0,6.6781738924753e-4
Avar,avar1256,NA,0,0.22758331756245995,0,0,0,0.77241668243754,0.04850692068969525
Avar,avar1256,NA,0,0,0.01757949659411845,0,0.9824205034058816,0,0.00980582726555034
Avar,avar1256,NA,0,0,0,0.4866882470843673,0,0.5133117529156327,0.01807484959554801
Avar,avar1256,NA,0.6589890257967206,0,0,0.17924167642010877,0.1617692977831707,0,0.01457257841102766
Avar,avar1256,NA,0.29115903305665264,0.0997490680987368,0,0.08723839008654702,0.1636500413173204,0.3582034674407432,0.05758984448917012
Narrinyeri,narr1259,NA,0.2850131550795499,0.5837598865283437,0,0.03496286962629038,0,0.096264088765816,0.24414635111644592
Narrinyeri,narr1259,NA,0,1,0,0,0,0,-0.04842367676021318
Narrinyeri,narr1259,NA,0.01392296913044809,0.08290628093201383,0.3742920094472483,0.32678802311491906,0.20209071737537077,0,0.12209326324860888
Narrinyeri,narr1259,NA,0,0,0,0.290328782555461,0.26010387890630265,0.4495673385382362,0.0694576011537543
Narrinyeri,narr1259,NA,0,0.4344859100214334,0,0.5655140899785666,0,0,0.03633177437220086
Wiyot,wiyo1248,NA,0.18199789560340093,0,0,0.5480892196259357,0.2699128847706634,0,0.1160295747317134
Wiyot,wiyo1248,NA,0,1,0,0,0,0,0.03125774738133642
Wiyot,wiyo1248,NA,0.3841905974005104,0,0.29968066514560077,0,0.3161287374538888,0,0.01314777352312204
Wiyot,wiyo1248,NA,0,0.3046654325002999,0,0.6953345674997001,0,0,0.00891528710121088
Wiyot,wiyo1248,NA,0,0.1700975677867432,0.8093846256852284,0.02051780652802833,0,0,0.0290124571087481
Batak Toba,bata1289,NA,0.07575789560409171,0.5783007109856584,0,0,0,0.34594139341025,0.02386992346868107
Batak Toba,bata1289,NA,0.6229964243055294,0,0,0.37700357569447057,0,0,0.01581175158207876
Batak Toba,bata1289,NA,0,0,0,0,1,0,0.02622028692467452
Batak Toba,bata1289,NA,1,0,0,0,0,0,0.02348341070917036
Batak Toba,bata1289,NA,1,0,0,0,0,0,0.00572928201525076
Dehong,deho1238,NA,0.16252897915001288,0.04536030546049275,0.6631009986921569,0,0.12900971669733757,0,0.07944211233247862
Dehong,deho1238,NA,0.08134586657690214,0,0,0.4933354120500255,0,0.4253187213730724,0.01821841188537473
Dehong,deho1238,NA,0,0.19844403969028007,0,0,0,0.8015559603097199,0.01984747652963293
Dehong,deho1238,NA,0,0.1264094881580005,0,0.02211619397064712,0,0.8514743178713525,0.02660882884517759
Dehong,deho1238,NA,0,0.6826193515260581,0,0.317380648473942,0,0,0.04365692194554597
Cofán,cofa1242,NA,0,0,0,0,0.543521617552999,0.45647838244700106,0.00928496226591233
Cofán,cofa1242,NA,0.26484203921439964,0,0.44488144883542297,0.00965589149257668,0,0.2806206204576006,0.09092550568821034
Cofán,cofa1242,NA,0,0,0,1,0,0,0.00191485667193194
Cofán,cofa1242,NA,0.4828348013923909,0.24649190892732617,0,0,0,0.2706732896802831,0.01525796419177696
Cofán,cofa1242,NA,0.28853708261694017,0,0.4264013724252714,0,0.28506154495778846,0,0.05642765919762185
Iyojwa'ja Chorote,iyoj1235,NA,0,0,0,0,0.9218571140487808,0.07814288595121936,0.07168251427736208
Iyojwa'ja Chorote,iyoj1235,NA,0,0,0,0,0,1,0.00788168084328198
Iyojwa'ja Chorote,iyoj1235,NA,0,0,1,0,0,0,0.04594529891423132
Iyojwa'ja Chorote,iyoj1235,NA,0,0,0,0.612374956959885,0.38762504304011514,0,0.03600555582770622
Iyojwa'ja Chorote,iyoj1235,NA,0,0.7453141226945593,0.02052854633637864,0.23415733096906216,0,0,0.04546364836522861
Maca,maca1260,NA,0.8398310454385866,0,0,0,0.16016895456141342,0,0.04340932637948775
Maca,maca1260,NA,1,0,0,0,0,0,0.12712614190860536
Maca,maca1260,NA,0.5906187060742965,0.1922546435900276,0,0,0,0.2171266503356759,0.04221442241383024
Maca,maca1260,NA,0,0,1,0,0,0,0.08870351074331476
Maca,maca1260,NA,0.04536473083003134,0.300733007265558,0.20472177559219049,0,0,0.4491804863122202,0.03052774793307515
Nogai,noga1249,NA,0.6118071913641242,0.1890936932834326,0,0,0,0.19909911535244315,0.04116356598269469
Nogai,noga1249,NA,0,0.5274583739060014,0,0,0.4307582949461036,0.04178333114789508,0.01302799583802737
Nogai,noga1249,NA,0.6768747215535017,0,0.32312527844649824,0,0,0,0.02165403071032801
Nogai,noga1249,NA,0.8669427396276853,0.01127354231008672,0,0.12178371806222796,0,0,0.05379002257633522
Nogai,noga1249,NA,0,0,0,1,0,0,0.00209237482056169
Monumbo,nucl1458,NA,0,0,0.5861284992487565,0,0,0.41387150075124346,0.03256316599437464
Monumbo,nucl1458,NA,0.6024574992877493,0,0,0,0.3975425007122508,0,0.00763223806118502
Monumbo,nucl1458,NA,0.08983805266859052,0,0,0,0,0.9101619473314096,0.02955890223565344
Monumbo,nucl1458,NA,0,0.28413003927499575,0.4190570829064413,0.2917762010175271,0.00503667680103598,0,0.02239953286139179
Monumbo,nucl1458,NA,0,0.6794809708347748,0,0,0.3205190291652253,0,0.01400063186481706
Huron-Wyandot,wyan1247,NA,0.645876672976359,0,0.25965655544461297,0.09446677157902814,0,0,0.04612059633735321
Huron-Wyandot,wyan1247,NA,0.12815143291701236,0.13006422589292535,0.40674102968107495,0,0.3350433115089874,0,0.06634973556694698
Huron-Wyandot,wyan1247,NA,0,1,0,0,0,0,0.0064823337890099
Huron-Wyandot,wyan1247,NA,0,0.25295458437346197,0.04154553327663009,0,0.1053001825789384,0.6001996997709695,0.03230345304303302
Huron-Wyandot,wyan1247,NA,0,0,0.6194782808694106,0.3805217191305894,0,0,0.12499639564621225
Wichí Lhamtés Güisnay,wich1264,NA,0,0.10857275784896143,0.01123623101866352,0.1907989690250176,0.5404166430613762,0.14897539904598137,0.01491865302149138
Wichí Lhamtés Güisnay,wich1264,NA,0,0.3277652289735236,0.37365995096413573,0.0814992074416558,0,0.21707561262068492,0.03734933428204586
Wichí Lhamtés Güisnay,wich1264,NA,0.5455937978489273,0.17006666396463097,0.17160864750846275,0.11273089067797912,0,0,0.06018447094690488
Wichí Lhamtés Güisnay,wich1264,NA,0,0,0,1,0,0,0.0160552480002538
Wichí Lhamtés Güisnay,wich1264,NA,0,0.30518821516493805,0,0,0.6948117848350619,0,0.04942224731549882
Southern Kiwai,sout2949,NA,0.11438460411027826,0.30857535098362054,0.01090622356656729,0,0,0.566133821339534,0.06816960100131678
Southern Kiwai,sout2949,NA,0,0.11238775219511546,0.3945484180154962,0.49306382978938834,0,0,0.12730193931439765
Southern Kiwai,sout2949,NA,0.49662585452007674,0,0.5033741454799233,0,0,0,0.03742919355825025
Southern Kiwai,sout2949,NA,0,0,0.17590942721638203,0.5404222168984678,0.1410516753522551,0.14261668053289506,0.04014783657650399
Southern Kiwai,sout2949,NA,0.213241826627409,0.3782405851477475,0,0.04601820565036199,0,0.3624993825744814,0.05132335516139139
Bit,bitt1240,NA,0,0,0,0,0,1,0.02413925142340615
Bit,bitt1240,NA,0,0,0,0.08859696022896431,0.4657710765271349,0.4456319632439007,0.01481459573293234
Bit,bitt1240,NA,0.3606958040040543,0.0058623115889041,0,0.3469762486749266,0.2864656357321149,0,0.07700002333233856
Bit,bitt1240,NA,0,0,0.8831934199774939,0.11680658002250612,0,0,0.0642099468650889
Bit,bitt1240,NA,0.2955441215727988,0,0,0.5842361729319072,0.04200263428127763,0.07821707121401641,0.01293310970541379
Mairasi,nucl1594,NA,0,0,0.5991665154292456,0.219711581432127,0,0.1811219031386275,0.01703007708417665
Mairasi,nucl1594,NA,1,0,0,0,0,0,0.02846893811109164
Mairasi,nucl1594,NA,0,0.3257169541811775,0,0.4352887335884455,0.05631062406994319,0.18268368816043365,0.0291785614163216
Mairasi,nucl1594,NA,0,0.9851557215007404,0,0,0,0.01484427849925978,0.00954581320150046
Mairasi,nucl1594,NA,0.09792725056041073,0,0,0,0,0.90207274943958915,0.04351554302721129
Loniu,loni1238,NA,0.1207669527046028,0.1922848833226385,0.02355408947749502,0.6437525777369979,0.01964149675826581,0,0.04337687824235298
Loniu,loni1238,NA,0,0,0.27531644446519543,9.0036199592285e-4,0.6554258444851702,0.06835734905371152,0.06712348367704025
Loniu,loni1238,NA,1,0,0,0,0,0,0.01537253160127736
Loniu,loni1238,NA,0.02196013203593254,0.8766111793101506,0.10142868865391676,0,0,0,0.07772244021941623
Loniu,loni1238,NA,1,0,0,0,0,0,0.01426125959638419
Gane,gane1237,NA,0,0,0.8766259105375384,0,0,0.1233740894624616,0.01207103393005499
Gane,gane1237,NA,0,0.06068469198758385,0.9089186855330454,0,0.03039662247937062,0,0.08634869480518528
Gane,gane1237,NA,0,0.16454777230905585,0.6452531496486456,0,0,0.19019907804229863,0.04811646875845202
Gane,gane1237,NA,0.3160667430107701,0,0.21395840265903335,0,0.38075858421705894,0.0892162701131376,0.05260642389187829
Gane,gane1237,NA,0,0,1,0,0,0,0.06694399977337602
Ingush,ingu1240,NA,0,0.6500211599738279,0.349978840026172,0,0,0,0.00566780747098491
Ingush,ingu1240,NA,0,0,0,0,0,1,0.02148811534733399
Ingush,ingu1240,NA,0,1,0,0,0,0,-0.0067888211534916
Ingush,ingu1240,NA,0.5908753382614533,0,0.4091246617385467,0,0,0,0.02695605014411113
Ingush,ingu1240,NA,0,0.01397040093952185,0.4570140299691169,0.5290155690913613,0,0,0.03031753551263414
Huli,huli1244,NA,0,0,0,1,0,0,0.01623818616012787
Huli,huli1244,NA,1,0,0,0,0,0,0.00273008800979391
Huli,huli1244,NA,0,0,0,0.5772823894109824,0.4227176105890176,0,0.01603240627208965
Huli,huli1244,NA,0.5506405076362192,0.05969145544227055,0,0.0917091667199921,0,0.2979588702015181,0.04463831348187944
Huli,huli1244,NA,0.09589920611486152,0.13541283061066398,0.7686879632744744,0,0,0,0.04404612274323399
Asera,aser1237,NA,0,0,1,0,0,5.551115123125783e-17,-0.00200498497106958
Asera,aser1237,NA,0.66690436960154,0,0.33309563039846,0,0,0,0.03364265603295963
Asera,aser1237,NA,0,0,0,0,0,1,0.01767030710766845
Asera,aser1237,NA,0,0.12240272470055397,0,0,0.4521452093202172,0.42545206597922886,0.04000257051426408
Asera,aser1237,NA,0.673093213480299,0,0.3045816621190231,0.0223251244006778,0,0,0.04841059606002243
Umiray Dumaget Agta,umir1236,NA,0.4484882700149919,0.5515117299850081,0,0,0,0,0.0273048525975772
Umiray Dumaget Agta,umir1236,NA,0,0.5815735907401758,0,0,0,0.4184264092598243,0.04671632382063805
Umiray Dumaget Agta,umir1236,NA,0,0,0,0,1,0,0.0030321503996041
Umiray Dumaget Agta,umir1236,NA,0.483184457239304,0.00925827677592754,0.01316029012651104,0.2148558170051656,0.2795411588530919,0,0.0375543308749987
Umiray Dumaget Agta,umir1236,NA,0.6103213261440703,0,0.044435714564678,0,0,0.3452429592912517,0.03928489883882465
Nivaclé,niva1238,NA,0.2473256563190171,0,0.5199405660237323,0,0.2327337776572507,0,0.02315329310041619
Nivaclé,niva1238,NA,0.2258320098874957,0.06639514470260378,0.678988440330906,0.02878440507899461,0,0,0.03557139360420335
Nivaclé,niva1238,NA,0.5222681331145422,0.3885616425683766,0.08917022431708108,0,0,0,0.05523687432640284
Nivaclé,niva1238,NA,0.26616904435892225,0,0,0.599964877796188,0,0.1338660778448898,0.03595756562774723
Nivaclé,niva1238,NA,0.05456034528436881,0.0753156696724912,0.87012398504314,0,0,0,0.11989781791528398
Latin,lati1261,NA,0.20190773775976031,0.05855901368169306,0.7395332485585465,0,0,0,0.0798917427411292
Latin,lati1261,NA,0.45426159154752394,0.16214697351915536,0,0,0.099169119450936,0.28442231548238456,0.02709715654154954
Latin,lati1261,NA,0,0,0,0,0,1,-1.8757097552651e-4
Latin,lati1261,NA,0.9476384744051786,0,0.05236152559482151,0,0,0,0.02297982503294231
Latin,lati1261,NA,0.12263539900527017,0.01539208418942071,0.8619725168053092,0,0,0,0.05881383889298283
Hiligaynon,hili1240,NA,0,0,0,0.7449122657507183,0,0.25508773424928166,0.02088352530179583
Hiligaynon,hili1240,NA,0.13259369425915088,0.0129273369557325,0.2097704367253207,0.0324493270414545,0.6122592050183413,0,0.05290237453239261
Hiligaynon,hili1240,NA,0.8982825640257833,0,0,0.08603154098954002,0,0.01568589498467663,0.04694559066497665
Hiligaynon,hili1240,NA,0,0,1,0,0,0,0.10266242118284594
Hiligaynon,hili1240,NA,0,0.203090960318374,0,0.02844933365113862,0.4120044433366571,0.3564552626938303,0.02072975392200628
Tsonga,tson1249,NA,0,0.16439911369686894,0.12300747717767677,0,0.7125934091254542,0,0.01921984156195005
Tsonga,tson1249,NA,0.19713413784235312,0.2936527678910543,0.15132357075221076,0.02086982862471168,0.22659503871629944,0.11042465617337067,0.02140145928177556
Tsonga,tson1249,NA,0,0.2680531564702066,0,0.7319468435297933,0,0,0.01726404878734432
Tsonga,tson1249,NA,0,0.4041478147817258,0,0,0.4148296371606131,0.18102254805766105,0.01848111845024817
Tsonga,tson1249,NA,0.5574884973903429,0,0,0.4425115026096571,0,0,0.01950161024904347
Afrikaans,afri1274,NA,0,0,0,1,0,0,-0.00166101467472021
Afrikaans,afri1274,NA,0.8839658814967076,0,0,0,0,0.1160341185032924,0.0237179525834455
Afrikaans,afri1274,NA,0.3063504548233227,0,0.6936495451766772,0,0,0,0.0121499129830178
Afrikaans,afri1274,NA,0,0.3239685660848279,0.6760314339151721,0,0,0,0.0089723236627246
Afrikaans,afri1274,NA,0.6640388397957152,0.09321633424001402,0.1489954182813549,0.0279861966672696,0,0.06576321101564618,0.06404191478437407
Bo-Ung,boun1245,NA,0,0.04699799491328165,0.01748551171052898,0.2891504581733236,0.2503714943237582,0.39599454087910774,0.14930830805509798
Bo-Ung,boun1245,NA,0.7508464320535665,0,0.24915356794643348,0,0,0,0.12546187845718426
Bo-Ung,boun1245,NA,0,0,0,0.282805832779671,0,0.717194167220329,0.19161059586894227
Bo-Ung,boun1245,NA,0,0.7629365957760302,0.2370634042239698,0,0,0,0.0163827759174468
Bo-Ung,boun1245,NA,0.23557627092797856,0.6563072638380483,0,0.04267108599388398,0.06544537924008915,0,0.10980490394421424
Zuni,zuni1245,NA,0.11619747597823205,0,0,0.03667880929702775,0.8471237147247402,0,0.02846008697144554
Zuni,zuni1245,NA,0.6941728053510124,0,0.28187775444540414,0,0,0.02394944020358339,0.08497879249862207
Zuni,zuni1245,NA,0.8588382515527864,0.14116174844721358,0,0,0,0,0.04295088148965272
Zuni,zuni1245,NA,0.3135748726095207,0,0.32924180657619506,0.35718332081428433,0,0,0.04223892097414047
Zuni,zuni1245,NA,4.4125205317217e-17,0,1,0,0,0,-0.00934286604431349
Standard Lebanese Arabic,stan1323,NA,0.8156500720544568,0,0,0,0.0663781613125622,0.11797176663298102,0.02093628073268393
Standard Lebanese Arabic,stan1323,NA,0.3506258247677742,0.0572529814700512,0.5460830063395081,0.01119671524222547,0.03484147218044087,0,0.05554025009195
Standard Lebanese Arabic,stan1323,NA,0,0,0.7053490203472144,0,0.27699433845580096,0.01765664119698479,0.06317521284125786
Standard Lebanese Arabic,stan1323,NA,0,0.01063897926231383,0,0.2276493781731087,0,0.7617116425645775,0.0146787792255119
Standard Lebanese Arabic,stan1323,NA,0.07613517408252157,0.00882212772919792,0.6653781688516213,0.2496645293366592,0,0,0.02301212137749703
Buru (Indonesia),buru1303,NA,0.49888550115805574,0.07258613481115286,0,0.21101145637096128,0,0.21751690765983012,0.04964392250609759
Buru (Indonesia),buru1303,NA,0.25237870455918415,0.575087036470674,0,0.17253425897014169,0,0,0.0099278656640551
Buru (Indonesia),buru1303,NA,0,0.8797606600245069,0,0,0.12023933997549306,0,0.05537132076280123
Buru (Indonesia),buru1303,NA,0,0,0,0,0,1,0.00963383510371058
Buru (Indonesia),buru1303,NA,0.01383512298932973,0,0,0,0,0.9861648770106703,0.01599250638993811
Southwestern Alaya-Athima,kunj1248,NA,0.04698258615440443,0.9530174138455956,0,0,0,0,0.00594175909846667
Southwestern Alaya-Athima,kunj1248,NA,0,0,0,1,0,0,-0.00144396692052438
Southwestern Alaya-Athima,kunj1248,NA,0,0.31776542396551677,0,0,0.6822345760344832,0,0.07033225750494272
Southwestern Alaya-Athima,kunj1248,NA,0,0.34489639841456765,0,0.6551036015854323,0,0,0.04039274988628413
Southwestern Alaya-Athima,kunj1248,NA,0,0,0.4892898180848669,0,0.5107101819151332,0,0.02629353837417106
Paakantyi,darl1243,NA,0,0,0,0.08819660773570337,0.3907186357478903,0.5210847565164064,0.0163187338601221
Paakantyi,darl1243,NA,0.5989539288722852,0,0,0.4010460711277149,0,0,0.02504660646690422
Paakantyi,darl1243,NA,0.654074628883788,0.345925371116212,0,0,0,0,0.04850648539456929
Paakantyi,darl1243,NA,0,0.5629694474084461,0.43703055259155377,0,0,0,0.01632711593263739
Paakantyi,darl1243,NA,0.3179575703686016,0.05473174338223081,0,0.6273106862491675,0,0,0.04870857819660957
Riantana,rian1263,NA,0,0,0.565998140833897,0,0.12009222085572452,0.3139096383103783,0.1537741783285679
Riantana,rian1263,NA,0.6702055035766109,0.03141122997191876,0,0.29838326645147045,0,0,0.4701711741164136
Riantana,rian1263,NA,0.34651370059107667,0,0.05697813688361606,0.34712744393672873,0.24938071858857855,0,0.1462201225071607
Riantana,rian1263,NA,0.2847043730577642,0.14449891156551894,0,0,0.0744517454839196,0.49634496989279736,0.14171201172837108
Riantana,rian1263,NA,0,0,0,0.834182788997697,0.16581721100230296,0,0.04269332332696826
Peoria,peor1238,NA,0.6701939747184292,0,0.3298060252815708,0,0,0,0.04093494282617597
Peoria,peor1238,NA,1,0,0,0,0,0,-0.03529358451516729
Peoria,peor1238,NA,0.2083094113555772,0,0.04784055164605372,0.21941178834859093,0.2176724420795812,0.306765806570197,0.09037837794486492
Peoria,peor1238,NA,0,0.04227196295139024,0.20752403001710237,0.3659677803802942,0.16006568753204556,0.22417053911916776,0.03187440675140936
Peoria,peor1238,NA,0,0.8923432059273974,0,0,0.10765679407260265,0,0.02834788662204352
Nyoro,nyor1246,NA,0,0,0,0,1,0,0.00863289443012327
Nyoro,nyor1246,NA,0.46303576701644267,0.16990263094690414,0.3670616020366532,0,0,0,0.02097161001538996
Nyoro,nyor1246,NA,0,0,0,0,0.590824546476406,0.409175453523594,0.02804937128752195
Nyoro,nyor1246,NA,0.00749412474623133,0.01719941707858638,0.1418517058347772,0.4846215505571618,0,0.34883320178324334,0.05447314091477482
Nyoro,nyor1246,NA,0.9461579362117808,0,0.05384206378821919,0,0,0,0.00364639652411303
Dharumbal,dhar1248,NA,0,0,0,0,0,1,0.00530616507331582
Dharumbal,dhar1248,NA,0,0.1857473808875987,0.7408315521319276,0,0,0.07342106698047374,0.06397242718337344
Dharumbal,dhar1248,NA,0,1,0,0,0,0,-0.01425075158786623
Dharumbal,dhar1248,NA,0.9069584688189386,0,0.09304153118106132,0,0,0,0.02473694744762531
Dharumbal,dhar1248,NA,0.664340084221532,0,0.12085436544553294,0.2148055503329351,0,0,0.04502782308446406
Cotabato Manobo,cota1241,NA,0,0.18062710962532735,0,0,0.33659726348715374,0.4827756268875189,0.07175588638208841
Cotabato Manobo,cota1241,NA,0,1,0,0,0,0,0.03962071568764862
Cotabato Manobo,cota1241,NA,0,0,0,0.5778799999399087,0,0.42212000006009126,0.04950932111936169
Cotabato Manobo,cota1241,NA,0.27163996652719996,0,0.3768715868146371,0,0,0.3514884466581628,0.05336253084293535
Cotabato Manobo,cota1241,NA,0,0,0,1,0,0,0.04414541201096766
Budza,budz1238,NA,0,0,0.4214882178112488,0.5785117821887513,0,0,-0.04010669250257574
Budza,budz1238,NA,0,0,0.3521326247089173,0,0,0.6478673752910826,-0.00818564332152728
Budza,budz1238,NA,0,0.73205576348535,0.1464110884405883,0,0,0.12153314807406172,0.05441393833140025
Budza,budz1238,NA,0,0,0.07763656370281338,0.7763655948603702,0.11895272199998856,0.02704511943682796,0.13612606536776306
Budza,budz1238,NA,0,0,8.28717551787306e-8,0,0,0.9999999171282448,-0.0124421778487215
Bafia,bafi1243,NA,0,0,0.2227500544944136,0,0.36770786881658774,0.4095420766889987,0.03136538146241489
Bafia,bafi1243,NA,0.7242585857893037,0,0,0.27574141421069637,0,0,0.06691871954889463
Bafia,bafi1243,NA,0.18443618748983143,0,0.7967961310966316,0,0,0.0187676814135369,0.16554093409718995
Bafia,bafi1243,NA,0.44176675543322674,0,0,0.5582332445667733,0,0,0.01209745779672515
Bafia,bafi1243,NA,0.05239031411472428,0,0,0,0.8504721700983241,0.09713751578695155,0.23464063099700536
Kui (India),kuii1252,NA,0,0,0,0,1,0,0.00594356860029977
Kui (India),kuii1252,NA,1,0,0,0,0,0,0.0477786195790791
Kui (India),kuii1252,NA,0,0,0.34130419631614345,0.1933130847077964,0.11348295074652236,0.35189976822953767,0.05864834129714953
Kui (India),kuii1252,NA,0,0.16917425163330127,0.5394086940039677,0.29141705436273097,0,0,0.0231734135130526
Kui (India),kuii1252,NA,4.3901579072768e-4,0.179845284288706,0.3229723681495046,0.4967433317710618,0,0,0.03501974142467184
Warta Thuntai,gunt1241,NA,0.12286106838544594,0.4858879689881312,0.07510146579227969,0,0.04936837304936741,0.26678112378477575,0.19769716054592143
Warta Thuntai,gunt1241,NA,0,0.9342049011891448,0.06579509881085537,0,0,0,-0.06561797530342503
Warta Thuntai,gunt1241,NA,0,0,0.06128093423619235,0.9387190657638076,0,0,0.01293940744510417
Warta Thuntai,gunt1241,NA,0,0.3797118814281265,0.21861781589181045,0,0,0.401670302680063,0.14738449093728903
Warta Thuntai,gunt1241,NA,0.8159315558198935,0,0.18406844418010648,0,0,0,0.03789081916811207
Madurese,nucl1460,NA,0.07694631102761082,0,0,0,0.40771745264579023,0.515336236326599,0.01582733965318177
Madurese,nucl1460,NA,0.09043597422106252,0,0.03324377842118716,0,0.10170380625177282,0.7746164411059775,0.07649881355964197
Madurese,nucl1460,NA,0,1,0,0,0,0,-0.00188285861613007
Madurese,nucl1460,NA,0,0.02933909451156376,0,0,0.9706609054884362,0,0.04083001121522549
Madurese,nucl1460,NA,0,0,0,0,1,0,0.00465516091056512
Colombian Sign Language,colo1249,NA,0.15761493485716074,0.1566670116198962,0,0.11265433793367342,0.5730637155892696,0,0.07265223503885225
Colombian Sign Language,colo1249,NA,0,0,0.15723508438551165,0.06590935331104408,0,0.7768555623034442,0.14945245057013296
Colombian Sign Language,colo1249,NA,0,0,0.04270324267345354,0,0,0.9572967573265464,0.06950841222191438
Colombian Sign Language,colo1249,NA,0,0,0.7583665799434743,0.06214538928783018,0,0.1794880307686954,0.05760968778399076
Colombian Sign Language,colo1249,NA,0,1,0,0,0,0,-0.001697352918656
Tuamotuan,tuam1242,NA,0,0.45148882149058056,0.43892538251790464,0,0.1095857959915148,0,0.0856768133626401
Tuamotuan,tuam1242,NA,0.01706011210210502,0.2779922723845316,0.25792006995412864,0.1297727153511673,0,0.31725483020806755,0.03065416718064269
Tuamotuan,tuam1242,NA,0.2846428488454128,0,0.07209888498533826,0.21756211603888032,0.4256961501303686,0,0.07300886626962882
Tuamotuan,tuam1242,NA,0.49176332849431975,0.08720596814565705,0,0,0.16403244369554798,0.2569982596644752,0.06294552074845938
Tuamotuan,tuam1242,NA,0,0,0.5117977960280008,0.3742960698823713,0,0.1139061340896279,0.01859775890167342
Old English (ca. 450-1100),olde1238,NA,0,0,1,0,0,0,0.00912835245438614
Old English (ca. 450-1100),olde1238,NA,0,0,0.08485105368834603,0.17976248422068294,0.735386462090971,0,0.05573040490938663
Old English (ca. 450-1100),olde1238,NA,0,0.3355142596934751,0.37427523129598383,0.00974493976253471,0.02137804569041056,0.2590875235575958,0.04235793364070358
Old English (ca. 450-1100),olde1238,NA,0.5339477913662671,0.09812829353724686,0.30167317472743693,0.06625074036904903,0,0,0.07518253316967814
Old English (ca. 450-1100),olde1238,NA,0,0.1423581019920062,0,0,0,0.8576418980079938,0.02100840504665301
Tonga (Nyasa),tong1321,NA,0.5927810410462184,0.02655996631598569,0.17077522783061763,0.09036031316904734,0.11952345163813093,0,0.0472819504722486
Tonga (Nyasa),tong1321,NA,0,0,0,0.9643555135353672,0,0.03564448646463279,0.04302068632872808
Tonga (Nyasa),tong1321,NA,0,0.4305820183879544,0,0.5333532872039788,0.03606469440806689,0,0.07130909299316326
Tonga (Nyasa),tong1321,NA,0,0.47757066600478215,0,0,0.522429333995218,0,0.05785116652014507
Tonga (Nyasa),tong1321,NA,0,0.8274952310161746,0.1725047689838254,0,0,0,0.03776500062357496
Gimi (Eastern Highlands),gimi1243,NA,0.6135961788249364,0,0,0.3699626517167933,0,0.01644116945827012,0.10021419313981132
Gimi (Eastern Highlands),gimi1243,NA,0,0,1,0,0,0,0.01169104673249916
Gimi (Eastern Highlands),gimi1243,NA,0,0,0.19509030138481132,0,0.8049096986151887,0,0.02866426899227155
Gimi (Eastern Highlands),gimi1243,NA,0.3591853435916716,0.6408146564083284,0,0,0,0,0.05289482197890598
Gimi (Eastern Highlands),gimi1243,NA,0.5651790323743483,0,0.03700226133762202,0,0,0.39781870628802984,0.07947694774968503
Yami,yami1254,NA,0,0.02376460131421985,0,0,0.97623539868578,0,0.02671321401157407
Yami,yami1254,NA,1,0,0,0,0,0,0.00538127960577294
Yami,yami1254,NA,0,0.04665854713533617,0.5710936262257952,0.3822478266388687,0,0,0.04524396886440082
Yami,yami1254,NA,0,0,0,0.8589245194272526,0,0.14107548057274746,0.0383958494912344
Yami,yami1254,NA,0,0.38807411553646814,0.4077051074270868,0,0,0.2042207770364452,0.05174817189140217
Roviana,rovi1238,NA,0,0,0,0,0.40926987913906143,0.5907301208609386,0.03670813220917324
Roviana,rovi1238,NA,0.00674202391874903,0.07264477512768434,0,0.01524536212383358,0.3043250202244632,0.6010428186052699,0.07560856045905556
Roviana,rovi1238,NA,0,0,1,0,0,0,0.00458319154484153
Roviana,rovi1238,NA,0,0.19065464209528216,0,0,0,0.8093453579047178,0.01450496365812287
Roviana,rovi1238,NA,0,0.4760759184934204,0.5239240815065797,0,0,0,0.0528076714181595
Suzhou,suzh1234,NA,0,0.01662922686105178,0,0.35700595342298785,0,0.6263648197159604,0.05558514823101401
Suzhou,suzh1234,NA,0,0,0,0,0,1,-0.00613105092509417
Suzhou,suzh1234,NA,0,0.2967517933332022,0,0.7032482066667978,0,0,0.01341312778083217
Suzhou,suzh1234,NA,0.2914283938840955,0.19490707030895335,0,0.5136645358069512,0,0,0.05121859320172864
Suzhou,suzh1234,NA,0.47238997622910234,0.2654445481465291,0,0.08452597821395334,0.06892590346049042,0.1087135939499248,0.04696152600613391
Uab Meto,uabm1237,NA,0,0,0,0,1,0,-2.7767588635353e-4
Uab Meto,uabm1237,NA,0,0,0.7254140697622995,0.2745859302377005,0,0,0.08311593146552367
Uab Meto,uabm1237,NA,0,0,0.06238189594651444,0.704158444638952,0.092011023295023,0.14144863611951053,0.03805603094224479
Uab Meto,uabm1237,NA,0.05773720200773395,0,0,0,0.7401082514187179,0.2021545465735481,0.01826469005853472
Uab Meto,uabm1237,NA,0,1,0,0,0,0,0.00340661712529423
Guajá,guaj1256,NA,0.13268831207105397,0.12265504114335468,0,0,0.7446566467855914,0,0.02471630060536349
Guajá,guaj1256,NA,0,0,0,0,1,0,8.4384300107707e-4
Guajá,guaj1256,NA,0,1,0,0,0,0,-0.00572313850725639
Guajá,guaj1256,NA,0,0,1,0,0,0,0.01674132131024125
Guajá,guaj1256,NA,0.7712864661365888,0,0,0,0,0.22871353386341117,0.0105350608673569
Mangareva,mang1401,NA,0,0.3992584849486387,0.2388070949810521,0,0,0.3619344200703092,0.06157111312020587
Mangareva,mang1401,NA,0,0,0,0,1,0,3.4652873117596e-4
Mangareva,mang1401,NA,0,0,0.47463209892808034,0.3507633463238657,0,0.17460455474805378,0.05496322499541135
Mangareva,mang1401,NA,0.24633020480520967,0.1516744616482547,0,0,0.6019953335465357,0,0.01341056309740174
Mangareva,mang1401,NA,0.08088716409572014,0,0,0,0.91911283590428,0,0.00921847989001544
Kumyk,kumy1244,NA,0.804298067307415,0,0,0,0,0.19570193269258496,0.03848672402986009
Kumyk,kumy1244,NA,0,0,0,0,0,1,-7.1575368456703e-4
Kumyk,kumy1244,NA,0,0.7512772231031928,0.2487227768968072,0,0,0,0.03586045422495076
Kumyk,kumy1244,NA,0,1,0,0,0,0,0.01259862354985945
Kumyk,kumy1244,NA,0,0,0.5422153141816453,0,0.15494989736340067,0.30283478845495415,0.05121156104609894
Bacanese Malay,baca1243,NA,0.8089415569697455,0.09454242139331416,0,0.09651602163694031,0,0,0.03094885913418049
Bacanese Malay,baca1243,NA,1,0,0,0,0,0,0.02061674377384219
Bacanese Malay,baca1243,NA,0,0.16025294507730978,0.03333171492512424,0.7401405102561877,0,0.06627482974137824,0.04074267508112994
Bacanese Malay,baca1243,NA,0,0,0.7807804394993773,0,0.21921956050062277,0,0.03605242286730513
Bacanese Malay,baca1243,NA,0,0.07090842184514601,0,0.5013168673947409,0.3957685747592155,0.03200613600089763,0.02289147460537562
Warázu,paus1244,NA,0,0.7040252009353696,0,0,0.29597479906463053,0,0.00579031679502854
Warázu,paus1244,NA,0,0,0,1,0,0,0.05267014219534841
Warázu,paus1244,NA,0.3001362448943808,0,0.3278779984386691,0.11489019126824024,0.15167290817162582,0.10542265722708406,0.06934146748131428
Warázu,paus1244,NA,0.2674469207199139,5.2423310405739e-4,0.26879110617663704,0,0.4632377399993916,0,0.10779035094552972
Warázu,paus1244,NA,0,0.17099855234362152,0,0.3643965787031691,0.2244355202430506,0.24016934871015871,0.05319253059780971
Wulguru,wulg1239,NA,0.8606421848821946,0,0.13935781511780546,0,0,0,0.01047322572959044
Wulguru,wulg1239,NA,0,1,0,0,0,0,0.00736272559631227
Wulguru,wulg1239,NA,0,0,0,0,0,1,0.00250015471917783
Wulguru,wulg1239,NA,0,0.4464365116664329,0.36698105983774,0,0.1342261515759118,0.05235627691991534,0.05974993734851715
Wulguru,wulg1239,NA,0,0,0.8855997789206668,0,0.11440022107933329,0,0.03741005015877063
Ketengban,kete1254,NA,0.3354907545960984,0,0.27215979724923905,0,0.02355004327285285,0.3687994048818095,0.0595999667526574
Ketengban,kete1254,NA,0,0,0,0,0,1,0.05428128498531563
Ketengban,kete1254,NA,0.10020960027426214,0,0,0,0.8997903997257378,0,0.10134816367316236
Ketengban,kete1254,NA,0,0,0,0,0.673416116658931,0.3265838833410691,0.03301469262761047
Ketengban,kete1254,NA,0,0,0.8181020151557759,0.1818979848442241,0,0,0.0367009345303003
Ponca,ponc1241,NA,0,0.3931721893163501,0,0.04234200516094984,0.03611715831958073,0.5283686472031192,0.01867123230142136
Ponca,ponc1241,NA,0,1,0,0,0,0,0.00577145134655809
Ponca,ponc1241,NA,0,0,0.4626269200737991,0,0,0.537373079926201,0.02291640588411961
Ponca,ponc1241,NA,0,0.4675876697419165,0.03045262393248347,0.5019597063255999,0,0,0.04135596961348278
Ponca,ponc1241,NA,0.7500421770678303,0,0,0,0.24995782293216975,0,0.04281888227345764
Western Dani,west2594,NA,0,0.38083519922281295,0,0,0,0.6191648007771869,0.00511731729318342
Western Dani,west2594,NA,0.3070738866896254,0.20284151245036125,0.15531184145614144,0,0.33477275940387197,0,0.02036864278102512
Western Dani,west2594,NA,0,0,1,0,0,0,0.05604569061365596
Western Dani,west2594,NA,0,0.24110792233724737,0,0,0.7588920776627527,0,0.00411888861499936
Western Dani,west2594,NA,0.6553928937986838,0,0,0.3446071062013162,0,0,0.01522794266388118
Awiakay,awia1234,NA,0,0,0.0550610857600546,0,0.7272649702265888,0.21767394401335663,0.01335524715338547
Awiakay,awia1234,NA,0,0,0,0,0.5736532199442572,0.4263467800557429,0.01262544557035146
Awiakay,awia1234,NA,0,0,0,0,0,1,0.03798793516885906
Awiakay,awia1234,NA,0.0877235385886919,0.5866480873860879,0.3256283740252203,0,0,0,0.03309808967655582
Awiakay,awia1234,NA,0,0,0.7476387744502146,0,0.2523612255497854,0,0.04714296239902169
Cornish,corn1251,NA,0.641522686197041,0.01781425455603405,0.02012564279624512,0.08681431408072018,0.23372310236995977,0,0.03244879713498612
Cornish,corn1251,NA,0.5126000271419516,0.00476778540096267,0.01406798009935659,0,0.46856420735772913,0,0.02323809853309186
Cornish,corn1251,NA,0,6.71792129843169e-7,0.9999993282078702,0,0,0,0.0022061805328738
Cornish,corn1251,NA,0.7395794116562209,0.02510613630058504,0.09674809210248415,0.11710991006408336,0,0.02145644987662669,0.1646988536515556
Cornish,corn1251,NA,0.03943040938198031,0.395309721515065,0.2776250640172599,0.22828161484861115,0.05935319023708362,0,0.0813618387598604
Nyamal,nyam1271,NA,0.15017090615380965,0.16618869110224277,0.5313392001838776,0,0.15230120256006985,0,0.10240764430644664
Nyamal,nyam1271,NA,0,1,0,0,0,0,0.05302340460795635
Nyamal,nyam1271,NA,0.5822097613856474,0,0,0,0.41779023861435255,0,0.04678867773617164
Nyamal,nyam1271,NA,0.5820555715683045,0.06805876217699465,0,0,0,0.3498856662547009,0.02812460830973466
Nyamal,nyam1271,NA,0.4313819671144496,0.22260714967742917,0,0.12515886262459736,0.2208520205835238,0,0.08798972037763582
Norwegian Bokmål,norw1259,NA,0.5270713816093432,0.1066393484277818,0,0,0.18781228183854945,0.1784769881243255,0.01907455548979816
Norwegian Bokmål,norw1259,NA,0,0.22568913206260327,0,0,0,0.7743108679373967,0.04208669048417368
Norwegian Bokmål,norw1259,NA,0,0,0,1,0,0,0.01476941934661452
Norwegian Bokmål,norw1259,NA,0.03860209031739539,0.5907245895889682,0.22326944934800733,0,0,0.14740387074562897,0.04180638013458533
Norwegian Bokmål,norw1259,NA,0,0.11430919641347782,0.09109489826046116,0.20730370277779817,0.270651950322297,0.3166402522259659,0.02833108751108421
Futuna-Aniwa,futu1245,NA,0,1,0,0,0,0,-0.00246950189508174
Futuna-Aniwa,futu1245,NA,0,0,1,0,0,0,-0.0017576222057568
Futuna-Aniwa,futu1245,NA,0,0.1056757258164298,0.20278354050697237,0.04616709689457215,0.6453736367820256,0,0.03310539094034794
Futuna-Aniwa,futu1245,NA,0.5390641421562956,0.03325487223547718,0.15560361990476393,0,0.27207736570346325,0,0.04518972965702164
Futuna-Aniwa,futu1245,NA,0,0,0,0,0,1,3.2422185603398e-4
Yurok,yuro1248,NA,0.3585524144256797,0,0.35623909794447073,0,0,0.2852084876298495,0.0300794687115211
Yurok,yuro1248,NA,0,0,1,0,0,0,0.0480879286390458
Yurok,yuro1248,NA,0.4849041700084668,0,0.4191560445303578,0,0,0.09593978546117549,0.07787221888354111
Yurok,yuro1248,NA,0.24771181224199135,0.09468511911581834,0,0.07371632899359909,0,0.5838867396485912,0.05401896400354952
Yurok,yuro1248,NA,0,0.8720145720014983,0,0,0.12798542799850174,0,0.05377777842187823
Sinitic,sini1245,NA,0.24668932513060207,0,0.15866093788117033,0.32630718270023695,0.1227375352310616,0.14560501905692896,0.04275293842921816
Sinitic,sini1245,NA,0.04643171914210576,0,0.333115542063166,0,0,0.6204527387947282,0.04136218754135686
Sinitic,sini1245,NA,0,0.4199054548776814,0.3657492382648421,0,0.21434530685747655,0,0.01669851204858221
Sinitic,sini1245,NA,0.0532175512020735,0,0,0.32850869848743086,0.4534660312761269,0.16480771903436875,0.03168787322414443
Sinitic,sini1245,NA,0,0,0.5041396673702688,0,0,0.4958603326297312,0.04160082439819371
Lau,lauu1247,NA,0,0.7184786305878815,0.2360794691184895,0.04544190029362879,0,0,0.01339573665129357
Lau,lauu1247,NA,0,0,0,1,0,0,0.00797460813353732
Lau,lauu1247,NA,0,0,0.0489486083341413,0,0.5355163727098002,0.4155350189560584,0.05454104111071579
Lau,lauu1247,NA,0.4088089096265208,0,0.11513092661256556,0.4760601637609137,0,0,0.03959106455140466
Lau,lauu1247,NA,0,0.6230504016578668,0,0.15624973705732748,0.22069986128480568,0,0.01506151042325876
Cree,cree1272,NA,0,0,0,0,0,1,0.00827462455179012
Cree,cree1272,NA,0,0.5098158074186676,0,0.4901841925813324,0,0,0.00490003242061211
Cree,cree1272,NA,0,0,0.03661354680672508,0.8830107031575432,0,0.08037575003573187,0.03698946035554459
Cree,cree1272,NA,0,0,0,0.6396062797932115,0.3603937202067885,0,0.08209595170924756
Cree,cree1272,NA,0.46377725035687006,0.08610321484604236,0,0,0,0.4501195347970875,0.01552182664489257
Negerhollands,nege1244,NA,0.7363737423603982,0,0,0,0.26362625763960174,0,0.04778480548738224
Negerhollands,nege1244,NA,0,0,0,1,0,0,0.00222208382485098
Negerhollands,nege1244,NA,0,0.02442474804402634,0,0,0.01743229652073413,0.9581429554352396,0.01458984162084239
Negerhollands,nege1244,NA,0,0,1,0,0,0,0.01661541101223331
Negerhollands,nege1244,NA,0,0,1,0,0,0,0.00323390077305168
North Saami,nort2671,NA,0,0.3028688806045003,0.5841260751604305,0,0,0.11300504423506928,0.03208576811895902
North Saami,nort2671,NA,0.1832641803994995,0.20669302927726532,0,0.6100427903232353,0,0,0.01306358626378836
North Saami,nort2671,NA,0.27677126867336777,0.12867032337057463,0,0,0.3624926220004746,0.23206578595558292,0.04226246052081907
North Saami,nort2671,NA,0.5161618481816385,0.04852889877876393,0,0.21581634601030225,0,0.2194929070292954,0.0546760951056879
North Saami,nort2671,NA,0.20044939959250924,0.406767654959829,0.11439762123812353,0.27239554814670613,0.005989776062832,0,0.02893364096346212
Kilivila,kili1267,NA,0.09651514097713489,0,0.9034848590228652,0,0,0,0.03172987549397605
Kilivila,kili1267,NA,0,0,1,0,0,0,0.03381450508635423
Kilivila,kili1267,NA,0.6464872605093642,0,0,0,0,0.3535127394906357,0.07533077476535256
Kilivila,kili1267,NA,0.4742449872282381,0.24046728610515097,0.0919194627260042,0.1933682639406068,0,0,0.03513003966563435
Kilivila,kili1267,NA,0.0673098774752719,0.3885536792871005,0,0,0.41933812170222445,0.1247983215354032,0.03805157529650481
Duala,dual1243,NA,0,0,0,0,1,0,0.00511867228564681
Duala,dual1243,NA,0.5767330907997792,0.01973154497474898,0.11073392390549104,0.15774574458704255,0,0.1350556957329381,0.06226110396829448
Duala,dual1243,NA,0,1,0,0,0,0,0.00976308951434574
Duala,dual1243,NA,0,0,0,1,0,0,0.01026625919864741
Duala,dual1243,NA,0.7494285759659902,0.0690932498327254,0.05581433022119926,0,0,0.1256638439800851,0.04325281554377755
North Azerbaijani,nort2697,NA,0.04181360588624217,0,0,0.7507585995309676,0.2074277945827902,0,0.06673870631958675
North Azerbaijani,nort2697,NA,0.00412803581783548,0,0.4733997258262549,0,0.5224722383559096,0,0.10348419374020762
North Azerbaijani,nort2697,NA,0,0,1,0,0,0,0.00312020021482391
North Azerbaijani,nort2697,NA,0,0.3261491637427078,0,0,0.6738508362572921,0,0.0044500415630982
North Azerbaijani,nort2697,NA,0.34161986471672734,0,0,0,0.21356970770123113,0.44481042758204153,0.03068765456869339
Okanagan,okan1243,NA,0.18729960791653705,0,0.1815539733995147,0.2693909732425431,0,0.361755445441405,0.03208404809703621
Okanagan,okan1243,NA,0.10362420384515277,0.28092821855778066,0.3537077114579156,0.15774973870367903,0,0.103990127435472,0.07524650689891808
Okanagan,okan1243,NA,0.4533305042055017,0,0.27975842516446503,0.2669110706300332,0,0,0.01939133597725201
Okanagan,okan1243,NA,0.3935486722950995,0.1915491821008431,0,0.3110974731585244,0.07863900872556032,0.02516566371997279,0.06448729357605736
Okanagan,okan1243,NA,0.6942675741883828,0.15025516281957932,0,0,0,0.1554772629920379,0.119146955392658
Aché,ache1246,NA,0.8642060437260977,0,0,0.04829067469015869,0,0.08750328158374368,0.03947303840077591
Aché,ache1246,NA,0,0,0.03810464912685949,0.8365253788428669,0,0.1253699720302736,0.01809370170678977
Aché,ache1246,NA,1,0,0,0,0,0,0.05512382056751924
Aché,ache1246,NA,0,0.29627646227362314,0,0.33071983938010835,0.37300369834626856,0,0.03978362355043267
Aché,ache1246,NA,0,1,0,0,0,0,-0.00551859184446092
Meta',meta1238,NA,0,0,0,0.13215498559498645,0.8005209016718366,0.0673241127331769,0.24272068969867516
Meta',meta1238,NA,0,0,0,1,0,0,0.08408296073753008
Meta',meta1238,NA,0,1,0,0,0,0,0.13352429557020687
Meta',meta1238,NA,0.05607685254322148,0.7759003649979705,0,0.168022782458808,0,0,0.13574373396052966
Meta',meta1238,NA,0.04110793412628937,0,0,0,0.8287364882862543,0.13015557758745624,0.1402487641111455
Southeast Ambrym,sout2859,NA,0.21970296149046395,0.27733990981718193,0.34625281990427476,0,0.15670430878807942,0,0.03985767117367669
Southeast Ambrym,sout2859,NA,0,0.4685428813391881,0.5314571186608118,0,0,0,0.04042634504083868
Southeast Ambrym,sout2859,NA,0.1707203820817987,0,0,0.8292796179182013,0,0,0.0858926275997664
Southeast Ambrym,sout2859,NA,0,0.6553708215370313,0,0,0.34462917846296864,0,0.04784154757143923
Southeast Ambrym,sout2859,NA,0.01971606911014729,0,0.9802839308898528,0,0,0,0.0384323261739296
Tausug,taus1251,NA,0.5652412126922036,0,0.36184237424405274,0,0.0729164130637436,0,0.0464978115084874
Tausug,taus1251,NA,0,0,0,0,1,0,0.00235091163051707
Tausug,taus1251,NA,0.21826109190906,0,0.49428317824490753,0.28745572984603246,0,0,0.06251136318865326
Tausug,taus1251,NA,0.07859870922331376,0,0.8971687508949714,0.02423253988171483,0,0,0.05672926252793997
Tausug,taus1251,NA,0.6594551095016528,0.3085119312850625,0,0,0,0.03203295921328479,0.04140683456908929
Mbala,mbal1257,NA,0,0.2972943718637827,0.5246833230432135,0,0.02863751240634846,0.14938479268665536,0.04041915873905506
Mbala,mbal1257,NA,0.732252934383803,0,0.2579427031912084,0,0.00980436242498866,0,0.03482035910099896
Mbala,mbal1257,NA,0,0.06941885987322223,0,0.0742423624136917,0.7560844009596224,0.10025437675346371,0.03282160553137352
Mbala,mbal1257,NA,0.3091456802176071,0.1302400385730492,0,0.5606142812093435,0,0,0.04155395119053615
Mbala,mbal1257,NA,0,0,0,0,1,0,0.01611506532640693
Neverver,ling1265,NA,0,0,0,0,0,1,-9.9003962727923e-4
Neverver,ling1265,NA,0,0.1500776475513118,0.17869960332471127,0,0.6712227491239768,0,0.01181697799136617
Neverver,ling1265,NA,0,0.14327390558370942,0.8056599237110538,0,0,0.05106617070523681,0.0324092195407574
Neverver,ling1265,NA,0.21897704220044925,0.01192849514016546,0.20330143073160883,0.07346440691701861,0.4923286250107579,0,0.03008219657969077
Neverver,ling1265,NA,0,0.391933469832108,0.608066530167892,0,0,0,0.04544009886802035
Letemboi-Repanbitip,lete1241,NA,0,0,0.03514051007989896,0,0.8497512832034879,0.11510820671661316,0.05210912370336766
Letemboi-Repanbitip,lete1241,NA,0.44555407620936993,0,0.13230158498550507,0,0.4221443388051249,0,0.03791196258643733
Letemboi-Repanbitip,lete1241,NA,0,1,0,0,0,0,0.00389740721662649
Letemboi-Repanbitip,lete1241,NA,0.149962266158502,0.2925060538848359,0,0,0.5575316799566622,0,0.01760283136999236
Letemboi-Repanbitip,lete1241,NA,1,0,0,0,0,0,0.00580826909077338
Dhuwal-Dhuwala,dhuw1248,NA,0,0,0,0,1,0,0.01628776442619298
Dhuwal-Dhuwala,dhuw1248,NA,0,0.3917170882663312,0,0,0,0.6082829117336688,0.01049676339664207
Dhuwal-Dhuwala,dhuw1248,NA,0,0.11282276335354006,0,0.08450923914542657,0,0.8026679975010335,0.0630047870584201
Dhuwal-Dhuwala,dhuw1248,NA,0.21707966711123564,0,0.5391132949291803,0.2438070379595842,0,0,0.03964156963349519
Dhuwal-Dhuwala,dhuw1248,NA,0,0,0.8169289414392735,0,0.18307105856072656,0,0.01947665377557602
Ma'anyan,maan1238,NA,0.12520762261099902,0,0.03136656158431478,0.726247697820881,0.03051721999921259,0.08666089798459245,0.05619599512279993
Ma'anyan,maan1238,NA,0,0,0,0.19925101427806927,0.5399721648739216,0.26077682084800907,0.01157668966782772
Ma'anyan,maan1238,NA,0,1,0,0,0,0,0.00800517337682311
Ma'anyan,maan1238,NA,0.07542917643087305,0.4114163025575209,0.08625586479275171,0.4268986562188543,0,0,0.04123787465814761
Ma'anyan,maan1238,NA,0.8929308817276729,0,0.00503771486205182,0.08000089309338926,0,0.02203051031688611,0.04515513461751888
Palauan,pala1344,NA,0.39916002254537536,0,0,0,0,0.6008399774546247,0.00305661671357852
Palauan,pala1344,NA,0.3984658320470329,0.3963148893047839,0.10971714619162712,0,0,0.09550213245655607,0.06427038257155845
Palauan,pala1344,NA,0,0,0,1,0,0,-3.7035703135329e-4
Palauan,pala1344,NA,0,0.5257482056410375,0,0,0.4742517943589624,0,0.03086553430463805
Palauan,pala1344,NA,0.48562891594525553,0,0,0,0.5143710840547444,0,0.07954696098962022
Tungag,tung1290,NA,0,0.6807440162341013,0,0,0,0.31925598376589875,0.14566319649756415
Tungag,tung1290,NA,0.34967273992544057,0,0.4386841705159439,0.1284864389403192,0,0.0831566506182965,0.09069733406613
Tungag,tung1290,NA,0.23374507421884705,0,0,0.7662549257811531,0,0,0.01671085633558713
Tungag,tung1290,NA,0.2277877387070797,0,0,0,0.48398302255158465,0.28822923874133555,0.05676834171358062
Tungag,tung1290,NA,0,0,0,0,1,0,0.05797814149580645
Nganasan,ngan1291,NA,0,0.06691310592528311,0,0,0.9330868940747168,0,0.17078176904820772
Nganasan,ngan1291,NA,0.0415576037736114,0.3448605129783419,0.1991106248737948,0,0.41447125837425186,0,0.09023139349770357
Nganasan,ngan1291,NA,0.13937533350908995,0,0.5439534342169515,0.3166712322739585,0,0,0.02967453316430817
Nganasan,ngan1291,NA,0,0,0,0,0,1,0.03353148779884973
Nganasan,ngan1291,NA,0,0,0.9927599391495218,0,0.00724006085047822,0,0.05604473001554926
Yaka-Pelende-Lonzo,yaka1269,NA,0.9102713706435728,0,0.06059684226076754,0,0.02913178709565987,0,0.02304265342879567
Yaka-Pelende-Lonzo,yaka1269,NA,0,0,0,1,0,0,0.00394768879990917
Yaka-Pelende-Lonzo,yaka1269,NA,0.18682267156380303,0,0.5394807719075603,0.19664000561674447,0,0.07705655091189223,0.02046792848383528
Yaka-Pelende-Lonzo,yaka1269,NA,0,0,0,0,0,1,0.0219817136221094
Yaka-Pelende-Lonzo,yaka1269,NA,0,0.5073772661037199,0,0,0,0.49262273389628,0.01113526924691384
Gogo,gogo1263,NA,0,0.7318620792995363,0,0,0.2681379207004637,0,0.02203672145084553
Gogo,gogo1263,NA,0.23537131628743307,0,0,0.764628683712567,0,0,0.0160222240887378
Gogo,gogo1263,NA,0.29911108325296326,0.2412686528208408,0,0,0.4596202639261958,0,0.03777268979989168
Gogo,gogo1263,NA,0.306360782156858,0,0.34379314481581075,0.2917459890753874,0.05810008395194379,0,0.03768613332818781
Gogo,gogo1263,NA,0.31658746569977747,0.07338039824923447,0.00801901579913577,0,0.37742000596357583,0.22459311428827627,0.05456632600594764
Acehnese,achi1257,NA,0,0.18585215267127228,0.8141478473287277,0,0,0,0.03127424535984509
Acehnese,achi1257,NA,0,0,1,0,0,0,0.00660409529004186
Acehnese,achi1257,NA,0.4345844861751607,0,0.2393257488653433,0.1895545010456621,0.06838348823968211,0.06815177567415168,0.08862321699452148
Acehnese,achi1257,NA,0.5745563317084265,0,0,0,0.42544366829157343,0,0.01297799646430833
Acehnese,achi1257,NA,0.39022694616476566,0.4688763884196846,0,0.12197890806947316,0,0.01891775734607654,0.02353096460566022
Guarayu,guar1292,NA,0.19519386097880753,0.07290132775051623,0,0,0.7233486444754282,0.00855616679524786,0.107968493209106
Guarayu,guar1292,NA,0.0709922726245419,0,0,0.929007727375458,0,0,0.03157209169172773
Guarayu,guar1292,NA,0,0,0,0.7155601402016714,0.28443985979832864,0,0.05801141136062358
Guarayu,guar1292,NA,0,0,0,0.08582851240381174,0.3909629201135357,0.5232085674826527,0.10333118897132616
Guarayu,guar1292,NA,0,0.731918058981889,0,0,0.26808194101811106,0,0.03727891735769227
Arikara,arik1262,NA,0.6786978951081519,0.1762131133244783,0,0.14508899156736985,0,0,0.03917574935471185
Arikara,arik1262,NA,0,0,0,0.5098887670742168,0.4901112329257831,0,0.00783191601877335
Arikara,arik1262,NA,0,0,0.5408581922141311,0.10502406085645095,0,0.35411774692941783,0.02356248181816657
Arikara,arik1262,NA,0,0,1,0,0,0,0.05675947183292672
Arikara,arik1262,NA,0,0,0.99517586703675,0,0.00482413296324982,0,0.01217048348910434
Ems-Weser Frisian,sate1242,NA,0.00356083699114698,0.3401303719590221,0,0,0.6531893522714931,0.00311943877833777,0.03353852992931279
Ems-Weser Frisian,sate1242,NA,0.9466899976854636,0.05331000231453652,0,0,0,0,0.01966795897921096
Ems-Weser Frisian,sate1242,NA,0,0.2141786146321401,0.5596154431500691,0,0.21269244849181623,0.01351349372597456,0.0486681864911965
Ems-Weser Frisian,sate1242,NA,1,0,0,0,0,0,0.01884890728631376
Ems-Weser Frisian,sate1242,NA,0,0.3624139164874046,0,0,0.6375860835125953,0,0.02394038432818282
Waropen,waro1242,NA,0.13032701965223087,0.26890230796464737,0,0.4690196337324159,0.13175103865070595,0,0.03272875002835091
Waropen,waro1242,NA,0.22035562506412587,0,0,0,0,0.7796443749358742,0.01070436480088946
Waropen,waro1242,NA,0,0.03688404767342254,0.2530933731557823,0.4078561596887795,0,0.30216641948201567,0.0483907367399673
Waropen,waro1242,NA,0.09885275886226924,0,0,0,0,0.9011472411377308,0.07148203779508695
Waropen,waro1242,NA,0,0,1,0,0,0,0.00331278463342336
Northern Yukian,yuki1243,NA,0,0,0.4233558380169037,0,0,0.5766441619830963,0.03853571387033192
Northern Yukian,yuki1243,NA,1,0,0,0,0,0,0.03322300316311372
Northern Yukian,yuki1243,NA,0.06415488044978089,0,0.30032433130571967,0,0.6355207882444995,0,0.07182637487941772
Northern Yukian,yuki1243,NA,0.05603659325515332,0.09416857444276017,0,0.01523578324090282,0.8345590490611837,0,0.03157429498537632
Northern Yukian,yuki1243,NA,0,0.04704270425603388,0,0.6958908921738316,0.25706640357013455,0,0.04838470854430649
Southern Tepehuan,sout2975,NA,0.06460535319155197,0,0.01852705716264809,0.9018870676032752,0,0.01498052204252472,0.07223036890384411
Southern Tepehuan,sout2975,NA,0.4133001894186383,0,0.5429499719555353,0.00161479423258544,0,0.04213504439324095,0.12074774606946412
Southern Tepehuan,sout2975,NA,0,0,0,0,1,0,0.01487620004186492
Southern Tepehuan,sout2975,NA,0,0,1,0,0,0,-0.00443886503458633
Southern Tepehuan,sout2975,NA,0,0.05275040414566744,0.5228078912280156,0.06759680425354285,0.3568449003727741,0,0.24753997349057744
South Efate,sout2856,NA,0,0.14326141769933884,0,0.8567385823006611,0,0,0.04934863299646168
South Efate,sout2856,NA,0.7549397209860901,0.24506027901391003,0,0,0,0,0.04644808714244491
South Efate,sout2856,NA,0,0,0,0.6165801489447789,0.02001756329147739,0.3634022877637437,0.03255383353545509
South Efate,sout2856,NA,0.07614601305884518,0.05776038183154885,0,0,0.8660936051096059,0,0.05938236810998143
South Efate,sout2856,NA,0,0,0.6987540321789757,0,0,0.3012459678210242,0.06126719582039384
Merei,mere1242,NA,0.13314167574944122,0,0,0,0.6657105620137526,0.20114776223680625,0.03223262245815547
Merei,mere1242,NA,1.2404934965867416e-8,0.4366872364304401,0.30472633131285004,0.05306517322708181,0.13174212272033894,0.07377912390435407,0.168536543908931
Merei,mere1242,NA,0.05050831940236845,0,0,0.4747376483807039,0,0.4747540322169277,0.01642439210856574
Merei,mere1242,NA,0.09090910224635795,0,0,0.9090908977536422,0,0,0.00236096082324942
Merei,mere1242,NA,0,0,0,0,0,1,0.00236096082324944
Sarangani Blaan,sara1326,NA,0,0,0,1,0,0,0.00483965771863092
Sarangani Blaan,sara1326,NA,0,0,0,0.8795330940405606,0.12046690595943942,0,0.03364112266099169
Sarangani Blaan,sara1326,NA,0,0,0,0,0,1,0.03093655575505797
Sarangani Blaan,sara1326,NA,0,0,0.9963657843296112,0.00363421567038885,0,0,0.00537605992853094
Sarangani Blaan,sara1326,NA,0,0,0.9663787486769616,0.03362125132303834,0,0,0.0095331078796247
Murriny Patha,murr1258,NA,0,0.865608440019434,0,0,0.13439155998056598,0,0.02621854264756976
Murriny Patha,murr1258,NA,0.38063090459850024,0,0.21295237402906447,0,0.03131714739881062,0.37509957397362464,0.04672522703340462
Murriny Patha,murr1258,NA,0.5863310010152671,0.15835617732554905,0,0.12219896286434408,0.13311385879483986,0,0.02024368248264033
Murriny Patha,murr1258,NA,0,0.3291935243386274,0.05756123172706981,0,0.5437227388675202,0.06952250506678254,0.02522525460679037
Murriny Patha,murr1258,NA,0.5790233299678748,0.4209766700321253,0,0,0,0,0.00472736341416205
Menui,menu1237,NA,0,0.01166780361805058,0.31098885370286844,0.30513626285403256,0.07938690321319433,0.292820176611854,0.11892423905809953
Menui,menu1237,NA,0,0,0.38149997581087697,0.25271304611895756,0.06316104836366901,0.30262592970649643,0.08745227026158953
Menui,menu1237,NA,0,0,0,0,0,1,0.05045262405844071
Menui,menu1237,NA,0,1,0,0,0,0,0.00349423907038584
Menui,menu1237,NA,0.9296406385117236,0.07035936148827633,0,0,0,0,0.01248087807312362
Atayal,atay1247,NA,0.13597244532173872,0,0,0.22573722666232307,0.5998437870574646,0.03844654095847371,0.08814035583823128
Atayal,atay1247,NA,0,0,0,0,0,1,-0.009306874829226
Atayal,atay1247,NA,1,0,0,0,0,0,0.0784513681889176
Atayal,atay1247,NA,0,0,0.09223648205918032,0,0.7360200756857608,0.17174344225505905,0.06038112147780462
Atayal,atay1247,NA,0.13817426742029407,0.02946291059618958,0,0,0.4531349401767426,0.37922788180677386,0.10009832321444503
Iau,iauu1242,NA,0,1,0,0,0,0,-0.00241243242193898
Iau,iauu1242,NA,0,0.12681078957513572,0.5160309808718103,0.106906991106241,0,0.25025123844681296,0.03527079548803184
Iau,iauu1242,NA,0.9928153042803068,0.0071846957196932,0,0,0,0,0.00704444366363575
Iau,iauu1242,NA,0,0,0,0.3291139659914549,0.6708860340085451,0,0.02200258411986412
Iau,iauu1242,NA,1,0,0,0,0,0,0.02116799517966312
Northern Tosk Albanian,tosk1239,NA,0,0,0.969542610277538,0,0.03045738972246191,0,0.09434840917446807
Northern Tosk Albanian,tosk1239,NA,0,0,0,0.7589567281247253,0,0.24104327187527463,0.01575402375496214
Northern Tosk Albanian,tosk1239,NA,0,0,0,0,1,0,0.00282519332967604
Northern Tosk Albanian,tosk1239,NA,0.13841893583452086,0,0.4642599775871727,0,0.3289868510885729,0.06833423548973358,0.05115464498329741
Northern Tosk Albanian,tosk1239,NA,0.4135571047235437,0,0.28315327808195345,0,0.303289617194503,0,0.02949038070851132
Niuafo'ou,niua1240,NA,0,0,0,0,0.5514430341344823,0.4485569658655178,0.04881200792250943
Niuafo'ou,niua1240,NA,0.4840421352998809,0,0,0.2784582015659336,0.2374996631341855,0,0.03140431881550686
Niuafo'ou,niua1240,NA,0.42214623374528626,0,0,0.07486413398513747,0.5029896322695763,0,0.01777243427428063
Niuafo'ou,niua1240,NA,0,0,0,1,0,0,0.04500299470587336
Niuafo'ou,niua1240,NA,0,0,0,0.4217407873335511,0,0.5782592126664489,0.02097115479215332
Czech,czec1258,NA,0,0.7818882077031609,0,0.21811179229683908,0,0,0.01586238007499291
Czech,czec1258,NA,0,0,0,0.48332539054784773,0.2671126386110448,0.2495619708411075,0.01724623925957748
Czech,czec1258,NA,0,0,0.9534130746979144,0,0,0.04658692530208554,0.06485502106735665
Czech,czec1258,NA,0,0,1,0,0,0,0.04767190545890915
Czech,czec1258,NA,0,0,0.23984394225837188,0,0.7601560577416281,0,0.01541879526832526
Lardil,lard1243,NA,0.5634457366722306,0,0,0.3836343843023331,0,0.05291987902543625,0.01677098664232536
Lardil,lard1243,NA,0,0.1344988032868896,0,0,0.6461736864615562,0.21932751025155417,0.00532113694696336
Lardil,lard1243,NA,0,0.11579330175718404,0.13680069389932747,0.05345935820995968,0.6939466461335287,0,0.03940064877781661
Lardil,lard1243,NA,0.7953486703694527,0,0,0,0,0.2046513296305473,0.04395236447036915
Lardil,lard1243,NA,0.4347658271827099,0,0.53258243090836,0.01109732114066519,0,0.02155442076826488,0.03096865263299476
Marind,nucl1622,NA,0.5713289773318573,0.08585295947456806,0,0.288368735621474,0,0.05444932757210063,0.05853537993357757
Marind,nucl1622,NA,0,0.00702800962794895,0.3793730078282764,0.3447989867608785,0.26879999578289615,0,0.01924726311607012
Marind,nucl1622,NA,0.22847766315735957,0,0.7499678219557522,0,0.02155451488688822,0,0.0821575316343715
Marind,nucl1622,NA,0.13767378237792716,0.10987864908740702,0.15034401936815528,0,0.49626212968025446,0.10584141948625604,0.03601051471754794
Marind,nucl1622,NA,0,0,0,0,0.9214467729189416,0.07855322708105851,0.02986178056310508
Ket,kett1243,NA,1,0,0,0,0,0,0.02058130836383715
Ket,kett1243,NA,0.6248795858493829,0,0.1339540661513626,0,0.19348730089944668,0.04767904709980777,0.0371013297036551
Ket,kett1243,NA,0,0,1,0,0,0,0.01102608175781802
Ket,kett1243,NA,0.6902890843503384,0,0,0,0,0.3097109156496615,0.04168536068972946
Ket,kett1243,NA,0.2643250159375098,0.04986898898468659,0.6858059950778036,0,0,0,0.05378564722273491
Luba-Lulua,luba1249,NA,0.895703813611464,0,0,0.10429618638853604,0,0,0.04064016714517569
Luba-Lulua,luba1249,NA,0,0.2670490106028786,0,0.7329509893971213,0,0,0.02555892775185966
Luba-Lulua,luba1249,NA,0,0,0,0,1,0,4.0406751830725e-4
Luba-Lulua,luba1249,NA,0,0.3312427534086416,0.03595465290875167,0.5477169532510984,0.08508564043150824,0,0.02624300601844577
Luba-Lulua,luba1249,NA,0.6265361635053991,0,0.05495860883327055,0,0.09568994652213315,0.22281528113919713,0.03449324957655741
Tolaki,tola1247,NA,0,0.27135990236861984,0,0,0.7286400976313803,0,0.01901665221614922
Tolaki,tola1247,NA,0,0,0,0.2160354600561392,0,0.7839645399438608,0.04345550990579634
Tolaki,tola1247,NA,0,0,1,0,0,0,0.02031531907814865
Tolaki,tola1247,NA,0,0.5598752545158887,0,0,0,0.4401247454841113,0.01296966267963323
Tolaki,tola1247,NA,0,0,0.7300319358117415,0.26996806418825847,0,0,0.04419642493811519
North Northern Paiute,nort1551,NA,0,0.13179353267529173,0.496748211554633,0.33570321781824664,0.03575503795182867,0,0.05747289333073686
North Northern Paiute,nort1551,NA,0.3098646488744211,0.21697148429270255,0,0.1689551403504868,0.30420872648238956,0,0.07001923506840783
North Northern Paiute,nort1551,NA,0,0.17208588000934055,0.41509916880786807,0.14371303819304157,0.09107402750901288,0.17802788548073692,0.09564321335596726
North Northern Paiute,nort1551,NA,0,0.5948700230054169,0.29046082293694947,0,0,0.11466915405763352,0.01063208634934198
North Northern Paiute,nort1551,NA,0.3034344221178512,0.6219786796047932,0.07458689827735558,0,0,0,0.05185234149926862
Teko,emer1243,NA,0,0,0.00566077447672311,0.9943392255232768,0,0,0.01582009760972744
Teko,emer1243,NA,0,0,0,0,0,1,0.02976154243392966
Teko,emer1243,NA,0.21343413716489457,0.00480582935228105,0.5782506296313228,0,0,0.20350940385150165,0.07596776934495586
Teko,emer1243,NA,0.14889448977655914,0.5450242656482495,0,0,0,0.3060812445751915,0.1022052753950202
Teko,emer1243,NA,1,0,0,0,0,0,-0.00551536579908555
Tucano,tuca1252,NA,0.37739174021031985,0.03735946564908913,0.58524879414059106,0,0,0,0.07194670942873066
Tucano,tuca1252,NA,0.01475381289979943,0.32667293549480814,0.4077847531433974,0.0620339258245665,0.18783417952015377,9.2039311727475e-4,0.05650318220306014
Tucano,tuca1252,NA,0,0,0.6030126280860134,0,0.09673334997109198,0.3002540219428946,0.02469458894210282
Tucano,tuca1252,NA,0.5395969961030859,0.2187602500372221,0,0.24164275385969208,0,0,0.01159955771944677
Tucano,tuca1252,NA,0,1,0,0,0,0,0.01278240199302123
Kartujarra,kart1247,NA,0.327817996071109,0,0.3241116118587207,0,0,0.3480703920701704,0.0602727834057177
Kartujarra,kart1247,NA,0.7904575449994136,0.14936164471887192,0,0,0,0.06018081028171449,0.0501653819273709
Kartujarra,kart1247,NA,0,0,0,0,1,0,0.01101346646126316
Kartujarra,kart1247,NA,0.4846980402261734,0,0.17616723828567346,0,0.19617949892241335,0.14295522256573973,0.04174175648436373
Kartujarra,kart1247,NA,0.08548265421896951,0.20435300423999092,0.3064525787697294,0.3831947990324453,0.02051696373886478,0,0.04199565722764845
Ende (Papua New Guinea),ende1235,NA,0,0,0.6023799820653736,0.3218866352027067,0.07573338273191961,0,0.04916936248582325
Ende (Papua New Guinea),ende1235,NA,0,0,0,0,1,0,-0.00565498362335028
Ende (Papua New Guinea),ende1235,NA,1,0,0,0,0,0,0.0310344579565474
Ende (Papua New Guinea),ende1235,NA,0,0.11075419939251922,0,0.26318630664712844,0.05118684907387307,0.5748726448864792,0.01178754171608831
Ende (Papua New Guinea),ende1235,NA,0,0,1,0,0,0,0.03083040689077902
Bwaidoga,bwai1243,NA,0.4022395729506742,0.5977604270493257,0,0,0,0,0.1603819964367474
Bwaidoga,bwai1243,NA,0.10070537401685987,0.00540162166733133,0.3352099303523782,0.5586830739634305,0,0,0.3989094364089049
Bwaidoga,bwai1243,NA,0.9523809380603876,0,0.04761906193961252,0,0,0,0.0811403725559743
Bwaidoga,bwai1243,NA,0.3562428004074834,0.5294164699918928,0.11434072960062384,0,0,0,0.1603819964466048
Bwaidoga,bwai1243,NA,0.9018557575902308,0,0.04509280554195522,0,0,0.05305143686781394,0.6976027506098562
Kei,keii1239,NA,0,0.7417633766479835,0,0,0,0.2582366233520165,-0.02837902619042411
Kei,keii1239,NA,0,0.46711836922125777,0,0,0,0.5328816307787422,0.14189513095212064
Kei,keii1239,NA,0,0,0,0,1,0,0.14850585016869258
Kei,keii1239,NA,0.34375177220353687,0,0.04864111198560988,0.11919187080928398,0.3838573858049413,0.10455785919662797,0.07195108486360272
Kei,keii1239,NA,0,0,0,0.9090908921834744,0,0.09090910781652543,0.00701602441741855
Lelepa,lele1267,NA,0,0,0.5939235150031434,0.2193367439565851,0,0.1867397410402715,0.02159358505154446
Lelepa,lele1267,NA,0.4538164258183537,0,0,0.48778219286329016,0,0.05840138131835611,0.04911268750017826
Lelepa,lele1267,NA,0.919165170557342,0,0,0,0.08083482944265816,0,0.00641823138264194
Lelepa,lele1267,NA,0,0.17986710831321204,0.795320444856366,0,0,0.02481244683042186,0.05679051724596484
Lelepa,lele1267,NA,0.3226284485689643,0.15371485605156013,0,0.5236566953794755,0,0,0.00855401407963433
Telugu,telu1262,NA,0,1,0,0,0,0,0.00283887204527221
Telugu,telu1262,NA,0,0.21347193701060888,0.21156113286034217,0.5749669301290491,0,0,0.03160444923843478
Telugu,telu1262,NA,0.0593860628496047,0,0,0,0,0.9406139371503952,0.0076530162094492
Telugu,telu1262,NA,0.01810093378584949,0,0.7495237892382456,0,0.23237527697590488,0,0.0637799370403354
Telugu,telu1262,NA,0.35069396883879145,0.26322404372333974,0.07309180064681493,0.25515827927864304,0.05478615566119418,0.00304575185121661,0.04464322200355698
Muduapa,mudu1242,NA,0,0.4295812944036167,0,0,0.21837935043029671,0.35203935516608653,0.03833378003836954
Muduapa,mudu1242,NA,0.5971189318921022,0,0,0.40288106810789787,0,0,0.0281831095328676
Muduapa,mudu1242,NA,0,0,0,0.3216696766207831,0,0.678330323379217,0.02245694438061235
Muduapa,mudu1242,NA,0,0,0,1,0,0,-0.02034863995223051
Muduapa,mudu1242,NA,0.5000392915935858,0.1309637783197315,0.07839914612101695,0.1971233692183393,0.09347441474732632,0,0.04284870293592957
Sawai,sawa1247,NA,0,0.22730232622394805,0.58031976705654,0,0.1923779067195119,0,0.01683849213852041
Sawai,sawa1247,NA,0.23977432449647065,0.11519191424720028,0.2979717994833952,0.19166296816606168,0,0.15539899360687212,0.04963917737765523
Sawai,sawa1247,NA,0.3784008370118129,0.119543548345639,0.349098806905618,0,0,0.15295680773693013,0.0297315758748064
Sawai,sawa1247,NA,0,0.7960006234424034,0.20399937655759648,0,0,0,0.0445330627050788
Sawai,sawa1247,NA,0.36635495473092056,0.2502449662322351,0.15265599920460216,0.02037172338953386,0.05521058225831039,0.15516177418439794,0.05912876892183842
Kazakh,kaza1248,NA,0.14272651937032943,0,0,0.5600512977659133,0,0.2972221828637573,0.05690866149268402
Kazakh,kaza1248,NA,0.1975956646883301,0.2516551990717468,0,0.5236671939499262,0,0.02708194228999692,0.01563014805882884
Kazakh,kaza1248,NA,0,0,0.3627654240347448,0.19170082052166268,0.44553375544359264,0,0.01397891004315144
Kazakh,kaza1248,NA,0.5558483653287172,0.03817101488767256,0,0,0.06118957715568624,0.344791042627924,0.04940277008710048
Kazakh,kaza1248,NA,0.5517180315354453,0.02525208677628239,0.31876870643186084,0,0.10426117525641151,0,0.05602649035274803
Sukuma,suku1261,NA,0,0.1467250097984466,0,0,0.7077772282623647,0.14549776193918873,0.01047175647075747
Sukuma,suku1261,NA,0.43418868022877954,0.17945659618209403,0,0,0,0.3863547235891264,0.01947101512765646
Sukuma,suku1261,NA,0,0,0.5261575853085996,0.2348433713615229,0,0.2389990433298774,0.05340708810315098
Sukuma,suku1261,NA,0.8712333713564029,0,0.01899659289771135,0,0,0.1097700357458859,0.02601520688644478
Sukuma,suku1261,NA,0,0,0,1,0,0,0.01836700830865559
Bengali,beng1280,NA,0,0.05440093177190684,0.9455990682280933,0,0,0,0.00595691360048281
Bengali,beng1280,NA,0,0,0.02704214863957059,0,0,0.9729578513604292,0.00421340195938398
Bengali,beng1280,NA,0,0,0,0,0.7516528432678445,0.24834715673215535,0.01096402443469415
Bengali,beng1280,NA,0,0.00100442177773016,0.9405077467624496,0,0,0.05848783145982002,0.02308235066748968
Bengali,beng1280,NA,0,0.07041294562838404,0.7541496397390941,0,0.1754374146325218,0,0.08090164812259308
Assiniboine,assi1247,NA,0,0,0,0,0,1,-0.01687882172968231
Assiniboine,assi1247,NA,0,0,0,0,1,0,0.00713536459168393
Assiniboine,assi1247,NA,0.2543720295660586,0.05232041903094978,0,0,0.5958469447109153,0.09746060669207644,0.03826861448236576
Assiniboine,assi1247,NA,0.18913017618909397,0.33952368823458756,0.0423238320745564,0.1611438521389019,0,0.26787845136286026,0.04001314332424553
Assiniboine,assi1247,NA,0,0,0,0,1,0,0.058842893158758
Skolt Saami,skol1241,NA,0.27853042490521795,0,0.40262911242708754,0.2869990686134037,0.03184139405429071,0,0.05878733663609203
Skolt Saami,skol1241,NA,0,0,0.9674880196151244,0,0,0.03251198038487573,0.03700900465882063
Skolt Saami,skol1241,NA,0,0,1,0,0,0,-0.01960631722617603
Skolt Saami,skol1241,NA,0,0.3650656804072844,0,0,0,0.6349343195927156,0.06021806672178729
Skolt Saami,skol1241,NA,0.379982300253986,0.481225874011552,0.13879182573446203,0,0,0,0.05055355693657595
Tiale,tial1239,NA,0.07336023001244485,0,0,0,1.2261358409287e-4,0.9265171564034622,0.01675345087649455
Tiale,tial1239,NA,0,0.6972589282509738,0.23308330676759312,0.06052058480010378,0,0.00913718018132924,0.4027352885305813
Tiale,tial1239,NA,4.200462417185446e-9,0,0,0.9999999957995376,0,0,0.11811182911330433
Tiale,tial1239,NA,0.1576981143723724,0.8423018856276276,0,0,0,0,0.03781647156203655
Tiale,tial1239,NA,0.11793574791153812,0.03496656925480541,0.1078542112586212,0.04087376960884287,0.3616153780252858,0.3367543239409065,0.32362264695724563
Moronene,moro1287,NA,0,0.0484424072448327,0,0,0,0.9515575927551674,0.00389545663967628
Moronene,moro1287,NA,0,0.02638282835119252,0.6864983934345146,0,0.07854868953865773,0.20857008867563512,0.07081213030814562
Moronene,moro1287,NA,0.40251038576575304,0,0.1352070455932271,0.02166853278273253,0,0.4406140358582873,0.03912169659615448
Moronene,moro1287,NA,0,0,0.6635283422377973,0,0.3364716577622027,0,0.00649258556904235
Moronene,moro1287,NA,0.7845499380561232,0,0.04718013321767275,0,0.1682699287262041,0,0.03737249476422628
Baruya,baru1267,NA,0,0,0,0,1,0,0.00130913609765903
Baruya,baru1267,NA,0.07720355471478048,0,0.7545112285359077,0.0512743568738982,0,0.1170108598754136,0.10538612749276656
Baruya,baru1267,NA,0,0,0,1,0,0,0.03007658218554155
Baruya,baru1267,NA,0.43522291907454136,0.16990781747014252,0,0,0.2891235269820237,0.1057457364732924,0.04408111026630629
Baruya,baru1267,NA,0,0,0,1,0,0,0.03287113174216117
Kapingamarangi,kapi1249,NA,0,0,0.7704265112143983,0,0.2295734887856017,0,0.02493756560917424
Kapingamarangi,kapi1249,NA,0,0.9460749910595676,0,0,0.00324028320717211,0.05068472573325997,0.0840948258307415
Kapingamarangi,kapi1249,NA,0,0.47346575791839146,0,0.02821583480712164,0.2238067285804064,0.27451167869408066,0.02669236772722748
Kapingamarangi,kapi1249,NA,0,0,0,0,1,1.8431321950800992e-17,-0.01167025172573514
Kapingamarangi,kapi1249,NA,0,0,0,0,1,0,-0.00108821725712358
Haya,haya1250,NA,0,0.30210369036535656,0,0,0.6978963096346433,0,0.01988697037867403
Haya,haya1250,NA,0.0595296242443453,0.5342288644790961,0.40624151127655866,0,0,0,0.01979439641577083
Haya,haya1250,NA,0.13802161064329785,0,0.6087819709987471,0,0,0.25319641835795503,0.04880911069471409
Haya,haya1250,NA,0,0,1,0,0,0,0.03804955592153207
Haya,haya1250,NA,2.77555756156289e-17,0,0,0,0,1,9.0163698455002e-4
Huasteca Nahuatl,huas1257,NA,0,0,0.23011741195358304,0.5993475080086855,0,0.17053508003773143,0.22210884644122733
Huasteca Nahuatl,huas1257,NA,0.7671289969579815,0,0,0,0,0.2328710030420185,0.16070525196141294
Huasteca Nahuatl,huas1257,NA,0,0.03952400881137562,0,0.4186847642926487,0.4752908851889613,0.06650034170701437,0.2676196602039096
Huasteca Nahuatl,huas1257,NA,1,0,0,0,0,0,0.1523844921976198
Huasteca Nahuatl,huas1257,NA,0,0,0,0,0.9437403513279764,0.05625964867202372,0.16442081341124326
Waurá,waur1244,NA,1,0,0,0,0,0,0.04760110911575262
Waurá,waur1244,NA,0,0.510562307823634,0,0,0.33754542023725587,0.15189227193910998,0.04339546363397523
Waurá,waur1244,NA,0.8318209444720384,0.1285427540713021,0,0.03963630145665963,0,0,0.03257596997704834
Waurá,waur1244,NA,0,0,0,0,1,0,4.5458018104122e-4
Waurá,waur1244,NA,0,0,0,0.8363374527111364,0.16366254728886362,0,0.01699762555699108
Karruwali,karr1236,NA,0.2283252682057029,0,0.063717457496098,0.6371747207063677,0.07078255359183139,0,0.8661448622255918
Karruwali,karr1236,NA,0.10212829966374458,0,0.2539981221115151,0.46181476788884535,0,0.18205881033589508,0.24132815343030695
Karruwali,karr1236,NA,0,0,0.090909097613206,0.909090902386794,0,0,0.0762587302065827
Karruwali,karr1236,NA,0.13820609732122524,0.00331588881464455,0.06130028026680205,0.5395596417980196,0,0.25761809179930867,0.20725265233603585
Karruwali,karr1236,NA,0.1815023625875642,0.37950535670583624,0.22449426086504223,0,0,0.21449801984155709,0.15766710650950222
Arosi,aros1241,NA,0.13057947997290423,0.176267960847304,0,0,0.6299895774542965,0.06316298172549535,0.08300398970422307
Arosi,aros1241,NA,0,0,0.1245065533221683,0,0,0.8754934466778317,0.0300919919805661
Arosi,aros1241,NA,0.1568528063036255,0.04991680240651072,0,0,0.593830247482774,0.1994001438070898,0.0279254675688371
Arosi,aros1241,NA,0,0,0.9317438013171858,0,0,0.0682561986828142,0.11076445639775293
Arosi,aros1241,NA,0.1261985987503483,0.4522307790679242,0.03550237665012772,0.10188274558322329,0,0.28418549994837644,0.13361164743502693
Balangao,bala1310,NA,0,0,0,0,1,0,0.002161543755857
Balangao,bala1310,NA,0,0.18740746238999956,0.09792321497339952,0.6876533943001697,0,0.02701592833643134,0.04348397781345042
Balangao,bala1310,NA,0,0,0,0,0,1,0.05244434122300306
Balangao,bala1310,NA,0.8594450915907487,0,0.03593971102327493,0.0052618806250151,0.06085525698590014,0.03849805977506113,0.06766636917341173
Balangao,bala1310,NA,0.7622154307061308,0,0,0,0,0.23778456929386924,0.05944062566991639
Mangei,mang1407,NA,0,0,0,0,0.9536890822823312,0.04631091771766863,0.02423340461542194
Mangei,mang1407,NA,0.6827542793875954,0.01975197931389023,0,0.29749374129851447,0,0,0.00833227052540796
Mangei,mang1407,NA,0,0,0.2804512984564842,0,0,0.7195487015435158,0.04373436973474403
Mangei,mang1407,NA,0,0.01149741533972444,0,0.33415412648563303,0.6543484581746425,0,0.02621303499163434
Mangei,mang1407,NA,0.1027008024588835,0.1411704474191402,0.04852932033939193,0.686961972887667,0,0.02063745689491731,0.07864872075280903
Numbami,numb1247,NA,0,0,0.6811124299832071,0.13785129680824673,0.18103627320854612,0,0.03620231106048642
Numbami,numb1247,NA,0.01895403291236336,0.11912387192653652,0,0.3577150588995022,0.3465975378760617,0.15760949838553626,0.03657876790906492
Numbami,numb1247,NA,0,1,0,0,0,0,0.0177750443740875
Numbami,numb1247,NA,0,0,1,0,0,0,0.01318288285623363
Numbami,numb1247,NA,0.4071365413655531,0.03351090751704071,0.559352551117406,0,0,0,0.08231345477296675
Mandan,mand1446,NA,0.3416352593910712,0,0,0.5834273562739045,0,0.07493738433502425,0.0170367661634321
Mandan,mand1446,NA,0,0.41996033201319793,0,0.17367003312635065,0.2228868231271393,0.18348281173331216,0.04220348053370729
Mandan,mand1446,NA,0,1,0,0,0,0,0.03308438866374798
Mandan,mand1446,NA,0,0.3162357983122565,0,0,0.6837642016877434,0,0.03855592294260052
Mandan,mand1446,NA,0,0,0,0,0.5108394905787152,0.4891605094212847,0.01885715895709991
Landawe,land1259,NA,0,0,0.06528718826354991,0.4143041261255768,0.35315619160729805,0.16725249400357528,0.04318120280729119
Landawe,land1259,NA,0,0.01851849627586047,0,0.6339091713721344,0.12678579726224018,0.2207865350897649,0.13620012797866343
Landawe,land1259,NA,0.12433989012188418,0.6827828655006731,0.19287724437744272,0,0,0,0.03815205069443064
Landawe,land1259,NA,0.6098019903261838,0,0,0.2465565580089396,0.04454852700438794,0.0990929246604887,0.07200453450296648
Landawe,land1259,NA,0,1,0,0,0,0,8.1836545617575e-4
Nama (Papua New Guinea),nama1266,NA,0,0.1904845620750097,0,0,0,0.8095154379249903,0.00327048750863763
Nama (Papua New Guinea),nama1266,NA,0.10870087373799506,0.03712845759907396,0,0,0.09861511071444903,0.755555557948482,0.0384013045211096
Nama (Papua New Guinea),nama1266,NA,0,1.8226682942033e-4,0,0.6233765089062691,0,0.3764412242643106,0.01625346396281749
Nama (Papua New Guinea),nama1266,NA,0,0.48032063084692433,0,0,0,0.5196793691530757,0.01082302414089869
Nama (Papua New Guinea),nama1266,NA,0.14058601858146552,0,0,0.8594139814185345,0,0,0.01114095163624059
West Kewa,west2599,NA,0.48771967726015875,0.02341331762880197,0.42320953339387246,0,0,0.06565747171716685,0.06922659074627421
West Kewa,west2599,NA,1,0,0,0,0,0,0.02762564979985347
West Kewa,west2599,NA,0,0,0,0.723012229831617,0.27698777016838305,0,0.04933175906497953
West Kewa,west2599,NA,0.9857961376026352,0,0,0,0.01420386239736482,0,0.02609519035673483
West Kewa,west2599,NA,0.4382276208734659,0,0.06400825264319286,0.1777053932260589,0.32005873325728224,0,0.03740124171529598
Bagvalal,bagv1239,NA,0.1428184496896968,0,0,0.02281156123140686,0.8343699890788963,0,0.04564498492806667
Bagvalal,bagv1239,NA,0,0,0,0.14483589306888822,0.22788334722373652,0.6272807597073753,0.03111359362307887
Bagvalal,bagv1239,NA,0.578918517155485,0.2698037216560525,0,0,0.1512777611884624,0,0.02217473112398486
Bagvalal,bagv1239,NA,0,1,0,0,0,0,0.01024084786603927
Bagvalal,bagv1239,NA,0.9121342226735336,0.08786577732646658,0,0,0,0,0.03375576246824459
Herero,here1253,NA,0.5262471348470429,0.06420198998712727,0.3979506194398514,0,0.01160025572597839,0,0.04491317289278718
Herero,here1253,NA,0,0,0,1,0,0,4.0489812535177e-4
Herero,here1253,NA,0.02853046417447114,0.04790215597029,0.6327219107455635,0.05416253290708377,0.18432952232414615,0.05235341387844553,0.09852570631684315
Herero,here1253,NA,0,0.06965227449889527,0,0,0.9303477255011048,0,0.05343713582180318
Herero,here1253,NA,0,0,0,0,0,1,0.02107144438523231
Pima Bajo,pima1248,NA,0,0,0,0,0,1,0.05326538512639749
Pima Bajo,pima1248,NA,0.07034838596032998,0,0,0.6399793291794907,0,0.28967228486017926,0.12647357000041393
Pima Bajo,pima1248,NA,0,0.2679105144587114,0,0.6025770637513309,0.12951242178995773,0,0.124673739479961
Pima Bajo,pima1248,NA,0.7577112756104204,0,0,0.24228872438957968,0,0,0.05675506702855361
Pima Bajo,pima1248,NA,0.19386922439532753,0,0.7520252613015043,0,0,0.05410551430316814,0.14009990406348213
Sikaiana,sika1261,NA,0.0819026644805204,0.4810961983752205,0.15610108681225104,6.5698039460198e-4,0.28024306993740616,0,0.03823473848547903
Sikaiana,sika1261,NA,0.5264547160354733,0.3844204079856622,0,0,0.06163552603183184,0.02748934994703271,0.04516260109972117
Sikaiana,sika1261,NA,0.104748896586773,0.407285990150392,0.487965113262835,0,0,0,0.05468716655881443
Sikaiana,sika1261,NA,0,0,0.10676512310613467,0.6037929483152917,0.2894419285785737,0,0.04954400406556428
Sikaiana,sika1261,NA,0,0.10596782432008224,0.06487068180245169,0,0.3105586093064155,0.5186028845710507,0.02174844695853408
Kaure-Narau,kaur1271,NA,0,1,0,0,0,0,-0.00158157808236337
Kaure-Narau,kaur1271,NA,0.1372717726128168,0.1038489817922062,0,0,0,0.758879245594977,0.02632750422921646
Kaure-Narau,kaur1271,NA,0,0.14235169537349385,0.6005656064554774,0,0,0.2570826981710288,0.03788512214548859
Kaure-Narau,kaur1271,NA,0,0,1,0,0,0,0.00336744576994117
Kaure-Narau,kaur1271,NA,0,0.2072223711124677,0,0.11586982838123204,0.2566616155778495,0.4202461849284508,0.05646015326993238
Nehan,neha1247,NA,0,0,0,0,0.35527828780007725,0.6447217121999227,0.0175454903724602
Nehan,neha1247,NA,0.9943107853189614,0,0,0,0.00568921468103856,0,0.01471969127359826
Nehan,neha1247,NA,0,1,0,0,0,0,0.011886997641073
Nehan,neha1247,NA,0.9687191076288943,0.03128089237110568,0,0,0,0,0.02816001598969755
Nehan,neha1247,NA,0.03387402439498229,0,0.9661259756050176,0,0,0,0.02806027948442865
Lozi,lozi1239,NA,0,0,0.7822474793671524,0,0,0.21775252063284747,0.0364007285429227
Lozi,lozi1239,NA,0.6285158392736201,0,0,0,0,0.37148416072637985,0.0045242781163614
Lozi,lozi1239,NA,0.37003727446986945,0.3124765933646774,0,0,0.31748613216545313,0,0.02622867843284606
Lozi,lozi1239,NA,0.2969319245677484,0.04377738479551377,0,0.39690461197534793,0,0.26238607866139,0.0217246809520841
Lozi,lozi1239,NA,1,0,0,0,0,0,0.02516858969922403
Thao,thao1240,NA,0,0.02081251820580172,0,0.40533362879196616,0.573853853002232,0,0.04713057607873348
Thao,thao1240,NA,0.25143740595040515,0,0,0,0.7485625940495948,0,0.04605284508264887
Thao,thao1240,NA,1,0,0,0,0,0,0.02106103737363212
Thao,thao1240,NA,0,0,0.02355461891763593,0.976445381082364,0,0,0.04709390979468714
Thao,thao1240,NA,0,0,0,0,1,0,0.00283044866032807
Balinese,bali1278,NA,0.09299587669146964,0,0.7284924569265652,0.0997366472819005,0.07877501910006475,0,0.0963558124538814
Balinese,bali1278,NA,0,0,0,0.8606528452759517,0.13934715472404835,0,0.03839922940230871
Balinese,bali1278,NA,0.4422671488980051,0,0,0.4935569866323558,0,0.06417586446963904,0.01445502568538471
Balinese,bali1278,NA,0.5430603577636323,0,0,0,0.2745640796726984,0.1823755625636694,0.02966198272260105
Balinese,bali1278,NA,0.6332989106762036,0.04902470241880185,0,0.17901387992969636,0,0.13866250697529814,0.0781299390208087
O'du,oduu1239,NA,0,0.7335000786194342,0,0,0,0.26649992138056583,0.01256549899336939
O'du,oduu1239,NA,0,0,0,0,0.6067553447640328,0.3932446552359672,0.02564742921364325
O'du,oduu1239,NA,0.25963235201556695,0,0.6970261187422994,0,0,0.04334152924213366,0.05354909319493547
O'du,oduu1239,NA,0.7499585507238044,0.03479416353734911,0,0,0.06980389390951916,0.14544339182932725,0.08678650368578628
O'du,oduu1239,NA,0,0,0,0,0,1,-0.00862791077223443
Hausa,haus1257,NA,0.30689251362211245,0,0.21379383147528008,0.12101521237240324,0.3489095372962342,0.00938890523397,0.07509359494779833
Hausa,haus1257,NA,0,0,0.04997782003178402,0,0.5719018409794427,0.3781203389887732,0.00375740205866534
Hausa,haus1257,NA,0.5636273156742934,0,0,0,0,0.43637268432570664,0.01889986812498088
Hausa,haus1257,NA,0,0.3374485562333831,0.5218723568932808,0,0,0.14067908687333594,0.02414989123832532
Hausa,haus1257,NA,0,0.08748604111005419,0.32918037337740624,0,0.5833335855125394,0,0.02626789228520348
Ninam,nina1238,NA,0.19819000329398576,0.05128257341708279,0.7338762047456477,0.01665121854328375,0,0,0.11278304559021342
Ninam,nina1238,NA,0,0,1,0,0,0,0.01611124721603185
Ninam,nina1238,NA,0,0.5936617920395454,0,0,0,0.40633820796045456,0.03799374139107057
Ninam,nina1238,NA,0.2612905598752615,0.0292136098715611,0.4687893589878103,0,0.12785022521679465,0.1128562460485724,0.07543020900281135
Ninam,nina1238,NA,0,0.2397536808561674,0.09981985197262476,0.6604264671712078,0,0,0.04452596288936061
Ngalkbun,ngal1292,NA,0,0.02451828612162689,0,0.9594195315770604,0,0.01606218230131275,0.0503154243183813
Ngalkbun,ngal1292,NA,0,0.4424970855681125,0.11031316553709994,0.24152566239421905,0.13327996109340076,0.0723841254071678,0.06681592773316034
Ngalkbun,ngal1292,NA,0.17282295281595833,0.4174689817381765,0.4097080654458652,0,0,0,0.01355146635889562
Ngalkbun,ngal1292,NA,0.2817017639856691,0,0,0,0.7182982360143308,0,0.0291887284661013
Ngalkbun,ngal1292,NA,0.4358094371100221,0,0.1126850604839926,0.18042007925841416,0.27108542314757106,0,0.03743903144804957
Kumbainggar,kumb1268,NA,1,0,0,0,0,0,0.01057304684301098
Kumbainggar,kumb1268,NA,0,0,0,0,0.869212975486778,0.13078702451322194,0.03932839253685334
Kumbainggar,kumb1268,NA,0.06101584125174046,0.04810468654453342,0,0.5079258516897455,0,0.3829536205139804,0.03190237884374188
Kumbainggar,kumb1268,NA,0.00158500254009076,0.3014312251085768,0.46223387632625146,0,0.23474989602508103,0,0.08303635967664924
Kumbainggar,kumb1268,NA,0.35172714029852864,0.6482728597014713,0,0,0,0,0.00172994562406892
Cheyenne,chey1247,NA,0.09984140161381803,0.533766465752535,0.16456428490882294,0.201827847724824,0,0,0.04777539328165618
Cheyenne,chey1247,NA,0,0,0,0,1,0,0.01335111455336885
Cheyenne,chey1247,NA,0.0175046324888138,0,0.9824953675111864,0,0,0,0.03941775790112437
Cheyenne,chey1247,NA,0,0,0,0.14368105731949066,0.6946600646666702,0.16165887801383924,0.03300775760563927
Cheyenne,chey1247,NA,0,0.5484114021608072,0.4515885978391927,0,0,0,0.02820690978377926
Kuvi,kuvi1243,NA,1,0,0,0,0,0,0.00559895938823233
Kuvi,kuvi1243,NA,0.18878467351146092,0.00476810473938543,0.2584754093749005,0.3517944213548293,0.19617739101942372,0,0.02860933701264871
Kuvi,kuvi1243,NA,0,0,1,0,0,0,0.00315969411635675
Kuvi,kuvi1243,NA,1,0,0,0,0,0,0.0257885166047004
Kuvi,kuvi1243,NA,0.5086210646785788,0,0.316067684902791,0.08636923254200586,0,0.08894201787662419,0.03433495123219478
Mangole,mang1408,NA,0,0,0.5400292323164717,0.4599707676835283,0,0,0.05481489593450212
Mangole,mang1408,NA,0,0,0,0,0.38945409901572703,0.610545900984273,0.02844162670818508
Mangole,mang1408,NA,0.7383816830371306,0,0,0.16818886059471597,0.00250493650557307,0.09092451986258022,0.12418399270935936
Mangole,mang1408,NA,0,0,0.2882039527212398,0.2860399245509347,0.4257561227278254,0,0.05940892239934629
Mangole,mang1408,NA,0.11635679661190082,0.06126140785796606,0.31759071810480344,0,0.5047910774253297,0,0.04752185322400928
South Saami,sout2674,NA,0,0,0,0.7693250793304085,0,0.23067492066959153,0.09313216370656434
South Saami,sout2674,NA,0,6.189237597682427e-17,0,1,0,0,0.01685903338971687
South Saami,sout2674,NA,0,0,0.09615305706133576,0.27514152995850094,0,0.6287054129801634,0.07619301321011325
South Saami,sout2674,NA,0,0,0,0,1,0,0.02255681726906344
South Saami,sout2674,NA,0.5618435573444841,0.17015000739189148,0,0,0,0.26800643526362433,0.02826879285609652
Chipewyan,chip1261,NA,0,0,0.6200554752297104,0.3799445247702895,0,0,0.0889154663732401
Chipewyan,chip1261,NA,0,0,0.33852716065915495,0.535936209154668,0.00366123118689029,0.12187539899928672,0.0424981904083818
Chipewyan,chip1261,NA,0.25270780496886863,0.48103331342257255,0,0,0,0.2662588816085588,0.01934338932505903
Chipewyan,chip1261,NA,0,0,0,0,0,1,6.5208321726198e-4
Chipewyan,chip1261,NA,0,0.6095253413889669,0.08586990488372005,0,0.08275741076596609,0.221847342961347,0.03400050711021187
Manam,mana1295,NA,0,0,0,0,0,1,0.03917233095082405
Manam,mana1295,NA,0,0.6240332256761263,0,0.37596677432387376,0,0,0.00802495211065479
Manam,mana1295,NA,0.30400395024333704,0,0,0.16748688350277458,0.21687481958577465,0.31163434666811374,0.09658729051555924
Manam,mana1295,NA,0,0.3027676510164031,0.6972323489835969,0,0,0,0.04762443711942383
Manam,mana1295,NA,0.1867995969173498,0,0.02810468603116956,0,0,0.7850957170514806,0.08838805215170528
Emau,emau1237,NA,0,0,0,1,0,0,0.0036777685692966
Emau,emau1237,NA,0.13422637732048695,0.17033921682887987,0.6028172420086878,0,0,0.0926171638419454,0.07656462860953253
Emau,emau1237,NA,0.13324031599576902,0,0.6538761887222498,0,0.21288349528198125,0,0.08928372915744885
Emau,emau1237,NA,0.28353812571003634,0.10894661869926138,0,0.6075152555907023,0,0,0.01475385444890315
Emau,emau1237,NA,0.07502594797781865,0.11187160856656596,0,0.757521472647672,0,0.05558097080794337,0.04393836788200999
Klon,kelo1247,NA,0,0,0,0.3631210986950503,0.6368789013049497,0,0.08455000685609593
Klon,kelo1247,NA,0,0,0,0,1,0,0.0394096832070604
Klon,kelo1247,NA,0.04463425712946562,0,0.7835779885162751,0.17178775435425922,0,0,0.11973877748143712
Klon,kelo1247,NA,0,0,1,0,0,0,0.2267947170423769
Klon,kelo1247,NA,0.3232539640623253,0,0.4848780674004341,0.13284019566337554,0.05902777287386499,0,0.15084802548329607
Vera'a,vera1241,NA,0,0,0.4223301507990481,0.41664173688932776,0,0.1610281123116242,0.04216367490593697
Vera'a,vera1241,NA,0,0,0.95621405855732,0,0.04378594144268007,0,0.01287538022090002
Vera'a,vera1241,NA,0,0.02404499047848438,0.02472749428045673,0,0.9102916064569966,0.04093590878406225,0.07328352228933785
Vera'a,vera1241,NA,0.12826167714067627,0,0,0.8717383228593237,0,0,0.0220648256418581
Vera'a,vera1241,NA,0,0,0.7609265688462505,0.237715367556154,0.00135806359759533,0,0.03814861082110662
Tanala,tana1285,NA,0.4060348707042525,0.12971413454304606,0.03928055748269562,0.20280637558374093,0.1204925829989436,0.10167147868732115,0.05798922525314621
Tanala,tana1285,NA,0,0,0,0,1,0,-0.00188492648479756
Tanala,tana1285,NA,0.6302150389407942,0.26679164696183,0,0.10299331409737587,0,0,0.03651480722595972
Tanala,tana1285,NA,0.13317241170777624,0,0.7042215033207393,0.1626060849714845,0,0,0.08497659590101353
Tanala,tana1285,NA,1,0,0,0,0,0,0.02934770151557444
Makonde,mako1251,NA,0,0,0.3116180830536889,0.47434253334008,0.16297060295532903,0.05106878065090225,0.02519328566637577
Makonde,mako1251,NA,0,0.16661937276761185,0,0.23977154384538787,0.5132229563899358,0.0803861269970644,0.01980168759997111
Makonde,mako1251,NA,0,0,0,0,0,1,0.03598524212468745
Makonde,mako1251,NA,0,0.37200165555165216,0,0,0.6279983444483479,0,0.00629100812124727
Makonde,mako1251,NA,0.21296740442928708,0,0,0.7870325955707128,0,0,0.02386612219360218
Rundi,rund1242,NA,0,0.42388350201798225,0,0,0,0.5761164979820178,0.0104281418272676
Rundi,rund1242,NA,0,0,0.19369940671062197,0.305123913180996,0.5011766801083821,0,0.04977686810911536
Rundi,rund1242,NA,0.1130907874585537,0,0,0.3752141408915817,0.20266391461939165,0.30903115703047285,0.02954717321982917
Rundi,rund1242,NA,0,0,1,0,0,0,0.00572760739165224
Rundi,rund1242,NA,0.3564031041200348,0,0.3993875980592178,0,0.10991676211505474,0.1342925357056927,0.02802523313399695
Ekari,ekar1243,NA,0.27201907119298907,0,0.49072862444414034,0,0,0.23725230436287065,0.03302195692505867
Ekari,ekar1243,NA,0.08013329008604536,0,0,0,0.9198667099139546,0,0.05042330148969563
Ekari,ekar1243,NA,0,0,0,0,1,0,0.00714386954906966
Ekari,ekar1243,NA,0.05358161372458521,0,0,0.5025923048180657,0.4438260814573491,0,0.06001802904939254
Ekari,ekar1243,NA,0,1,0,0,0,0,0.02781099527176373
Kala Lagaw Ya,kala1377,NA,0.821658007098053,0,0,0,0.05926069680770186,0.11908129609424496,0.03386156370525779
Kala Lagaw Ya,kala1377,NA,0,0,0.23674328175468265,0,0.24016707226992912,0.5230896459753883,0.0484633064987445
Kala Lagaw Ya,kala1377,NA,0,0,0,0,1,0,-0.00111405299624602
Kala Lagaw Ya,kala1377,NA,0,0,0,0.5766080536073671,0.17572738995027914,0.24766455644235377,0.01255555351685765
Kala Lagaw Ya,kala1377,NA,0.31414829887631146,0.27086089845148414,0,0.1051417348806918,0.3098490677915127,0,0.04610243364109517
Tenharim-Parintintin-Diahoi,tenh1241,NA,0.8439616109372672,0,0.0949425145599256,0,0.06109587450280736,0,0.05155155022313095
Tenharim-Parintintin-Diahoi,tenh1241,NA,0.7577504102385156,0.04913607153881728,0,0,0.19311351822266704,0,0.07236157210434851
Tenharim-Parintintin-Diahoi,tenh1241,NA,0,0,0.7437771691506807,0,0.25622283084931924,0,0.06908803476533439
Tenharim-Parintintin-Diahoi,tenh1241,NA,0.1532533006192861,0,0.5254667780186328,0,0.32127992136208106,0,0.01411811522067707
Tenharim-Parintintin-Diahoi,tenh1241,NA,0,0.04104878071147678,0.23651421467992284,0,0.6828722780434686,0.03956472656513175,0.06335756956954747
Kosraean,kosr1238,NA,1,0,0,0,0,0,0.02786047370646279
Kosraean,kosr1238,NA,1,0,0,0,0,0,0.04652481810388534
Kosraean,kosr1238,NA,0,0,0,0,1,0,0.01293769794171873
Kosraean,kosr1238,NA,0.6980714581980929,0,0.218705273666198,0,0,0.08322326813570916,0.04019544324187133
Kosraean,kosr1238,NA,0,0.41318209638107,0.3985628684487155,0,0.1882550351702144,0,0.01792618326405923
Tapirapé,tapi1254,NA,0,0,0,0,1,0,0.01091708727555326
Tapirapé,tapi1254,NA,0,0,0,0.1790191476293542,0.7072627853353652,0.1137180670352806,0.05242887119693718
Tapirapé,tapi1254,NA,0,0.05095616070819775,0,0,0.26351191326151563,0.6855319260302866,0.01540459338830644
Tapirapé,tapi1254,NA,0,0,0,0,1,0,8.1266287079658e-4
Tapirapé,tapi1254,NA,0.21063682266182587,0.05526325557849085,0.21014501831772792,0.2255585231813263,0.2983963802606291,0,0.06251271273979553
Mori Bawah,mori1268,NA,1,0,0,0,0,0,0.00702586414627286
Mori Bawah,mori1268,NA,0.14289774428437912,0,0.6451502851978829,0,0,0.211951970517738,0.02782141285342257
Mori Bawah,mori1268,NA,0.42090991708004866,0.09448766060052806,0,0.2261069367663638,0.22238376044990507,0.03611172510315433,0.05876812013683225
Mori Bawah,mori1268,NA,0.6386612560412291,0,0,0.13946068489516672,0.10344450353812212,0.11843355552548204,0.02584547503383027
Mori Bawah,mori1268,NA,0,0,0,0,0.5729852045691886,0.4270147954308115,0.00293280125048058
Upper Michigan-Wisconsin Chippewa,uppe1274,NA,0.09466835231498656,0.34259711875692794,0.2851672651157594,0.05281743344195629,0,0.2247498303703697,0.05270848203637088
Upper Michigan-Wisconsin Chippewa,uppe1274,NA,0,0,0.02998092854673318,0,0.5327308602031445,0.4372882112501223,0.04846013728062844
Upper Michigan-Wisconsin Chippewa,uppe1274,NA,0,0,0,1,0,0,0.00308897642714199
Upper Michigan-Wisconsin Chippewa,uppe1274,NA,0,0,0,0,0.6357989252721711,0.36420107472782887,0.00948302752098979
Upper Michigan-Wisconsin Chippewa,uppe1274,NA,0,0,0,0,1,0,0.00835876329414879
Pashto,pash1269,NA,0.953515163949994,0.04648483605000583,0,0,0,0,0.04971780460481806
Pashto,pash1269,NA,0.28128016981901655,0,0,0,0,0.7187198301809834,0.02710154135505932
Pashto,pash1269,NA,0.6176978967049909,0,0,0.37794531764372075,0.00435678565128844,0,0.02838920023509862
Pashto,pash1269,NA,1,0,0,0,0,0,0.00112859160199711
Pashto,pash1269,NA,0,0,0.5590068566052295,0.20527442386174943,0.235718719533021,0,0.04777958932060417
Samoan,samo1305,NA,0,0,0,0,1,0,0.02346504217883781
Samoan,samo1305,NA,0,1,0,0,0,0,0.00489639180058211
Samoan,samo1305,NA,0,0.18592261367741175,0,0,0.8140773863225882,0,0.00911857858151925
Samoan,samo1305,NA,0,0,0,0,0,1,-0.01333898902787769
Samoan,samo1305,NA,0,0.6447538335729981,0,0.29842869048387727,0,0.0568174759431247,0.0233896282307161
Auslan,aust1271,NA,0.9479873265827932,0,0,0,0,0.05201267341720673,0.03644607322037729
Auslan,aust1271,NA,0,0.06861777143607152,0,0.1626165097328025,0,0.768765718831126,0.02137930524591089
Auslan,aust1271,NA,1,0,0,0,0,0,-0.00175092158332808
Auslan,aust1271,NA,0.8143029248205499,0,0.18569707517945017,0,0,0,0.05638651036156022
Auslan,aust1271,NA,0.5575372837780445,0.0558722423074702,0,0,0,0.3865904739144855,0.0183351685143846
Olal,olal1237,NA,0.10423573071353988,0.3173977436685797,0.2200242386248258,0.03099179443475836,0.32735049255829624,0,0.0717057433491832
Olal,olal1237,NA,0,0,0.26056758795570156,0,0.05134812852513758,0.688084283519161,0.01920972423605287
Olal,olal1237,NA,0.3815917362431159,0.6184082637568841,0,0,0,0,0.02498243297040306
Olal,olal1237,NA,0,0.17463980331986592,0,0,0.825360196680134,0,0.08265492437868532
Olal,olal1237,NA,0,0.7411699504482567,0,0,0,0.25883004955174327,0.00990924543964719
Nimboran,nucl1633,NA,0.639563473886919,0,0.36043652611308097,0,0,0,0.04325836283454606
Nimboran,nucl1633,NA,0,0,0.4257695044893549,0.10135210390826896,0.26636725595937477,0.2065111356430013,0.03643957825707013
Nimboran,nucl1633,NA,0,0,0,1,0,0,0.01834731133537368
Nimboran,nucl1633,NA,0,0,1,0,0,0,-4.5321574549411e-4
Nimboran,nucl1633,NA,0.23003762960141308,0.04423023953488179,0.7254803947071193,0,0,2.5173615658569e-4,0.05246619485756462
Chepang,chep1245,NA,0.5099145808371205,0,0,0,0,0.4900854191628795,0.01718107410215532
Chepang,chep1245,NA,0,0,0.39578491796682785,0.39267181468291623,0.02454996195283404,0.18699330539742176,0.03358778086179553
Chepang,chep1245,NA,0,0,0,0.8755028307544109,0,0.12449716924558908,0.04654658631599479
Chepang,chep1245,NA,0,0.5174024298959199,0.07476052192437466,0,0,0.40783704817970545,0.05534962499466107
Chepang,chep1245,NA,0.3184550119125599,0.00769488789010588,0,0,0.6738501001973342,0,0.04388803297393932
Tuscarora,tusc1257,NA,0.5458037669788685,0,0,0.2234705478601077,0,0.23072568516102385,0.04239367685509779
Tuscarora,tusc1257,NA,0,0,0,1,0,0,0.00327150501456419
Tuscarora,tusc1257,NA,0.26833753567010715,0,0.02354898341983763,0,0,0.7081134809100551,0.01282028189648849
Tuscarora,tusc1257,NA,0.5255139316814152,0,0.4744860683185847,0,0,0,0.06164930930448252
Tuscarora,tusc1257,NA,0,0,0,0.98628818448303,0,0.01371181551696992,0.0621166222198973
Mungaka,mung1266,NA,0,0.25657462322940955,0.2338865853732687,0.12336893826866484,0.14691468477606187,0.23925516835259503,0.02570233329724215
Mungaka,mung1266,NA,0.01559548531779854,0,0.49638856113793794,0,0.3195443410606743,0.16847161248358922,0.02664677176670041
Mungaka,mung1266,NA,0.4326486695161573,0,0,0,0.25899502709877353,0.3083563033850691,0.02204724516706511
Mungaka,mung1266,NA,0.4449959977049474,0.00275805056356254,0,0.3282757582454576,0,0.2239701934860324,0.07417629463094895
Mungaka,mung1266,NA,0,0,1,0,0,0,0.00646546061405509
Central Aymara,cent2142,NA,0,0,0.6957079734807404,0,0,0.3042920265192596,0.06573945198916725
Central Aymara,cent2142,NA,0.7962662895340572,0.01147681555930074,0.07134926535374389,0.12090762955289816,0,0,0.13813922195813488
Central Aymara,cent2142,NA,0.4504416499816163,0,0.09398976595330263,0,0.45556858406508094,0,0.06109544835240817
Central Aymara,cent2142,NA,0,1,0,0,0,0,0.02174327378363313
Central Aymara,cent2142,NA,0,0.10413932099228336,3.3395452802365e-4,0.3422194521132177,0.5533072723664753,0,0.01916490473317104
Meyah,meya1236,NA,0,0.11618219564639246,0.7711374301393906,0,0.03205103441307778,0.08062933980113911,0.07196385737841143
Meyah,meya1236,NA,0.2770853949929406,0,0.18833730789773584,0.5345772971093236,0,0,0.02356623763916589
Meyah,meya1236,NA,0.094318725403251355,0,0.30635535056764057,0,0.4809940603309966,0.1183318636981115,0.04871791791042667
Meyah,meya1236,NA,0,1,0,0,0,0,0.00724587963704957
Meyah,meya1236,NA,0.7325625394373442,0,0,0.2674374605626559,0,0,0.01618810453748526
Mortlockese,mort1237,NA,0,0,0,0,1,0,0.0028650845423278
Mortlockese,mort1237,NA,0.388134243423904,0,0.20696243567428288,0.09634953951433373,0.3085537813874795,0,0.05866787712273277
Mortlockese,mort1237,NA,0.41700867821875953,0.4563571253354651,0,0,0.01100953406618878,0.1156246623795867,0.05988659528040032
Mortlockese,mort1237,NA,0,0,0,0,0,1,0.03488143932943416
Mortlockese,mort1237,NA,0,0.2453088932201647,0,0,0.6687205332547734,0.08597057352506174,0.03302838790519979
Ha,haaa1252,NA,0.2675260079586376,0,0.28828023603539066,0.4441937560059716,0,0,0.05587781117834248
Ha,haaa1252,NA,0,0.771507460380313,0,0,0.22849253961968705,0,0.01351309692911956
Ha,haaa1252,NA,0,0,0.5416823721748396,0,0.4583176278251604,0,0.01756672093601847
Ha,haaa1252,NA,0,0.18828230388531209,0,0,0.8117176961146879,0,0.0257888132499953
Ha,haaa1252,NA,0.45661010827812254,0.0266165764113766,0.3830920790689458,0,0,0.13368123624155506,0.02110347475129894
Gros Ventre,gros1243,NA,0.5358412371405809,0,0,0,0,0.4641587628594191,0.02976643018098865
Gros Ventre,gros1243,NA,0,0,0,0.4106738801924151,0.46069676727586234,0.12862935253172253,0.00750151256416388
Gros Ventre,gros1243,NA,0.48666310262793233,0.2505446009569821,0,0,0.16866418330724386,0.09412811310784172,0.01956365160409063
Gros Ventre,gros1243,NA,0.5494025233881616,0,0,0.14636217958514813,0.3042352970266903,0,0.01021804753569362
Gros Ventre,gros1243,NA,0.381099512275882,0,0,0.25018145733203007,0.3000366211611684,0.06868240923091953,0.01603167265622186
Bushoong,bush1247,NA,0,0.16519659180071491,0.24125360477260965,0,0.5935498034266755,0,0.04335654460419922
Bushoong,bush1247,NA,0,0,0.36036356164979894,0,0.4060333811058261,0.23360305724437488,0.00950253304640731
Bushoong,bush1247,NA,0,0.37748517938819454,0.03587452625477407,0.5866402943570315,0,0,0.04841739678207938
Bushoong,bush1247,NA,1,0,0,0,0,0,0.01894631402067509
Bushoong,bush1247,NA,0,0.7227273977280156,0,0.2167880403567708,0.06048456191521352,0,0.02493759366371339
Yagwoia,yagw1240,NA,0,0,0,0,1,0,0.02421592942730664
Yagwoia,yagw1240,NA,0.05128259853352775,0,0.48410359762161337,0.05066490510847742,0,0.41394889873638147,0.04717669808016973
Yagwoia,yagw1240,NA,0.6917854123117185,0,0,0.30821458768828147,0,0,0.01786927892630293
Yagwoia,yagw1240,NA,0,0.35892036441381303,0,0.10049831541097635,0,0.5405813201752108,0.00448380953474621
Yagwoia,yagw1240,NA,0,0,0,0.19233448971118655,0.0414625216401179,0.7662029886486954,0.01156471501533759
Gayo,gayo1244,NA,0,0,0.14784293089181336,0,0.8212001707531204,0.03095689835506635,0.02738208620361456
Gayo,gayo1244,NA,0.30872318802038745,0,0,0.6912768119796125,0,0,0.0089141364926634
Gayo,gayo1244,NA,0,0.3803358535522436,0,0,0.6196641464477564,0,0.01176590321817844
Gayo,gayo1244,NA,0.4841981120515589,0,0.5158018879484411,0,0,0,0.02041769080912707
Gayo,gayo1244,NA,0.17604462271374244,0,0.27318619758071094,0.07903894806636788,0.471730231639179,0,0.05186592682004488
Tirax,maee1241,NA,0.125327088448838,0.14320693349393396,0,0.00982590802149277,0.2170915189535609,0.5045485510821744,0.05303483119923964
Tirax,maee1241,NA,0,0,0,0.5870398501540179,0.412960149845982,0,0.05380097330787162
Tirax,maee1241,NA,0,0.4142006567507503,0,0.5857993432492498,0,0,0.0132691767939415
Tirax,maee1241,NA,0,0,0.5478655209234452,0,0.32408169434577044,0.12805278473078444,0.06333682245497102
Tirax,maee1241,NA,0,0.05938950958063988,0,0.5925086309329344,0.00500170900663475,0.343100150479791,0.05002677278202638
Ibanag,iban1267,NA,0.450998346403336,0,0,0,0.5490016535966641,0,0.00212105632047502
Ibanag,iban1267,NA,0.2699147429133431,0.1639950038375275,0.2427542126389743,0,0.13781231322779022,0.1855237273823649,0.02469988407331881
Ibanag,iban1267,NA,0.7075174597596954,0.26007684285191307,0,0.03240569738839161,0,0,0.05299043684924967
Ibanag,iban1267,NA,0,0.3546553095674943,0,0,0.6453446904325058,0,0.03161902164395962
Ibanag,iban1267,NA,0,0.98954698785771,0,0,0,0.0104530121422902,0.03189861055449627
Avestan,aves1237,NA,0,0,0.7364061533000065,0.0923736477380758,0,0.17122019896191784,0.02986399475782598
Avestan,aves1237,NA,0.5917261339066788,0.00709601905385772,0,0.34357558888625,0,0.05760225815321348,0.08399412348161409
Avestan,aves1237,NA,0.05459678106676503,0.5281438761973449,0,0.41725934273589,0,0,0.04818203781207746
Avestan,aves1237,NA,0.7995622693709797,0,0,0.06492532056980384,0,0.1355124100592164,0.01600734932976761
Avestan,aves1237,NA,0,0,0.4193451923560399,0,0.58065480764396,0,0.00548813543034346
Yansi,yans1239,NA,0,0,0.18832980055760568,0.6105601718193042,0.17058198394813467,0.03052804367495541,0.10083156270191512
Yansi,yans1239,NA,0.9999999137941924,0,0,0,0,8.620580772179175e-8,0.04017898430886459
Yansi,yans1239,NA,0,0.5913060411030552,0.4086939475730156,0,0,1.1323929207650445e-8,0.0908398639634917
Yansi,yans1239,NA,0,0,0.8909089668923836,0,0,0.10909103310761634,0.21912893712706957
Yansi,yans1239,NA,0.4382284261162017,0,0,0,0.4681429551707173,0.09362861871308094,0.02968710229215052
Barok,baro1253,NA,0.7237552039663198,0,0.01319841725962379,0,0.2630463787740564,0,0.09262093359340728
Barok,baro1253,NA,0.34213086922384023,0,0.22675647621573936,0,0.34347891967840116,0.08763373488201935,0.1437724824084517
Barok,baro1253,NA,0.43513153693354906,0,0.32210136420710617,0,0,0.24276709885934492,0.1323781608352838
Barok,baro1253,NA,0,0,0,0.35919303716994827,0,0.6408069628300517,0.08820740505689265
Barok,baro1253,NA,0,0.19327972168476745,0,0,0.03246456163907723,0.7742557166761552,0.1424972462010917
Aniwa,aniw1237,NA,0,0,0,0,0,1,0.00232494284958443
Aniwa,aniw1237,NA,0.05004219962157136,0.03668664934094523,0,0.07000069531315828,0,0.8432704557243251,0.04427803642184672
Aniwa,aniw1237,NA,0,0.45958633735383064,0,0,0.5404136626461693,0,0.00938499892097505
Aniwa,aniw1237,NA,0.2334643894451601,0.09479258549708182,0,0,0.6615835227820551,0.01015950227570279,0.03537803592207429
Aniwa,aniw1237,NA,0.00759451251363539,0,0.49232378061323046,0.5000817068731341,0,0,0.0263860733567894
Kadai,kada1286,NA,0.49826963916878464,0,0,0,0.5017303608312154,0,0.0358528202545521
Kadai,kada1286,NA,0,0,0.01679267777099913,0.7647021960518677,0.2185051261771331,0,0.06359403678158873
Kadai,kada1286,NA,0,0,0,0.2003504385238409,0,0.7996495614761592,0.00715233801119467
Kadai,kada1286,NA,0.07552034632065807,0,0,0,0.6296350499767156,0.2948446037026263,0.09003148959923149
Kadai,kada1286,NA,0.4544600802091651,0.26595069027544976,0.2028671760694258,0,0.07672205344595916,0,0.11356425097420296
Ibaloi,ibal1244,NA,0,0,0.02660025366603957,0.09602788343590508,0,0.8773718628980555,0.03875109862370224
Ibaloi,ibal1244,NA,0,0.977819173185156,0,0,0,0.0221808268148441,0.01627864391129126
Ibaloi,ibal1244,NA,0,0.14768284900893316,0.15321276792814872,0.34718368989472287,0.0954527795215745,0.2564679136466208,0.04125687558766333
Ibaloi,ibal1244,NA,0.28223173746366953,0.3130960161699568,0.00402428933336193,0,0,0.4006479570330117,0.04533533543496399
Ibaloi,ibal1244,NA,0,0,0,0,0.8281357070052315,0.1718642929947685,0.00596638685271394
Dampelas,damp1237,NA,0,0,0,0.35136803637582775,0.2653532200662631,0.38327874355790914,0.02020284712723967
Dampelas,damp1237,NA,0.29398125522023655,0,0,0,0.7060187447797635,0,0.00634572649720444
Dampelas,damp1237,NA,0.8523944930925458,0.1476055069074543,0,0,0,0,0.03096753925516734
Dampelas,damp1237,NA,0.28871140630558584,0,0.5680738415153651,0,0,0.14321475217904908,0.04069234038893986
Dampelas,damp1237,NA,0,0.5668370964792097,0.362336480373571,0,0.07082642314721932,0,0.0914671594516694
Kannada,nucl1305,NA,0,0,0,1,0,0,0.01679912563733385
Kannada,nucl1305,NA,0,0,1,0,0,0,0.02565834861123016
Kannada,nucl1305,NA,0,0,0,0.21575857165222947,0.7842414283477706,0,0.0188603584173251
Kannada,nucl1305,NA,0.3444506572599056,0,0.09271910034545693,0,0.5628302423946374,0,0.02290857091030538
Kannada,nucl1305,NA,0.7594510495741773,0,0.1695148406922156,0.07103410973360724,0,0,0.01758255029094484
Mungiki,mung1270,NA,0.0597804337146826,0.1251138757444102,0.4287963968177061,0,0,0.3863092937232011,0.09777572161422617
Mungiki,mung1270,NA,0,0,0,0.7297726706039288,0,0.2702273293960712,0.07326504163385843
Mungiki,mung1270,NA,0,0,1,0,0,0,0.06144286450942115
Mungiki,mung1270,NA,0,0,0,0.13004803308127985,0.3725500756530116,0.4974018912657085,0.1674154120280629
Mungiki,mung1270,NA,0.3692881544539602,0,0,0,0.6259284709691273,0.00478337457691254,0.1086170417419689
Padoe,pado1242,NA,0,0,0,1,0,0,0.04821442739923733
Padoe,pado1242,NA,0.1039497877476866,0,0.08349818767762862,0,0.7420505083859101,0.07050151618877468,0.11664425301054995
Padoe,pado1242,NA,1,0,0,0,0,0,-0.01627495365697745
Padoe,pado1242,NA,0,0,0,0.08318713291837819,0.9050732388988189,0.01173962818280292,0.03659115705371472
Padoe,pado1242,NA,0,0,0,0,0.9063610492940044,0.09363895070599548,0.02976661196041272
Kayardild-Yangkaal,kaya1318,NA,0,0.900219363073015,0.09978063692698506,0,0,0,0.0200224710123222
Kayardild-Yangkaal,kaya1318,NA,0.9756187593375796,0,0,0.02438124066242051,0,0,0.04702764031025235
Kayardild-Yangkaal,kaya1318,NA,0.6877796062745745,0.31222039372542565,0,0,0,0,0.05753217138405337
Kayardild-Yangkaal,kaya1318,NA,0.45941579307944846,0,0.22240346702641864,0,0.318180739894133,0,0.04890876255479641
Kayardild-Yangkaal,kaya1318,NA,0.02038522566148444,0,0.93156413840106,0,0,0.04805063593745544,0.03614842594313505
Rejang,reja1240,NA,0,0.08271724089133095,0.8085315372987022,0.10875122180996688,0,0,0.03987080162581642
Rejang,reja1240,NA,0.4712814909746418,0,0.2831110384497592,0.0590782792633208,0.18652919131227816,0,0.05773764838854285
Rejang,reja1240,NA,0.21481287088371231,0,0,0,0.13688046486167835,0.6483066642546094,0.05523736958281559
Rejang,reja1240,NA,0,0,0.33292319727187913,0.30514020147240134,0.2260990548138463,0.13583754644187315,0.03372821188727003
Rejang,reja1240,NA,0.6317472714972027,0.07857677625247562,0.24887372751871603,0,0,0.0408022247316057,0.05865773688321557
Yinhawangka,yinh1234,NA,0.4071218764159492,0.2922965836169768,0.300581539967074,0,0,0,0.1207211264712472
Yinhawangka,yinh1234,NA,0,0.565798049182432,0.434201950817568,0,0,0,-0.05357624344324156
Yinhawangka,yinh1234,NA,0,0,0.1851839744577151,0.6172799907179795,0.19753603482430548,0,0.17880039080771154
Yinhawangka,yinh1234,NA,0.08414531151667476,0,0.11810077619450704,0.7873384549900052,0.010415457298813,0,0.32194715313595396
Yinhawangka,yinh1234,NA,0.2927835746244391,0,0.10995392972197184,0,0.2316907570136663,0.3655717386399227,0.32136899742822034
Northwest Maidu,nort2951,NA,0,0.08857428920437972,0.13480419628243942,0,0.7092562273040129,0.06736528720916792,0.02331801885788939
Northwest Maidu,nort2951,NA,0.00926494671679568,0.13811030600888727,0.03155249189674933,0.576916461667497,0.11738240448141804,0.12677338922865253,0.08603999009687929
Northwest Maidu,nort2951,NA,0.05981593883926801,0.10665025244522754,0.07947282635886783,0,0.7540609823566367,0,0.0230126753736791
Northwest Maidu,nort2951,NA,0.7122392009342484,0.2250712038432862,0,0,0.0514342406993309,0.01125535452313463,0.0238263245315131
Northwest Maidu,nort2951,NA,0,0,0.1445086293424424,9.9676956633872e-4,0.4903023587926661,0.3641922422985528,0.07806272278042568
Ulawa,ulaw1237,NA,0,0,0.14722442215494988,0.8527755778450501,0,0,0.0468044047442256
Ulawa,ulaw1237,NA,0.32813597927542165,0,0,0.21851900928474555,0.05647082116133439,0.39687419027849846,0.1032668584692724
Ulawa,ulaw1237,NA,0,0.1078254741425554,0,0,0.8488200578881875,0.04335446796925713,0.06184209385937532
Ulawa,ulaw1237,NA,0,0,1,0,0,0,0.0026566155577378
Ulawa,ulaw1237,NA,0,0,0,1,0,0,0.00845853714483185
Yamdena,yamd1240,NA,0.1,0.15,0.05,0.15,0.5,0.05,NA
Yamdena,yamd1240,NA,0.1,0.25,0.1,0.1,0.25,0.2,NA
Yamdena,yamd1240,NA,0.2,0.1,0.05,0.3,0.35,0,NA
Yamdena,yamd1240,NA,0.35,0.25,0,0.1,0.1,0.2,NA
Yamdena,yamd1240,NA,0.05,0.25,0,0.2,0.2,0.3,NA
Bemba (Zambia),bemb1257,NA,0.0342759118766139,0,0,0.2660175972456273,0.23077598429753168,0.4689305065802272,0.06933986981656866
Bemba (Zambia),bemb1257,NA,0,0.1435408535082438,0,0.5251703654096292,0.33128878108212706,0,0.0467516152728457
Bemba (Zambia),bemb1257,NA,0,0,0.4912329609704643,0.23212564527243257,0.24083996730778637,0.03580142644931673,0.09751803856734284
Bemba (Zambia),bemb1257,NA,0,0,0,0.20997046165590705,0,0.790029538344093,0.03803272426929773
Bemba (Zambia),bemb1257,NA,0,0,0,0,1,0,-0.01152927096030851
Bayungu,bayu1240,NA,0,0.02009662113070099,0.3422190061915049,0,0.5929279275271581,0.04475644515063622,0.11429326228499594
Bayungu,bayu1240,NA,0,0.4226166709269998,0,0,0.5773833290730003,0,0.00579688906906603
Bayungu,bayu1240,NA,0,0.8882897960564183,0,0,0,0.11171020394358164,0.03442790110800552
Bayungu,bayu1240,NA,0,0.24358096255483325,0,0,0,0.7564190374451667,0.02577545397464482
Bayungu,bayu1240,NA,0.648500624417609,0,0.10053233708182306,0,0,0.2509670385005679,0.03540073416973874
Margany,marg1253,NA,0.4293199014115589,0.1773552737866279,0,0,0.0227022631848939,0.3706225616169193,0.08359990750158518
Margany,marg1253,NA,0.3597263947712534,0,0,0,0,0.6402736052287467,0.0634762151189098
Margany,marg1253,NA,0.6443641038987957,0.01659394501351633,0.2085612765686168,0,0.1304806745190712,0,0.06487961479909352
Margany,marg1253,NA,0.31965564606840435,0.02635195462598296,0,0.4155942107716133,0,0.23839818853399944,0.05171518888213757
Margany,marg1253,NA,0,1,0,0,0,0,0.01765145205986531
/Gwi,gwii1239,NA,0,0,0.48377884179407854,0.17342402476090585,0,0.3427971334450155,0.05110679122810123
/Gwi,gwii1239,NA,0.13349066324086295,0.09708737856769167,0,0.3383053301363978,0.40918061288130175,0.02193601517374576,0.03397472131459353
/Gwi,gwii1239,NA,0,0,0,1,0,0,0.07225773119874053
/Gwi,gwii1239,NA,0,0.4472795723863067,0,0,0.4581194476479428,0.09460097996575048,0.01506962863504174
/Gwi,gwii1239,NA,0.3140573258497535,0,0,0.6859426741502466,0,0,0.01183237708869483
Touo,touo1238,NA,0,0.1944987660661055,0.5003946136453702,0,0,0.3051066202885242,0.02168471817628006
Touo,touo1238,NA,0,0.7505931738527097,0,0,0,0.24940682614729037,0.01460089767910307
Touo,touo1238,NA,0.18583507372660385,0,0.1138857200325724,0.04909040888542414,0.6511887973553997,0,0.04191034141636227
Touo,touo1238,NA,0,0,0,0,0,1,0.00244368161378814
Touo,touo1238,NA,1,0,0,0,0,0,0.00886863912941203
Karenic,kare1337,NA,0,0,0,0,1,0,0.07436861697647662
Karenic,kare1337,NA,0,1,0,0,0,0,0.00162340574695851
Karenic,kare1337,NA,0,0.4117144427636867,0,0.5768616352565351,0.01142392197977819,0,0.02756511570058485
Karenic,kare1337,NA,0,0.04098713248704627,0.9590128675129536,0,0,0,0.01401450232564208
Karenic,kare1337,NA,0,1,0,0,0,0,0.00689783674117055
Bihari,biha1245,NA,0.07482882287152964,0,0.14685980229281945,0,0.3857248495341361,0.3925865253015148,0.03147382272853791
Bihari,biha1245,NA,0.7214508908190127,0,0.07262199311252322,0.205927116068464,0,0,0.10874752580674892
Bihari,biha1245,NA,0.27680934451336725,0,0.6258120252853367,0,0.09737863020129604,0,0.03354291258860369
Bihari,biha1245,NA,0.4655570544194525,0.20305307902451325,0,0.33138986655603425,0,0,0.0278688204082515
Bihari,biha1245,NA,0.5055466160169387,0,0.21347192125231543,0,0.2809814627307458,0,0.02457451849926998
Gurindji,guri1247,NA,0.19842051225666288,0,0.34744872316044806,0.08138531275433118,0.3727454518285579,0,0.04674895202067915
Gurindji,guri1247,NA,1,0,0,0,0,0,0.01957505730164521
Gurindji,guri1247,NA,0.55968159572678,0.08274670361941909,0,0,0.3575717006538009,0,0.03720232185274604
Gurindji,guri1247,NA,0,0,1,0,0,0,0.03463809562701464
Gurindji,guri1247,NA,0,0.03147948983844884,0.07704089049327625,0.22048727907042975,0.6709923405978451,0,0.04729685167136125
Kayabí,kaya1329,NA,1,0,0,0,0,0,0.0228392781522226
Kayabí,kaya1329,NA,0,1,0,0,0,0,0.0131902110644995
Kayabí,kaya1329,NA,0,0,0,1,0,0,0.007336508560689
Kayabí,kaya1329,NA,0.6035014905227531,0.23332283412102256,0,0,0.04422046083125876,0.1189552145249656,0.04153299980582064
Kayabí,kaya1329,NA,0.03632561633488052,0.02263924918541567,0.8567687201470752,0.02941446898048006,0.02701960731200195,0.02783233804014671,0.14034513169658264
Kaonde,kaon1241,NA,0,0,0,0.7578707765743466,0,0.24212922342565335,0.00334155769191039
Kaonde,kaon1241,NA,0.7463423637449633,0,0.2533018860085997,0,3.5575024643693e-4,0,0.0466357810303197
Kaonde,kaon1241,NA,0.02301461743814363,0.40754066281508255,0.18648617263387857,0.08374313732258405,0,0.2992154097903112,0.02780503803697989
Kaonde,kaon1241,NA,0,0.11425929806891624,0.4197888309014492,0.19377911396503503,0.0377721398206082,0.2344006172439912,0.04571793551768852
Kaonde,kaon1241,NA,0,0.2822414708788665,0.28171155831155054,0.436046970809583,0,0,0.0386168016935013
Old-Middle Welsh,oldw1239,NA,1,0,0,0,0,0,0.04213538771640758
Old-Middle Welsh,oldw1239,NA,0,0.8625435766659634,0,0.13745642333403657,0,0,0.1376093935415689
Old-Middle Welsh,oldw1239,NA,0.12433032758869043,0.09325416624298008,0.31075869327681077,0.39213986880327545,0,0.07951694408824334,0.07002083941229731
Old-Middle Welsh,oldw1239,NA,0.1802754591199184,0.07356398473174638,0,0.5108891357926983,0,0.2352714203556369,0.06550102635519395
Old-Middle Welsh,oldw1239,NA,0.02366193653970963,0.13896998644939887,0,0,0.711164321537239,0.12620375547365248,0.04975259182139582
Eel River Athabaskan,wail1244,NA,0,0.6923236435292028,0,0.1152818276966244,0,0.19239452877417276,0.07939550640209118
Eel River Athabaskan,wail1244,NA,0.3535356474538649,0.16728082192162697,0,0.05347693162882244,0.4257065989956858,0,0.01346251911492294
Eel River Athabaskan,wail1244,NA,0.193570645136523,0,0,0,0.806429354863477,0,0.0425658820895109
Eel River Athabaskan,wail1244,NA,0.21612885404523713,0,0,0.2980707210747805,0.4084267514191053,0.07737367346087708,0.04135214015440178
Eel River Athabaskan,wail1244,NA,0.1327232730581736,0,0.5970877304537767,0.03519613577387685,0.23499286071417289,0,0.04160920314509044
Lahnda,lahn1241,NA,0.08668724111417782,0.9133127588858222,0,0,0,0,0.00953576646733376
Lahnda,lahn1241,NA,0.15742874026465734,0.03823021290541326,0.3241493000353026,0.18951488731589777,0.14925014455776384,0.14142671492096515,0.05808227021584252
Lahnda,lahn1241,NA,0,0.9459100994756456,0,0,0,0.05408990052435416,0.01085132647956818
Lahnda,lahn1241,NA,0,0,0.817439561773399,0.15341487946962556,0,0.02914555875697547,0.059750512378669
Lahnda,lahn1241,NA,0.13534507210280833,0,0.43887448054038014,0,0.4257804473568115,0,0.02255403377779601
Nahavaq,sout2857,NA,0.2962119130101423,0,0,0.7037880869898576,0,0,0.05377685451059514
Nahavaq,sout2857,NA,0,0.26003098818837284,0,0,0,0.7399690118116271,0.03748524910253423
Nahavaq,sout2857,NA,0,0,0.18373492643196948,0,0.6945826237774716,0.12168244979055884,0.0277862576469535
Nahavaq,sout2857,NA,0.36755118057437913,0,0,0.6324488194256208,0,0,0.03959379090340961
Nahavaq,sout2857,NA,0,0,0,0.8338189024932782,0,0.16618109750672186,0.04464610565997814
Ayoreo,ayor1240,NA,0.440982441671704,0,0,0.20811412683329203,0.35090343149500386,0,0.04416583942328593
Ayoreo,ayor1240,NA,0.6538732394646446,0,0.32257128446264227,0,0.02355547607271305,0,0.03418342609888912
Ayoreo,ayor1240,NA,0,0,0.5625011168626314,0.1230472386645798,0.26329494041594814,0.05115670405684069,0.06600787406447739
Ayoreo,ayor1240,NA,0.541795739708346,0,0,0.07598039538070651,0.27636386275936037,0.10586000215158704,0.01873285321479125
Ayoreo,ayor1240,NA,0.7070353474546843,0,0,0.21260598333415257,0.08035866921116305,0,0.02300516735236637
Latvian,latv1249,NA,1,0,0,0,0,0,0.08385475168237161
Latvian,latv1249,NA,0,0,1,0,0,0,0.01632374447111836
Latvian,latv1249,NA,0.5616422273600377,0,0,0.3033148682341834,0,0.135042904405779,0.0170974412620608
Latvian,latv1249,NA,0.14062531125146083,0.5638590492133118,0,0.2955156395352276,0,0,0.02388304215502107
Latvian,latv1249,NA,0.5605865684263175,0,0,0,0.43941343157368246,0,0.02026000324122889
Tukang Besi South,tuka1249,NA,0,0,0.10796830910736609,0,0.6361451267336409,0.255886564158993,0.02728155902894408
Tukang Besi South,tuka1249,NA,0.12024949399813636,0.5433998332408911,0.26821900624346534,0,0.0681316665175072,0,0.06929377743979631
Tukang Besi South,tuka1249,NA,0,0,1,0,0,0,-0.00592584406943299
Tukang Besi South,tuka1249,NA,0,0,0,0.04396948688742981,0,0.9560305131125704,0.0461105293289092
Tukang Besi South,tuka1249,NA,0.7013361639386179,0.16618790856260768,0,0,0.09530251481168504,0.03717341268708934,0.12028358034012568
Berik,beri1254,NA,0.3825653687520711,0,0.2258105345855508,0,0.3916240966623782,0,0.10655542762822648
Berik,beri1254,NA,0,0,0,1,0,0,0.00891951128359943
Berik,beri1254,NA,0,0.410385853422526,0,0.13323885190372442,0,0.45637529467374954,0.04313566079628199
Berik,beri1254,NA,0.3928172526036554,0.3275833389677215,0,0,0.19318048297739585,0.08641892545122727,0.07824847867737549
Berik,beri1254,NA,0,0.8132540612224977,0.18674593877750228,0,0,0,0.01363458626385969
Chuukese,chuu1238,NA,0.5319947013319299,0,0,0,0,0.46800529866807017,0.03036326467749799
Chuukese,chuu1238,NA,0,0,1,0,0,0,0.0061506435958296
Chuukese,chuu1238,NA,0,0,0.1424942070077455,0.22002726416788793,0.6374785288243666,0,0.03942797896748778
Chuukese,chuu1238,NA,0,0,0,0.6357331063064195,0,0.3642668936935805,0.01073424529589916
Chuukese,chuu1238,NA,0.21098193560248588,0,0.4076820052008596,0,0,0.3813360591966546,0.03935317694499756
Kamano,kama1370,NA,0.00749000240616593,0.5666557031900132,0,0,0.3956014624489169,0.03025283195490393,0.06091725678903455
Kamano,kama1370,NA,0.1606663365294212,0.4059429198299721,0.23636237452674197,0,0.16869065854846724,0.02833771056539745,0.10194398800313996
Kamano,kama1370,NA,0.0637361053215972,0,0.28850597596050853,0,0.02289513642811136,0.6248627822897829,0.03773762879938783
Kamano,kama1370,NA,0.47798861292323613,0,0.00599718156945895,0,0,0.5160142055073049,0.07704015889789485
Kamano,kama1370,NA,0.3750178016144317,0,0,0.4732769391028402,0,0.15170525928272796,0.06293940880136012
Aghul,aghu1253,NA,0.6145899410957032,0,0.19170269560962155,0.19370736329467528,0,0,0.1098167642048401
Aghul,aghu1253,NA,0,0,0,0,0,1,0.01500978279414024
Aghul,aghu1253,NA,0.2635778726353128,0,0.10410897907575932,0.1519220435293518,0.4557706686774901,0.02462043608208606,0.01702041444384391
Aghul,aghu1253,NA,0,0,0,0.87022215130422,0.12977784869578,0,0.02192638987561442
Aghul,aghu1253,NA,0,0,0,0,1,0,0.00729213960679026
Batlux,batl1238,NA,0,0.29209215345538536,0,0.5404802215786059,0,0.16742762496600871,0.02414132572905988
Batlux,batl1238,NA,0.3781209934850864,0,0,0,0,0.6218790065149137,0.01321838315953173
Batlux,batl1238,NA,0,0.09538730018264972,0.8820697018157317,0,0.02254299800161856,0,0.05885521175271809
Batlux,batl1238,NA,0.12799774376698173,0,0,0.5570358126172804,0.31496644361573795,0,0.01978410569009196
Batlux,batl1238,NA,0.30630172105074516,0.13826010197508043,0.298842160737137,0,0.2565960162370375,0,0.00887560935116118
Nepali,nepa1254,NA,0,0,0.02891130565768595,0,0,0.971088694342314,0.0534350818077943
Nepali,nepa1254,NA,0,0,0.0643452598227818,0,0.9356547401772182,0,0.05023518106130753
Nepali,nepa1254,NA,0,0,0.2845504282881554,0,0.31724851160911,0.39820106010273465,0.04988537841620209
Nepali,nepa1254,NA,0,0.2350904090907142,0,0,0.7649095909092857,0,0.0035398629780274502
Nepali,nepa1254,NA,0,1,0,0,0,0,-7.4158588501752e-4
Sardinian,sard1257,NA,0,0,0,0,1,0,-0.00406661008425479
Sardinian,sard1257,NA,0,0.20010826623577196,0,0,0.5890256159075336,0.21086611785669457,0.05234877373718879
Sardinian,sard1257,NA,0,0,0.2885202392798418,0.19517112919035104,0,0.5163086315298071,0.03840946223887981
Sardinian,sard1257,NA,0,0,0,1,0,0,0.01483273625942162
Sardinian,sard1257,NA,0,0,0,0,0.3997352950060412,0.6002647049939588,0.05255776242669927
Shawnee,shaw1249,NA,0,0.152149055345754,0.18584633526518535,0,0.22346762936599332,0.43853698002306735,0.05066311299390695
Shawnee,shaw1249,NA,0.2390676599416507,0,0.07897155286568876,0.6819607871926606,0,0,0.02348742118714551
Shawnee,shaw1249,NA,0,0,0,1,0,0,0.01066350521737967
Shawnee,shaw1249,NA,0,0.9088394282021592,0,0,0.06174798463802666,0.02941258715981418,0.04045620149241639
Shawnee,shaw1249,NA,0,0.05298037739503353,0.06399303854496834,0.1342545802930931,0.58850299908992,0.16026900467698507,0.00305880955991448
Spokane,spok1245,NA,0.16148516692596734,0,0,0.3772718635235048,0.4288992259327756,0.03234374361775217,0.02909882162722132
Spokane,spok1245,NA,0.18344917113856643,0,0,0,0.8165508288614335,0,0.01965841038788735
Spokane,spok1245,NA,0.22928239640007933,0,0.5784978562940637,0,0,0.19221974730585692,0.04359222173088921
Spokane,spok1245,NA,0,0,0,0,1,0,0.05078586655987179
Spokane,spok1245,NA,0,0.2597738632613015,0,0,0.2110254813639451,0.5292006553747534,0.03785625295361435
Yámana,yama1264,NA,0.19300736350838904,0,0.4441785864201417,0,0,0.3628140500714694,0.0300408343500851
Yámana,yama1264,NA,0,0.14581704232194365,0.47793253160823335,0,0.13684992622461564,0.2394004998452073,0.0490527209645841
Yámana,yama1264,NA,0.23758751942411385,0.5241146594441966,0.22968893667917128,0.00860888445251831,0,0,0.02731806339896143
Yámana,yama1264,NA,1,0,0,0,0,0,0.03662713665661511
Yámana,yama1264,NA,0.2519611902945077,0,0.7409010844243555,0.00713772528113666,0,0,0.04967026603286141
Sula,sula1245,NA,0,0,0,1,0,0,0.03001864408967325
Sula,sula1245,NA,0.6175877578199108,0.01062036668342724,0,0,0,0.371791875496662,0.04723301833891106
Sula,sula1245,NA,0,0.08948826524282887,0.05879009756951207,0,0.851721637187659,0,0.03338060777074731
Sula,sula1245,NA,0.357145260648476,0.2507097417619884,0,0.18683208037189947,0,0.20531291721763617,0.02885776179763091
Sula,sula1245,NA,0,0,0,0,1,0,0.00922488475514576
Taliabu,tali1262,NA,0,1,0,0,0,0,-0.00187039667576753
Taliabu,tali1262,NA,0.6380473464998817,0,0,0,0.3619526535001182,0,0.03366672074123066
Taliabu,tali1262,NA,0.13852351187477013,0,0.48557668293707074,0.1382569171425994,0,0.23764288804555972,0.05122153604924276
Taliabu,tali1262,NA,0.8923671341314092,0,0,0,0.02556161056032658,0.08207125530826413,0.09223750850710714
Taliabu,tali1262,NA,0,0.8693761343025433,0,0,0,0.13062386569745665,0.04902627867801738
North Tanna,nort2847,NA,0,0,0.49712020942610513,0,0,0.502879790573895,0.04400510925699747
North Tanna,nort2847,NA,0,0.1290304587852611,0.2680432576937727,0.6029262835209662,0,0,0.01792052857346284
North Tanna,nort2847,NA,0,0,1,0,0,0,0.05746949306319359
North Tanna,nort2847,NA,0.03705380096740893,0,0,0.3975630924251628,0.23685494953731703,0.3285281570701112,0.05355084297693544
North Tanna,nort2847,NA,0.0811686028792774,0.253958629714735,0.17022984427139196,0.04414844711447925,0.3280958163854732,0.12239865963464323,0.05720978413110765
Serbian Standard,serb1264,NA,0,0.2379705065916641,0.21030546869608605,0.5517240247122499,0,0,0.04699849385268087
Serbian Standard,serb1264,NA,0.12420969932659932,0,0.11533361373399068,0,0.4840211111785133,0.27643557576089683,0.0432593729453848
Serbian Standard,serb1264,NA,0.0553839754091195,0,0.30054497035501926,0.00239854122566127,0.40757055659254976,0.23410195641765016,0.05261893913579814
Serbian Standard,serb1264,NA,0.05311185964568953,0.877850880730434,0.06903725962387657,0,0,0,0.05876648992439529
Serbian Standard,serb1264,NA,0,0,0,0,1,0,0.02952741112895068
Wangganguru,wang1290,NA,0,0.15071451712481876,0.14639675153222317,0,0.702888731342958,0,0.01585622334453479
Wangganguru,wang1290,NA,0.08881107142893466,0.6004205307716102,0.2589596363389414,0,0.05180876146051374,0,0.0384468544618828
Wangganguru,wang1290,NA,0.8605494798021948,0,0,0,0.13945052019780524,0,0.02306561604736385
Wangganguru,wang1290,NA,0.5904604935850206,0,0.04754529439847654,0,0.3619942120165028,0,0.06923220864194626
Wangganguru,wang1290,NA,0,0.5491236718574988,0,0.4508763281425012,0,0,0.03206086636135534
Umpila,umpi1239,NA,0,0,1,0,0,0,0.0041656247031256
Umpila,umpi1239,NA,0,1,0,0,0,0,0.00292108230275397
Umpila,umpi1239,NA,0,0,1,0,0,0,0.00625903199720833
Umpila,umpi1239,NA,0,0,0,1,0,0,4.1900049592839e-4
Umpila,umpi1239,NA,0,0,0.874598713369901,0,0,0.12540128663009906,0.01956447952757354
Yerukula,yeru1240,NA,0.7115955127521314,0,0.219829298528657,0,0.06857518871921155,0,0.10480237059399482
Yerukula,yeru1240,NA,0,0,0,0.21328230675592663,0.34501890389664,0.4416987893474334,0.09814256463766748
Yerukula,yeru1240,NA,0.35173236769631994,0.10917642786891908,0.02045783904078496,0,0.5157238419775624,0.00290952341641366,0.0844412232022188
Yerukula,yeru1240,NA,0,0,0,0,1,0,0.03938387804107584
Yerukula,yeru1240,NA,0.20457741137299781,0,0,0,0.5262066304452484,0.26921595818175387,0.07403756470659233
Forest Enets,fore1265,NA,0,0.19107841738950893,0.2528324377606954,0.3277656171241819,0.22832352772561365,0,0.0282200563450428
Forest Enets,fore1265,NA,0,0,0.2714567636125076,0.7285432363874924,0,0,0.08064900034792204
Forest Enets,fore1265,NA,0.8782409858972713,0.08603196327809992,0,0.00231178955696583,0,0.033415261267663,0.1615198058557377
Forest Enets,fore1265,NA,0,0.2095065057211321,0,0.06546190970375533,0.7250315845751125,0,0.08538534417736968
Forest Enets,fore1265,NA,0,0.3373972173061444,0.03577037562494555,0.4337223820034945,0.19311002506541552,0,0.08001045130303037
Kwere,kwer1261,NA,0,1,0,0,0,0,0.00737268152880804
Kwere,kwer1261,NA,0,0.23097771945914655,0,0.7108960109845296,0,0.05812626955632391,0.04531641735250417
Kwere,kwer1261,NA,0.30087785284160784,0.6991221471583922,0,0,0,0,0.00401603351830556
Kwere,kwer1261,NA,0,0.19341182547401653,0,0,0.7986422249272768,0.00794594959870671,0.04882458212798842
Kwere,kwer1261,NA,0,0,0.8637232286331369,0.1362767713668631,0,0,0.0447390227475971
Shila,shil1264,NA,0,0.24128339166403137,0.7077139912331678,0,0,0.05100261710280082,0.12744426900942027
Shila,shil1264,NA,0,0,0,1,0,0,0.0035880887063338
Shila,shil1264,NA,0,0,0,0.8695652738349717,0,0.13043472616502813,0.0169743942289583
Shila,shil1264,NA,0.14509346171726775,0,0,0.6812247482370796,0,0.17368179004565265,0.06462547531407667
Shila,shil1264,NA,0.5952573827956005,0,0,0.3557857481695141,0,0.04895686903488545,0.06235383243722687
Chokwe,chok1245,NA,0,0.5780569263899924,0,0,0,0.4219430736100076,0.02604128311860771
Chokwe,chok1245,NA,0,0,0,0,0.4241215551675598,0.5758784448324402,0.03690538157533143
Chokwe,chok1245,NA,0,0.8308029626303551,0.02072166758588425,0,0,0.1484753697837608,0.02267510593663916
Chokwe,chok1245,NA,0,0,0,0,0,1,-0.00870870972091187
Chokwe,chok1245,NA,0,0,0.1020902640473362,0,0.69945418305578,0.19845555289688377,0.01567184830206362
Wuvulu-Aua,wuvu1239,NA,0,0,0.6519126717328204,0.3480873282671796,0,0,0.02280237833599447
Wuvulu-Aua,wuvu1239,NA,0.6985194344791903,0,0,0.08109852013985533,0,0.22038204538095443,0.1054166121554974
Wuvulu-Aua,wuvu1239,NA,0.7891765819837439,0.2108234180162561,0,0,0,0,0.03286485907190466
Wuvulu-Aua,wuvu1239,NA,0,0.6204330465106,0,0.3795669534894,0,0,0.01837007873897557
Wuvulu-Aua,wuvu1239,NA,0,0,0.39478630542934734,0.06532489091098426,0.336470263957311,0.2034185397023575,0.03731995383835358
Tomini,tomi1243,NA,0,0.03645844429520412,0,0.7400360045002807,0.2235055512045152,0,0.00952629644731194
Tomini,tomi1243,NA,0,0,0,0,0,1,-0.01406471803478465
Tomini,tomi1243,NA,0.1471134141849589,0,0.4054542358474219,0,0.2372525389578972,0.21017981100972197,0.06315639644477904
Tomini,tomi1243,NA,0.03236858740722365,0.6743889927290959,0,0.2932424198636803,0,0,0.02686206844560314
Tomini,tomi1243,NA,0,0,0,0.5435365209966875,0,0.4564634790033125,0.01065798885891267
Jamaican Creole English,jama1262,NA,0.07083470316422935,0.29527655106008,0.33079997128151833,0.06849987326776698,0.12447687155125416,0.11011202967515106,0.03361768233698637
Jamaican Creole English,jama1262,NA,0,1,0,0,0,0,0.01686768275389381
Jamaican Creole English,jama1262,NA,0.5426674029442987,0,0.3425876886488061,0,0,0.11474490840689512,0.03006181422453375
Jamaican Creole English,jama1262,NA,1,0,0,0,0,0,0.03631816628949823
Jamaican Creole English,jama1262,NA,0.4069759413841992,0.4670578051325594,0,0,0.12596625348324125,0,0.03666773175291532
Larevat,lare1249,NA,0.172631157161955,0,0.6047609631281664,0.10065632947301542,0,0.12195155023686303,0.07358895695950632
Larevat,lare1249,NA,0.1964951700900262,0,0,0,0.8035048299099737,0,0.02376854230032581
Larevat,lare1249,NA,0.69518130887977,0.10577256135802694,0,0.1939163529354257,0,0.00512977682677736,0.04097918671974824
Larevat,lare1249,NA,0.09049491729119366,0,0,0.8809719793225107,0.02853310338629568,0,0.03120322195529312
Larevat,lare1249,NA,0,0,0.9308667344759158,0.06913326552408408,0,0,0.04560454374299019
Ignaciano,igna1246,NA,0.29617545177439636,0.683956818955913,0,0,0,0.01986772926969069,0.00603489495600467
Ignaciano,igna1246,NA,0,0,0,1,0,0,0.00381048942904411
Ignaciano,igna1246,NA,0.3588414955791129,0.0774459192105519,0,0,0.5270413635238439,0.03667122168649139,0.06415109629984464
Ignaciano,igna1246,NA,0,0.49566347895202983,0,0,0,0.5043365210479702,0.05672318452399685
Ignaciano,igna1246,NA,0,0,0.1265414023570898,0.3303450866741364,0.5431135109687737,0,0.01203151631938547
Puyuma,puyu1239,NA,0.02743459388449864,0,0,0.1955906331021854,0.574073650024048,0.20290112298926807,0.12853063365940287
Puyuma,puyu1239,NA,0,0,0,0,0,1,0.04558477876408368
Puyuma,puyu1239,NA,0.18567107653902,0.06829186062835643,0,0,0.7460370628326237,0,0.1916693054677424
Puyuma,puyu1239,NA,1.5029325153571e-4,0,0.1353580422680439,0.24267001420483103,0.5235969607626515,0.09822468951293792,0.17335186575231126
Puyuma,puyu1239,NA,0,0.4350344748797738,0,0,0.5649655251202261,0,0.1340866479379693
Nese,nese1235,NA,0.25501258953317024,0.2073466413049135,0,0,0,0.5376407691619164,0.1182553693755896
Nese,nese1235,NA,0.5858142280960684,0,0,0,0.4141857719039316,0,0.02960514400677977
Nese,nese1235,NA,0,0,0,0,0.9104450648455168,0.08955493515448314,0.00647435988520587
Nese,nese1235,NA,0.727481730577642,0.08299651325558219,0,0,0.06517085035525436,0.12435090581152142,0.0609745437081251
Nese,nese1235,NA,0,1,0,0,0,0,-0.01595950631543331
Selkup,selk1253,NA,0,0,0,0,0,1,-0.00407770835285343
Selkup,selk1253,NA,1,0,0,0,0,0,0.0580322311004749
Selkup,selk1253,NA,0,0,0,0,1,0,0.03162684429606176
Selkup,selk1253,NA,0.4169321986028736,0,0,0,0.5830678013971264,0,0.02806055361083042
Selkup,selk1253,NA,0.44181597362439257,0,0,0.04606355240166721,0.5121204739739403,0,0.01284238889648964
Slovenian,slov1268,NA,0,0.5774696235555131,0,0.4225303764444868,0,0,0.01129533933466967
Slovenian,slov1268,NA,0.0269016919066447,0.01084592121466034,0.8502135881361728,0,1.2545139443115e-4,0.11191334734809108,0.05184397569478297
Slovenian,slov1268,NA,0,0.23668605021498243,0.19302845319703743,0,0.5498707553353684,0.02041474125261172,0.01961065409108162
Slovenian,slov1268,NA,0,0.07545160009051448,0.5639776624017275,0.360570737507758,0,0,0.03027300218594877
Slovenian,slov1268,NA,0,0,0,1,0,0,0.01767339208746176
Wangkumara,wong1246,NA,0,0,0,0,0.7103014952556782,0.28969850474432174,0.03337304921365927
Wangkumara,wong1246,NA,0,1,0,0,0,0,0.00142890881554563
Wangkumara,wong1246,NA,0.4601632210958181,0,0.17665212285419704,0,0,0.3631846560499848,0.04977163671579809
Wangkumara,wong1246,NA,0.14392141402542852,0,0.05798519263720025,0.3758242954921796,0,0.4222690978451918,0.10200560707661804
Wangkumara,wong1246,NA,0,0,0,0.08596871790008144,0.5096692886972196,0.40436199340269896,0.06273138573846529
Central Subanen,cent2089,NA,0,0,0.4606436885611006,0.5393563114388994,0,0,0.09612678220922843
Central Subanen,cent2089,NA,0,0.7630647334104086,0,0.1963394808823571,0,0.04059578570723444,0.02883511590805065
Central Subanen,cent2089,NA,0.02114336202344935,0.42019116257909334,0,0,0.10343605887032548,0.4552294165271318,0.05879466942146175
Central Subanen,cent2089,NA,0,0,0.4051871009643579,0.30824606250115416,0,0.2865668365344879,0.06348736659485829
Central Subanen,cent2089,NA,0.3583874779666762,0,0,0.2648860979350629,0.10734552360405,0.26938090049421093,0.0634229786803219
Usarufa,usar1243,NA,0.2517959437926569,0.3230841310329927,0,0,0.2933805819323267,0.13173934324202363,0.05542710733977964
Usarufa,usar1243,NA,0.7571436855931705,0,0.24285631440682956,0,0,0,0.0286870316328897
Usarufa,usar1243,NA,0.23707117039768352,0.6489082500664445,0,0.114020579535872,0,0,0.06468594812347338
Usarufa,usar1243,NA,0,0.13027607834541474,0,0.18403845090061885,0,0.6856854707539664,0.11189166705767246
Usarufa,usar1243,NA,0.3089544088943123,0,0.6910455911056876,0,0,0,0.02778851863213889
Andalal-Gxdatl,anda1281,NA,0.08113112268591807,0,0.08169444245477119,0.1882851021602474,0.3959232931705402,0.25296603952852303,0.0300625198147378
Andalal-Gxdatl,anda1281,NA,0.18190807532137895,0,0.0329491570327478,0,0.7360051731327484,0.04913759451312485,0.08382342907891759
Andalal-Gxdatl,anda1281,NA,0,0.3461672747620355,0.45251159090471305,0,0,0.20132113433325147,0.0218046746710807
Andalal-Gxdatl,anda1281,NA,0.24952171806299955,0.08059671171501556,0.4092761455866421,0.2606054246353428,0,0,0.06403902134562167
Andalal-Gxdatl,anda1281,NA,0,0,0,0,0,1,-0.00607514864622915
Madak linkage,mada1284,NA,0,0,0.49363419156457544,0,0,0.5063658084354246,0.02562720355132969
Madak linkage,mada1284,NA,0,0.08368765067045758,0.4056784142286779,0,0.5106339351008645,0,0.03495002579182912
Madak linkage,mada1284,NA,0.983460561956475,0,0,0.01653943804352497,0,0,0.02964471835965278
Madak linkage,mada1284,NA,0.5355418521518427,0,0.33077417691143823,0.13368397093671902,0,0,0.05456163296001538
Madak linkage,mada1284,NA,0,0.17072687095355102,0.10267656595389776,0.1165825002260871,0.29309506331600765,0.3169189995504565,0.07098815356665546
Yucatec Maya,yuca1254,NA,0,0,0.5453161316198328,0,0.4546838683801671,0,0.04833985571103511
Yucatec Maya,yuca1254,NA,0,0.6072475716990473,0,0.16038898847948796,0,0.2323634398214647,0.13249109256694563
Yucatec Maya,yuca1254,NA,0,0.37973408522937824,0.24809348632496325,0.37217242844565857,0,0,0.0603163389916444
Yucatec Maya,yuca1254,NA,0,0.05603082664396947,0,0,0,0.9439691733560304,0.03671298875692509
Yucatec Maya,yuca1254,NA,1,0,0,0,0,0,0.05315488633250151
Chimariko,chim1301,NA,0,0,0,0.3885732169757093,0.13406813467464743,0.47735864834964326,0.06471733055916495
Chimariko,chim1301,NA,0,0,1,0,0,0,0.02530922357823612
Chimariko,chim1301,NA,0.2280480240378353,0,0.12646006763081655,0.6073910771588189,0,0.0381008311725293,0.03543300631136125
Chimariko,chim1301,NA,0.07272328032207062,0,0.4813185539333312,0.38303593578249007,0.05315024278597769,0.00977198717613034,0.04441210713063492
Chimariko,chim1301,NA,0,0.7449808946066583,0,0,0,0.25501910539334166,0.00268415008283285
Wang-The,wang1287,NA,0,0.159938853208255,0,0.22965492523801476,0.6104062215537301,0,0.03122880310139958
Wang-The,wang1287,NA,0,0,0,0,0.19983013775519948,0.8001698622448005,0.04908123515490127
Wang-The,wang1287,NA,0.15573810417967582,0,0,0.8442618958203243,0,0,0.0395134890132441
Wang-The,wang1287,NA,0.3475737708496277,0.13956663676790546,0.5128595923824667,0,0,0,0.06164970760533622
Wang-The,wang1287,NA,0,0,0.9549209856105848,0,0,0.04507901438941498,0.07710925296695398
Dupaninan Agta,dupa1235,NA,0.9847845241607706,0,0,0.01521547583922941,0,0,0.10304966720390102
Dupaninan Agta,dupa1235,NA,0,0,0,1,0,0,0.00933726698231534
Dupaninan Agta,dupa1235,NA,0,0,0,0.9904503330021966,0,0.00954966699780335,0.02449151710564385
Dupaninan Agta,dupa1235,NA,0,0,0,0.21506345353901293,0,0.784936546460987,0.05900692814719718
Dupaninan Agta,dupa1235,NA,0.10407656694016952,0,0,0,0.8959234330598304,0,0.00749962550867612
Kilmeri,kilm1241,NA,0.1446858037790675,0.20307610831123096,0,0.34789858639172566,0.3043395015179758,0,0.02784180328147702
Kilmeri,kilm1241,NA,0,0,0.17218205706685127,0,0.8278179429331487,0,0.0292344207698396
Kilmeri,kilm1241,NA,0,0.7923418408234015,0,0,0.20765815917659844,0,0.00914415849139659
Kilmeri,kilm1241,NA,0.23443198444903904,0.24170589574805593,0,0.12138995845209637,0.08209632381463997,0.32037583753616866,0.06786319181670256
Kilmeri,kilm1241,NA,0.1148408342310488,0.8460600862982395,0,0,0,0.03909907947071164,0.06009981687314179
Tabla,tabl1243,NA,0,0,0.3108778827412887,0,0.6891221172587113,0,0.02019790295455265
Tabla,tabl1243,NA,0,0,0,0,1,0,0.00148985294022582
Tabla,tabl1243,NA,0,0.384248293211175,0,0.6157517067888251,0,0,0.05551479553184963
Tabla,tabl1243,NA,0,0,0.03069873269407328,0.1100903999463158,0.8592108673596109,0,0.01775207178693105
Tabla,tabl1243,NA,0,0.28666852713736807,0,0,0.5404668935389041,0.17286457932372787,0.01276902682182053
Lauan,laua1243,NA,1,0,0,0,0,0,0.01393771301520127
Lauan,laua1243,NA,0.12209900520264257,0,0,0.8779009947973575,0,0,0.02855623856189884
Lauan,laua1243,NA,0,0,0,0,1,0,0.03179250477502349
Lauan,laua1243,NA,0.3882579605839845,0,0,0,0.428722132871376,0.18301990654463943,0.0382548310082079
Lauan,laua1243,NA,0.6944541584697731,0,0,0.3055458415302268,0,0,0.01051557127002151
Ritarungo,rita1239,NA,0.2256840789471785,0.17152450642093522,0,0,0,0.6027914146318863,0.01160543718513046
Ritarungo,rita1239,NA,0.6183659176043077,0,0,0,0.31798309292026605,0.06365098947542613,0.01565855767522911
Ritarungo,rita1239,NA,0,0,1,0,0,0,0.01956282891965379
Ritarungo,rita1239,NA,1,0,0,0,0,0,0.01499891747616201
Ritarungo,rita1239,NA,0.4463037333556778,0.17338654714888624,0.2969962855735244,0,0.08331343392191157,0,0.03177314922882281
Keyagana,keya1238,NA,0.15158859299682173,0,0,0,0.8484114070031784,0,0.06754107095822078
Keyagana,keya1238,NA,0.4342626100064462,0.1312074285798761,0.30854459413724583,0.1259853672764319,0,0,0.06093802858095004
Keyagana,keya1238,NA,0,0,0.01562922764971547,0.45920575261256424,0.04380002741472827,0.48136499232299207,0.05022192245799801
Keyagana,keya1238,NA,0,0.4513230809908187,0,0,0,0.5486769190091814,0.03014961379198317
Keyagana,keya1238,NA,0,1,0,0,0,0,-0.00861489252476857
Pawnee,pawn1254,NA,0.48814046995510657,0,0.5118595300448935,0,0,0,0.01456527814553787
Pawnee,pawn1254,NA,0,0,1,0,0,0,0.01197336628120718
Pawnee,pawn1254,NA,0,0.0649777510329946,0,0.9350222489670056,0,0,0.00683629482914026
Pawnee,pawn1254,NA,0,0,0,0,0,1,0.02339627584185479
Pawnee,pawn1254,NA,0.28427890860344063,0,0.10858780230569554,0.07194786050853087,0.34880669877041137,0.18637872981192152,0.04134405395737434
Shasta,shas1239,NA,0,1,0,0,0,0,0.04710913384101117
Shasta,shas1239,NA,0.11864943606340618,0,0.24072019073043735,0.6406303732061565,0,0,0.0149883510153208
Shasta,shas1239,NA,0,0.15932293914261805,0.7001055634021582,0,0.14057149745522377,0,0.02478238481974214
Shasta,shas1239,NA,0.04987489290927647,0.26828448493109186,0.31961848935176496,0.01599156280868139,0.0132618809813607,0.33296868901782445,0.07327168644201477
Shasta,shas1239,NA,0.05181578455979908,0.05882150401745356,0.07785183845542477,0,0.03068026480157666,0.7808306081657459,0.06526881521525886
East Kewa,east2516,NA,0.03165442047736381,0,0,0.6678003345170508,0.3005452450055853,0,0.0587387642799321
East Kewa,east2516,NA,0,0,0,0,1,0,0.01981716682711499
East Kewa,east2516,NA,0.18371254424486053,0.06557183132503955,0.5989899180823068,0,0,0.15172570634779312,0.03683273740185905
East Kewa,east2516,NA,0,0.6590633253875322,0.13743618915449587,0.20350048545797192,0,0,0.04421573300685252
East Kewa,east2516,NA,0,0.8468488427663502,0.1531511572336498,0,0,0,0.00427966712602988
Taje,taje1237,NA,0,0.25282726104828446,0.019340135225031,0.1540080003466102,0.5059320354009137,0.06789256797916053,0.04443858002608934
Taje,taje1237,NA,0,0.00905211131736967,0,0.2881652682200721,0,0.7027826204625581,0.04832012234550212
Taje,taje1237,NA,0,0,0,0,0,1,-0.0112324720301598
Taje,taje1237,NA,0.3026471087413591,0,0,0.6973528912586409,0,0,0.00949778561154187
Taje,taje1237,NA,0.823649986200331,0,0,0.17635001379966894,0,0,0.02213131631083445
Shona,shon1251,NA,0,0.1304347495550328,0,0.8695652504449671,0,0,0.05455447255899814
Shona,shon1251,NA,0,0.10951083744858328,0,0.3097378265613132,0.03871730418809446,0.542034031802009,0.34069257193227914
Shona,shon1251,NA,0,0.13043480895539486,0,0.8695651910446052,0,0,0.05455447255899809
Shona,shon1251,NA,0,0.3749999962027469,0,0,0,0.6250000037972532,0.3273268353539886
Shona,shon1251,NA,4.926077708600194e-7,0.13043487655526803,5.163686547356563e-7,0,0,0.8695641144683063,0.3273268353537709
Torete,tore1237,NA,0,1,0,0,0,0,0.01608954016308052
Torete,tore1237,NA,0.5930135956075748,0,0,0,0.00484215245589876,0.4021442519365264,0.01623172384765888
Torete,tore1237,NA,0.23313537333505768,0,0.2638450316270045,0.09613759967446364,0.3208063295682845,0.08607566579518953,0.03095801515437775
Torete,tore1237,NA,0.3141691882441307,0.16148303991195417,0.1200943883372673,0,0.40425338350664775,0,0.03798202237661778
Torete,tore1237,NA,0.5135084383119539,0.46399398187542057,0,0.02249757981262545,0,0,0.02031590763633153
Warrongo,waru1264,NA,0,1,0,0,0,0,0.00611457594649278
Warrongo,waru1264,NA,0.27744121093810425,0.13118688167872966,0.08662777273636203,0.3315943974235011,0,0.17314973722330293,0.11885453456158929
Warrongo,waru1264,NA,0,0,0,0,0,1,0.00322790182898007
Warrongo,waru1264,NA,0,0,0,1,0,0,0.02815678191189633
Warrongo,waru1264,NA,0.40918128468649295,0.17546373084218317,0,0.31786519828374815,0.09748978618757571,0,0.01976903551982511
Ukrainian,ukra1253,NA,0,0,0.8687918351472698,0,0.1312081648527303,0,0.04878393452923087
Ukrainian,ukra1253,NA,0.2234766095502183,0,0,0.4341457317883833,0.1288820469296857,0.2134956117317126,0.00979892093772118
Ukrainian,ukra1253,NA,0,0.05752593391677925,0.11244590880384862,0,0.7443845628532163,0.08564359442615592,0.06348034300993419
Ukrainian,ukra1253,NA,0.44453160161007355,0,0,0,0,0.5554683983899265,0.01175194056234892
Ukrainian,ukra1253,NA,0,1,0,0,0,0,0.00297448761658901
Kombai,komb1274,NA,0.3004408886796376,0.00753842044517334,0,0.37665869263655266,0.3153619982386364,0,0.04006595283316232
Kombai,komb1274,NA,0.18286891518867104,0,0.817131084811329,0,0,0,0.02775376128567974
Kombai,komb1274,NA,0.5505748682488328,0,0,0,0.4494251317511671,0,0.04026639936711084
Kombai,komb1274,NA,0,0,0,0,0,1,0.01841637543812413
Kombai,komb1274,NA,0.2195853073751543,0.04514593582600101,0,0.05793525069874071,0.5772190082348717,0.10011449786523229,0.04142616103352663
Central Melanau,cent2101,NA,0.17966454519017042,0.0348298178403121,0.1721600244033115,0,0.5358823111771926,0.07746330138901332,0.02668302668821974
Central Melanau,cent2101,NA,0.09969396559476494,0,0.9003060344052352,0,0,0,0.07662638987697286
Central Melanau,cent2101,NA,0,0,0.5058991900906338,0,0,0.4941008099093662,0.0125501678340903
Central Melanau,cent2101,NA,0,0.18620223410172604,0.3188347456668247,0.16651753885066228,0.21341370498470844,0.11503177639607856,0.0495120203736777
Central Melanau,cent2101,NA,0.22488579140713488,0,0.6612728649221902,0,0.1138413436706749,0,0.07127632098247094
Bezhta,bezh1248,NA,0,0,0,0,0.6664478946663169,0.333552105333683,0.03666923985036516
Bezhta,bezh1248,NA,0.27907266522668955,0.06223463552363915,0.07819041003875254,0.38286591811524107,0,0.1976363710956776,0.04469093543146282
Bezhta,bezh1248,NA,0,1,0,0,0,0,0.00063963335718165005
Bezhta,bezh1248,NA,0,0,0.4049308602942773,0,0,0.5950691397057226,0.01057124460831514
Bezhta,bezh1248,NA,0,0.5916632953974468,0,0,0,0.4083367046025532,0.02457712513052466
Tubar,tuba1279,NA,0.15104234304880043,0.8489576569511996,0,0,0,0,0.12199617885992169
Tubar,tuba1279,NA,0.14044579205193486,0.8595542079480653,0,0,0,0,0.13801958175194645
Tubar,tuba1279,NA,0.10858174300940727,0.201788874446392,0.10186488932865458,0.5877644932155461,0,0,0.16887851635320922
Tubar,tuba1279,NA,0.16466948648227384,0,0,0.8353305135177261,0,0,0.29188872553109035
Tubar,tuba1279,NA,0.6593923905581609,0,0.1896441514949572,0,0,0.1509634579468819,0.14676443932640115
Pumé,pume1238,NA,0,0.09384496410301003,0,0.6418943377800014,0,0.26426069811698855,0.0079913550037189
Pumé,pume1238,NA,0,0,0,0,0.6049805779866876,0.3950194220133124,0.01693782880374368
Pumé,pume1238,NA,0.411289199872758,0,0,0.3122732881457224,0.2764375119815195,0,0.01312935049070183
Pumé,pume1238,NA,0.4129336424769904,0,0.4395927425548395,0.1474736149681701,0,0,0.04853851431055266
Pumé,pume1238,NA,0.7004254902469145,0.29957450975308547,0,0,0,0,0.02724325593962818
Sogeram,soge1235,NA,0,0,0.29926363840512366,0.19949654648464,0.3863081541211083,0.11493166098912808,0.02825074970176078
Sogeram,soge1235,NA,0.7661942424655483,0,0,0.07840675063216958,0.15539900690228206,0,0.00988031415463357
Sogeram,soge1235,NA,0,1,0,0,0,0,0.00787471823463734
Sogeram,soge1235,NA,0.23334031501568828,0.14826703761161278,0,0.2622490098784796,0.3561436374942193,0,0.04244192644192719
Sogeram,soge1235,NA,0,0,0.4752797204967393,0.5247202795032607,0,0,0.01515468009262896
Manange,mana1288,NA,0.7241300513135435,8.0217690919275e-4,0.1746233439549046,0.10044442782235928,0,0,0.08271746784476687
Manange,mana1288,NA,0.7433523262896616,0,0.22899441388446792,0,0.02765325982587044,0,0.0798117025956741
Manange,mana1288,NA,0,0,0,0,0,1,0.00339228038512309
Manange,mana1288,NA,0.4860467800712617,0.0180794630236643,0.4267878382614856,0.05035447265726089,0.01873144598632752,0,0.1350907047492534
Manange,mana1288,NA,0.09771908755752112,0,0.5682213570212116,0,0.20874976750400592,0.1253097879172613,0.03397297375987988
Western Low Navarrese,west1508,NA,0.4968154284974009,0,0,0,0.20704996611214552,0.29613460539045355,0.00466264719483371
Western Low Navarrese,west1508,NA,0,0,0,0,0.37123675691651126,0.6287632430834889,0.01869262241839616
Western Low Navarrese,west1508,NA,0,0,0.6405287663271609,0,0.3594712336728392,0,0.04363669350287948
Western Low Navarrese,west1508,NA,0.5406307961930384,0,0.23869950287313768,0,0,0.22066970093382388,0.03128894126315762
Western Low Navarrese,west1508,NA,0.8132677364878663,0,0,0.1253497096053546,0.0613825539067791,0,0.03639635939138372
Teiwa,teiw1235,NA,0,0,0.6613402206321282,0,0,0.3386597793678718,0.00972724908182468
Teiwa,teiw1235,NA,0,1,0,0,0,0,0.00112215060897095
Teiwa,teiw1235,NA,0,0,0,0,0.7844349937666667,0.21556500623333325,0.03602376466403566
Teiwa,teiw1235,NA,0,0,0,1,0,0,0.01227352311784607
Teiwa,teiw1235,NA,0.5514472578250958,0,0.31394244085891954,0,0,0.13461030131598456,0.03782674002670882
Digo,digo1243,NA,0.4137158589595571,0,0,0,0.42639259617386127,0.1598915448665816,0.06065565870360891
Digo,digo1243,NA,0,0.35418174265233404,0.2788552246196503,0,0.36696303272801567,0,0.01848415528439286
Digo,digo1243,NA,0.9412340898356948,0,0.05876591016430539,0,0,0,0.03644084923968939
Digo,digo1243,NA,0,0,0,0.04236289436314748,0,0.9576371056368524,0.01806622206126935
Digo,digo1243,NA,0.17621547753565253,0,0,0.7513036801073525,0.01329517941971859,0.05918566293727638,0.03854662669908705
Tadyawan,tady1237,NA,0,0,0,0.3102350112088302,0.5018172144834474,0.18794777430772255,0.05313938671659171
Tadyawan,tady1237,NA,0,0,0,0.2491425989541287,0.7150323747610268,0.03582502628484457,0.03409219285137806
Tadyawan,tady1237,NA,0,0,1,0,0,0,0.02842977057773469
Tadyawan,tady1237,NA,0.16723733690538606,0,0,0.832762663094614,0,0,0.03997103686531742
Tadyawan,tady1237,NA,0,0,0.9039655199054328,0.09603448009456718,0,0,0.03360537488692829
Yindjibarndi,yind1247,NA,0.0222102779460303,0.17245558163764704,0.1578310672789288,0,0.5180957194815021,0.12940735365589176,0.02820197578141062
Yindjibarndi,yind1247,NA,0,0.10808724563804784,0.8919127543619522,0,0,0,0.03893588239579956
Yindjibarndi,yind1247,NA,0,1,0,0,0,0,0.02052750302592455
Yindjibarndi,yind1247,NA,0,0,0,0,0.8244424854507801,0.17555751454921983,0.00535088610236079
Yindjibarndi,yind1247,NA,0,0,0,1,0,0,0.00655077988242583
Matukar,matu1261,NA,1,0,0,0,0,0,0.00333534021424518
Matukar,matu1261,NA,0.7213313518694517,0,0,0,0.26385814417757064,0.01481050395297765,0.08147827485336331
Matukar,matu1261,NA,0,0,0.6540744335072757,0,0.3459255664927244,0,0.01513074627908665
Matukar,matu1261,NA,0.7290916104801092,0,0,0.27090838951989077,0,0,0.01347284891495242
Matukar,matu1261,NA,0.1985329354369125,0,0.4477484469142881,0.2941061561865954,0,0.05961246146220388,0.03289425440875263
Grass Koiari,gras1249,NA,0,0,0.7506469772477372,0.24935302275226273,0,0,0.00850575904558061
Grass Koiari,gras1249,NA,0.04486118116246989,0.02115761196854689,0.9339812068689832,0,0,0,0.08249240223874367
Grass Koiari,gras1249,NA,1,0,0,0,0,0,0.0208115893133725
Grass Koiari,gras1249,NA,0.8310587464811819,0,0,0,0.16894125351881795,0,0.00972642891778354
Grass Koiari,gras1249,NA,0,0,0,0.2686923229671596,0,0.7313076770328405,0.0091645680087405
Varisi,vari1239,NA,0.07678353979395354,0.4270277522537484,0,0.496188707952298,0,0,0.05159383213904974
Varisi,vari1239,NA,0,0,0.3054688468043342,0.20436871232042012,0.4901624408752456,0,0.03218705938635127
Varisi,vari1239,NA,0,0,0.8138518594254451,0,0,0.1861481405745548,0.03411344920749001
Varisi,vari1239,NA,0,1,0,0,0,0,-0.03161471532164765
Varisi,vari1239,NA,0.10297130482500694,0.03008280105658796,0.4911557164259443,0.26238429679923075,0.11340588089323005,0,0.0698579276909683
Paliyan,pali1274,NA,0.01406720370446071,0.02870251224108919,0,0,0.9572302840544502,0,0.06195539822274674
Paliyan,pali1274,NA,0,0,1,0,0,0,0.00406531425689765
Paliyan,pali1274,NA,0,1,0,0,0,0,-7.9751802699622e-4
Paliyan,pali1274,NA,0.14562842645531318,0.5978202533083232,0,0,0.2565513202363637,0,0.03468684170915402
Paliyan,pali1274,NA,0,0,0.2125906273265111,0.2629922623651917,0.5244171103082972,0,0.0434299224961039
Buli,buli1256,NA,0.6954712055276419,0,0,0.12928392913416284,0.1028672549498545,0.07237761038834083,0.02527724021016061
Buli,buli1256,NA,0.13119083322028433,0.5960880828576071,0,0.2639739267948503,0.00874715712725825,0,0.03536218916883497
Buli,buli1256,NA,0,1,0,0,0,0,0.0151389870051394
Buli,buli1256,NA,0.00732397919675051,0,0.11122164611171738,0.3228202759713563,0.3981739923200749,0.16046010640010092,0.05933475389898371
Buli,buli1256,NA,0,0.313011796225675,0.3315448327387383,0,0.3554433710355867,0,0.01884237286707587
Gothic,goth1244,NA,1,0,0,0,0,0,0.02405765264896715
Gothic,goth1244,NA,0.9391548114610684,0,0.06084518853893158,0,0,0,0.08516065481662445
Gothic,goth1244,NA,0.5820847503647208,0.03607660393917315,0.381838645696106,0,0,0,0.1067876982103996
Gothic,goth1244,NA,0,0,1,0,0,0,0.0036710398085835
Gothic,goth1244,NA,0,0,0.5496154712348567,0.03297683569692831,0.417407693068215,0,0.03669479986900572
Algonquin,algo1255,NA,0.17921497419601873,0.5236519776895968,0.05190335341024285,0.09282199430824564,0.15240770039589605,0,0.06853566903010905
Algonquin,algo1255,NA,0,0,0.08199599874097473,0.9180040012590254,0,0,0.05139467728096263
Algonquin,algo1255,NA,0,0.30700318510773966,0,0.02412211111124006,0.6688747037810202,0,0.03693461239631367
Algonquin,algo1255,NA,0.2902423718902148,0.22109346155881296,0,0.4886641665509722,0,0,0.01212676607760772
Algonquin,algo1255,NA,0.2717486899355671,0.5550669359637183,0.17318437410071458,0,0,0,0.01277544835137447
Rakahanga-Manihiki,raka1237,NA,0.19551954029459304,0,0.7327779682918016,0.07170249141360531,0,0,0.10758142399791118
Rakahanga-Manihiki,raka1237,NA,0.417181878370377,0.582818121629623,0,0,0,0,0.04019629457265762
Rakahanga-Manihiki,raka1237,NA,0.2945723324272134,0,0.0735376988951989,0.2821499530828058,0,0.34974001559478185,0.05786235059001514
Rakahanga-Manihiki,raka1237,NA,0,0,0,1,0,0,0.01648468695668617
Rakahanga-Manihiki,raka1237,NA,0,0.4363820399570099,0.56361796004299,0,0,0,0.02794683350533446
Avava,katb1237,NA,0,0,0,0,0.8342414164106791,0.16575858358932097,0.02600884891016543
Avava,katb1237,NA,0,0,0,0,0,1,0.00892189406675935
Avava,katb1237,NA,0.4316262499460186,0,0.2044949474155605,0,0,0.3638788026384208,0.02233049265927695
Avava,katb1237,NA,0,0,0.0088978949139275,0.8475038897162558,0.1435982153698166,0,0.02457618681324397
Avava,katb1237,NA,0,0.2976848685467589,0,0.7023151314532411,0,0,0.008718072757746
Wawonii,wawo1239,NA,0,0,0.5692284480704283,0.43077155192957184,0,0,0.01509156976370278
Wawonii,wawo1239,NA,0,0,0.20721173226220177,0,0.7927882677377982,0,0.01299063295887262
Wawonii,wawo1239,NA,0,0,0,1,0,0,0.00591064904686351
Wawonii,wawo1239,NA,0.44162439964853,0,0.4287370810070336,0.12963851934443643,0,0,0.04931943763258271
Wawonii,wawo1239,NA,0,0.30678192432115226,0,0,0.6505616632780674,0.04265641240078025,0.01867851034861706
Ancient Greek,anci1242,NA,0.32569970089122985,0,0,0.5695822241023318,0.10471807500643834,0,0.04058227443850697
Ancient Greek,anci1242,NA,0.11986740005077648,0,0,0.8607824285339385,0,0.019350171415285,0.03681035745191576
Ancient Greek,anci1242,NA,1,0,0,0,0,0,0.00845268396668719
Ancient Greek,anci1242,NA,0.6542212582283341,0.08822718294361802,0,0,0.25755155882804787,0,0.05106154534894339
Ancient Greek,anci1242,NA,0.29662831103382553,0.09017187453679498,0,0.6131998144293794,0,0,0.0262475954569171
Marra,mara1385,NA,0,0.11404450193985656,0,0.8859554980601434,0,0,0.01589125772406885
Marra,mara1385,NA,0.4365992931130592,0.27777476788098926,0.2856259390059516,0,0,0,0.06410997602733405
Marra,mara1385,NA,0,1,0,0,0,0,0.00345216939300271
Marra,mara1385,NA,0.26870085080807454,0.01627457133771859,0.2824311092574791,0,0.18897389497114264,0.2436195736255851,0.08778914267373619
Marra,mara1385,NA,0.9376031430580504,0.06239685694194972,0,0,0,0,0.01099568263613145
Marshallese,mars1254,NA,0,0.1308011554974664,0,0.8691988445025336,0,0,0.0117832290970836
Marshallese,mars1254,NA,0.02808160763147642,0.8156530628062953,0.15626532956222822,0,0,0,0.06639289857211524
Marshallese,mars1254,NA,0,0,0,0,1,0,0.01645640658090712
Marshallese,mars1254,NA,0.33498267460170583,0.10015778079083532,0.17624364935149486,0.0720407659178227,0.2149174884308518,0.10165764090728947,0.05858702927185061
Marshallese,mars1254,NA,0.2997397323176949,0,0.27935640841075576,0.40811324195184673,0.01279061731970255,0,0.02606336231876556
Kom (Cameroon),komc1235,NA,0,0.9688018826555316,0.0311981173444683,0,0,0,0.0703758073671342
Kom (Cameroon),komc1235,NA,0.4094162880496757,0,0.5696019666671182,0,0.0209817452832062,0,0.1156168226522093
Kom (Cameroon),komc1235,NA,0.5547417742320413,0,0,0.0637358233584581,0,0.3815224024095007,0.05142664146115585
Kom (Cameroon),komc1235,NA,0.5738855235616691,0.04987578459117046,0.06120058618085151,0,0.23414260150469587,0.08089550416161298,0.08688597010452354
Kom (Cameroon),komc1235,NA,0.5199362768831313,0,0,0.4800637231168688,0,0,0.02739467787583363
Alamblak,alam1246,NA,0,0,0,1,0,0,0.02305758560270548
Alamblak,alam1246,NA,0.7860619790875811,0,0,0,0.02452482925698428,0.1894131916554344,0.04580862651223789
Alamblak,alam1246,NA,0.2902378739770014,0,0.02155036001912745,0,0.6508969027284368,0.03731486327543423,0.05551304306262858
Alamblak,alam1246,NA,0.6516184757179722,0.12104197557349954,0,0.1633502706255167,0,0.06398927808301157,0.0345274584910252
Alamblak,alam1246,NA,0,0,0,0.17142867584384192,0.5791174779800677,0.2494538461760903,0.03737425326074128
Luiseno-Juaneño,luis1253,NA,0,0.659819707378608,0,0,0,0.34018029262139204,0.0150672433333455
Luiseno-Juaneño,luis1253,NA,0,0,0,0,0,1,0.00231629225958066
Luiseno-Juaneño,luis1253,NA,0.6550738280440829,0,0,0.3351374417861735,0,0.00978873016974371,0.02089336633220273
Luiseno-Juaneño,luis1253,NA,0,0.07258430289609476,0.6140089131563206,0,0.06248165622157797,0.2509251277260066,0.03337974756945899
Luiseno-Juaneño,luis1253,NA,0,0,0,0,1,0,0.00203640772057803
Waimaha,waim1255,NA,0,0.6590691063913066,0,0.1626202028730876,0.17831069073560576,0,0.02392440783847792
Waimaha,waim1255,NA,0.6082391787267607,0,0.03599599352310961,0.2715568003373886,0,0.08420802741274105,0.04089521266921043
Waimaha,waim1255,NA,0.5491626280929875,0,0.02078099206818404,0.18369091034277488,0.2463654694960536,0,0.01932606635428551
Waimaha,waim1255,NA,0.8779006258950933,0,0,0,0.12209937410490676,0,0.02979980472711745
Waimaha,waim1255,NA,0,0,0,1,0,0,0.02774130193455433
Kosarek Yale,kosa1249,NA,0,0,0,0.5776940076227268,0.42230599237727307,0,0.02615603167707612
Kosarek Yale,kosa1249,NA,0.6099303581060848,0,0,0,0,0.3900696418939153,0.022735752038605
Kosarek Yale,kosa1249,NA,0,0,0,1,0,0,0.02262124208170825
Kosarek Yale,kosa1249,NA,0,0,0,1,0,0,0.01516005808095871
Kosarek Yale,kosa1249,NA,0,0.3217342686365447,0,0.5738661377956692,0.1043995935677862,0,0.03479268507237925
Luguru,lugu1238,NA,0,0.36767976901878763,0,0,0.5789236477954061,0.05339658318580639,0.00619361177510932
Luguru,lugu1238,NA,0,0.3015203679027369,0,0.5107004279321574,0,0.18777920416510563,0.01931936595762886
Luguru,lugu1238,NA,0,0,0,0,1,0,0.0199261943109278
Luguru,lugu1238,NA,0,0,1,0,0,0,0.05527468640204042
Luguru,lugu1238,NA,0,0,0.8541044224605607,0,0.00208386958310201,0.14381170795633733,0.08680834838778351
Korowai,koro1312,NA,0.2500316149912304,0,0.156504511854826,0,0.3893486857997198,0.20411518735422363,0.01661968191524656
Korowai,koro1312,NA,1,0,0,0,0,0,0.00143318159951917
Korowai,koro1312,NA,0,0,0,0,1,0,0.0069515805152248
Korowai,koro1312,NA,0,0,1,0,0,0,0.02230206455886415
Korowai,koro1312,NA,0,0.6939205066058585,0,0,0,0.30607949339414164,0.00621887812272795
Savosavo,savo1255,NA,0,0,0.4034376976577502,0,0.5965623023422497,0,0.03567960768370114
Savosavo,savo1255,NA,1,0,0,0,0,0,0.00262546890277091
Savosavo,savo1255,NA,0.3342273408460884,0,0,0.6657726591539116,0,0,0.00355736505731978
Savosavo,savo1255,NA,0.22987936935294057,0,0.761614898113892,0,0.00850573253316742,0,0.0751370761361924
Savosavo,savo1255,NA,0,0,0,0.23011514421724985,0,0.7698848557827502,0.02992513176638927
Maguindanao,magu1243,NA,0.7584698682530906,0,0.1450653921870124,0,0.096464739559897,0,0.01082726734091002
Maguindanao,magu1243,NA,0.7972647658165984,0.2027352341834017,0,0,0,0,0.02484019446233025
Maguindanao,magu1243,NA,0,0,0.22966782009523937,0.4360139348043743,0.15569382706346402,0.17862441803692228,0.02659187589180576
Maguindanao,magu1243,NA,0.1983910491911674,0,0,0.11349385152454829,0.6881150992842844,0,0.07213533540763914
Maguindanao,magu1243,NA,0.4949878009071328,0,0,0,0,0.5050121990928672,0.01798012417029369
Biri,biri1256,NA,0,0.11877785992582802,0.4923331827931748,0.27694883833365347,0.11194011894734374,0,0.03567099330066637
Biri,biri1256,NA,0,0,0.1750367447338614,0,0,0.8249632552661387,0.01292568058523771
Biri,biri1256,NA,0.00610203959784093,0.08245666657738017,0.7643964832927138,0.14704481053206517,0,0,0.04442296263625662
Biri,biri1256,NA,0,0,0,0.10811389327707688,0.891886106722923,0,0.00412044718504875
Biri,biri1256,NA,0,0.16393465874091295,0,0,0,0.8360653412590869,0.00886846748669016
Tokharian A,tokh1242,NA,0.4849179951502875,0.33655855777046123,0.08805822634938032,0.09046522072987098,0,0,0.18683412757939516
Tokharian A,tokh1242,NA,0.00621882454638248,0,0.10133683972068372,0.1261544080640752,0.7662899276688585,0,0.11536013046580108
Tokharian A,tokh1242,NA,0.3364565479128784,0.04856703360077352,0.05325235540993898,0.4486196417266929,0,0.1131044213497162,0.1884016471274098
Tokharian A,tokh1242,NA,0.5936979798487693,0.34693215787531595,0.05936986227591488,0,0,0,0.06016031173798091
Tokharian A,tokh1242,NA,0.6134649622771619,0,0.3609673506547568,0,0,0.02556768706808128,0.17780303096958264
Bardic,bard1254,NA,0.6479308265126815,0.0848650267712318,0,0,0,0.2672041467160866,0.0157494493202784
Bardic,bard1254,NA,0,0.2208144725714019,0,0,0.14229031539936882,0.6368952120292294,0.02179206422011043
Bardic,bard1254,NA,0,0,0.1939400508310402,0,0.4054794715866842,0.4005804775822757,0.0103164788887969
Bardic,bard1254,NA,0,0,0,0.7423750087142679,0.2576249912857322,0,0.04686235952175952
Bardic,bard1254,NA,0.22473863456228688,0,0.538338856325236,0,0.20574573970021695,0.03117676941226006,0.05932588393885356
Waffa,waff1241,NA,0,1,0,0,0,0,-0.00245965486618717
Waffa,waff1241,NA,0.7366414808512551,0,0,0,0,0.26335851914874475,0.01604535271913264
Waffa,waff1241,NA,0,0.468673179067647,0,0.5313268209323531,0,0,0.06207862422395109
Waffa,waff1241,NA,0.1786877382248186,0,0.09642190297591909,0,0.6422687345552455,0.08262162424401677,0.09645499526775358
Waffa,waff1241,NA,0,0,0,0,1,0,0.00236273367003424
Dari,dari1249,NA,0,0,0,0,0.9219267089962364,0.07807329100376353,0.02160540116526174
Dari,dari1249,NA,0,0.09678696942733714,0.420276853899318,0.2714618791684279,0.00146109264410155,0.21001320486081532,0.01923521668835492
Dari,dari1249,NA,0,0,0,0,1,0,9.058634046184e-4
Dari,dari1249,NA,0.47071897231742615,0,0,0,0.12621817041487968,0.4030628572676941,0.02205579032856296
Dari,dari1249,NA,0,0.05141415846736477,0.09156176597598038,0.8570240755566548,0,0,0.0164969640825729
Teguima,opat1246,NA,0.10144900469144703,0,0.4216350217328857,0.46713031369166824,0,0.009785659883999,0.05533635722919749
Teguima,opat1246,NA,0,0,0.40839661435719,0.3152638889096587,0.27633949673315145,0,0.01505722739591107
Teguima,opat1246,NA,0,0,0.6847613105100039,0,0.0798934300568963,0.23534525943309997,0.01252091107336298
Teguima,opat1246,NA,0,0,0,0.15284846023841245,0.3352067574332308,0.5119447823283568,0.02656617985792308
Teguima,opat1246,NA,0,1,0,0,0,0,0.0135655257442401
Yavitero,yavi1244,NA,0,0.18730141880071893,0.20607657051635597,0,0.6066220106829251,0,0.03912397954693945
Yavitero,yavi1244,NA,0.4595801806462592,0,0,0,0.20628874251611704,0.33413107683762383,0.03164714786453788
Yavitero,yavi1244,NA,0,0,0,0,0,1,-2.3839874537373e-4
Yavitero,yavi1244,NA,0,0.3036751231980655,0,0,0.6963248768019346,0,0.01247750083778565
Yavitero,yavi1244,NA,0.2948272852502246,0,0.3067064276905857,0,0.3984662870591898,0,0.0520403368455023
Basque,basq1248,NA,0,0.8967677313098346,0,0.10323226869016552,0,0,0.01293808167114249
Basque,basq1248,NA,0.4377502996751002,0,0,0.21143292201518143,0.3508167783097183,0,0.01657659015611269
Basque,basq1248,NA,0,0.22704990171691297,0.7525353036453309,0,0,0.02041479463775614,0.04101773513499193
Basque,basq1248,NA,0,0.387145742103214,0,0,0.612854257896786,0,0.00523625498843511
Basque,basq1248,NA,0.888863227254869,0,0,0,0,0.11113677274513103,0.0042085892360578
Naman,litz1237,NA,0.01598759885873487,0,0.6809256155820513,0,0.3030867855592139,0,0.04109315381316904
Naman,litz1237,NA,0,0,0.2939785811287032,0.15036271070009552,0.05537316904223353,0.5002855391289678,0.0623632271641392
Naman,litz1237,NA,0,0,0,0,1,0,-0.00155432657624754
Naman,litz1237,NA,0,0,0,0,0.9942231037469004,0.00577689625309973,0.01456295809327885
Naman,litz1237,NA,0,0,0.3042933547254192,0.3455954852731484,0.35011116000143255,0,0.00604542622576175
French,stan1290,NA,0.02150172651343152,0,0.8377776495314574,0,0,0.14072062395511106,0.08638975569825276
French,stan1290,NA,0,0,0,0,1,0,0.00345911289116271
French,stan1290,NA,0,0,0,0,0,1,0.01079306714712879
French,stan1290,NA,0,0,0,0,0,1,0.00288737215873685
French,stan1290,NA,0,0.2557767960331306,0.5528380538326184,0,0.19138515013425095,0,0.01073959615193148
Mohawk,moha1258,NA,0.2197559876680424,0,0.5074027226293785,0,0,0.27284128970257915,0.04766492304158321
Mohawk,moha1258,NA,0,0.5087220960153956,0.42017087632353184,0,0,0.0711070276610726,0.00413300782429079
Mohawk,moha1258,NA,0,0.10366929294150898,0.8963307070584909,0,0,0,0.06604611009192925
Mohawk,moha1258,NA,0,0.17555931222548316,0,0.16362502830593342,0.6608156594685834,0,0.06114347739193221
Mohawk,moha1258,NA,0,0,0.3705797259193982,0.6294202740806017,0,0,0.01718719970015355
Gunya,guny1241,NA,0,0,0,0.2859520301908459,0,0.7140479698091541,0.04752091556523666
Gunya,guny1241,NA,0.3513693874947587,0.11394635981392326,0,0,0.5346842526913179,0,0.0851095821701355
Gunya,guny1241,NA,0,0,0,0.4381327621444409,0.561867237855559,0,0.03262956471249373
Gunya,guny1241,NA,0.30181199943027387,0.1001977688624086,0.5719424080995889,0.02604782360772867,0,0,0.05887533212292736
Gunya,guny1241,NA,0.04541682094782315,0,0.7484426443499907,0,0,0.20614053470218607,0.04174622933912521
Chihuahua Pima Bajo,chih1238,NA,0,0,0,0.09039735111191602,0.9096026488880838,0,0.11413484719065334
Chihuahua Pima Bajo,chih1238,NA,0.4266336452602113,0.21525446390114092,0.35811189083864786,0,0,0,0.15979391287811728
Chihuahua Pima Bajo,chih1238,NA,0.33474184601995804,0.03599268980891345,0,0,0.6292654641711285,0,0.2383143460783441
Chihuahua Pima Bajo,chih1238,NA,0.5000010097811497,0,0.4999989902188504,0,0,0,0.08002979966719441
Chihuahua Pima Bajo,chih1238,NA,0,0.30687715482656297,0,0,0.693122845173437,0,0.10143833890617245
Kambera,kamb1299,NA,0,0.41769212706531866,0.5582094894358172,0.00860021213107395,0,0.01549817136779026,0.04720277085644215
Kambera,kamb1299,NA,0,0.5065693231867274,0.4934306768132725,0,0,0,0.01993538865327027
Kambera,kamb1299,NA,0,0.7021051664355132,0,0.12862046502626173,0.03185018606663191,0.137424182471593,0.0334622256578166
Kambera,kamb1299,NA,0,0,0,0.48847854806781565,0,0.5115214519321843,7.8476352571673e-4
Kambera,kamb1299,NA,0,0.29098627089532664,0.301554381783383,0,0,0.40745934732129047,0.01354230335963624
Warumungu,waru1265,NA,0,0,0,0.47801664156861806,0.03253025031999033,0.4894531081113916,0.01524180069220081
Warumungu,waru1265,NA,1,0,0,0,0,0,-0.01183035959734594
Warumungu,waru1265,NA,0,0.14896691232494627,0.4921018791367324,0,0.35893120853832133,0,0.03532279425311668
Warumungu,waru1265,NA,0.44456106311445376,0.0947333201444746,0,0.04008345411782608,0,0.4206221626232456,0.05490189535956619
Warumungu,waru1265,NA,0,0,0.6040691585174395,0,0.39593084148256047,0,0.03418508115866418
Bario,bari1288,NA,0.2858849935842723,0.04043560153634906,0.6422531670179913,0,0.03142623786138731,0,0.0815635287266967
Bario,bari1288,NA,0,0,0,1,0,0,0.00431763773872461
Bario,bari1288,NA,0,1,0,0,0,0,8.5226621458056e-4
Bario,bari1288,NA,1,0,0,0,0,0,-0.00798779539589289
Bario,bari1288,NA,0.31636606712896215,0,0,0,0.6836339328710379,0,0.01496253033010849
Seneca,sene1264,NA,0,0.31278078444436325,0,0.3594918122463757,0.16421812901024013,0.16350927429902098,0.04356960789360056
Seneca,sene1264,NA,0,0,0,0,0.09617777465178286,0.9038222253482172,0.03356003879026904
Seneca,sene1264,NA,0,0.01097248569636574,0,0,0,0.9890275143036344,0.06221710700589579
Seneca,sene1264,NA,0.04258213624535172,0.09106456595378376,0.00710780892733297,0.2280871367309036,0.40723145862219656,0.2239268935204314,0.05820405714128604
Seneca,sene1264,NA,0,0.3112076895193343,0,0,0,0.6887923104806658,0.02165408625497614
Cebuano,cebu1242,NA,0,0.798307901639427,0.1905560248212358,0,0.01113607353933728,0,0.02232936991204207
Cebuano,cebu1242,NA,0.4288763161495495,0,0.27467106497035954,0.07633856647199738,0.22011405240809348,0,0.0387275338110222
Cebuano,cebu1242,NA,0,0.844003040518091,0.13926457177397591,0,0,0.0167323877079331,0.07075815845905067
Cebuano,cebu1242,NA,0,0,0.03996217522140297,0,0.8071417457391868,0.15289607903941022,0.01758359687504886
Cebuano,cebu1242,NA,0,0,0,1,0,0,0.00234363018686042
S'gaw Karen,sgaw1245,NA,0,1,0,0,0,0,0.00631028949313398
S'gaw Karen,sgaw1245,NA,0.36790494695697096,0.08221957998006446,0.5361876625327049,0,0.01368781053025969,0,0.07232836997461461
S'gaw Karen,sgaw1245,NA,0,0.1344115049163041,0,0,0.2499120134352175,0.6156764816484784,0.02091105328736958
S'gaw Karen,sgaw1245,NA,0,0.9411916262888996,0,0,0.05880837371110049,0,0.06034935114650983
S'gaw Karen,sgaw1245,NA,0,0,0,0.9392255851804698,0.06077441481953012,0,0.02793755723532672
Bierebo,bier1244,NA,0.15498209666166038,0.5270451173404979,0.05938240815852547,0.21270282989667164,0,0.0458875479426447,0.05448765088052457
Bierebo,bier1244,NA,0,0.07289875321921538,0.12381630008540556,0,0.803284946695379,0,0.0281590142380101
Bierebo,bier1244,NA,0,0,0,0,0.8955872690322314,0.10441273096776856,0.04061208845776416
Bierebo,bier1244,NA,0,1,0,0,0,0,-0.01285943777754802
Bierebo,bier1244,NA,0,0,0,0,1,0,0.05894807210246529
Punu,punu1239,NA,0.40472742005261,0.17994913940979287,0,0,0.33813765302369764,0.07718578751389941,0.0573786734224261
Punu,punu1239,NA,0.3951581065591094,0,0,0,0.5404445272544596,0.06439736618643116,0.16715259351089168
Punu,punu1239,NA,0.7955560972110076,0,0,0,0,0.20444390278899244,0.13079127684558486
Punu,punu1239,NA,0,0.01633473588870816,4.6570248442159e-4,0.1653982763205045,0.7304714910865064,0.08732979421985917,0.25718455068729207
Punu,punu1239,NA,0.5440391797087819,0,0.4200344503198506,0.03592636997136762,0,0,0.06614716670377027
Saaroa,saar1237,NA,0.44893012203018445,0.5510698779698154,0,0,0,0,0.00396983873765915
Saaroa,saar1237,NA,0,0,0,0.24292903585242337,0.7570709641475766,0,0.02632460709677314
Saaroa,saar1237,NA,0,0.05953882507927805,0.8193878456440311,0,0.12107332927669076,0,0.03197002119382263
Saaroa,saar1237,NA,0.12958131555720767,0.4554981965634952,0,0,0.20643907103617395,0.20848141684312316,0.01909475756189291
Saaroa,saar1237,NA,0,0,0,0,0.2525612862814873,0.7474387137185127,0.0164702480195335
Nambo,namb1293,NA,0,0.21989682654294884,0,0.2310512245914517,0,0.5490519488655995,0.01454736086910261
Nambo,namb1293,NA,0,0.03653048984092578,0,0.17307726258212638,0.7903922475769478,0,0.03904378230523035
Nambo,namb1293,NA,0.0922517345841405,0.32415630996711836,0,0.3449465915588166,0.23864536388992472,0,0.02346151712187069
Nambo,namb1293,NA,0.30338121208558766,0,0,0.19216334993857537,0.364426586207571,0.14002885176826602,0.06843236519776157
Nambo,namb1293,NA,0.02452323392922344,0.2704082357053099,0.4170118312004765,0.15075798795882922,0.13729871120616097,0,0.05776071466887113
Yadhaykenu,yadh1237,NA,0.2098145791016073,0,0.04402638838588358,0.7461590325125091,0,0,0.01716926116203582
Yadhaykenu,yadh1237,NA,0,0.6675435775835371,0.33245642241646284,0,0,0,0.01027453344596219
Yadhaykenu,yadh1237,NA,0.5746309223133574,0.07608758061293645,0.34928149707370615,0,0,0,0.03040329080704508
Yadhaykenu,yadh1237,NA,0.07220049396568431,0.1141898716351032,0.17266322095907544,0.08899298654641333,0.4316873068000956,0.1202661200936281,0.01809671638962984
Yadhaykenu,yadh1237,NA,0,0,0.16638398047719707,0.3653879342916821,0.46822808523112097,0,0.03198028805511426
Sosva Mansi,nort2677,NA,0,0.5640657102615529,0,0,0.43593428973844706,0,0.05765103273454678
Sosva Mansi,nort2677,NA,0.6880616783360667,0.3119383216639333,0,0,0,0,0.09355040590477902
Sosva Mansi,nort2677,NA,0.4083813321505373,0,0.525774509370983,0.06584415847847976,0,0,0.0489802492262129
Sosva Mansi,nort2677,NA,0.0282694814704618,0.6552032148915177,0.2746500935767579,0,0,0.04187721006126262,0.07035169360384101
Sosva Mansi,nort2677,NA,0.3871629203899538,0.22769421169218265,0.1852666326729825,0,0,0.19987623524488113,0.06849659351671347
Wanman,wanm1242,NA,0.05954088048184357,0.01398898713612099,0,0.2408909518366272,0.6855791805454082,0,0.04576923219696791
Wanman,wanm1242,NA,0,0,0.24232814686664425,0.1456344641337817,0.18295356255203565,0.42908382644753834,0.03010254054843886
Wanman,wanm1242,NA,0.467956073322293,0,0,0,0.5320439266777071,0,0.00682889007316508
Wanman,wanm1242,NA,5.9460247736063e-4,0.9994053975226392,0,0,0,0,0.05174447661643258
Wanman,wanm1242,NA,0,0,1,0,0,0,0.00661615091863179
Telefol,tele1256,NA,0.08383428424705128,0,0.19179358694204732,0.4253528598628438,0.2990192689480577,0,0.02248076611795758
Telefol,tele1256,NA,0.6537661715922278,0,0,0,0,0.3462338284077722,0.02051175168890226
Telefol,tele1256,NA,0,0,0.131194395386174,0,0,0.868805604613826,0.01039915698340701
Telefol,tele1256,NA,0.26363915558554285,0,0.7363608444144571,0,0,0,0.02061905084301477
Telefol,tele1256,NA,0,0,0,0.6659543184249934,0,0.3340456815750067,0.01236824338561498
Pokomo,poko1261,NA,0,0.49567992906930014,0,0.5043200709306997,0,0,0.20232230659678363
Pokomo,poko1261,NA,0,0,0.2264916492155226,0.402580964851572,0.25019283439124795,0.1207345515416574,0.12638670890924353
Pokomo,poko1261,NA,0.9999999692785418,0,0,0,0,3.0721458139034696e-8,0.00549853704575951
Pokomo,poko1261,NA,0,0.49209015096658015,0.36323770405051986,0.14467198301843312,0,1.619644668544736e-7,0.01685390209035969
Pokomo,poko1261,NA,0,0.9090909166721388,0,0,0,0.0909090833278612,0.14069062031156718
Atchin,atch1238,NA,0,0,0,0.25136875337200737,0.7486312466279927,0,0.04031742024658608
Atchin,atch1238,NA,0,0.31331415505966104,0.42499027338754464,0,0.11640421542693263,0.14529135612586155,0.04762590406341339
Atchin,atch1238,NA,0,0.21476716277687985,0.7852328372231202,0,0,0,0.01431948664040402
Atchin,atch1238,NA,0.57174503221094,0.4065076643256663,0,0,0,0.02174730346339374,0.01962289479777425
Atchin,atch1238,NA,0.753845487931836,0,0,0.2461545120681641,0,0,0.01488612090362495
Maba (Indonesia),maba1278,NA,0,0.05557080135669925,0.7242597831547909,0.14474704470505162,0,0.07542237078345815,0.08396816826297653
Maba (Indonesia),maba1278,NA,0,0,0,0,1,0,0.00205345733396545
Maba (Indonesia),maba1278,NA,0.5155185910954324,0.28300181267884744,0,0.01576660114395748,0,0.1857129950817626,0.05484622705979197
Maba (Indonesia),maba1278,NA,0,0,0.6229501876862772,0,0.37704981231372287,0,0.01795302636494305
Maba (Indonesia),maba1278,NA,0.2892369427888446,0.06366159722061195,0.6471014599905435,0,0,0,0.03605561369821961
Flinders Island,flin1247,NA,0.2245775099167347,0,0,0,0.6384662832017997,0.13695620688146568,0.2762354573802297
Flinders Island,flin1247,NA,0.02530690199615505,0.3937289446743641,0.2867242501300281,0,0,0.29423990319945287,0.28740272098153685
Flinders Island,flin1247,NA,0.04076946538226812,0.13138083866897138,0.02280641952344503,0,0.8050432764253156,0,0.22617564654737224
Flinders Island,flin1247,NA,0,0,0.00496559936100118,0.2643558003167781,0.7306786003222208,0,0.24447496525712473
Flinders Island,flin1247,NA,0,0.5645596861965084,0.4193447976088299,0,0,0.01609551619466166,0.093132736373342
Wogeo,woge1237,NA,0,0.343005002589465,0.4222476076757096,0,0.2347473897348254,0,0.05940469859446325
Wogeo,woge1237,NA,0,0,0.21681255107432373,0,0.7805564318928013,0.00263101703287509,0.04731218153377259
Wogeo,woge1237,NA,0,0,0,0,1,0,-0.00375963587813696
Wogeo,woge1237,NA,0,1,0,0,0,0,0.02994216977282172
Wogeo,woge1237,NA,0,0.6205537533115111,0.3794462466884889,0,0,0,0.01160506695156569
Kariyarra,kari1304,NA,1,0,0,0,0,0,-5.3598394473006e-4
Kariyarra,kari1304,NA,0,1,0,0,0,0,0.03272337389052784
Kariyarra,kari1304,NA,0,0.07656584388352249,0,0,0,0.9234341561164776,0.00447166682561049
Kariyarra,kari1304,NA,0.04187206163884179,0.5363911466901022,0.28502952068951865,0,0,0.13670727098153732,0.05580411729338563
Kariyarra,kari1304,NA,0,0,0,0,0.3267455005943967,0.6732544994056032,0.00689502854668562
Tenetehara,temb1276,NA,0,0,0,0.4143694497346567,0.0827781346743214,0.5028524155910219,0.02636752896754409
Tenetehara,temb1276,NA,0,0,0,0,1,0,0.00152191977987878
Tenetehara,temb1276,NA,0,0,0,0.4406432585681138,0.5593567414318862,0,0.02671481744319646
Tenetehara,temb1276,NA,0.2283341016836622,0.07454263247468734,0,0,0,0.6971232658416505,0.01296229700619457
Tenetehara,temb1276,NA,0,0,1,0,0,0,0.00934530630688396
Pangasinan,pang1290,NA,0,0.3055548445037109,0,0.4234788103050305,0,0.27096634519125856,0.03223405613761015
Pangasinan,pang1290,NA,0,0.543668866972771,0,0,0.456331133027229,0,0.00855696168545697
Pangasinan,pang1290,NA,0,0.8105385737415606,0.05248811408972247,0,0.1369733121687169,0,0.04968288838888199
Pangasinan,pang1290,NA,0.2015659481409162,0,0.6812293838364618,0,0,0.117204668022622,0.01403953942157543
Pangasinan,pang1290,NA,0.1215903627991931,0.14947849516452566,0.7289311420362813,0,0,0,0.1369873808914268
Rotokas,roto1249,NA,0,0.4358594900497702,0,0.5641405099502297,0,0,0.02325594276539075
Rotokas,roto1249,NA,0.4846950704361776,0,0,0,0.5153049295638225,0,0.02363520000215872
Rotokas,roto1249,NA,0,0.01062359820107812,0.01108795084278679,0.4742330904731683,0.5040553604829667,0,0.02379535928928075
Rotokas,roto1249,NA,0,0,0.4830667151892418,0,0.33534534266803073,0.1815879421427275,0.02854017886712215
Rotokas,roto1249,NA,0.6627006033920254,0.2509029694898513,0.06970486934849586,0.0100235473929743,0,0.00666801037665301,0.04865743478365782
Western Farsi,west2369,NA,0.1458634777070763,0,0.00606510372830737,0,0.8480714185646163,0,0.04889344762452991
Western Farsi,west2369,NA,0.7802195962309676,0.01549230858269153,0,0,0.15876714875846176,0.04552094642787907,0.04676557770126788
Western Farsi,west2369,NA,0,0,0,0,0,1,0.00273734351220362
Western Farsi,west2369,NA,0,0.10468985395434996,0.6210791152931049,0,0,0.2742310307525451,0.05409954428074649
Western Farsi,west2369,NA,0.15791321883443493,0,0,0,0,0.8420867811655651,0.01963669624224324
Puluwatese,pulu1242,NA,0.5175362098562817,0,0.4824637901437184,0,0,0,0.01878180196436767
Puluwatese,pulu1242,NA,0.8060573946816713,0,0,0.1939426053183288,0,0,0.02868713195565301
Puluwatese,pulu1242,NA,0,0,0.08133114006625472,0,0.7932856721153543,0.12538318781839106,0.03870696483857712
Puluwatese,pulu1242,NA,0,0,0.12541703180187175,0,0.582790974724832,0.2917919934732964,0.02853811420234869
Puluwatese,pulu1242,NA,0,0.3205066337951552,0,0.3106072633486493,0,0.3688861028561954,0.03735133132448272
Sa'a,saaa1240,NA,0,0,0.5652406593487767,0,0.43475934065122346,0,0.01244795899357062
Sa'a,saaa1240,NA,0,0.02663332585500102,0.3351145608641082,0.05634882997348069,0.5768907353680426,0.00501254793936749,0.07813691969316325
Sa'a,saaa1240,NA,0,0,0.474300386559652,0.5256996134403481,0,0,0.05300159536102801
Sa'a,saaa1240,NA,0,0,0.17923394582689303,0.07186337827217255,0,0.7489026759009343,0.0742129474865017
Sa'a,saaa1240,NA,0.00667287060122908,0,0,0.36982217983901944,0.6235049495597514,0,0.08937348908448245
Chirag,chir1284,NA,0,1,0,0,0,0,0.00639142319467171
Chirag,chir1284,NA,0.7289630999679028,0,0.17792109677424003,0,0.02002781658700662,0.07308798667085056,0.13544917291114428
Chirag,chir1284,NA,0,0,0,1,0,0,0.01159520063064438
Chirag,chir1284,NA,0.5461088991315595,0.06967099797818721,0,0.1602381692321384,0.01116617828685013,0.2128157553712648,0.03391631100113283
Chirag,chir1284,NA,0.27197221489488443,0,0.32542483025115126,0,0.31603562563936144,0.08656732921460267,0.09408530061236972
Bannock,bann1248,NA,0,0.03287476361274272,0.20126761140832228,0,0.2464440100241812,0.5194136149547539,0.04297353981994569
Bannock,bann1248,NA,0,0,0.9413572071816912,0,0.0586427928183089,0,0.01934751252057565
Bannock,bann1248,NA,0,0,0,0.22283653563626,0.3434582431915228,0.4337052211722171,0.02756863552506598
Bannock,bann1248,NA,0.39830912525259304,0.00227864205602353,0.35490099234183226,0.1399235718195859,0.10458766852996532,0,0.1036475778516898
Bannock,bann1248,NA,0,0,0,0.4118015298085846,0.5685417819582357,0.01965668823317981,0.03772752709445912
Duungidjawu,duun1241,NA,0,0,0,0,0.05400663644361377,0.9459933635563862,0.03757274027271235
Duungidjawu,duun1241,NA,0,0.38370488880809783,0.15390918420848995,0.0265419541609059,0.4358439728225064,0,0.07815162538375928
Duungidjawu,duun1241,NA,0,0.1384097984257769,0,0.6499254372141705,0.21166476436005252,0,0.01373806109294175
Duungidjawu,duun1241,NA,0,0,0,0,0,1,-0.00355603929436752
Duungidjawu,duun1241,NA,0,0,0,0,0,1,0.02233872962640877
Chenchu,chen1255,NA,0,0.28177224215416535,0.0470795777333658,0,0.45163560552759446,0.21951257458487447,0.03075502146674806
Chenchu,chen1255,NA,0,0.08840757465666083,0.18865151606120295,0.7229409092821363,0,0,0.00915768460514682
Chenchu,chen1255,NA,0.04526296369431489,0,0.9547370363056852,0,0,0,0.0791619846032682
Chenchu,chen1255,NA,0,0,0.1572998032105841,0,0.842700196789416,0,0.01018943502452489
Chenchu,chen1255,NA,0.1923226822468385,0.47059715387373086,0.33708016387943057,0,0,0,0.00804266538469629
Kazym Khanty,nort2672,NA,0,0.1561208524101441,0,0.0964913437858672,0.6262732106053068,0.12111459319868192,0.02953241665410778
Kazym Khanty,nort2672,NA,0,0,0,0,1,0,0.03574769405348341
Kazym Khanty,nort2672,NA,0,0.1434810875908998,0.25423772793138266,0,0.6022811844777175,0,0.02406535667334303
Kazym Khanty,nort2672,NA,0.4376052102200225,0,0.5623947897799776,0,0,0,0.04012572075667348
Kazym Khanty,nort2672,NA,0.6411771054321178,0.09210310396437152,0.102781916243355,0,0.1530014542952012,0.0109364200649544,0.04577402286882239
Chipaya,chip1262,NA,1,0,0,0,0,0,0.02843674860776052
Chipaya,chip1262,NA,0.6293838458171199,0.03104598594294223,0,0.00693741806907181,0.33263275017086597,0,0.1555781767203877
Chipaya,chip1262,NA,0,0.07326013895984046,0.5049614526410415,0,0.42177840839911807,0,0.10363416908227605
Chipaya,chip1262,NA,0,1,0,0,0,0,0.00649110606443877
Chipaya,chip1262,NA,0.310506167555844,0.07435628270637434,0.28112103026134266,0.2061569667314535,0.12785955274498556,0,0.12950997067025488
Hewa,hewa1241,NA,0,0,0,0,0,1,0.0032951573205077
Hewa,hewa1241,NA,0,0.10883960131724466,0,0,0.5010364236208149,0.39012397506194046,0.02616226717265303
Hewa,hewa1241,NA,0.6253565158448999,0,0.17320305443682607,0.01445794194008377,0,0.18698248777819015,0.03061324738070837
Hewa,hewa1241,NA,0,0.09950229377557142,0,0,0,0.9004977062244285,0.02578552653767425
Hewa,hewa1241,NA,0,0.23293693965490936,0.5950333937803164,0,0.07707077747564373,0.0949588890891305,0.03132848698159058
Langi,lang1320,NA,0,0.44117194898879675,0,0,0.08397352175277405,0.4748545292584293,0.01238391115856564
Langi,lang1320,NA,0.2591694734851091,0,0.7408305265148908,0,0,0,0.03362111786364202
Langi,lang1320,NA,0,0.0670562040378902,0,0,0.9329437959621096,0,0.02126095037860722
Langi,lang1320,NA,0.42326045771098,0,0,0.46248203466346594,0,0.11425750762555394,0.03214889374734597
Langi,lang1320,NA,0,1,0,0,0,0,0.05022359302800877
Brunei-Sabah Malay,saba1263,NA,0.05482480839531521,0,0,0.25785746181786423,0.4223704464428182,0.2649472833440024,0.02738725437535974
Brunei-Sabah Malay,saba1263,NA,0.5258355526407111,0.14876179285969046,0,0.2967523890261761,0,0.02865026547342229,0.04805452309057551
Brunei-Sabah Malay,saba1263,NA,0,0.660567465363807,0.31047201652394,0.02896051811225295,0,0,0.01409169286547614
Brunei-Sabah Malay,saba1263,NA,0.28189467350728287,0.0506869055233816,0.6674184209693356,0,0,0,0.07342308842377332
Brunei-Sabah Malay,saba1263,NA,0.7852092425272871,0.0202278114400458,0.09958431085630182,0,0.09497863517636544,0,0.11187227791819576
Inxokvari,inxo1238,NA,0.10961953815052668,0,0,0,0.13044095629279917,0.7599395055566741,0.02892651070862414
Inxokvari,inxo1238,NA,0,0.04995048350111289,0,0,0.9500495164988872,0,0.01940119941649109
Inxokvari,inxo1238,NA,0,0,0.33705474076500874,0,0.6629452592349914,0,0.01207500085617016
Inxokvari,inxo1238,NA,0,0,0.5726744123624997,0,0.05745470430474789,0.3698708833327523,0.01036454166001244
Inxokvari,inxo1238,NA,0.1165681909827054,0,0,0.714356143630416,0.1640615014454063,0.00501416394147227,0.07076242015257275
Hanunoo,hanu1241,NA,0.5290278634353034,0,0,0,0.05937655678623135,0.4115955797784652,0.05359807711054661
Hanunoo,hanu1241,NA,0,0,0,0,0,1,-1.5011491004908e-4
Hanunoo,hanu1241,NA,0,0,0.5710915669204324,0,0,0.4289084330795675,0.02286885639260529
Hanunoo,hanu1241,NA,0.6735930574689545,0,0.14316702582430846,0,0,0.18323991670673703,0.05145752579774586
Hanunoo,hanu1241,NA,0,0.073203889835648,0.42872123306858734,0,0.24878675120972235,0.2492881258860423,0.04611748228097297
Koya,koya1251,NA,0,0.31593426940972286,0.15293617570587886,0,0,0.5311295548843983,0.03901233904079442
Koya,koya1251,NA,0,0,0.6970047435743049,0.20184408190348369,0,0.10115117452221146,0.07618692607889106
Koya,koya1251,NA,0,0,0,0,1,0,0.02916869861596486
Koya,koya1251,NA,0,0.5334731933971628,0.4665268066028372,0,0,0,0.01507695829786527
Koya,koya1251,NA,0.8209480923310345,0.01681032683870433,0,0,0,0.16224158083026122,0.08137040058729025
Creek,cree1270,NA,0.02471590229825718,0.2483469995545457,0.6066479674451145,0,0,0.12028913070208268,0.05937549273929321
Creek,cree1270,NA,0,0.7013805890343083,0,0,0,0.2986194109656916,0.03361727896965331
Creek,cree1270,NA,0.02911408546419649,0.3493788185277795,0.18709415924976808,0.4344129367582559,0,0,0.01969592379088197
Creek,cree1270,NA,0,0.10523736436162436,0.8947626356383757,0,0,0,0.06561382142180217
Creek,cree1270,NA,0.7625293503164223,0.2356929192378902,0.00177773044568751,0,0,0,0.03714438351417071
Maklew,makl1246,NA,0,0.16419110328363043,0,0.5716212326191042,0,0.2641876640972653,0.06782097287422562
Maklew,makl1246,NA,0,1,0,0,0,0,0.07584518632647852
Maklew,makl1246,NA,0,0.15628640058434395,0.10302120275496925,0.07556262357754363,0.5909362066448328,0.07419356643831024,0.047309521686748283
Maklew,makl1246,NA,0,0.3143723647155605,0.18316941199505407,0,0.5024582232893854,0,0.06797113096937421
Maklew,makl1246,NA,0.2729177068481507,0.1292439768096086,0,0,0.10647689141971951,0.4913614249225211,0.04624531311393042
Sanga (Democratic Republic of Congo),sang1331,NA,0,0.4797274877802208,0.5202725122197793,0,0,0,0.01839205308526495
Sanga (Democratic Republic of Congo),sang1331,NA,0.4459389863939364,0,0,0.5540610136060635,0,0,0.09202143488440982
Sanga (Democratic Republic of Congo),sang1331,NA,0.651044957926113,0,0.3489550420738869,0,0,0,0.05768454775247488
Sanga (Democratic Republic of Congo),sang1331,NA,0.5816582304602115,0.2316511557697939,0,0.18669061376999463,0,0,0.05815906313878466
Sanga (Democratic Republic of Congo),sang1331,NA,0.16965317434109478,0,0.5073175743516933,0,0.23012914112348015,0.09290011018373176,0.09237606070100454
Eastern Mari,east2328,NA,1,0,0,0,0,0,0.00499995097458697
Eastern Mari,east2328,NA,0.4140377073382552,0,0,0,0,0.5859622926617447,0.03125274635671036
Eastern Mari,east2328,NA,0.4743416395176734,0,0.5256583604823266,0,0,0,0.01137008564742411
Eastern Mari,east2328,NA,0.014469304765822,0.8866021190805876,0,0,0.09892857615359048,0,0.05501271422380996
Eastern Mari,east2328,NA,0.4133527539279049,0,0,0,0.33722866083424813,0.24941858523784688,0.02158677189956516
Northern Haida,nort2938,NA,1,0,0,0,0,0,0.06197287232377198
Northern Haida,nort2938,NA,0.18466021511726893,0,0,0.8153397848827311,0,0,0.03085323272740656
Northern Haida,nort2938,NA,0,0,0,0.6832965227139045,0,0.3167034772860955,0.03458346712468714
Northern Haida,nort2938,NA,0,0,0.42627250388367993,0.11270681408613352,0,0.46102068203018653,0.04082261838428597
Northern Haida,nort2938,NA,0.6393486985438646,0,0,0,0.2970440125027896,0.06360728895334589,0.02310761867843755
Bindal-Mount Elliot,bind1236,NA,0,0.187484817755843,1.2211900982009705e-7,0.5000255068767187,0,0.3124895532484285,0.14043915659190967
Bindal-Mount Elliot,bind1236,NA,0.05399119228001102,0,0.13426228673661425,0.6404603907832592,0,0.1712861302001156,0.2704520655253736
Bindal-Mount Elliot,bind1236,NA,0.06581887789138972,0,0.24969848979144207,0.5548855109810759,0.02023917234654019,0.10935794898955208,0.3924593107415868
Bindal-Mount Elliot,bind1236,NA,0.01847324058492026,0.18641782043262073,0.03768402799607502,0,0.591161064038105,0.16626384694827911,0.2316362885024717
Bindal-Mount Elliot,bind1236,NA,0,0,0,1,0,0,0.10467168169891045
Yaka (Central African Republic),yaka1272,NA,0,0.5772677994841335,0,0,0.4227322005158664,0,0.01058920766637069
Yaka (Central African Republic),yaka1272,NA,0.13858750596224412,0,0.4650570920586437,0.00370255290702024,0.392652849072092,0,0.10157992259760952
Yaka (Central African Republic),yaka1272,NA,0,0,0.06756818936929279,0.201050576222924,0.7313812344077831,0,0.04214518986320271
Yaka (Central African Republic),yaka1272,NA,0.35364099080464334,0,0.557987132730797,0,0,0.08837187646455966,0.04429491658717553
Yaka (Central African Republic),yaka1272,NA,0,0,0.9616046634750832,0,0,0.0383953365249168,0.07834142714879576
Konawe,kona1243,NA,0.4133318475693322,0,0.1882009932190137,0.34840244039212465,0,0.05006471881952946,0.05393452719151628
Konawe,kona1243,NA,0,1,0,0,0,0,-0.01556907430261574
Konawe,kona1243,NA,0,0,0.02997875278315014,0.07483092529569378,0.8619564661683894,0.03323385575276669,0.1254671287437967
Konawe,kona1243,NA,0,0,0.04943952727906389,0.2050503048099515,0,0.7455101679109847,0.12798598664511843
Konawe,kona1243,NA,0,0.08625626365448491,0,0,0.8913212453632321,0.02242249098228308,0.0392379268247143
Biak,biak1248,NA,0,0,0.3108587045340542,0.11561661439704098,0.5735246810689049,0,0.01300906217804052
Biak,biak1248,NA,0.14150630822781338,0,0,0,0.8584936917721867,0,0.03533619150580197
Biak,biak1248,NA,0,0.27668005084024394,0,0.7233199491597562,0,0,0.01405818341325674
Biak,biak1248,NA,0,0,0,0,1,0,0.01869169763077284
Biak,biak1248,NA,0.01449348699039032,0,0,0.2527961364720977,0,0.7327103765375119,0.07692784913822168
Buin,buin1247,NA,0.4000321773559089,0,0,0.11684038775806192,0.48312743488602927,0,0.02296915672000597
Buin,buin1247,NA,0,0,0,0,1,0,0.01897572739559701
Buin,buin1247,NA,0,0.04214837336714846,0.9578516266328516,0,0,0,0.06008081707377996
Buin,buin1247,NA,0,0,0,1,0,0,-0.00643633948368761
Buin,buin1247,NA,0.5930623910683204,0,0.23830338811933777,0,0,0.16863422081234183,0.0244721922134655
Winnebago-Chiwere,winn1245,NA,0.1841746965246902,0.3999626531948716,0,0.3054279032428567,0,0.11043474703758144,0.07537241811288042
Winnebago-Chiwere,winn1245,NA,0.1539901262789471,0.3042393184286276,0.21367035937485987,0.32804835325648424,0,5.184266108106386e-5,0.04103266984622993
Winnebago-Chiwere,winn1245,NA,0,0.33390151280394587,0.11436404669672764,0.5517344404993264,0,0,0.05050597421935871
Winnebago-Chiwere,winn1245,NA,0,0,0,0.5821280202244934,0.4085474587715557,0.00932452100395083,0.02391711834827618
Winnebago-Chiwere,winn1245,NA,0,0,0.14124635553507336,0.35977132257080496,0.4989823218941218,0,0.05606366811131838
Irish,iris1253,NA,0.13290981506171978,0.5729070817301403,0.29418310320813995,0,0,0,0.01029630307188169
Irish,iris1253,NA,0,0,0.7989114720692878,0,0.01615654263591572,0.1849319852947965,0.07150754006890725
Irish,iris1253,NA,0,0,0,0,0,1,0.00934010466821832
Irish,iris1253,NA,0.1286316768913526,0,0.4891181868804865,0,0.2606610426493769,0.12158909357878409,0.02794771122188946
Irish,iris1253,NA,0,0,0,0,0,1,0.02588406750083544
Netsilik,nets1241,NA,0,0,0.7098251323005925,0,0,0.2901748676994075,0.03296025479606446
Netsilik,nets1241,NA,0,0,0,0,0,1,0.01972962090890035
Netsilik,nets1241,NA,0,0.6805578282776938,0,0,0,0.31944217172230627,0.0222525430629634
Netsilik,nets1241,NA,0.46783616811792206,0,0,0,0.5321638318820779,0,0.02310229915891187
Netsilik,nets1241,NA,0,0.24587403993964352,8.6550822899665e-4,0.01536117144088838,0,0.7378992803904714,0.05779153353697257
Atsugewi,atsu1245,NA,0.03831752975842596,0.29520782972502124,0,0.5079175819877292,0,0.1585570585288237,0.03122143904842828
Atsugewi,atsu1245,NA,0.05986720981992409,0,0.5197454617678479,0,0.2695406997085731,0.150846628703655,0.05493213331365022
Atsugewi,atsu1245,NA,0,0.03639867234434113,0.10338329110157506,0.5628216377100954,0,0.29739639884398833,0.01223500466808023
Atsugewi,atsu1245,NA,0.15973165519621993,0.06492657717428715,0.3726648993598121,0.02325116254631492,0.02811499272479318,0.35131071299857264,0.15963672772155493
Atsugewi,atsu1245,NA,0,0,0.8333332985914967,0,0,0.16666670140850323,0.15178494229930614
Thayore,thay1249,NA,0.32821758928241773,0,0,0.2424898926348664,0.30563741337124456,0.12365510471147134,0.03488072925437717
Thayore,thay1249,NA,0.14524885614773364,0.01357623990237263,0,0.8411749039498937,0,0,0.01863800775231316
Thayore,thay1249,NA,0,0,0.12802711469081193,0,0,0.871972885309188,0.00436913572157613
Thayore,thay1249,NA,0,1,0,0,0,0,0.00214748986159346
Thayore,thay1249,NA,0,0,1,0,0,0,0.02993618676963514
Dieri,dier1241,NA,0.5492838968406974,0,0,0,0.1618939205087246,0.28882218265057796,0.05255465315482783
Dieri,dier1241,NA,0,0,0,1,0,0,0.00506392220702229
Dieri,dier1241,NA,0.3206904276425359,0.3412622164202852,0.09245832917887244,0.24558902675830635,0,0,0.02409541316387361
Dieri,dier1241,NA,0,0,1,0,0,0,0.04309801331269707
Dieri,dier1241,NA,0.5026000732287956,0.3262433327614066,0,0.11244807298173153,0.00418200496303581,0.05452651606503041,0.02040923917483563
Cayuga,cayu1261,NA,0,0,0,0,1,0,0.00452160540673998
Cayuga,cayu1261,NA,0,0.05922321930921225,0.01517096161521302,0.9256058190755748,0,0,0.05808657044726287
Cayuga,cayu1261,NA,0.17413079175336327,0.4740757952128899,0,0,0.3517934130337467,0,0.01588282379778243
Cayuga,cayu1261,NA,0.21243181300126815,0.4540297560433232,0.1164944745581951,0,0,0.2170439563972136,0.09351301675061748
Cayuga,cayu1261,NA,0,0,0.34491666361437057,0.11713871777377469,0.5379446186118548,0,0.02992407806924166
Tabasco Chontal,taba1266,NA,0.6197920879061423,0,0.04690935233678353,0,0,0.33329855975707423,0.0540231829322015
Tabasco Chontal,taba1266,NA,0,0.45759690004519704,0.04929744920380967,0,0.4931056507509934,0,0.0340038353674653
Tabasco Chontal,taba1266,NA,0,0.7312347573602176,0.1775092786283935,0,0,0.09125596401138888,0.15544698834149046
Tabasco Chontal,taba1266,NA,0,0.4893714092667972,0.01593664725423211,0,0,0.4946919434789707,0.04802986200033314
Tabasco Chontal,taba1266,NA,0.2763020325732423,0.16550218622497773,0,0,0.55819578120178,0,0.04849662431026122
Luangiua,onto1237,NA,0,0.2831117591181726,0.38727051861065614,0.30089687035136176,0.02872085191980951,0,0.04518577370207947
Luangiua,onto1237,NA,0.6211031002047406,0,0,0,0.04558502759275525,0.33331187220250397,0.03921444339764476
Luangiua,onto1237,NA,0,0,0,1,0,0,0.01043100050160187
Luangiua,onto1237,NA,1,0,0,0,0,0,0.03464873834424566
Luangiua,onto1237,NA,0,0,0,0.00640947751532143,0.40141060909570053,0.5921799133889781,0.02904737855765449
Aguaruna,agua1253,NA,0.06717231101302588,0,0,0.6842888702164119,0.19740246127304095,0.05113635749752123,0.01951519762572982
Aguaruna,agua1253,NA,0,0,0,0,1,0,-0.00181643116746378
Aguaruna,agua1253,NA,0.01031318075737665,0,0,0.9896868192426233,0,0,0.0557537717265653
Aguaruna,agua1253,NA,0,0.4124714699454075,0.5547490974080621,0,0,0.03277943264653022,0.02282534362934119
Aguaruna,agua1253,NA,0.8810607814628407,0,0,0.02117698999651375,0.09231878549033257,0.00544344305031291,0.05190071433513173
Kamang,kama1365,NA,1,0,0,0,0,0,0.01328533962610016
Kamang,kama1365,NA,0,0.6207230166199496,0.04448952191175272,0,0.24408692594166112,0.09070053552663658,0.0335841700408402
Kamang,kama1365,NA,1,0,0,0,0,0,0.02798128206587826
Kamang,kama1365,NA,0,0,0,1,0,0,8.5849406097481e-4
Kamang,kama1365,NA,0.22513388052117828,0,0,0.3607110288696835,0,0.41415509060913824,0.05591914872518395
Bunun,bunu1267,NA,0,0,0,0.4136710110818669,0.3635582129969509,0.22277077592118227,0.01620878365264905
Bunun,bunu1267,NA,0.8059111917330172,0,0,0,0,0.19408880826698277,0.0663596752633364
Bunun,bunu1267,NA,0,0,0.5954981718537201,0.4045018281462799,0,0,0.07155853755834472
Bunun,bunu1267,NA,0.3671639221271746,0.1406194061701824,0.49221667170264305,0,0,0,0.02645736633988507
Bunun,bunu1267,NA,0.4068696083682816,0.21313430221748816,0.37999608941423024,0,0,0,0.02965811710244663
Pwo,pwoo1239,NA,0.5786960860777022,0.42130391392229766,0,0,0,0,0.02360361826633578
Pwo,pwoo1239,NA,0.14820931719955416,0.3013435534405767,0.3018944242987402,0.03793912647346144,0.2106135785876676,0,0.03665731539098547
Pwo,pwoo1239,NA,0,0.32036030377141156,0,0.283820629564328,0.06219261050078378,0.3336264561634768,0.0345153174959129
Pwo,pwoo1239,NA,0,0.1821703045178347,0,0.8178296954821652,0,0,0.01999601551948201
Pwo,pwoo1239,NA,0.7885699454688846,0,0,0,0,0.21143005453111535,0.0180436543771677
Cha'palaa,chac1249,NA,0,0.04335333824626413,0.2736800116407434,0,0.6829666501129925,0,0.05487651364271399
Cha'palaa,chac1249,NA,0.13672008382493062,0,0,0,0.672970318330928,0.19030959784414145,0.08469572769594091
Cha'palaa,chac1249,NA,0,0.17107858792924308,0.04614063053059746,0.7827807815401595,0,0,0.01457957164841532
Cha'palaa,chac1249,NA,0,0,1,0,0,0,0.00761930873563334
Cha'palaa,chac1249,NA,0,0.35972901222634307,0,0.640270987773657,0,0,0.04939419724332765
Tongva,tong1329,NA,0.18568538839229504,0,0.7167867864449563,0,0,0.09752782516274854,0.06162730552206838
Tongva,tong1329,NA,0,0.38103478455754697,0,0.18097816454439764,0,0.43798705089805534,0.05955568310923444
Tongva,tong1329,NA,0.31666230726213535,0.6833376927378646,0,0,0,0,0.08074025759178936
Tongva,tong1329,NA,0,0,0,0.05304704586034748,0.9469529541396524,0,0.09513869346749627
Tongva,tong1329,NA,0,0.4102911932021856,0.15878291402669564,0.4309258927711188,0,0,0.02361862109391579
Central Sama,cent2092,NA,0,0,0,0.5414121800687911,0.4585878199312089,0,0.01151306711672063
Central Sama,cent2092,NA,0,0,0.8583464315632898,0,0.14165356843671012,0,0.01671427022411104
Central Sama,cent2092,NA,0,0,0.15239037920456186,0.20075112855441157,0,0.6468584922410267,0.00988803270731307
Central Sama,cent2092,NA,0.4816970992530907,0.5183029007469092,0,0,0,0,0.00938530922536504
Central Sama,cent2092,NA,0.4652269660986011,0,0,0,0.534773033901399,0,0.01081169936770063
Buhid,buhi1245,NA,0.36962044115775583,0.25222110011079685,0,0.31734842236649635,0.06081003636495083,0,0.01838108708733968
Buhid,buhi1245,NA,0.480189818527932,0,0,0.18782385149520076,0.2749652541510789,0.05702107582578837,0.02827685732028614
Buhid,buhi1245,NA,0,0,0,1,0,0,0.00745328052182922
Buhid,buhi1245,NA,0,0.2526094075830424,0.5771119132513081,0,0,0.1702786791656496,0.03980242500803029
Buhid,buhi1245,NA,0,0.31933977896581744,0.15658552438379095,0,0,0.5240746966503916,0.06415134901514516
Chickasaw,chic1270,NA,0,0.4427565323304248,0.05806019696940308,0.2676590439195108,0.22242587007280623,0.00909835670785501,0.05745841222695695
Chickasaw,chic1270,NA,0.3221509292823829,0,0,0,0.677849070717617,0,0.05656912974949138
Chickasaw,chic1270,NA,0.36274381601521466,0.5308677780840083,0,0,0,0.10638840590077706,0.04651455096035799
Chickasaw,chic1270,NA,0,0,1,0,0,0,0.01019570660558536
Chickasaw,chic1270,NA,0,0,0.2525126733586825,0.17833276990197353,0.5518910724931324,0.01726348424621151,0.04353050632906335
Lakota,lako1247,NA,0.5135343641469866,0.14343578598276674,0,0,0.34302984987024665,0,0.05415882460244231
Lakota,lako1247,NA,0,0.09286932771588828,0,0.22123453150892564,0.685896140775186,0,0.02550498487649148
Lakota,lako1247,NA,0,1,0,0,0,0,0.0222642712219106
Lakota,lako1247,NA,0.3203531158806955,0.4197808455917379,0,0,0,0.2598660385275666,0.02241544875654633
Lakota,lako1247,NA,0,0,0,0.6393081244675405,0,0.3606918755324595,0.05390201235866504
Tesuque,tesu1245,NA,0.923630079612738,0,0,0,0.076369920387262,0,0.04051849402197166
Tesuque,tesu1245,NA,0,0.05989915319041337,0,0,0.9401008468095866,0,0.03131376516611075
Tesuque,tesu1245,NA,0,0,0,0,0.9055655089159228,0.09443449108407705,0.03737141450665152
Tesuque,tesu1245,NA,0.06976537947579671,0.7727727439446411,0,0,0,0.15746187657956212,0.18076735840498404
Tesuque,tesu1245,NA,0.8972016575452701,0,0.10279834245472992,0,0,0,0.02891200242079157
Lavatbura-Lamusong,lava1239,NA,0,0,0.1765793602934979,0.736797978456226,0,0.08662266125027608,0.03476835150315263
Lavatbura-Lamusong,lava1239,NA,0,0.6543767298566873,0,0.00399269448725886,0,0.3416305756560539,0.09858801966728704
Lavatbura-Lamusong,lava1239,NA,0,0.6789453925544837,0.32105460744551617,0,0,0,0.00663372013549918
Lavatbura-Lamusong,lava1239,NA,0,0,0,0,0.4077256758272575,0.5922743241727425,0.03687432717538469
Lavatbura-Lamusong,lava1239,NA,1,0,0,0,0,0,0.04769433360909003
Termanu,term1237,NA,0,0,0,0.01775535555346015,0.9822446444465398,0,0.03779964723798846
Termanu,term1237,NA,0,0,0,0.20846442493861203,0.7915355750613879,0,0.01911569217161757
Termanu,term1237,NA,0.2022609894589264,0,0,0,0.7977390105410737,0,0.02024574164441819
Termanu,term1237,NA,0.10034524907155218,0,0.19334108809420392,0.4050887881907437,0.3012248746435003,0,0.03890987055315371
Termanu,term1237,NA,0.8580566306620376,0.14194336933796228,0,0,0,0,0.00517883953551357
Ampibabo,ampi1237,NA,0,0.4995932382560379,0,0.5004067617439621,0,0,0.00761340922572212
Ampibabo,ampi1237,NA,0.64734297264266,0,0,0.35265702735733984,0,0,0.05006364743287963
Ampibabo,ampi1237,NA,0,0,0.427873007898305,0.20123726784486953,0.3708897242568255,0,0.03150850846707349
Ampibabo,ampi1237,NA,0,1,0,0,0,0,0.00887492644133344
Ampibabo,ampi1237,NA,0,0.6455911906363229,0.35440880936367725,0,0,0,0.01821096381995329
Isnag,isna1241,NA,0.30219066228357433,0,0,0.42829106108586507,0,0.2695182766305605,0.01334025636404546
Isnag,isna1241,NA,0.33746851903646463,0,0.27666865118494227,0,0,0.38586282977859304,0.05907193894137179
Isnag,isna1241,NA,0,1,0,0,0,0,9.5216460747359e-4
Isnag,isna1241,NA,0.48895111572249306,0,0,0.2602180647103613,0,0.2508308195671457,0.05130330813139541
Isnag,isna1241,NA,0,1,0,0,0,0,0.00176568056483568
Amanab,aman1265,NA,0,0,0.6111953400017992,0.1981010211932604,0,0.19070363880494032,0.02041229503561133
Amanab,aman1265,NA,0,0.7674256938499476,0,0,0.23257430615005223,0,0.02110644447026377
Amanab,aman1265,NA,0,0,0,0,0.6749575576257693,0.32504244237423074,0.00898911742325542
Amanab,aman1265,NA,1,0,0,0,0,0,0.01874923273723136
Amanab,aman1265,NA,0,0,0.09333817397197292,0.3301010285030209,0.5765607975250062,0,0.01816755315622145
Old Russian,oldr1238,NA,0.04847358757254986,0.572862013659015,0.22914480192960815,0,0.05794863338885948,0.09157096344996742,0.04362577285003209
Old Russian,oldr1238,NA,0,0,0.5036426339725923,0.4963573660274077,0,0,0.03179635673388478
Old Russian,oldr1238,NA,0.20248513111350055,0.2630504400200428,0.11535652939476944,0.03815433080959044,0.19406495694891604,0.18688861171318083,0.08426150229543236
Old Russian,oldr1238,NA,0,0,0.11428384531409418,0.2822943029269026,0.4285518331668602,0.17487001859214302,0.04711136104540638
Old Russian,oldr1238,NA,0,0.942054449706005,0.05794555029399501,0,0,0,0.01179700456778417
Meadow Mari,gras1239,NA,0.5181867601427785,0,0,0,0.3607953046213565,0.12101793523586515,0.02088155903487888
Meadow Mari,gras1239,NA,0,0.34155707306953925,0,0,0.6584429269304607,0,0.02156539760002903
Meadow Mari,gras1239,NA,0,0.10552676844944366,0,0.3827086233660389,0.4726652895141258,0.03909931867039166,0.0524424781143909
Meadow Mari,gras1239,NA,0,0,0.7850078415093616,0.00265220312070042,0,0.2123399553699379,0.0314808002321576
Meadow Mari,gras1239,NA,0,0,0.12096891991719544,0,0.8790310800828045,0,0.01662355676996607
Northern Kankanay,nort2877,NA,0,0,0,0,0.8679721042162426,0.13202789578375734,0.0326212296512452
Northern Kankanay,nort2877,NA,0.06456057332768961,0.17004238006772485,0.045934390400078,0.5147460452887551,0,0.20471661091575244,0.17923153219885343
Northern Kankanay,nort2877,NA,0,0,0,0.11159986394939296,0,0.8884001360506071,0.05851809661194771
Northern Kankanay,nort2877,NA,0.7919375557252889,0,0,0,0.20806244427471107,0,0.15418050705952613
Northern Kankanay,nort2877,NA,0.1968830441584111,0.31696398579892815,0,0,0.4861529700426607,0,0.04554324354873771
Shoshoni,shos1248,NA,0.5380699111686448,0.0462019158861257,0,0.3331367734548776,0,0.08259139949035181,0.1913045030273351
Shoshoni,shos1248,NA,1,0,0,0,0,0,5.9105803729806e-4
Shoshoni,shos1248,NA,0,0.38600620477470016,0,0,0.6139937952252998,0,0.08685892651740111
Shoshoni,shos1248,NA,0,0,0,0,0,1,0.02719499741850856
Shoshoni,shos1248,NA,0,0.3152928686020552,0.20014386230133535,0,0.2247455229058084,0.25981774619080106,0.07462609462883726
Warlmanpa,warl1255,NA,0,0,0,0,0.8264167076184659,0.17358329238153417,0.05807561457458279
Warlmanpa,warl1255,NA,0.12003194390911018,0,0.28245447622012876,0,0,0.5975135798707609,0.00761568830174498
Warlmanpa,warl1255,NA,0,0.9019768219971588,0,0.09802317800284134,0,0,0.01796908513658645
Warlmanpa,warl1255,NA,0.3575001046775993,0.08312014384152494,0,0.2233193416344593,0,0.33606040984641644,0.03154339098700466
Warlmanpa,warl1255,NA,0.32668225224084735,0.07327914369217292,0,0.6000386040669798,0,0,0.02417731646348098
Kalaallisut,kala1399,NA,0,0,0.6495861318214129,0,0,0.35041386817858705,0.05007623284203598
Kalaallisut,kala1399,NA,0,0,0.3706314998365194,0,0,0.6293685001634806,0.02914126803952973
Kalaallisut,kala1399,NA,0,0.6179542722199267,0,0,0,0.3820457277800732,0.01495199520125729
Kalaallisut,kala1399,NA,0,0,0.739881254095604,0,0.26011874590439593,0,0.0267137668281957
Kalaallisut,kala1399,NA,0.00471972930704999,0.06230031408773307,0.08835520604248301,0,0.8446247505627339,0,0.10761321573558576
Dzongkha,dzon1239,NA,0.20555166830513505,0.00201224613648499,0.05654250563468326,0,0.1652881966193026,0.570605383304394,0.03410678865185269
Dzongkha,dzon1239,NA,0.30498817103458414,0.1168081491113842,0,0,0.5782036798540316,0,0.0396709206407981
Dzongkha,dzon1239,NA,0,0.40732872770038,0,0,0,0.5926712722996199,0.02311823287412817
Dzongkha,dzon1239,NA,1,0,0,0,0,0,0.02884071845250721
Dzongkha,dzon1239,NA,0.8839965618599164,0,0,0.11600343814008356,0,0,0.00443411587779112
Nanggu,nang1262,NA,0,0,0,0,1,0,0.01431367839692196
Nanggu,nang1262,NA,0,0,0.6374553403514854,0,0.22882062667222905,0.1337240329762854,0.06486973663253034
Nanggu,nang1262,NA,0.33333312658047926,0,0.23234812041684405,0.43431875300267664,0,0,0.01961723004351489
Nanggu,nang1262,NA,0.7826711200821508,0,0.03066043676048136,0,0.18666844315736783,0,0.11364274545560266
Nanggu,nang1262,NA,0,0,0.7024747736325637,0,0.2975252263674362,0,0.0432141704118105
Tonsea,tons1240,NA,0,0,0,1,0,0,-0.00396112333966545
Tonsea,tons1240,NA,0.11558966551196552,0,0.5190489782206429,0,0,0.3653613562673916,0.02390717445198063
Tonsea,tons1240,NA,0,0.01394930231351655,0.9860506976864832,0,0,0,0.05505811772651925
Tonsea,tons1240,NA,0.25343708932746417,0,0,0.5586261731443084,0.18793673752822743,0,0.0469583540575435
Tonsea,tons1240,NA,0,0,0,0,0,1,0.01807845515897044
Wipi,wipi1242,NA,0.16061071039471222,0,0.15388137965981727,0.1611061484433008,0.4389458594065636,0.08545590209560604,0.19358417511112097
Wipi,wipi1242,NA,0.03871425296465878,0,0.5267696408882181,0.2869234156323107,0,0.14759269051481227,0.05627990683670481
Wipi,wipi1242,NA,0,0,0,0.6359524613803031,0,0.36404753861969685,0.15687249292387898
Wipi,wipi1242,NA,0.34753265827050844,0.15098716890268363,0.15780166083866917,0.19703654791242903,0.14664196407570967,0,0.20914785583637072
Wipi,wipi1242,NA,0,0.07722340577221234,0.9227765942277876,0,0,0,0.05009841483995218
Yelmek,yelm1242,NA,0.1541197135472432,0.00960391084881591,0.00908579153093453,0.5198862013009512,0.30730438277205513,0,0.02749175854583282
Yelmek,yelm1242,NA,0,0.7962113382954243,0,0,0,0.20378866170457569,0.01899640671515198
Yelmek,yelm1242,NA,0.08377918885256637,0.3961964994849191,0,0.08470887764855847,0.43531543401395617,0,0.08023022423313517
Yelmek,yelm1242,NA,0,0.1725647441552687,0,0.8274352558447312,0,0,0.0687582218956325
Yelmek,yelm1242,NA,0,0,0.4840824095132799,0,0,0.5159175904867201,0.01870828137618077
Anambé,anam1249,NA,0.3830522617632403,0,0,0.19073656183234072,0.33300873103491,0.093202445369509,0.05628390316038115
Anambé,anam1249,NA,0,0,0.38605530673653815,0,0.3938761435728783,0.22006854969058356,0.19364936723608617
Anambé,anam1249,NA,0.9335565491691212,0.03621231046460909,0,0,0,0.03023114036626989,0.11861415358003408
Anambé,anam1249,NA,0.2626967257779185,0,0,0.7373032742220815,0,0,0.07629906242960045
Anambé,anam1249,NA,0.49204604553572295,0,0,0.11092174253424314,0.3970322119300339,0,0.09811466686536478
Breton,bret1244,NA,0.2463875798722065,0.7050578694485284,0,0,0.0485545506792651,0,0.04141641039414764
Breton,bret1244,NA,0.4805567692442675,0,0.4152519775422778,0.02399786399202265,0.08019338922143221,0,0.02847048468569617
Breton,bret1244,NA,0,0,0,0,0,1,0.00305353925560416
Breton,bret1244,NA,0,0,0,0.5092599796695594,0,0.4907400203304406,0.02922150765246307
Breton,bret1244,NA,0.7955281345644631,0.1875975064606074,0,0.01687435897492943,0,0,0.04650255311134584
Nuclear Woleaian,nucl1479,NA,0.9251899113608716,0.07481008863912822,0,0,0,0,0.04794063672330963
Nuclear Woleaian,nucl1479,NA,0,0.32581882533324424,0,0,0.04811369360568066,0.626067481061075,0.01993611661977379
Nuclear Woleaian,nucl1479,NA,0,0,0,0.03312306880972437,0,0.9668769311902756,0.03037674606761035
Nuclear Woleaian,nucl1479,NA,0.40564701820240817,0,0.08831883252151286,0.18883683265482296,0,0.31719731662125605,0.03969764456898811
Nuclear Woleaian,nucl1479,NA,0.6707622977436329,0.14914198904846068,0.1585956268661841,0.02150008634172231,0,0,0.02432205021805303
Pinji,pinj1243,NA,0.8213692752989097,0.10673994438027892,0,0.01051760572638082,0,0.06137317459443055,0.10621333532598552
Pinji,pinj1243,NA,0,0.3875368253118783,0.5568444354351317,0,0,0.05561873925298992,0.05814202402681622
Pinji,pinj1243,NA,0,0,0,0,0.7999999780503472,0.2000000219496529,0.01422741141921214
Pinji,pinj1243,NA,0.02400232456312882,0.06251813505545642,0.6045601183194111,0,0.08356248733747157,0.22535693472453208,0.1295769121373237
Pinji,pinj1243,NA,0.445167791212778,0,0.160534662660838,0.21440847971282104,0,0.17988906641356298,0.05904876843346014
Polish,poli1260,NA,0.9199101230960636,0,0,0,0.08008987690393662,0,0.03604905210369059
Polish,poli1260,NA,0,0,1,0,0,0,0.00992878097952322
Polish,poli1260,NA,0,0.32381546865445954,0,0,0.6746787822165958,0.00150574912894471,0.02124594542194394
Polish,poli1260,NA,0,0,0.5455361511437231,0,0.1927172276824779,0.261746621173799,0.03483066733428418
Polish,poli1260,NA,0,0,0,0.6045128969258375,0.05093771556389681,0.34454938751026565,0.01499509663268171
Dogrib,dogr1252,NA,0.45137519102000384,0.11008586269279252,0,0.02994941566695301,0.4085895306202508,0,0.02483744157402461
Dogrib,dogr1252,NA,0.13975464770279658,0,0.399750256026736,0.10914673819743811,0.3211004144118564,0.03024794366117286,0.02811267410279431
Dogrib,dogr1252,NA,0.3008170043472404,0,0.4293679003424815,0.26554182174541013,0,0.00427327356486798,0.03431850137054051
Dogrib,dogr1252,NA,0,0,0,0,1,0,0.0076386629859933
Dogrib,dogr1252,NA,0.685489172401493,0.31451082759850696,0,0,0,0,0.04951071938907921
Mokpwe,mokp1239,NA,0.28555340077176666,0.1459665883285197,0,0,0.5684800108997136,0,0.02891059508005979
Mokpwe,mokp1239,NA,0,0,0,0,0,1,-0.00462224213096445
Mokpwe,mokp1239,NA,0.6087101742642836,0,0,0.39128982573571625,0,0,0.01743984642576292
Mokpwe,mokp1239,NA,0,0.1429281596406229,0.5112340137572269,0,0.18317707455531268,0.16266075204683758,0.02302564549456293
Mokpwe,mokp1239,NA,0,0.3703192592454973,0.4833479848483936,0,0.14633275590610925,0,0.02125898506271543
Malua Bay,malu1245,NA,0,0.8404437728868676,0,0,0,0.15955622711313242,0.01710361734999828
Malua Bay,malu1245,NA,0.10938419238070962,0.09897551240837016,0.04797242319921714,0.49229722574505186,0.14898426864648948,0.1023863776201618,0.08522063253239359
Malua Bay,malu1245,NA,0,0,0,0,0,1,0.01389131872902401
Malua Bay,malu1245,NA,0,0,1,0,0,0,0.02932604751384467
Malua Bay,malu1245,NA,0,0.09994091358463864,0.9000590864153613,0,0,0,0.091846263354275
To'abaita,toab1237,NA,0,0,0.19013317089557744,0,0.8098668291044225,0,0.03466072454353559
To'abaita,toab1237,NA,0,0,0,0.9693485605929808,0,0.03065143940701918,0.03987244709517424
To'abaita,toab1237,NA,0.08433894858901356,0.29268435549048255,0,0.2879448827515945,0.33503181316890934,0,0.04235854935548996
To'abaita,toab1237,NA,0,1,0,0,0,0,-0.00492156238161504
To'abaita,toab1237,NA,0,1,0,0,0,0,0.00676908312261201
Qawasqar,qawa1238,NA,0,0,0.9450374503540552,0.0549625496459449,0,0,0.02641061536017068
Qawasqar,qawa1238,NA,0,0,0,1,0,0,0.019886387996337362
Qawasqar,qawa1238,NA,0.361374765732552,0.11843300860525824,0.4354223655470615,0,0,0.0847698601151282,0.14308641874693395
Qawasqar,qawa1238,NA,0.00114147849725947,0,0,0,0.7204416090218233,0.2784169124809172,0.02423957997527802
Qawasqar,qawa1238,NA,0,1,0,0,0,0,0.01051305865467019
Waiwai,waiw1244,NA,0,0.06813785398970938,0,0.05528982538540543,0,0.8765723206248852,0.02159224607925013
Waiwai,waiw1244,NA,0.35240630746822044,0.16692172678310158,0,0.07477194443169992,0.01331205760740523,0.3925879637095729,0.03322200289640714
Waiwai,waiw1244,NA,0,0,0.6116160485187044,0.13770534809806934,0.2506786033832263,0,0.07048101842633275
Waiwai,waiw1244,NA,0,0.21201305526084788,0.7271618039431162,0,0,0.06082514079603594,0.03990212824373649
Waiwai,waiw1244,NA,0,0,0,0.3688730228973353,0,0.6311269771026647,0.01135492065005889
Wik-Mungkan,wikm1247,NA,0,0,1,0,0,0,0.03888652309765526
Wik-Mungkan,wikm1247,NA,0.31086661893493867,0,0,0,0,0.6891333810650613,0.03584503119198721
Wik-Mungkan,wikm1247,NA,0,0.4510300723198968,0,0.22123406985181623,0,0.327735857828287,0.04098654698407325
Wik-Mungkan,wikm1247,NA,0.10430702373912663,0,0.8956929762608734,0,0,0,0.07504657583958978
Wik-Mungkan,wikm1247,NA,0,0,0,0.3491689189465882,0,0.6508310810534118,0.02691902135519684
Itonama,iton1250,NA,0,0,0.9446200024070184,0,0,0.05537999759298151,0.14856725480945282
Itonama,iton1250,NA,0,0.2702077011484404,0.21510913406719487,0.27986703886328507,0,0.23481612592107964,0.03382891922526815
Itonama,iton1250,NA,0.0384104290043824,0.5827299742909049,0.3026228436955047,0.07623675300920807,0,0,0.10896811608937362
Itonama,iton1250,NA,0,0,1,0,0,0,-0.02622083965121035
Itonama,iton1250,NA,0,0,0,0,0.9206049682712256,0.07939503172877432,0.01089184149469816
Sangu (Tanzania),sang1330,NA,0.08836772626927569,0,0.7942799393375188,0,0,0.11735233439320553,0.02687024630093369
Sangu (Tanzania),sang1330,NA,0,0.12489843502687528,0,0,0.8751015649731249,0,0.02094004051953288
Sangu (Tanzania),sang1330,NA,0.0192803805814386,0.01331162385535708,0.9337117869909556,0,0,0.03369620857224872,0.08289698013212927
Sangu (Tanzania),sang1330,NA,0.7658429714757099,0,0.23415702852429,0,0,0,0.05182879746496054
Sangu (Tanzania),sang1330,NA,0.0915760036128772,0,0,0,0.9084239963871228,0,0.04339337216660369
South Slavey,sout2959,NA,0,0,0,0.7616793766266893,0.2383206233733108,0,0.00393168069524995
South Slavey,sout2959,NA,0,0.73178415983616385,0,0,0.2682158401638361,0,0.01884108360396686
South Slavey,sout2959,NA,0,0.47746551130580234,0,0.5225344886941976,0,0,0.00738565172634862
South Slavey,sout2959,NA,0,0.07613212594402312,0.7671229169480833,0,0.10969018186130376,0.04705477524658975,0.05161591078490209
South Slavey,sout2959,NA,0.9417579439199152,0.05824205608008494,0,0,0,0,0.1005006237722961
Farafi,butm1237,NA,0,0.04304737963828856,0.13498839517747513,0,0.18044368343333764,0.6415205417508987,0.01757252542648867
Farafi,butm1237,NA,0,0,0,0,1,0,0.00904997714616181
Farafi,butm1237,NA,0.20469285466608947,0.21829562521541285,0,0,0.5770115201184978,0,0.05190384766929259
Farafi,butm1237,NA,0.40077123243751406,0.26229934362513824,0,0,0.33692942393734776,0,0.05333275505568029
Farafi,butm1237,NA,0.27856300992598587,0.4813086724780437,0,0.15001574236909182,0,0.09011257522687856,0.09931259773898776
Ekonda Mongo,ekon1238,NA,1,0,0,0,0,0,-0.03018080001143543
Ekonda Mongo,ekon1238,NA,0,0.3819181564661436,0,0.14946263116225747,0.45989140304271553,0.00872780932888341,0.0277323967041602
Ekonda Mongo,ekon1238,NA,0,0.7767138987828334,0,0,0,0.22328610121716672,0.03533035244137673
Ekonda Mongo,ekon1238,NA,0,0.05379422792481171,0.9462057720751882,0,0,0,0.10401396452936056
Ekonda Mongo,ekon1238,NA,0,0.18852444015378544,0.808295350640456,0,0.00318020920575859,0,0.03798411056354475
Kómnjo,komn1238,NA,0.34730634440920133,0,0.14036837127392143,0.3726202565790624,0.02782733899959533,0.11187768873821936,0.03358569907051795
Kómnjo,komn1238,NA,0,0.24608625013933655,0,0.00580873701529625,0,0.7481050128453672,0.02534629420097514
Kómnjo,komn1238,NA,0.16733565735910058,0,0.05441073185355969,0.0652735504709939,0.7129800603163458,0,0.02474818748174499
Kómnjo,komn1238,NA,0,0,0.29961088615585907,0,0.203749017410843,0.496640096433298,0.04469635742706086
Kómnjo,komn1238,NA,0.8280937207761638,0,0,0,0.14555198553230314,0.02635429369153301,0.02187006960440857
Zigula,zigu1242,NA,0,0,1,0,0,0,0.00525939883272524
Zigula,zigu1242,NA,0.5750770094398445,0.00507066887873871,0.14598287261120363,0,0.23424277815995945,0.03962667091025365,0.09000541929933933
Zigula,zigu1242,NA,0,0,0,0,1,0,0.01513301458174434
Zigula,zigu1242,NA,0,1,0,0,0,0,0.02701712228651527
Zigula,zigu1242,NA,1,0,0,0,0,0,0.00244516366580141
Mouk,mouk1240,NA,0,0,0,0,0.8287436344129737,0.17125636558702628,0.04717094833835857
Mouk,mouk1240,NA,0.47167308508599326,0.1719220740995488,0.1883288716036965,0,0,0.16807596921076137,0.022429627383894
Mouk,mouk1240,NA,0.04057572467816404,0.10416155091866712,0,0.8552627244031689,0,0,0.03034805365768998
Mouk,mouk1240,NA,0,0,0,0.8529144054454566,0.1470855945545434,0,0.0154424277315636
Mouk,mouk1240,NA,0,0.178595855201953,0.3547805970997563,0,0,0.46662354769829073,0.0220554930970897
Western Canadian Inuktitut,west2618,NA,0.25991726979561053,0.13771122038399355,0,0.20019544604091155,0,0.40217606377948434,0.08869436360325575
Western Canadian Inuktitut,west2618,NA,0.5937813992292297,0.00423266615570766,0.40198593461506266,0,0,0,0.0903210099366471
Western Canadian Inuktitut,west2618,NA,0,0,0.5163305977983376,0.10366231046455215,0,0.3800070917371103,0.07813660942614493
Western Canadian Inuktitut,west2618,NA,0,0,0,1,0,0,0.07564178944165624
Western Canadian Inuktitut,west2618,NA,0.5659699712801283,0.0493544407024168,0.3712051459958926,0,0.01347044202156222,0,0.0758244205660292
Mali,mali1284,NA,0,0,0.18404359113738547,0,0.6178241655376286,0.19813224332498597,0.02282214776729985
Mali,mali1284,NA,0.82072853813581,0.17927146186418988,0,0,0,0,0.07758412029263419
Mali,mali1284,NA,0,0,0,1,0,0,0.07523017620372172
Mali,mali1284,NA,0.03406456056916625,0,0,0.8252577915159043,0,0.14067764791492957,0.05307010547425759
Mali,mali1284,NA,0.07028483876598875,0,0.4392253749926482,0.4904897862413629,0,0,0.06885720748181545
Amharic,amha1245,NA,0,0,0,0,1,0,0.00216263878420117
Amharic,amha1245,NA,0,0,0,0.25968169650438827,0.7403183034956118,0,0.03667710077184302
Amharic,amha1245,NA,0,0.2506419443738373,0,0,0.7493580556261628,0,0.01662232055893515
Amharic,amha1245,NA,0,0.8410155605939966,0,0.03256595970167414,0.12641847970432923,0,0.04244001533129844
Amharic,amha1245,NA,0.07275525405956239,0.9272447459404376,0,0,0,0,0.02917384804275704
Hid,hidd1238,NA,0,0,0.7380472889804874,0,0.19673061178354712,0.0652220992359654,0.02388623087166795
Hid,hidd1238,NA,0,0,0.6534564002174164,0,0.17091537075872676,0.17562822902385686,0.0808447414294042
Hid,hidd1238,NA,0,0.47142868728783965,0,0,0.5285713127121604,0,0.02400997859911008
Hid,hidd1238,NA,0.4046586306909255,0.35874026778391377,0.1526941620940512,0,0.08390693943110952,0,0.05694730145411285
Hid,hidd1238,NA,0,0,0,0.12521715479708465,0.10090824184822386,0.7738746033546914,0.02173803565703062
Yulparija,yulp1239,NA,0.01281956586110363,0,0,0.8557641991088387,0,0.13141623503005764,0.02633159411383357
Yulparija,yulp1239,NA,0.05539375975410399,0.1450060703326683,0,0.25188094110137244,0.5477192288118553,0,0.02077625893113082
Yulparija,yulp1239,NA,0.26026620434431175,0.31400611372389103,0,0.2677684209767402,0,0.15795926095505702,0.00898652287111894
Yulparija,yulp1239,NA,0,0,0,0,1,0,0.01716620664672686
Yulparija,yulp1239,NA,0.3579422982467731,0.35145848985117467,0,0,0.29059921190205223,0,0.05415776910791943
Nyangumarta,nyan1301,NA,0.417634738668362,0,0.5823652613316381,0,0,0,0.02951907460264819
Nyangumarta,nyan1301,NA,0.03602884738205823,0,0.2980778180581788,0,0.6658933345597629,0,0.05100372641451038
Nyangumarta,nyan1301,NA,0,0,0.7089212706927723,0,0.29107872930722767,0,0.01550409219972669
Nyangumarta,nyan1301,NA,0.9120590087424262,0.08794099125757371,0,0,0,0,0.04249257339103962
Nyangumarta,nyan1301,NA,0.5726941669443034,0,0.42730583305569664,0,0,0,0.0260337921963692
Tok Pisin,tokp1240,NA,0,0,0,0,0,1,0.01690284452312676
Tok Pisin,tokp1240,NA,0.5376764720717977,0,0,0.06854276164896078,0.3937807662792415,0,0.02308790160006762
Tok Pisin,tokp1240,NA,0,0.4780393777448945,0,0.5219606222551055,0,0,0.02706069942426637
Tok Pisin,tokp1240,NA,0.09396539946853466,0.2122091662447395,0.3351849198285797,0,0.12968218945718493,0.2289583250009611,0.04007331156615232
Tok Pisin,tokp1240,NA,0,0.556292934346481,0,0.2981141772688546,0.14559288838466453,0,0.04278349043418604
Assamese,assa1263,NA,1,0,0,0,0,0,0.02806913319674671
Assamese,assa1263,NA,0.11136549851572726,0,0,0,0,0.8886345014842727,0.02556007098343519
Assamese,assa1263,NA,0.7056012849321391,0.2943987150678608,0,0,0,0,0.00788599736400153
Assamese,assa1263,NA,0.03030930761459467,0,0,0,0,0.9696906923854054,0.0449572742829846
Assamese,assa1263,NA,0.12410015785129684,0,0.6458492930104481,0,0.23005054913825512,0,0.04410705597538021
Lubuagan Kalinga,lubu1243,NA,0,0,0,0.4509158291427719,0,0.5490841708572282,0.072825081160781735
Lubuagan Kalinga,lubu1243,NA,0.38109593155904,0,0.2336635438955851,0.3346426349408308,0,0.05059788960454403,0.09378685999844238
Lubuagan Kalinga,lubu1243,NA,0,0,0.2579614051240331,0.46800289142839074,0.00833720769422923,0.2656984957533469,0.02475643171224967
Lubuagan Kalinga,lubu1243,NA,0.18055905787337995,0.45137413244416735,0.2370638338649565,0.08494016096165044,0.04606281485584591,0,0.07877196950394992
Lubuagan Kalinga,lubu1243,NA,0.17436485064943927,0.02024813831636509,0,0.31376903090297464,0,0.4916179801312208,0.07874536673261531
Swedish,swed1254,NA,0,0,0,0,1,0,-0.00171885203211312
Swedish,swed1254,NA,0,0.12981197064551142,0,0.8701880293544886,0,0,0.02097095883182136
Swedish,swed1254,NA,0.00685240565433438,0,0.9931475943456656,0,0,0,0.08429972849061501
Swedish,swed1254,NA,0,0.562957713704553,0.14616983168562808,0.00249612392952857,0.2883763306802903,0,0.02286363823948931
Swedish,swed1254,NA,0.808324735863423,0,0,0,0.19167526413657696,0,0.04978919769625863
Tomadino,toma1248,NA,0,1,0,0,0,0,0.01011745857771079
Tomadino,toma1248,NA,0,0.2529251866906616,0,0.17269840238465842,0.50208555701366,0.07229085391101997,0.09367534208447048
Tomadino,toma1248,NA,0.30635910989858,0.16587790713450457,0.4276591256836,0,0.10010385728331549,0,0.08517192941924545
Tomadino,toma1248,NA,0.2722614093693958,0.06869585878223018,0,0,0.3823279159282248,0.2767148159201493,0.02771129940161213
Tomadino,toma1248,NA,0,0.2606671413959538,0.01187597255205145,0,0,0.7274568860519949,0.0349422854379389
Kuanua,kuan1248,NA,0,0,0,0,1,0,0.01287383506476893
Kuanua,kuan1248,NA,0.7133531819081527,0.14791993049879298,0,0.13872688759305435,0,0,0.02136143685088896
Kuanua,kuan1248,NA,0,0,0,0.37210010557523937,0.2763188396121791,0.3515810548125815,0.01683723934323989
Kuanua,kuan1248,NA,0.706836703827936,0.02774524197141026,0,0.03960182634369338,0.2053538054652391,0.02046242239172121,0.0952586025753264
Kuanua,kuan1248,NA,0.6906135166260015,0,0.1018559671726251,0.20753051620137344,0,0,0.01865909339894093
Trumai,trum1247,NA,0.19290880253305195,0.30336196966421974,0.46736601093825353,0,0.03636321686447475,0,0.0917166386628934
Trumai,trum1247,NA,0.226128900089947,0.07428034661455903,0.22898731546863096,0.16723752368098097,0.24107696358369815,0.06228895056218396,0.07776783077325546
Trumai,trum1247,NA,1,0,0,0,0,0,-0.01059809909379485
Trumai,trum1247,NA,0,0.4910854292833233,0,0,0.3241953859565848,0.18471918476009191,0.03843268718792914
Trumai,trum1247,NA,0.098215532581427345,0.23565595642259193,0,0.6661285109959807,0,0,0.03333671328168701
Ancux,ancu1238,NA,0.23057959680118376,0,0.3184381111990508,0,0,0.45098229199976536,0.04061197483944414
Ancux,ancu1238,NA,0,0,0,0,0,1,-0.0066749833422332
Ancux,ancu1238,NA,0,0,0,0,0,1,-0.00128511495254009
Ancux,ancu1238,NA,0,0,0,1,0,4.648809833813231e-17,-0.00140724517650639
Ancux,ancu1238,NA,0.6773347123410908,0.14715409354246156,0,0.17551119411644772,0,0,0.02976186057940848
Tagalog,taga1270,NA,0.3205426221742315,0.416732047300395,0,0,0.26272533052537356,0,0.02538688577311363
Tagalog,taga1270,NA,1,0,0,0,0,0,0.00142283121164316
Tagalog,taga1270,NA,1,0,0,0,0,0,0.00196802030850225
Tagalog,taga1270,NA,0,0.04670535433958285,0.1182976125084528,0,0,0.8349970331519644,0.08293022541338028
Tagalog,taga1270,NA,0,0.38070088630827975,0,0,0.6192991136917202,0,0.01825201067013385
Nyakyusa-Ngonde,nyak1260,NA,1,0,0,0,0,0,0.02777716309389862
Nyakyusa-Ngonde,nyak1260,NA,1,0,0,0,0,0,-0.00238527057573039
Nyakyusa-Ngonde,nyak1260,NA,0,0.09669846116487564,0,0,0,0.9033015388351244,0.0635916465858095
Nyakyusa-Ngonde,nyak1260,NA,0,0,0.8278474412348611,0.09913819074729976,0.07301436801783906,0,0.02890634646342069
Nyakyusa-Ngonde,nyak1260,NA,0,0,0.753723735455693,0,0.246276264544307,0,0.06304264447006795
Masaaba,masa1299,NA,0,0,0,1,0,0,0.00603004058543429
Masaaba,masa1299,NA,0,0,0.7127216534807672,0.2872783465192328,0,0,0.01497360180068055
Masaaba,masa1299,NA,0.6068192308555536,0,0,0.3743953830248271,0,0.01878538611961937,0.01530192365401055
Masaaba,masa1299,NA,0,0.19140461638552592,0.4949663247191456,0.2652169655628903,0.04841209333243809,0,0.02628287798348952
Masaaba,masa1299,NA,0,0,0,0,0,1,0.00267666251107986
Kankanaey,kank1243,NA,0,0.16506442685248654,0.03142209498371105,0.8035134781638025,0,0,0.06179004430980527
Kankanaey,kank1243,NA,0.07308519419790967,0,0.8887828715121365,0,0,0.03813193428995375,0.04805240002765016
Kankanaey,kank1243,NA,0.05273166430821442,0.12345534739240809,0.668153828311222,0,0.11827860605943798,0.03738055392871742,0.05789234273259591
Kankanaey,kank1243,NA,0,0.00485132636812785,0.7978961169439442,0.09059799380972693,0.06119224969121392,0.04546231318698704,0.10089010543259463
Kankanaey,kank1243,NA,0,0,0.32016074033461367,0.19389963327741455,0,0.4859396263879718,0.0621672847586814
Badimaya,badi1246,NA,0,0.5857035479118723,0,0,0.41429645208812776,0,0.03305601720798643
Badimaya,badi1246,NA,0.13423625432383063,0,0.1283514358235969,0.4031694177621597,0.3342428920904127,0,0.02592254849547869
Badimaya,badi1246,NA,0.48965551026977583,0,0.2950269763256828,0.2153175134045412,0,0,0.05856762535534267
Badimaya,badi1246,NA,0,0,0,0,0,1,0.00618941867808967
Badimaya,badi1246,NA,0,0,0.20895849068924616,0.09545124145760434,0.38708951271287273,0.3085007551402768,0.03356638957118041
Sumbwa,sumb1240,NA,0,0,1,0,0,0,-0.01882750047954594
Sumbwa,sumb1240,NA,0.18538415480428383,0,0.10078465762424968,0.3453540822268503,0.36847710534461614,0,0.091352816628998
Sumbwa,sumb1240,NA,0.335689207687194,0.664310792312806,0,0,0,0,0.00947617285477038
Sumbwa,sumb1240,NA,0,0.403007599868387,0,0,0,0.596992400131613,0.16988531022552608
Sumbwa,sumb1240,NA,0.06491507912812261,0.3622215004075609,0,0.3449315964062922,0.05157718602998051,0.1763546380280437,0.17099872249571413
Kikuyu,kiku1240,NA,0,1,0,0,0,0,0.00349822739217748
Kikuyu,kiku1240,NA,0,0,1,0,0,0,0.01046948011088713
Kikuyu,kiku1240,NA,0,0.29665583016724567,0.5318782204478366,0.08680492241751422,0.0846610269674034,0,0.0476513549065585
Kikuyu,kiku1240,NA,0,0,0,1,0,0,0.00686230543329461
Kikuyu,kiku1240,NA,0.3669897544322545,0.03634459209614196,0.5966656534716035,0,0,0,0.06652252166708718
Tuyuca,tuyu1244,NA,0,0.08973077518408924,0,0,0.9102692248159108,0,0.00856881704766354
Tuyuca,tuyu1244,NA,0.15642413747582343,0,0.02234727275099914,0,0.8212285897731775,0,0.0341987178069549
Tuyuca,tuyu1244,NA,0.28449453629060756,0,0.4552130945899652,0.2086467922000784,0.05164557691934873,0,0.01425781238284373
Tuyuca,tuyu1244,NA,0,0,0.1577626342831887,0,0.8422373657168112,0,0.01688594743700875
Tuyuca,tuyu1244,NA,0,0,1,0,0,0,0.03801353408798379
Taumako,taum1237,NA,0,0,0,1,0,0,-0.00291175205914099
Taumako,taum1237,NA,0.27823120953946284,0.33329042577400375,0,0.07529477283973131,0.20015742081438712,0.11302617103241498,0.06056653503630271
Taumako,taum1237,NA,0,0,0.4520197114636066,0.5479802885363935,0,0,0.02005259410236692
Taumako,taum1237,NA,0.13233673615364971,0.5561169330209638,0,0,0,0.31154633082538646,0.0237239227629772
Taumako,taum1237,NA,0.33007461370805496,0.12161173828307131,0.1361629732980211,0.21653658125685457,0.1956140934539981,0,0.03712636325800431
Panamint,pana1305,NA,0,0,0.5650644959513976,0.4349355040486024,0,0,0.04769114310865011
Panamint,pana1305,NA,0.2278924604662056,0,0,0.07093683059767551,0.6396269533656794,0.06154375557043944,0.05538134259382903
Panamint,pana1305,NA,0,0,0.40279088922923045,0.37320603029855737,0,0.22400308047221212,0.03362785838988588
Panamint,pana1305,NA,0,0.00992662905083515,0.9900733709491648,0,0,0,0.05299394226168304
Panamint,pana1305,NA,0,1,0,0,0,0,0.0089516928433908
Foi,foii1241,NA,0.548777499579143,0,0,0,0,0.4512225004208569,0.02966919453578773
Foi,foii1241,NA,0,0.01664719910177119,0,0,0.2904786389582086,0.6928741619400204,0.01939321881398522
Foi,foii1241,NA,0,0.10354900456119208,0,0.2551168783015087,0.5413000749731385,0.10003404216416074,0.05373710915195322
Foi,foii1241,NA,0.1908815759250639,0.4520608664582789,0,0,0.2021018276067169,0.15495573000994023,0.03312219279181147
Foi,foii1241,NA,0.5968316327583837,0.3825245579432868,0,0,0,0.02064380929832949,0.03932060604863183
Seke (Vanuatu),seke1241,NA,0,0.37571910114917806,0,0,0.6242808988508219,0,0.0031030850735779
Seke (Vanuatu),seke1241,NA,0,0,0,0,0.295696817954921,0.704303182045079,0.02620773208949597
Seke (Vanuatu),seke1241,NA,0.513610075268242,0.2353422569460103,0.25104766778574766,0,0,0,0.00525526317021138
Seke (Vanuatu),seke1241,NA,0,0.30687615300998966,0.12532708153410357,0,0.3591261075612167,0.2086706578946902,0.03441152759865806
Seke (Vanuatu),seke1241,NA,0,1,0,0,0,0,0.02427532562494539
Burmese,nucl1310,NA,0.2710621579012091,0,0.3733903723853967,0,0,0.3555474697133941,0.05380260561567601
Burmese,nucl1310,NA,0.43763506772110494,0.1654866083087516,0,0.3968783239701434,0,0,0.005274789089113
Burmese,nucl1310,NA,0,0.00286635760689234,0.5202094592671815,0.4473254428119583,0,0.0295987403139677,0.0812678279523285
Burmese,nucl1310,NA,0,0,0.350084420843709,0.5515903776360115,0,0.09832520152027947,0.0636459309724762
Burmese,nucl1310,NA,0.6710736351712565,0,0.3289263648287435,0,0,0,0.04045908961204062
Lamba,lamb1271,NA,0,0.3221399968898294,0,0.6778600031101706,0,0,0.011924181225949
Lamba,lamb1271,NA,0.32511853544347985,0.22260463305028855,0.05415580754877391,0,0.21383010439042371,0.18429091956703408,0.05917179255558979
Lamba,lamb1271,NA,0,0,0.781405453070339,0.16226865574771232,0.0563258911819486,0,0.05412522253766207
Lamba,lamb1271,NA,0,0.5959616754152699,0.01286983178471643,0,0,0.39116849280001376,0.03017724309325272
Lamba,lamb1271,NA,0.4288729303193072,0.10578707522307162,0.4653399944576212,0,0,0,0.02878394991899378
Ndumu,ndum1239,NA,5.587664189363853e-9,0.20746635125120563,0,0.20746535012814615,0.4251658815425967,0.15990241149038734,0.3185557698890648
Ndumu,ndum1239,NA,0.1934761631783488,0.2423894118786396,0,0.03207497040162523,0,0.5320594545413865,0.5787150076278869
Ndumu,ndum1239,NA,0.0909090854270881,0,0.6060606091017154,0,0,0.30303030547119636,-0.03466355478943026
Ndumu,ndum1239,NA,0.11708849607297996,0.25063355432745793,0.4683540405460036,0,0,0.16392390905355853,0.3537821496626297
Ndumu,ndum1239,NA,6.8462325321132245e-9,0.31624924193179255,0,0.02677241119092163,0.4240560295237372,0.2329223105073162,0.22824389771998907
Minigir,mini1251,NA,0,0,0,0,1,0,0.01195699494944605
Minigir,mini1251,NA,0.4084856834334995,0.18437603063471456,0,0.15228372911031718,0.2548545568214687,0,0.0281395684134282
Minigir,mini1251,NA,0.9125090785299655,0,0,0,0.08749092147003444,0,0.03132999918677223
Minigir,mini1251,NA,0.2253713472021056,0.229254350676544,0,0,0.5453743021213504,0,0.01631682008159482
Minigir,mini1251,NA,0.05057213905320737,0.28718199771670927,0.620547380541728,0.04169848268835535,0,0,0.02942280393419782
Jicarilla Apache,jica1244,NA,0.770944478385378,0,0,0.1323092736078199,0,0.09674624800680195,0.04840580844393012
Jicarilla Apache,jica1244,NA,0.26149300434952055,0.5639769723154425,0.0062886138507065,0,0.1682414094843305,0,0.02412200112596014
Jicarilla Apache,jica1244,NA,0,0,0,0,0,1,0.01651862692645376
Jicarilla Apache,jica1244,NA,0.2500136023758184,0,0.16885230232575746,0.5324216069246611,0,0.04871248837376316,0.0347688394840757
Jicarilla Apache,jica1244,NA,0.39143677843378566,0.12165831375786355,0.20046865038827183,0.23157188894693076,0,0.0548643684731482,0.02379298452054176
Kagulu,kagu1239,NA,1,0,0,0,0,0,0.00603360056622959
Kagulu,kagu1239,NA,0,0,0.3376065338151085,0.2556209906298466,0.4067724755550448,0,0.031689986536821
Kagulu,kagu1239,NA,0,0,0,0,0.4380695981437384,0.5619304018562616,0.00536191188539418
Kagulu,kagu1239,NA,0,0,0.4083653767178634,0.5916346232821366,0,0,0.01777508715247399
Kagulu,kagu1239,NA,1,0,0,0,0,0,0.02199460026456357
Judeo-Tat,jude1256,NA,0.03801237620173713,0.14878108862661832,0,0.6772404413262174,0.13596609384542704,0,0.06903874246179069
Judeo-Tat,jude1256,NA,0.5410655863988793,0,0,0,0,0.4589344136011207,0.02288671057557739
Judeo-Tat,jude1256,NA,0.1207069082459154,0.21856692206813355,0.5373869585239327,0,0,0.12333921116201828,0.03931766591606091
Judeo-Tat,jude1256,NA,0,1,0,0,0,0,0.01072184675653669
Judeo-Tat,jude1256,NA,0,0,0,0,0,1,0.00359285469740188
Tolowa-Chetco,tolo1259,NA,0,0,0,1,0,0,5.2073109876474e-4
Tolowa-Chetco,tolo1259,NA,1,0,0,0,0,0,0.01086701756051085
Tolowa-Chetco,tolo1259,NA,0.20788602635388803,0.00147167830119271,0,0.04126895010281843,0.2519410716848308,0.49743227355727,0.09173824881594526
Tolowa-Chetco,tolo1259,NA,0,0,0,1,0,0,8.7713841801754e-4
Tolowa-Chetco,tolo1259,NA,0,0.5920818278360438,0.1107827866759814,0.1582735214194812,0,0.13886186406849357,0.05636981987716809
Ngulu,ngul1246,NA,0,1,0,0,0,0,0.0173524250421787
Ngulu,ngul1246,NA,0.15596713322493264,0.57333895068779,0.11157214736716052,0,0,0.1591217687201167,0.04105413726281775
Ngulu,ngul1246,NA,0.16029255689131233,0.00527086932470392,0.00963007650980336,0.534726397583089,0,0.2900800996910913,0.03261178506945227
Ngulu,ngul1246,NA,0.6808212844366887,0.22057468104961325,0,0,0.09860403451369812,0,0.02296926498797085
Ngulu,ngul1246,NA,0,0.00763903268949658,0.6936819661895557,0,0.1536063995135191,0.1450726016074286,0.07271066331179338
Tundra Nenets,nene1249,NA,0,0,0.4525097630697047,0.5474902369302952,0,0,0.04197994710923198
Tundra Nenets,nene1249,NA,0.0932079320186784,0,0,0.33531867123428694,0,0.5714733967470347,0.03375501735418283
Tundra Nenets,nene1249,NA,0,0.02199462586989417,0,0.978005374130106,0,0,0.01659427635644558
Tundra Nenets,nene1249,NA,0,0.13899515215727207,0,0.610266821233108,0.25073802660961997,0,0.03532430776575541
Tundra Nenets,nene1249,NA,0.32257121838943614,0,0,0.6774287816105639,0,0,0.00963637848579782
Lonwolwol,lonw1238,NA,0.3662136297081441,0,0.3720302041389637,0,0.2617561661528921,0,0.04890637960359028
Lonwolwol,lonw1238,NA,0,0.15035732569344484,0.5281718918384056,0,0.3214707824681495,0,0.03797178337509323
Lonwolwol,lonw1238,NA,0,0.4427810809402643,0,0.5572189190597356,0,0,0.03458320966540951
Lonwolwol,lonw1238,NA,0.11815637389007816,0.6945743668609639,0,0,0.18726925924895796,0,0.079104006545667
Lonwolwol,lonw1238,NA,0.3478384760990156,0,0,0,0,0.6521615239009844,0.02501815336140326
Shanghainese,shan1293,NA,0,0.05478397439327473,0,0.9452160256067254,0,0,0.05648872886467116
Shanghainese,shan1293,NA,0.02601241771485732,0,0.8756334769865777,0.09322139792189596,0,0.00513270737666892,0.03310301642831973
Shanghainese,shan1293,NA,0,0,0.5530755210930808,0,0.04203094549202456,0.40489353341489465,0.04606529499772306
Shanghainese,shan1293,NA,0,0,0,0.11391470998472791,0.8860852900152721,0,0.11380881938243984
Shanghainese,shan1293,NA,0.21182769447006275,0,0.1858677597378034,0.4410110029947288,0,0.16129354279740485,0.03883979371153764
Middle High German,midd1343,NA,0,1,0,0,0,0,-3.1797876805137e-4
Middle High German,midd1343,NA,0.19626155955404492,0.09118395739159683,0,0.3454763948187374,0.22521803509068736,0.1418600531449333,0.06827987732294484
Middle High German,midd1343,NA,0.5873693135655764,0,0.02892416879051098,0.1023434618562022,0.2813630557877103,0,0.03264041755095764
Middle High German,midd1343,NA,0,0,0,0.6761629079517034,0.3238370920482967,0,0.02041127346428453
Middle High German,midd1343,NA,0,0.7467825936584493,0,0,0,0.25321740634155065,0.01869716905979007
MokshaMordvin,moks1248,NA,0.21863150729440908,0,0,0,0.6091811235360923,0.1721873691694985,0.03728081108272033
MokshaMordvin,moks1248,NA,0,0.00549319386750198,0.9789674301529552,0,0,0.01553937597954292,0.22032155492262187
MokshaMordvin,moks1248,NA,0.27265781361040614,0.4612915493565984,0.03997857636282359,0.22264675801464628,0,0.00342530265552555,0.04176014209166973
MokshaMordvin,moks1248,NA,0.22455152440762857,0.08256425367638898,0,0.12653688534088556,0.3191776379845646,0.24716969859053223,0.0643299166552881
MokshaMordvin,moks1248,NA,0,0,0.6594068028815537,0,0.3405931971184463,0,0.08721967888047949
Slovak,slov1269,NA,0,0.4543400501862949,0,0,0.545659949813705,0,0.0313840270314387
Slovak,slov1269,NA,0.197927236224048,0.4006840531499033,0,0,0.01051470732050914,0.3908740033055396,0.01768463255096582
Slovak,slov1269,NA,0,0,0,0.00394837577332865,0,0.9960516242266712,0.01055336452799684
Slovak,slov1269,NA,0.5864802638380442,0.0026815732883615,0.03051260520056289,0.3803255576730314,0,0,0.05655429646623308
Slovak,slov1269,NA,0.8261173264617365,0,0,0.1738826735382636,0,0,0.02480166495012384
Nhanda,nhan1238,NA,0,0.02064352772207193,0,0.6081455452819161,0.00588835741472503,0.365322569581287,0.03488027840622529
Nhanda,nhan1238,NA,0,0.04301632107498518,0.24929088118922416,0.4754459847563239,0.0808396069698157,0.1514072060096512,0.06274526784855351
Nhanda,nhan1238,NA,0,0.13508729204549996,0.8191918098802031,0,0,0.04572089807429695,0.08583080901601195
Nhanda,nhan1238,NA,0.3353803543057263,0.06857797933986737,0,0.3678363378514269,0.22820532850297928,0,0.06919739009054346
Nhanda,nhan1238,NA,0,0,0,1,0,0,0.01435009025902666
Paiwan,paiw1248,NA,1,0,0,0,0,0,0.01762850775465627
Paiwan,paiw1248,NA,0,0.25312486932035677,0.6777982113667494,0.01793610292427282,0,0.05114081638862099,0.04341009772650334
Paiwan,paiw1248,NA,0,0,0,0,1,0,0.02110487777924644
Paiwan,paiw1248,NA,0,0,0,0,1,0,-0.00246143449270479
Paiwan,paiw1248,NA,0.15089706015369336,0,0.6470055503775968,0.02160426164876672,0.1048552880601551,0.07563783975978802,0.04708724089558631
Serrano,serr1255,NA,0.19355002809954405,0,0.5079030539246902,0,0,0.29854691797576566,0.01865891753961751
Serrano,serr1255,NA,0,0.28866545036159696,0,0,0,0.7113345496384029,0.01697839818176026
Serrano,serr1255,NA,0,0.9053733956742824,0,0,0.09462660432571755,0,0.0480394336180277
Serrano,serr1255,NA,0.14555906212865563,0.20799488210117084,0.5766743802433292,0,0.06977167552684424,0,0.03465697319075667
Serrano,serr1255,NA,0,0,0.03963078870351588,0,0,0.960369211296484,0.02407195179284976
Northern Mansi,mans1258,NA,0,0.37254596586747674,0.6274540341325232,0,0,0,0.09078610819528211
Northern Mansi,mans1258,NA,0.4882191327117869,0.3683384930212492,0,0,0.12136708684989787,0.022075287417066,0.03525347936843984
Northern Mansi,mans1258,NA,0,0,0.8398693484733618,0,0,0.16013065152663827,0.03833468575568512
Northern Mansi,mans1258,NA,0,0,0,0.6641834349209026,0.13809424287401006,0.19772232220508723,0.02587954204425088
Northern Mansi,mans1258,NA,0,1,0,0,0,0,0.02568321497605814
Luburua,lubu1242,NA,0,0,0.29329056605661535,0.6739608378874727,0.03274859605591192,0,0.05717431554320684
Luburua,lubu1242,NA,0,0,0,1,0,0,0.05351247579813441
Luburua,lubu1242,NA,0.8217573518429678,0.01817080456246192,0.16007184359457027,0,0,0,0.1352823637765759
Luburua,lubu1242,NA,0.3968586767663388,0.35184671949621715,0.19529472402146095,0,0.05599987971598321,0,0.15110447929152282
Luburua,lubu1242,NA,0,0.3285352249521617,0,0,0,0.6714647750478383,0.06845204686671245
Torres Strait Creole,torr1261,NA,0,0,1,0,0,0,-4.6752018927679e-4
Torres Strait Creole,torr1261,NA,0,0,0.8416851676956557,0,0,0.1583148323043442,0.03422363094618269
Torres Strait Creole,torr1261,NA,0,0.15768472869567174,0,0.8423152713043283,0,0,0.00707799456090545
Torres Strait Creole,torr1261,NA,0.14676201311851192,0.04789396055633351,0.24870915839961452,0.02533961870721342,0.357919929335019,0.17337531988330757,0.03046844699064838
Torres Strait Creole,torr1261,NA,0,0.17226595937732714,0,0.8277340406226729,0,0,0.00688328410932356
Bali,bali1275,NA,0.31256526263031864,0,0,0.4111138306550032,0.2763209067146781,0,0.2907912352238763
Bali,bali1275,NA,0,1,0,0,0,0,0.2703086280046547
Bali,bali1275,NA,0.10964755662099672,0,0,0,0.8903524433790032,0,0.17151924762321147
Bali,bali1275,NA,0.07994919482889662,0,0.9200508051711034,0,0,0,0.0620208208465375
Bali,bali1275,NA,1,0,0,0,0,0,0.0184239874339605
Nen,nenn1238,NA,0,0,0.5809197710969751,0.3334962594117517,0,0.0855839694912731,0.03835670634934341
Nen,nenn1238,NA,0,0,0.9614334066509846,0,0,0.03856659334901534,0.03229170792631157
Nen,nenn1238,NA,0,1,0,0,0,0,0.01797330797451096
Nen,nenn1238,NA,0.5928042255517008,0.4071957744482992,0,0,0,0,0.01305271369979228
Nen,nenn1238,NA,0.1736351756762316,0,0,0.8263648243237683,0,0,0.02478360658437138
Modole,modo1249,NA,0,0,0.6924448594976899,0.08853194849065366,0,0.2190231920116565,0.00694176307181934
Modole,modo1249,NA,0.2868218981270235,0,0.4439330962822241,0.01434221445414628,0.2549027911366062,0,0.0708401371939798
Modole,modo1249,NA,0.5618651047403359,0.2211691259575114,0,0.06646983037527678,0.15049593892687593,0,0.06297326642374834
Modole,modo1249,NA,0,0,0,1,0,0,0.02497945316374954
Modole,modo1249,NA,0.18334911116656424,0,0.11901714215169527,0.688112013318156,0,0.00952173336358446,0.03189675577259168
Kaurna,kaur1267,NA,0,0,0,0,0.6461233491322304,0.35387665086776965,0.01662798096042908
Kaurna,kaur1267,NA,0.5573317396667432,0.44266826033325674,0,0,0,0,0.00406297492958687
Kaurna,kaur1267,NA,0.19989198708799336,0,0.3652011669571269,0.05349013619378628,0,0.3814167097610935,0.02877236088337695
Kaurna,kaur1267,NA,0,0,0.6081843992494442,0.2518682535536483,0,0.13994734719690757,0.05569481936818185
Kaurna,kaur1267,NA,0.5097099133383123,0.2811899003637934,0.1057660428793582,0,0.10333414341853618,0,0.08703526012303833
Kiramang,kira1248,NA,0,0.10054562773335846,0,0,0.8994543722666415,0,0.04115304502514168
Kiramang,kira1248,NA,0,0,0.6493205126643515,0.3506794873356484,0,0,0.05473862174836648
Kiramang,kira1248,NA,0,0,1,0,0,0,-0.04175968061648016
Kiramang,kira1248,NA,0,0.2144526156155259,0.21352069171228327,0.5720266926721909,0,0,0.04024494451888512
Kiramang,kira1248,NA,0.9133972713269352,0,0,0,0,0.08660272867306489,0.09321037010366762
Lo-Toga,loto1240,NA,0.3588069597937014,0.17347265128614156,0,0,0,0.46772038892015705,0.04358177717997862
Lo-Toga,loto1240,NA,0,0,0,0.03180686233321652,0.93066881724458,0.03752432042220357,0.03417246067014359
Lo-Toga,loto1240,NA,0,0,0,0,0,1,0.01474391235234032
Lo-Toga,loto1240,NA,0.00544645440734683,0,0.02235001965697145,0,0.7957695698684145,0.17643395606726722,0.01926593483601559
Lo-Toga,loto1240,NA,0,0,1,0,0,0,0.02899975285603715
Boano (Sulawesi),boan1243,NA,0.7434487828577729,0,0,0.0559628378542721,0.10417787279021812,0.09641050649773694,0.03598515012742952
Boano (Sulawesi),boan1243,NA,0,1,0,0,0,0,0.00329262169800326
Boano (Sulawesi),boan1243,NA,0,0.11680405146728916,0.24732687002452608,0.6358690785081847,0,0,0.04014096178490959
Boano (Sulawesi),boan1243,NA,0.435265240795388,0,0.31871485204635336,0,0,0.24601990715825853,0.05453180789044624
Boano (Sulawesi),boan1243,NA,0,1,0,0,0,0,0.01987498180303711
Western Pantar,lamm1241,NA,0,0,0,0,0.4823925634652807,0.5176074365347193,0.00886902424437117
Western Pantar,lamm1241,NA,0.5122720514457153,0,0.1356964426438236,0.2567251576737398,0.0953063482367213,0,0.03056844482819566
Western Pantar,lamm1241,NA,0,0,0,1,0,0,0.00205951017797437
Western Pantar,lamm1241,NA,0,0,0,1,0,0,-0.00112334050305824
Western Pantar,lamm1241,NA,0,0.31686710934571694,0,0.6831328906542831,0,0,0.0193365702436669
Suku,suku1259,NA,0.47342434423182944,0,0.5265756557681706,0,0,0,0.05412310542482683
Suku,suku1259,NA,0,0,0,0,0.4944680103537103,0.5055319896462896,0.04646235734783576
Suku,suku1259,NA,0,0,0.8236502473104365,0.1763497526895636,0,0,0.00741748119560382
Suku,suku1259,NA,0,0,0.14237177193147726,0.8576282280685228,0,0,0.01790552118188734
Suku,suku1259,NA,0,0.3869726800346026,0,0.6130273199653975,0,0,0.00150061291425694
Alangan,alan1249,NA,1,0,0,0,0,0,-7.0079418752018e-4
Alangan,alan1249,NA,0.24135215224208917,0.282997382118275,0,0,0,0.4756504656396357,0.02709270606941294
Alangan,alan1249,NA,0.4153965597328003,0,0,0.07095250548332724,0,0.5136509347838726,0.0144309697444177
Alangan,alan1249,NA,0,0,0,1,0,0,0.03379334090061813
Alangan,alan1249,NA,0,0.15888738421235268,0,0.04706063596491616,0.35719676781093074,0.43685521201180033,0.02245917170026261
Arabana,arab1267,NA,1,0,0,0,0,0,0.00939880905710034
Arabana,arab1267,NA,0.03997027219961625,0.04518324030302412,0,0.457339112916607,0.4575073745807526,0,0.08039410526497608
Arabana,arab1267,NA,0.8270609882804649,0,0,0,0,0.1729390117195351,0.00321444652344081
Arabana,arab1267,NA,0,0,0,0,0,1,0.05489644082845169
Arabana,arab1267,NA,0,1,0,0,0,0,-0.00229269741970114
Kriol (Roper River),krio1252,NA,0.3798472384757169,0,0.02130068394691403,0.4399254376831391,0,0.1589266398942299,0.02706257074962817
Kriol (Roper River),krio1252,NA,0.7523523578919307,0,0.1474057512501966,0,0.1002418908578727,0,0.04761803582336158
Kriol (Roper River),krio1252,NA,0.1566601732943533,0.3224813883103349,0.262268720084464,0.0882874590481339,0.15694722258442598,0.01335503667828794,0.06372373743328102
Kriol (Roper River),krio1252,NA,0,0,0,0.4227913371841841,0.42342697216129355,0.1537816906545223,0.04212016152321395
Kriol (Roper River),krio1252,NA,0.2522366418212921,0,0.5174286560810649,0,0,0.230334702097643,0.03332841921154397
Brulé,brul1239,NA,0,0,0,0.1916117930610413,0.384413562160112,0.4239746447788467,0.03231437899674656
Brulé,brul1239,NA,0.26540500599002376,0.12169679448072168,0.4662969227885932,0.14660127674066142,0,0,0.13229566492159528
Brulé,brul1239,NA,0,0.7000832446353558,0.05429903754142917,0.24561771782321515,0,0,0.03092124212985516
Brulé,brul1239,NA,0.5758232547528348,0,0,0.4167872862327474,0.00738945901441785,0,0.02977842980027167
Brulé,brul1239,NA,0,0.5884848473076052,0,0.08743747111411157,0.3240776815782832,0,0.03450614794191813
Pagu,pagu1249,NA,0,0.7239120527443893,0,0.2760879472556108,0,0,0.01588775274735873
Pagu,pagu1249,NA,0,1,0,0,0,0,0.02484177143647778
Pagu,pagu1249,NA,0.1879483058574523,0,0.33243985748570787,0,0.4796118366568397,0,0.03142921732441664
Pagu,pagu1249,NA,0.3291709952111159,0,0.5064001745374892,0.10366767790936857,0,0.06076115234202631,0.09878265788940065
Pagu,pagu1249,NA,0,0.6305210162993413,0,0.346308740288036,0,0.0231702434126227,0.05943414600029736
Kunzakh,kunz1243,NA,0,0.08001850732824585,0,0,0,0.919981492671754,0.00259038749569039
Kunzakh,kunz1243,NA,0.5347106488427246,0.2565494999869578,0,0,0.01446622113701287,0.19427363003330475,0.01453347358191575
Kunzakh,kunz1243,NA,0,0,0,0,1,0,0.00420432781757034
Kunzakh,kunz1243,NA,0,0,0.6385619538493474,0,0.2802328876317731,0.08120515851887948,0.04620671760619853
Kunzakh,kunz1243,NA,0.20866371383638513,0.13395852214380094,0.46707424484382015,0.1816389425942813,0,0.00866457658171255,0.05406013174448063
Sira,sira1266,NA,0.06931541907533367,0,0.6921482191270688,0,0.16922093909849234,0.06931542269910515,0.1370451120575217
Sira,sira1266,NA,0.03726673344641382,0.629849986779797,0.1838163984804043,0,0,0.1490668812933849,0.06156952877185166
Sira,sira1266,NA,0.27605390836788374,0.16238060512651503,0,0,0.5615654834053684,3.100232887267449e-9,0.3667050221502042
Sira,sira1266,NA,0.03401186153088682,0,0,0.35834410733209254,0.47159662000644664,0.136047411130574,0.11082707520315112
Sira,sira1266,NA,0,0.44839673484646464,0,0,0.501457523422642,0.05014574173089337,0.5964423944930467
Yugumbir,yugu1249,NA,0,0,0,0.04660646334440099,0.953393536655599,0,0.02032560787278923
Yugumbir,yugu1249,NA,0.1980494362938308,0.26304224678925164,0.5389083169169177,0,0,0,0.06688922134905981
Yugumbir,yugu1249,NA,0.4090709955833805,0,0.5909290044166196,0,0,0,0.05842158592885006
Yugumbir,yugu1249,NA,1,0,0,0,0,0,0.00301627146892516
Yugumbir,yugu1249,NA,0,0,0.6712543932015443,0,0,0.3287456067984556,0.03219989776334477
Lauje,lauj1238,NA,0.9720162843025996,0.0279837156974004,0,0,0,0,0.03908332803813832
Lauje,lauj1238,NA,0.582538636213489,0,0,0,0,0.41746136378651105,0.01268621700636844
Lauje,lauj1238,NA,0.20486370523732397,0,0.40342309551304495,0.177116718746306,0,0.21459648050332508,0.03455787970918505
Lauje,lauj1238,NA,0,0,0,1,0,0,-0.01006435364929627
Lauje,lauj1238,NA,0.05220644063042838,0,0.7658057525316658,0,0.1819878068379058,0,0.07497547659371465
Rotuman,rotu1241,NA,0,0.2365739806583181,0.4916484047536489,0,0.271777614588033,0,0.01613983366803244
Rotuman,rotu1241,NA,1,0,0,0,0,0,0.00255279769029045
Rotuman,rotu1241,NA,0.35255007268593663,0.13942329717929652,0,0.07769334009500843,0.3318901242849963,0.098443165754762,0.02004955057133119
Rotuman,rotu1241,NA,1,0,0,0,0,0,0.02400040921098693
Rotuman,rotu1241,NA,0.00591860512874022,0,0.21978710496083975,0.2220017838312414,0.30919263351664555,0.24309987256253315,0.03225393924053356
Macedonian,mace1250,NA,0,0.749374554884532,0,0,0.25062544511546797,0,0.03962894803196357
Macedonian,mace1250,NA,0.4902790108794988,0.06241646596298983,0.32855117822679764,0,0,0.11875334493071373,0.02923428096303081
Macedonian,mace1250,NA,0.0887259597468824,0,0.2556645287844185,0,0.00994379968361983,0.6456657117850793,0.05632200759898756
Macedonian,mace1250,NA,0,1,0,0,0,0,0.01641882802789576
Macedonian,mace1250,NA,0.4115510592162178,0.5884489407837822,0,0,0,0,0.01085163431540826
Tiri-Mea,tiri1258,NA,0,0,0,0.1633514344497643,0,0.8366485655502357,0.10660878532357693
Tiri-Mea,tiri1258,NA,0.41390169654108655,0.2716138743162419,0.04285721459681892,0,0.21575633312026132,0.05587088142559127,0.04538914020811657
Tiri-Mea,tiri1258,NA,1,0,0,0,0,0,-0.01800748606897593
Tiri-Mea,tiri1258,NA,0,0,0,0,1,0,0.01319093151799369
Tiri-Mea,tiri1258,NA,0.11814713514360713,0,0.3920714600477793,0.4897814048086136,0,0,0.01170111459626427
Pintupi-Luritja,pint1250,NA,0,0,0,0.4857763340750582,0,0.5142236659249417,0.04671582855797843
Pintupi-Luritja,pint1250,NA,0,0,0,0,0,1,0.02084869132096129
Pintupi-Luritja,pint1250,NA,0.36541853468701874,0,0.5513830326767956,0,0,0.08319843263618569,0.02015731608736547
Pintupi-Luritja,pint1250,NA,0,0.4537051510537696,0,0,0.34289792765001303,0.2033969212962173,0.01602757058187263
Pintupi-Luritja,pint1250,NA,0.41658649898906064,0.2583324597596793,0.32508104125126014,0,0,0,0.03062043532001316
Northern Paiute,nort2954,NA,1,0,0,0,0,0,0.05737123486439906
Northern Paiute,nort2954,NA,0.25709767892776186,0.16708420782568176,0,0.1241805169688001,0.4516375962777563,0,0.03604152472069643
Northern Paiute,nort2954,NA,1,0,0,0,0,0,0.00997848607802039
Northern Paiute,nort2954,NA,0,0,0.231399291291156,0.03559487905290246,0.7330058296559414,0,0.03215349688048351
Northern Paiute,nort2954,NA,1,0,0,0,0,0,0.00955343900370309
South Marquesan,sout2866,NA,0,0.27781215081875654,0.7110137020400693,0,0,0.01117414714117423,0.05578312194317059
South Marquesan,sout2866,NA,0,0,0,0,0,1,0.00204092010752518
South Marquesan,sout2866,NA,0,0.5051377168556678,0,0,0.4195853902933162,0.07527689285101612,0.04568944061385398
South Marquesan,sout2866,NA,0.44767423148370855,0.085999217898564,0,0,0.422893551527633,0.04343299909009449,0.04146896836929414
South Marquesan,sout2866,NA,0,0,0,0,0,1,0.03128514152217192
Araki,arak1252,NA,0,0.10068639413824672,0.8993136058617532,0,0,0,0.03166410462090748
Araki,arak1252,NA,0.7623727589155253,0,0,0,0.1085197860924374,0.12910745499203743,0.04351012596629899
Araki,arak1252,NA,0,0,0,1,0,0,0.02669069516611599
Araki,arak1252,NA,0.06356340127570699,0.01069421302845448,0.35828212844672686,0,0.1009238394734193,0.46653641777569255,0.0965038474851269
Araki,arak1252,NA,0,0.5803559000252883,0.31988483979744914,0,0.09975926017726255,0,0.04500645647178519
Binja,binj1250,NA,0.10810808783282856,0,0.3243243235133132,0,0.5405405892012113,0.02702699945264688,1
Binja,binj1250,NA,0.06563920877047376,0.4671803956147631,0.1969176263114213,0.2702627693033418,0,0,-0.5000000000000001
Binja,binj1250,NA,7.260790963465206e-9,0,0.04166664667745293,4.29520617578183e-7,0.8333329760752,0.12499994046593862,0.9999999999999004
Binja,binj1250,NA,0.18763882320793432,0.4061805910000447,0.0469097071039895,0.33581603034406043,0,0.02345484834397106,-0.5
Binja,binj1250,NA,0,0,8.394809941035652e-9,2.5231803850541247e-6,0.8695630160215696,0.13043445240323545,0.9999999999968427
Eastern Panjabi,panj1256,NA,0,0.38260598515560834,0,0.4162791905110731,0,0.20111482433331856,0.01686142493404127
Eastern Panjabi,panj1256,NA,0.3258376674360027,0,0,0,0,0.6741623325639973,0.01988969236423156
Eastern Panjabi,panj1256,NA,0.19099461170404253,0.8090053882959574,0,0,0,0,0.02279665399069741
Eastern Panjabi,panj1256,NA,0,0.5953412305982513,0.36516536875590305,0,0,0.03949340064584574,0.01707666884884841
Eastern Panjabi,panj1256,NA,0,0,1,0,0,0,0.01458901927648087
Guugu Yimidhirr,gugu1255,NA,0,0.01549966272654087,0.6939295068116267,0.11348461288111895,0,0.1770862175807135,0.05069164502875151
Guugu Yimidhirr,gugu1255,NA,0.15062942163833487,0,0,0.7366087387004322,0,0.11276183966123304,0.0201781114493446
Guugu Yimidhirr,gugu1255,NA,0,0,0.06937619086253931,0,0.31458985031083875,0.6160339588266219,0.00645244496486999
Guugu Yimidhirr,gugu1255,NA,0.00456515926873344,0.28140562720983553,0.2549358741221457,0.18125713332878193,0.2778362060705034,0,0.04836318598284295
Guugu Yimidhirr,gugu1255,NA,1,0,0,0,0,0,0.00893809256308547
Dondo,dond1249,NA,0,0,0,0,1,0,0.03754535017684592
Dondo,dond1249,NA,0,0.24241384864361248,0,0,0,0.7575861513563875,0.00908817223075089
Dondo,dond1249,NA,0,0.49157999816456854,0.16139000673100465,0,0.3470299951044268,0,0.03006132301340521
Dondo,dond1249,NA,0.3388106009110896,0,0.3971008123723725,0.26408858671653795,0,0,0.02231352074250568
Dondo,dond1249,NA,0,0,0,0.5125269352967675,0,0.4874730647032324,0.01240223715480763
Crow,crow1244,NA,0,0.4195084440201903,0.5804915559798096,0,0,0,0.02304287219069067
Crow,crow1244,NA,0,0.5063638719731778,0,0.2802875575228231,0.1973317332447489,0.01601683725925034,0.077952387365971
Crow,crow1244,NA,0,0,0.7864422485673944,0.21355775143260564,0,0,0.05551553330894111
Crow,crow1244,NA,0,0.32907979688432326,0,0.07845297130631101,0.5687589730644819,0.02370825874488388,0.03693029777711397
Crow,crow1244,NA,0,0,0,0,1,0,0.03036170102584242
Ratagnon,rata1245,NA,0,0,0.9136961672579031,0,0.08630383274209698,0,0.0268413247120127
Ratagnon,rata1245,NA,0.4622404529181567,0,0.5377595470818434,0,0,0,0.02176336465074641
Ratagnon,rata1245,NA,0.7993369927975379,0,0.10935473028868664,0,0,0.09130827691377544,0.01731566794289736
Ratagnon,rata1245,NA,0.6103056826642294,0,0,0,0,0.3896943173357706,0.01599843333225474
Ratagnon,rata1245,NA,0,0,0.25270856269347153,0,0.7472914373065285,0,0.0237806198119139
Watut,watu1246,NA,0.4970441976839663,0,0.4693776952030243,0,0,0.03357810711300937,0.07820258213523007
Watut,watu1246,NA,0,0,0,0,0,1,0.02941094209683634
Watut,watu1246,NA,0.8907502512968914,0,0,0,0,0.10924974870310863,0.01907093638884176
Watut,watu1246,NA,0.6328073262285445,0,0.3671926737714554,0,0,0,0.03837762825592558
Watut,watu1246,NA,0,0.04522272511486028,0,0.32840222623687315,0.6263750486482665,0,0.04219878012057707
Suruí,suru1262,NA,0.604825531569836,0,0,0.395174468430164,0,0,0.0138852023377457
Suruí,suru1262,NA,0,0,0.1093999072171767,0,0.8906000927828234,0,0.0079986567983766
Suruí,suru1262,NA,0,0,0,0,1,0,0.00650639887692323
Suruí,suru1262,NA,0.2990464239649726,0,0,0.21134799428398157,0.3360244401826259,0.15358114156841993,0.00900168533312146
Suruí,suru1262,NA,0,1,0,0,0,0,0.00488658995328508
Western Armenian,homs1234,NA,0.6643967701165459,0,0,0,0.33560322988345415,0,0.00609787690649491
Western Armenian,homs1234,NA,0.7066945700358301,0,0,0,0.26721171192651316,0.02609371803765672,0.02963148545100482
Western Armenian,homs1234,NA,0,0,0.1486295061411303,0,0,0.8513704938588696,0.05202831163203147
Western Armenian,homs1234,NA,0.8115601737652761,0,0.05866336182609291,0.12977646440863108,0,0,0.03062075815592713
Western Armenian,homs1234,NA,0.20296539341151693,0.1809073599150443,0.04760157536440736,0.5685256713090314,0,0,0.01508967170182117
Sawi,sawi1257,NA,0,0.3135880971254454,0.3307231403826181,0.09204444045900624,0.26364432203293037,0,0.05522839789070774
Sawi,sawi1257,NA,0,0.6827713704733975,0,0.3172286295266025,0,0,0.05407074272506912
Sawi,sawi1257,NA,0,0.2721177241168746,0.41676450821481614,0,0.31111776766830934,0,0.03069195340857871
Sawi,sawi1257,NA,0,0,0,0.5123778457680062,0.48762215423199384,0,0.00334126473390043
Sawi,sawi1257,NA,0,0,0.2850142163284659,0,0.14759983586459904,0.5673859478069351,0.02420619215113905
Luba-Katanga,luba1250,NA,0.10576782002419537,0,0,0.1417957330170047,0.7524364469588,0,0.07506552552416924
Luba-Katanga,luba1250,NA,0,0,0,0,0,1,-0.00144109290684586
Luba-Katanga,luba1250,NA,0,0,0.6198891817498902,0,0,0.38011081825010984,0.01309474922608087
Luba-Katanga,luba1250,NA,0.03551804805671764,0,0,0.1442979210908026,0.8201840308524797,0,0.0473171180228352
Luba-Katanga,luba1250,NA,0,0.0600606421722194,0,0.1074008430731722,0.8325385147546083,0,0.04912808321094177
Old Aramaic-Sam'alian,olda1245,NA,0,0,0.6151257883971429,0.13323870794041384,0,0.25163550366244325,0.03547778667727271
Old Aramaic-Sam'alian,olda1245,NA,0,0,0.8873866815415393,0.04540491019294372,0.06720840826551698,0,0.05106578542228968
Old Aramaic-Sam'alian,olda1245,NA,0.5553250649635538,0,0.44467493503644623,0,0,0,0.06523665456920752
Old Aramaic-Sam'alian,olda1245,NA,0,0,0.7992149963540583,0.2007850036459417,0,0,0.08831228885953131
Old Aramaic-Sam'alian,olda1245,NA,0.5447564957862984,0,0.30035187555408177,0.13473398078354917,0,0.02015764787607057,0.06914018039486307
Bali (Democratic Republic of Congo),bali1274,NA,0.5640509976582017,0,0,0.03388696234238748,0.2033517551222852,0.1987102848771257,0.44589220735046187
Bali (Democratic Republic of Congo),bali1274,NA,0,0,0.3256644366822573,0.32976359715200315,0.1716958456177312,0.1728761205480083,0.5356040638832369
Bali (Democratic Republic of Congo),bali1274,NA,0,0,0.2303409350995296,0.6614918010697609,0,0.10816726383070936,0.4194245920508088
Bali (Democratic Republic of Congo),bali1274,NA,0,0,0.2814271842186711,0,0.7185728063185383,9.462790751603895e-9,0.22397427005546397
Bali (Democratic Republic of Congo),bali1274,NA,0,0,0.12234712499889364,0.3819624790363052,0.429706923394868,0.06598347256993307,0.4594737905918771
"!Kung, Southeastern Ju, or Ju'hoan",juho1239,NA,0.7284132441972931,0.27158675580270686,0,0,0,0,0.01881594769598969
"!Kung, Southeastern Ju, or Ju'hoan",juho1239,NA,0.7330972558010534,0,0,0.17724040084687448,0,0.08966234335207195,0.1054839210663045
"!Kung, Southeastern Ju, or Ju'hoan",juho1239,NA,0.3706901628241419,0,0,0.6293098371758581,0,0,0.09452794379284687
"!Kung, Southeastern Ju, or Ju'hoan",juho1239,NA,0.5015205244415484,0,0,0,0,0.4984794755584516,0.05293757732789885
"!Kung, Southeastern Ju, or Ju'hoan",juho1239,NA,0,0,0,0.4925269509498994,0.45176516025073743,0.05570788879936315,0.04091535957905838
Old Prussian,prus1238,NA,1,0,0,0,0,0,0.02819954143141124
Old Prussian,prus1238,NA,0,0.3071181761347806,0.6928818238652193,0,0,0,0.03486948318797964
Old Prussian,prus1238,NA,0,0,0,0,1,0,0.01612103103801698
Old Prussian,prus1238,NA,0.30825652710947005,0.16373438616171676,0,0.10341882655911716,0.04279431015551047,0.38179595001418554,0.11056208758194398
Old Prussian,prus1238,NA,0,0,0,1,0,0,0.00542616729869091
Southwestern Tepehuan,sout2977,NA,0.2,0.25,0.15,0,0.35,0.05,NA
Southwestern Tepehuan,sout2977,NA,0.1,0.1,0.45,0.2,0.15,0,NA
Southwestern Tepehuan,sout2977,NA,0.05,0.25,0.45,0,0.05,0.2,NA
Southwestern Tepehuan,sout2977,NA,0.3,0,0,0.1,0.5,0.1,NA
Southwestern Tepehuan,sout2977,NA,0,0.3,0.2,0,0.3,0.2,NA
Gujarati,guja1252,NA,0,0,0,1,0,0,-0.00814284098888239
Gujarati,guja1252,NA,0.5555475306139358,0.4444524693860642,0,0,0,0,0.01921518550566544
Gujarati,guja1252,NA,0,0,0.4479699293092379,0.5511873359926429,8.4273469811917e-4,0,0.01678101812901993
Gujarati,guja1252,NA,0,1,0,0,0,0,0.02282447797915428
Gujarati,guja1252,NA,0,0.3650995522728728,0.17163175567155028,0.09616716386080718,0,0.36710152819476977,0.02801053951808715
Sougb,mani1235,NA,0,0,0,1,0,0,0.00270030337436389
Sougb,mani1235,NA,0.9850524638108824,0,0,0.01494753618911775,0,0,0.05896855181367258
Sougb,mani1235,NA,0.7589691897413279,0,0,0,0.24103081025867212,0,0.04242002115094802
Sougb,mani1235,NA,0,0,0,0,0.3750716615726949,0.6249283384273051,0.06264101259876619
Sougb,mani1235,NA,0.11148200672731784,0,0,0.11238258423425268,0,0.7761354090384296,0.04230420266968808
Malecite,male1293,NA,0.8576444052418182,0,0.02365590896043055,0,0,0.11869968579775118,0.07229918380325867
Malecite,male1293,NA,0.40737245240462017,0.4517644664924544,0,0.14086308110292547,0,0,0.02295908911200303
Malecite,male1293,NA,0.2723959933690276,0.01468538126120592,0.2831684915970782,0,0.387429024662709,0.04232110910997935,0.02239492215563634
Malecite,male1293,NA,0,0,0.58438562492682955,0.4156143750731705,0,0,0.03406335700868632
Malecite,male1293,NA,0,0,0,0.4229572568016437,0.48004876815809006,0.09699397504026629,0.01435223910165855
Proto-Tupi-Guarani,tupi1239,NA,0.6186358660776833,0.07654938077538925,0,0,0,0.3048147531469274,0.02160629969130184
Proto-Tupi-Guarani,tupi1239,NA,0.442764112727405,0.04568331811077349,0.0142055186176339,0.4240514576299097,0.07329559291427788,0,0.03838904578025393
Proto-Tupi-Guarani,tupi1239,NA,0,0.097022232081748,0.43254194014989855,0,0.4704358277683535,0,0.04534609897804929
Proto-Tupi-Guarani,tupi1239,NA,1,0,0,0,0,0,0.00245492828890521
Proto-Tupi-Guarani,tupi1239,NA,0.8129805336077827,0,0.00118859444985699,0,0,0.1858308719423604,0.02986539066895713
Wolio,woli1241,NA,0.6478542149343979,0.04914326689026204,0,0.26946414917295547,0,0.03353836900238445,0.02716605133404055
Wolio,woli1241,NA,0,0,0.672088204302051,0,0,0.3279117956979491,0.06138180012632426
Wolio,woli1241,NA,0.4782352937112199,0.2208690434348914,0.3008956628538887,0,0,0,0.03885130270528126
Wolio,woli1241,NA,0,0,0,0,1,0,0.02638939561170811
Wolio,woli1241,NA,0.7188593441157745,0,0.18250499958839847,0,0.09863565629582707,0,0.04127889256489166
Yombe,yomb1244,NA,0,0.4625221142787755,0,0.5374778857212245,0,0,0.03589728367131865
Yombe,yomb1244,NA,0,0,0,0,0,1,0.02793666163756434
Yombe,yomb1244,NA,0.4664810479210987,0.06671996786788645,0,0.352857313550935,0,0.11394167066007986,0.0472939815818398
Yombe,yomb1244,NA,0.18871253752893083,0.8112874624710692,0,0,0,0,0.00653362818507164
Yombe,yomb1244,NA,0,0.3822600451297707,0,0.41857874637895465,0.00774382002248358,0.19141738846879117,0.02446528751088621
Hawaiian,hawa1245,NA,0.5441527223345847,0.04232494763274806,0.4135223300326672,0,0,0,0.05897219864261409
Hawaiian,hawa1245,NA,0,2.4419092256470055e-17,0,0,0,1,-0.00782095251649118
Hawaiian,hawa1245,NA,0,0.09199634633874584,0.628370398106194,0,0.2796332555550602,0,0.03767791783464346
Hawaiian,hawa1245,NA,0.44115344418383834,0.1903240989457672,0.2164754707973931,0.0846733044804443,0.00705491281989994,0.06031876877265693,0.05155908805198278
Hawaiian,hawa1245,NA,0.3909346228598047,0.17289664024751564,0.38200413097340985,0,0,0.0541646059192699,0.05117084080849014
Iwam,iwam1256,NA,0.4019426925684394,0,0.28167714292440604,0.31638016450715456,0,0,0.02731683704507519
Iwam,iwam1256,NA,0,0.5608512978859782,0,0,0,0.43914870211402174,0.02620493255105289
Iwam,iwam1256,NA,0.10986662863955728,0,0.0462019385435066,0.792019370378518,0,0.05191206243841816,0.09947287734140126
Iwam,iwam1256,NA,0,0,0,1,0,0,0.05483249538318814
Iwam,iwam1256,NA,0,0,0,0,0.7958823341455037,0.2041176658544964,0.03154598882890183
Church Slavic,chur1257,NA,0.10267322708606234,0.12823034608666556,0.769096426827272,0,0,0,0.03429837382518011
Church Slavic,chur1257,NA,0,0,0.7826234222817113,0.1284865516723938,0.08889002604589477,0,0.11550782851003027
Church Slavic,chur1257,NA,0.05912017925360444,0,0.18108391005226412,0.7597959106941313,0,0,0.05399448501852507
Church Slavic,chur1257,NA,0,0,0.42760746101416336,0,0.5723925389858366,0,0.01288631531594558
Church Slavic,chur1257,NA,1,0,0,0,0,0,0.01706189019785851
Bena (Tanzania),bena1262,NA,0,0,0,0.48944822713373703,0,0.5105517728662629,0.01681265101654798
Bena (Tanzania),bena1262,NA,1,0,0,0,0,0,0.00583207643822561
Bena (Tanzania),bena1262,NA,0,0.695213842828466,0,0,0.3047861571715339,0,0.03032581697481728
Bena (Tanzania),bena1262,NA,0,0,0,0,0.579986426758825,0.420013573241175,0.02005192383453344
Bena (Tanzania),bena1262,NA,0.48696440665727103,0.17085444208624334,0.09960984111013713,0,0,0.2425713101463487,0.03586231973339118
Eipomek,eipo1242,NA,0.3981420828311212,0,0.1625752007113622,0,0.23064393970410957,0.20863877675340703,0.03825695310587186
Eipomek,eipo1242,NA,0.40430095063346566,0.17423560205761054,0,0.03089639377007617,0.3766371056681391,0.01392994787070844,0.02343256328113068
Eipomek,eipo1242,NA,0,0,0,0,1,0,0.02301394092597753
Eipomek,eipo1242,NA,0,0,0,0,0,1,0.00695372296855189
Eipomek,eipo1242,NA,0,0,0.802902697159117,0.197097302840883,0,0,0.06521091760484574
Mongolian,mong1331,NA,0.3859072533961333,0.5586474480684687,0,0,0,0.05544529853539796,0.01024120365062469
Mongolian,mong1331,NA,0,0.5029747444666376,0.093449532152161,0,0,0.4035757233812013,0.03269229776682796
Mongolian,mong1331,NA,0,0.584969572817722,0,0,0,0.4150304271822779,0.03327085206524736
Mongolian,mong1331,NA,0,0.34172166070703974,0,0.16229989244756293,0.463303803401071,0.0326746434443264,0.03024778912495221
Mongolian,mong1331,NA,0,0,1,0,0,0,0.00160463106016804
Paama,paam1238,NA,0,1,0,0,0,0,-0.01135626253108551
Paama,paam1238,NA,0,1,0,0,0,0,0.02056400133505069
Paama,paam1238,NA,0.4104641326420503,0,0.5895358673579496,0,0,0,0.01411944300879057
Paama,paam1238,NA,0.7863681330256441,0,0.2136318669743559,0,0,0,0.06096682180277432
Paama,paam1238,NA,1,0,0,0,0,0,0.06123469868452516
South Tuvaluan,sout2865,NA,0,1,0,0,0,0,0.03551351013874074
South Tuvaluan,sout2865,NA,0.5304295700397806,0,0.3184157207563846,0.06721632829101748,0.0839383809128173,0,0.09091600795105124
South Tuvaluan,sout2865,NA,0.4239462275522283,0,0.2320750767802515,0.04517381688949472,0,0.29880487877802553,0.02809750931480856
South Tuvaluan,sout2865,NA,0,0,0,1,0,0,0.00727761687953526
South Tuvaluan,sout2865,NA,0.5948905762021124,0,0.2610022231128816,0.1280624704423175,0,0.01604473024268832,0.02412009382827209
Hopi,hopi1249,NA,0,1,0,0,0,0,0.01152984107323033
Hopi,hopi1249,NA,0.00606127464919827,0,0,0,0,0.9939387253508016,0.12129234800243782
Hopi,hopi1249,NA,0,0,0.2947906202496644,0,0,0.7052093797503356,0.00737068958186245
Hopi,hopi1249,NA,0,0.8183355474098474,0.1816644525901526,0,0,0,0.01657543322565495
Hopi,hopi1249,NA,0.1221548311737854,0.8778451688262146,0,0,0,0,0.1075033285625819
Indonesian,indo1316,NA,0,0,0.22162454991663497,0,0,0.7783754500833652,0.03010784868835344
Indonesian,indo1316,NA,0.01463424632303584,0.322202423102206,0.5226060526018574,0,0.14055727797290077,0,0.02581034878673798
Indonesian,indo1316,NA,0.7227449449444427,0,0.27725505505555725,0,0,0,0.02986487177312734
Indonesian,indo1316,NA,0,0,0,0.6011807971290006,0.3988192028709993,0,0.01588476174360126
Indonesian,indo1316,NA,0,0.20190959331407707,0,0,0,0.7980904066859229,0.0239488116466455
Vurës,vure1239,NA,0,0.5368465113384964,0,0.46315348866150374,0,0,0.04276252189925893
Vurës,vure1239,NA,0,0,1,0,0,0,0.02267629987358588
Vurës,vure1239,NA,0.8164812799221332,0,0,0,0.01081452255486038,0.17270419752300645,0.01703968135109557
Vurës,vure1239,NA,0,0,0,0,0,1,0.05478398379772691
Vurës,vure1239,NA,0.724916426239283,0,0,0,0,0.27508357376071707,0.02151752789803854
Tajik,taji1245,NA,0,0.22837354316980868,0.1595311772724457,0.34625603167683566,0,0.26583924788091,0.04654557689095066
Tajik,taji1245,NA,0,0.0862983084368046,0,0.9137016915631956,0,0,0.06741055948739812
Tajik,taji1245,NA,0,0,1,0,0,0,0.03427951531489764
Tajik,taji1245,NA,0,0.930978796278952,0.0105107677544562,0,0.05851043596659212,0,0.03595850334456636
Tajik,taji1245,NA,0,0,0.6276578353536251,0.372342164646375,0,0,0.04952828905270372
Oneida,onei1249,NA,0.35897482956283966,0.6062738624364098,0,0,0,0.03475130800075048,0.0595822256770976
Oneida,onei1249,NA,0.34764418332821895,0,0,0,0.6523558166717811,0,0.04853657715322485
Oneida,onei1249,NA,0,0.2330545935469233,0,0.7669454064530767,0,0,0.00724563020500775
Oneida,onei1249,NA,0.3698818019788918,0,0.06210093641856421,0.5545714616130623,0.0134457999894818,0,0.05013342865598769
Oneida,onei1249,NA,0.8943552675561371,0,0.10564473244386292,0,0,0,0.03004199134131265
Sanapaná,sana1298,NA,0,0,1,0,0,0,0.1801882261213557
Sanapaná,sana1298,NA,0,1,0,0,0,0,0.00138892042762776
Sanapaná,sana1298,NA,0,0.5568045410371798,0.1958681379815997,0.24732732098122065,0,0,0.01965316713723666
Sanapaná,sana1298,NA,0,0,0,0.4859552490966044,0.5140447509033955,0,0.00840409797070939
Sanapaná,sana1298,NA,0.01690413228453779,0,0.7137072014518205,0.10358684618685124,0,0.16580182007679042,0.06505070936590737
Muruwari,muru1266,NA,0,0,0,1,0,0,0.01936703426705202
Muruwari,muru1266,NA,0,0.5623702430577738,0.3931072681403582,0.04452248880186792,0,0,0.0462771821629948
Muruwari,muru1266,NA,0,0,0.69006196019991,0.12827191839336047,0.14401386101104027,0.03765226039568931,0.05625091511902006
Muruwari,muru1266,NA,0.25135813352331327,0.3460353919503087,0.10350711377535982,0,0,0.2990993607510182,0.0295378713553946
Muruwari,muru1266,NA,0,0,1,0,0,0,0.01808294556207486
Tehuelche,tehu1242,NA,0,0.6160301807369583,0.3839698192630417,0,0,0,0.0339140740463785
Tehuelche,tehu1242,NA,0.1532366001552488,0,0.8467633998447511,0,0,0,0.07094598336753374
Tehuelche,tehu1242,NA,0.5572102310447175,0,0.44278976895528266,0,0,0,0.08762763591472285
Tehuelche,tehu1242,NA,0.11186612773997048,0.2412905476237036,0.6335319906567806,0,0.01331133397954537,0,0.03780908678740342
Tehuelche,tehu1242,NA,0.3404391611019643,0.0053838484250637,0.6347246371764842,0.0081118037894538,0,0.01134054950703401,0.08615558187025049
Osage,osag1243,NA,0.07675832129949055,0.2133524060368209,0,0.670257682548423,0.03963159011526555,0,0.04319010258167163
Osage,osag1243,NA,0.7665990686625248,0,0.11652359613498804,0.11687733520248704,0,0,0.02451015451934182
Osage,osag1243,NA,0.2323150253142375,0.22795186207627255,0.3673414375628161,0.00490529501241467,0.05904996496457516,0.108436415069684,0.06845523883478297
Osage,osag1243,NA,0.6025143539775708,0.32245264978733423,0,0.0750329962350949,0,0,0.0545708518614402
Osage,osag1243,NA,1,0,0,0,0,0,0.05311492177558892
Minangkabau,mina1268,NA,0.1971014024483222,0.1484430053748638,0.6278127419651288,0,0,0.0266428502116851,0.14136216809884303
Minangkabau,mina1268,NA,0,0.3480122419437992,0.17162380575327427,0.448492404059142,0.03187154824378449,0,0.05738328250934866
Minangkabau,mina1268,NA,0,0,0,0,0.9165017983865938,0.0834982016134062,0.04424167702393307
Minangkabau,mina1268,NA,0.5398843337184918,0.13601746199566858,0.15652201522623627,0,0.044051935419078,0.1235242536405253,0.08334274124043871
Minangkabau,mina1268,NA,0.35713299382701463,0.02047206193293726,0.6223949442400483,0,0,0,0.05948595557169658
Meru,meru1245,NA,0,0.22468951766562725,0,0,0,0.7753104823343728,0.02260421035357004
Meru,meru1245,NA,0,0,0,0,1,0,0.00141539504946053
Meru,meru1245,NA,0.3047769183494072,0.02654689963971728,0.1716871275457653,0,0.4606337650221422,0.03635528944296808,0.05331131464589704
Meru,meru1245,NA,0.0843935758976211,0.23136557694197896,0,0.2625700721730023,0,0.4216707749873977,0.03144053527882926
Meru,meru1245,NA,0.5118882075835798,0.48811179241642016,0,0,0,0,0.01124690517429032
Adang,adan1251,NA,0,0,0.9959727821492892,0,0,0.00402721785071099,0.03168030014143067
Adang,adan1251,NA,0,0,0.9561816747975724,0,0.04381832520242761,0,0.01384879558726277
Adang,adan1251,NA,0.2645514957364757,0,0,0.4867321538094595,0,0.24871635045406476,0.02326158129072003
Adang,adan1251,NA,0,0,0,0.3515724757527707,0.03287326903120145,0.6155542552160279,0.03823815523644356
Adang,adan1251,NA,0.19193696165713128,0.33776176248793427,0,0.4703012758549346,0,0,0.0124645501657276
Korafe,kora1295,NA,0,0.5580669288910646,0,0,0.15099108689435642,0.29094198421457906,0.0168514221914613
Korafe,kora1295,NA,1,0,0,0,0,0,0.01769882433486815
Korafe,kora1295,NA,0.18589631802692555,0,0.3308652413738353,0.08513665211752815,0.30855554270811225,0.08954624577359874,0.03044949449910581
Korafe,kora1295,NA,0.2193005730717609,0,0.4575184738741402,0,0.323180953054099,0,0.03100713506639448
Korafe,kora1295,NA,0,0.02676142087462738,0.7392546981555167,0.2328948085351412,0,0.00108907243471465,0.06371090558663686
Godoberi,ghod1238,NA,0,0,0,0.18444194876114983,0.8155580512388502,0,0.04000383704284715
Godoberi,ghod1238,NA,0.1859515971058284,0,0,0.8140484028941716,0,0,0.01413925910359053
Godoberi,ghod1238,NA,0.30517105687990503,0.03093104659535321,0.3311925633049491,0.19090351638922648,0.14180181683056614,0,0.06470272985876754
Godoberi,ghod1238,NA,0.5019682072014074,0,0.31896076573861254,0.02451891746952473,0.15455210959045523,0,0.06654191855825857
Godoberi,ghod1238,NA,0.49269410831338495,0,0,0.3548974821377023,5.1900250521925e-4,0.1518894070436936,0.04538669110573604
Kota (Gabon),kota1274,NA,0,0,0,0,1,0,-0.00533389842917137
Kota (Gabon),kota1274,NA,0,0.1065350498763878,0.08910507197072395,0.17285388080993294,0.4237149955425447,0.2077910018004106,0.1030565686307372
Kota (Gabon),kota1274,NA,0.01988855400721496,0.4795795099913447,0,0.08446638857262577,0.4160655474288146,0,0.08987512369388793
Kota (Gabon),kota1274,NA,0.06016167949328118,0.17384876475923217,0.04698514550147387,0.29142217306806634,0.05480966252944608,0.3727725746485002,0.21829847519647425
Kota (Gabon),kota1274,NA,0.5971707882399863,0.0775205283462476,0,0.01392545727853154,0,0.31138322613523467,0.09724910603794178
Ding,ding1239,NA,0,0,0,0,0.6357274001629136,0.3642725998370863,0.00418382719818086
Ding,ding1239,NA,0.6975779352891796,0,0,0,0.3024220647108205,0,0.04265294243737855
Ding,ding1239,NA,0.8004232626485739,0.04917795895811831,0.08898674428037341,0.0572427090148829,0.00416932509805141,0,0.04501890779695375
Ding,ding1239,NA,0.8818623643458311,0.02742785303031072,0,0,0.09070978262385812,0,0.01555552387665066
Ding,ding1239,NA,0,0.03553157876970458,0.48592519898104775,0,0,0.47854322224924767,0.04922232003872806
Wiwirano,wiwi1237,NA,0,0.26937948694141955,0.3671172358233425,0.3635032772352379,0,0,0.03401358653247027
Wiwirano,wiwi1237,NA,0.9936967557416854,0,0,0.00630324425831464,0,0,0.04927009754577222
Wiwirano,wiwi1237,NA,0,1,0,0,0,0,0.00730793283592169
Wiwirano,wiwi1237,NA,0,1,0,0,0,0,0.18206284847752785
Wiwirano,wiwi1237,NA,0,0,0.32216846337125116,0,0.6108532646336707,0.06697827199507805,0.02358064226475238
Southern Paiute,sout2969,NA,0,0.3478529981868827,0.6521470018131174,0,0,0,0.01158152898885941
Southern Paiute,sout2969,NA,0,0,1,0,0,0,0.00906709326669978
Southern Paiute,sout2969,NA,0,0.08122176355173934,0,0.9187782364482608,0,0,0.05206202115392926
Southern Paiute,sout2969,NA,0,0.8325193229732705,0.1407327322247766,0.02674794480195297,0,0,0.04628591270298313
Southern Paiute,sout2969,NA,0.15889825943433022,0.3596253377035409,0.48147640286212906,0,0,0,0.08759314292319548
Degexit'an,dege1248,NA,0,0,0.04331059203784847,0.6032828032424711,0.35340660471968044,0,0.11578815583524556
Degexit'an,dege1248,NA,0,0,0.05409004869242165,0.9459099513075784,0,0,0.26179604316449684
Degexit'an,dege1248,NA,0,0.06487737065360645,0.2596674073357437,0.505687994631387,0.07741282616215758,0.09235440121710516,0.16885814922922077
Degexit'an,dege1248,NA,0,0.4203399584823034,7.161468010459269e-9,0,0.5796600343562286,0,0.0598690744467973
Degexit'an,dege1248,NA,0,0.2204487918680556,0.11055329156413056,0.5527508397797968,0,0.11624707678801696,0.08233878140235382
Munggava,mung1271,NA,0.558976545684873,0.18494836294438197,0.18838716212891551,0,0.06768792924182958,0,0.11099802810531534
Munggava,mung1271,NA,0,0,0.17058103091299567,0,0.7694079765835808,0.06001099250342354,0.0371916380160675
Munggava,mung1271,NA,0,1,0,0,0,0,0.00550500422965211
Munggava,mung1271,NA,0,0,0.6949751405913648,0,0,0.3050248594086352,0.01769258523198436
Munggava,mung1271,NA,0,0.6042091178453928,0,0,0.3957908821546072,0,0.00792485621869202
Northern Gondi,nort2702,NA,0.2233023089155852,0,0,0,0.00849077154029992,0.7682069195441148,0.05343410854984198
Northern Gondi,nort2702,NA,0.04205399308706197,0.421163643413446,0.5367823634994919,0,0,0,0.03265528069913473
Northern Gondi,nort2702,NA,0,0.30091475932218154,0,0.2589637333367305,0.1883248707438513,0.2517966365972366,0.06298008107150571
Northern Gondi,nort2702,NA,0,0,0.4409889442201953,0,0,0.5590110557798047,0.04759234195706355
Northern Gondi,nort2702,NA,0,0,0,0.5430695150616408,0.34164207828202314,0.115288406656336,0.04661168953294929
Lingua Geral Paulista,tupi1274,NA,0,0.11598804216404247,0,0.8801927270182307,0.00381923081772688,0,0.03240512652466327
Lingua Geral Paulista,tupi1274,NA,0.2129554552584064,0,0.7654769426981831,0,0,0.02156760204341041,0.12595715330823273
Lingua Geral Paulista,tupi1274,NA,0.9736457135153488,0,0,0,0,0.02635428648465112,0.02427209477758602
Lingua Geral Paulista,tupi1274,NA,0,0,0,0,0.4664563629648896,0.5335436370351104,0.01256500722219225
Lingua Geral Paulista,tupi1274,NA,0,0,0.1769851330668089,0.8230148669331911,0,0,0.03860384502464108
Martu Wangka,mart1256,NA,0.7596616635172353,0.17281997385355952,0,0,0,0.06751836262920512,0.01720487429361088
Martu Wangka,mart1256,NA,0.49869660233903274,0.5013033976609673,0,0,0,0,0.02636754756148484
Martu Wangka,mart1256,NA,0.526829859419187,0.01274082890491967,0,0.4604293116758933,0,0,0.05169116442835216
Martu Wangka,mart1256,NA,0.5616269635492671,0,0,0.2524965126515612,0,0.18587652379917177,0.02149308521602514
Martu Wangka,mart1256,NA,0,0.1613362117762831,0,0,0.4763387342713359,0.362325053952381,0.04029028898358092
I'saka,kris1246,NA,0.653037648403718,0,0,0.34696235159628186,0,0,0.04545637737807558
I'saka,kris1246,NA,0,0.05575687003756427,0.7966413506187919,0,0,0.14760177934364382,0.00691640353588174
I'saka,kris1246,NA,0.1466916899987218,0,0,0.2064316404073744,0,0.6468766695939039,0.06085210142227104
I'saka,kris1246,NA,0.612838988090004,0,0.10787176754308184,0,0,0.2792892443669141,0.03503195292097533
I'saka,kris1246,NA,0,1,0,0,0,4.134466185265351e-17,-0.00876666503923557
Nuclear Miami,nucl1653,NA,0,0,0,1,0,0,0.00401165214549305
Nuclear Miami,nucl1653,NA,0,0,0.2226321123808241,0.00178556994206357,0,0.7755823176771122,0.0082548939632736
Nuclear Miami,nucl1653,NA,0.01403034419205601,0,0.4839698590792186,0,0.5019997967287254,0,0.03888412196720695
Nuclear Miami,nucl1653,NA,0,0,0,0,0,1,0.02062279977620006
Nuclear Miami,nucl1653,NA,0,0,0,0.8382107074901942,0,0.16178929250980567,0.00684835654340644
Hupa-Chilula,hupa1239,NA,0,0,0,1,0,0,0.02524142501020773
Hupa-Chilula,hupa1239,NA,0.1948853423180294,0,0,0,0.8051146576819707,0,0.03033870886842805
Hupa-Chilula,hupa1239,NA,0,0,0,0,1,0,0.02620295212232165
Hupa-Chilula,hupa1239,NA,1,0,0,0,0,0,0.03893770459571974
Hupa-Chilula,hupa1239,NA,0.13738984983778915,0.20161285106589447,0,0.3431403530369653,0.31785694605935105,0,0.0304593783751494
Luvale,luva1239,NA,0,0,0.9030379477872787,0,0,0.09696205221272114,0.06793113299122447
Luvale,luva1239,NA,0,0,1,0,0,0,0.02147795316137183
Luvale,luva1239,NA,0.17828630016933594,0.33268923603280776,0.24145947122915928,0.2404263232589868,0.00713866930971024,0,0.03877647995270619
Luvale,luva1239,NA,0,0.6579813489473031,0.34201865105269685,0,0,0,0.03596946265616179
Luvale,luva1239,NA,0.8461692106597798,0,0,0,0,0.15383078934022026,0.03202008121489968
Unua,unua1237,NA,0.2736319444052628,0.01917918508568478,0.33482692807266357,0.15975759571204895,0,0.2126043467243399,0.06282039502001344
Unua,unua1237,NA,0.21688004065850897,0,0,0.783119959341491,0,0,0.05431372395447943
Unua,unua1237,NA,0,0.3907514925702335,0,0,0,0.6092485074297664,0.01647284123116371
Unua,unua1237,NA,0.03526310462644847,0.0860623533715017,0.21702738048549483,0,0,0.6616471615165551,0.04072075529443241
Unua,unua1237,NA,0,0.3260906355553092,0,0,0.385733456012924,0.2881759084317669,0.03822406274762841
Icari,icar1234,NA,0.7882759923756749,0,0,0.05463069696203902,0.15709331066228605,0,0.05639866826387774
Icari,icar1234,NA,0,0.30339222584132486,0.6966077741586751,0,0,0,0.03762061926673034
Icari,icar1234,NA,0,0.1035666952952354,0.7398496822488538,0.1565836224559108,0,0,0.01877710997037902
Icari,icar1234,NA,0,0.4449888877863732,0,0.5550111122136268,0,0,0.01754301694631598
Icari,icar1234,NA,0,0.42732240589172527,0.5351918373713016,0.03748575673697318,0,0,0.00630429108957969
Waimiri-Atroari,waim1253,NA,0,0.6071975317407813,0.3928024682592186,0,0,0,0.00525580470327195
Waimiri-Atroari,waim1253,NA,0.13690892840274357,0,0.08460217231825841,0.16855557061146684,0.4883087030354078,0.1216246256321234,0.06697883566273058
Waimiri-Atroari,waim1253,NA,0,0.16570126447318836,0.8342987355268116,0,0,0,0.03375144480192898
Waimiri-Atroari,waim1253,NA,0,0,0,0,0.7955790417850931,0.20442095821490688,0.04132835896845891
Waimiri-Atroari,waim1253,NA,0,0,0.22879495634319047,0.1536451259911328,0.6175599176656767,0,0.01566318897755193
Kunimaipa,kuni1267,NA,0.4764556135609188,0.04624122515222211,0.16124460201264784,0.05576661802173426,0.26029194125247695,0,0.0615404568733747
Kunimaipa,kuni1267,NA,0,0,0,0.698428330517812,0,0.301571669482188,0.03026354092709327
Kunimaipa,kuni1267,NA,0.0698954015393056,0.00531484515633069,0.63607409046047525,0,0.2887156628438885,0,0.0291957845190147
Kunimaipa,kuni1267,NA,0.6386144300394735,0.1260862644242637,0.07733427752638425,0.1579650280098787,0,0,0.05473076245754513
Kunimaipa,kuni1267,NA,0,0.7136833001790911,0,0,0.286316699820909,0,0.02572839767555496
Gigatl,giga1238,NA,0,0.18649204802405236,0,0.7114044762761242,0.10210347569982338,0,0.0310349783488466
Gigatl,giga1238,NA,0.784025464747345,0.10135450786302282,0,0,0.06047632002297479,0.05414370736665733,0.04481590600171993
Gigatl,giga1238,NA,0,0.5468122009459685,0,0.08046585716830924,0.15826343099977702,0.2144585108859452,0.01406347149374619
Gigatl,giga1238,NA,0,0.3799219354431944,0,0,0,0.6200780645568057,0.00953817491966957
Gigatl,giga1238,NA,0,0,1,0,0,0,0.02741301669863139
Malayalam,mala1464,NA,0,0.6378805291905797,0,0,0.36211947080942025,0,0.05133176850611293
Malayalam,mala1464,NA,0.11944609313113748,0,0,0,0.8805539068688625,0,0.01036360639289353
Malayalam,mala1464,NA,1,0,0,0,0,0,-5.0768216090277e-4
Malayalam,mala1464,NA,0.19264650480884415,0,0.26237164647959715,0,0.5449818487115586,0,0.023409767071197
Malayalam,mala1464,NA,0.5338107934558792,0.1549362919303162,0,0.11870170438403826,0,0.1925512102297663,0.05851290607385503
Northern Pomo,nort2966,NA,0.5646583768847715,0,0,0.05638669982636708,0.225638056674454,0.15331686661440735,0.05322631015981292
Northern Pomo,nort2966,NA,0.14159183608695,0.02048580168742915,0.6309134399290652,0.2070089222965556,0,0,0.05265328688583009
Northern Pomo,nort2966,NA,0.6616268938155517,0.12271999308800403,0.08049169636474103,0,0,0.1351614167317032,0.03052366745348841
Northern Pomo,nort2966,NA,0.5326988651407915,0,0,0,0,0.4673011348592085,0.01007890296285717
Northern Pomo,nort2966,NA,0,0,0,0.4507983251548991,0,0.5492016748451009,0.01694019187834457
Asu (Tanzania),asut1235,NA,0,0,0.00659824923005031,0.7445565315381742,0.24884521923177544,0,0.02991115782553315
Asu (Tanzania),asut1235,NA,0,5.551115123125783e-17,0,1,0,0,9.5763664934887e-4
Asu (Tanzania),asut1235,NA,0,0.19280101604389627,0.8071989839561038,0,0,0,0.03014860702133134
Asu (Tanzania),asut1235,NA,0.9952437106066812,0,0,0.00475628939331866,0,0,0.02420922143724041
Asu (Tanzania),asut1235,NA,0.45963609714802856,0,0.5403639028519714,0,0,0,0.03039279221911937
Lunda,lund1266,NA,0,1,0,0,0,0,0.01028700438018424
Lunda,lund1266,NA,0,0.2027545671493102,0.6537079828825889,0.14353744996810086,0,0,0.03338142395616458
Lunda,lund1266,NA,0.02321156366976379,0,0.36552854367034465,0.1884462322187462,0.1258783953068209,0.29693526513432444,0.04551142674054887
Lunda,lund1266,NA,0,0.5210056016413952,0,0,0.47899439835860486,0,0.02625667215850442
Lunda,lund1266,NA,0,0,0,0,1,0,0.03081106646674554
Yugambal,yuga1244,NA,0,0.5431201844573946,0.05303083800023861,0.03060797564846529,0,0.3732410018939013,0.03061758138961066
Yugambal,yuga1244,NA,0,0,0,0.7080526947647979,0,0.29194730523520196,0.02903703958731286
Yugambal,yuga1244,NA,0,0,0.9979418468754814,0,0.00205815312451863,0,0.03007635372329616
Yugambal,yuga1244,NA,0.5398668186041404,0.4266765504396999,0,0,0,0.03345663095615962,0.04709879681624224
Yugambal,yuga1244,NA,0.4215207729894504,0,0.12500529781640568,0.1854822711289449,0,0.26799165806519903,0.04184206386339986
Balochic,balo1260,NA,0.3689122818370036,0,0,0.0843991462714851,0,0.5466885718915112,0.09094567214286724
Balochic,balo1260,NA,0,0.2647452641088966,0.5066210279924886,0,0.1681614134360954,0.06047229446251932,0.08541325467549041
Balochic,balo1260,NA,0,0,0,0,0.6901056757500043,0.30989432424999575,0.01587102441483168
Balochic,balo1260,NA,0,1,0,0,0,0,0.0022072769075429
Balochic,balo1260,NA,0.16747959147191838,0,0.17566632098566387,0.6247471083408553,0.03210697920156254,0,0.0394831364616412
Tokelau,toke1240,NA,0.6285079259984794,0,0.1773049518458968,0,0.19418712215562384,0,0.0388974767585846
Tokelau,toke1240,NA,0.6639171048020938,0.2628861369158838,0,0,0.07319675828202245,0,0.01308263640247485
Tokelau,toke1240,NA,0,0,0,0,1,0,0.0095895058158048
Tokelau,toke1240,NA,0.855484859738827,0,0,0.08992547568753893,0,0.05458966457363395,0.01850299052494624
Tokelau,toke1240,NA,0.1464028425854647,0,0,0,0.18356591985734513,0.6700312375571902,0.024802812579175
Northern Emberá,nort2972,NA,0.47647347726028144,0,0,0.37761135994129574,0,0.14591516279842273,0.03519750108927731
Northern Emberá,nort2972,NA,0,0.03137039633885139,0.9686296036611486,0,0,0,0.04382029749167882
Northern Emberá,nort2972,NA,0,0.00926592556356684,0.3889112971973764,0,0.13851105407074651,0.4633117231683103,0.02265925494344988
Northern Emberá,nort2972,NA,0,0,0,0,1,0,0.01190562480535593
Northern Emberá,nort2972,NA,0.00267571815475788,0.05642282118136412,0.940901460663878,0,0,0,0.07845783662839664
Sakata,saka1287,NA,0,0,0.7192846267743839,0,0.09536964572633624,0.1853457274992799,0.08061467393127754
Sakata,saka1287,NA,0,0.5058636935851258,0.1774753653287808,0,0.30052026420125694,0.01614067688483646,0.10458380440608364
Sakata,saka1287,NA,0.3686215934423154,0.14856051457319996,0.0886059076986196,0.03594281543018953,0.35826916885567545,0,0.06437702321228467
Sakata,saka1287,NA,0,0.8602937670644069,0,0,0.13970623293559326,0,0.04301681747407094
Sakata,saka1287,NA,0,0,0,0,0,1,-0.00657748044164912
Yalarnnga,yala1262,NA,0.7317358971300714,0,0,0.2682641028699287,0,0,0.0844891154838025
Yalarnnga,yala1262,NA,0.04405006603717461,0.9559499339628252,0,0,0,0,0.01428173240070765
Yalarnnga,yala1262,NA,0,0.1264556593591139,0.44718198548604027,0,0,0.42636235515484583,0.02662797800907479
Yalarnnga,yala1262,NA,0,0,0.9482288106905604,0.05177118930943933,0,0,0.11225582964981916
Yalarnnga,yala1262,NA,0.15460665631038004,0,0.4739868968536868,0,0.3714064468359332,0,0.06135484723705158
Southern-Coastal Tsimshian,nucl1649,NA,0,0,0,1,0,0,0.03021207944095771
Southern-Coastal Tsimshian,nucl1649,NA,0,0,0.5694749789996234,0.4227901222509672,0,0.00773489874940942,0.04958100990761611
Southern-Coastal Tsimshian,nucl1649,NA,0,0.8684820261901516,0,0.02082428618933726,0,0.11069368762051118,0.0516180091785035
Southern-Coastal Tsimshian,nucl1649,NA,0,0,0,0,0,1,0.00186934101766534
Southern-Coastal Tsimshian,nucl1649,NA,0.8790371811669144,0,0,0,0,0.12096281883308552,0.01158118804770895
Wapishana,wapi1253,NA,0.3059499164104782,0,0,0.6769791285362445,0,0.01707095505327734,0.01344021221033525
Wapishana,wapi1253,NA,0,0,0,0,1,0,0.00839556167686456
Wapishana,wapi1253,NA,0.4841437594734008,0.2683180775295411,0,0,0.02770370266339311,0.21983446033366497,0.03073784458159509
Wapishana,wapi1253,NA,0.9002988387118901,0,0.09970116128810992,0,0,0,0.01717441181930341
Wapishana,wapi1253,NA,0,0,0,0,0.961108726202628,0.03889127379737187,0.0114870163429964
Puelche,puel1244,NA,0.25765066451589524,0.08014342008633657,0,0.4753038023844246,0.1869021130133436,0,0.02578772149324753
Puelche,puel1244,NA,0.7796294512026313,0.02177227349893132,0,0,0,0.1985982752984373,0.00997689961834536
Puelche,puel1244,NA,0.7408575934607897,0,0.2591424065392103,0,0,0,0.02337088191646925
Puelche,puel1244,NA,0,0,0,1,0,0,0.00236326002878877
Puelche,puel1244,NA,0,0.5559994834247702,0,0,0.4440005165752297,0,0.0160501895948363
Kalam,kala1397,NA,0,0,0,0,0,1,0.03715068855674912
Kalam,kala1397,NA,0.6067824730663139,0.22266648507547576,0,0.09381871534354902,0,0.07673232651466136,0.02495710826110913
Kalam,kala1397,NA,0,0,0,0.3935522603565086,0.21318643069620233,0.3932613089472892,0.01694668888164074
Kalam,kala1397,NA,0,0,0,0,0,1,0.00766566397863874
Kalam,kala1397,NA,0.6291449849557594,0,0.34200571119486844,0.01809857770868717,0,0.01075072614068504,0.02875512932051344
Slave,slav1253,NA,0,0,0.4820582758975855,0.5179417241024146,0,0,0.05304055350749
Slave,slav1253,NA,0,0.5278874599567436,0,0.15615253370949309,0.16260952848388074,0.15335047784988246,0.02284093411503253
Slave,slav1253,NA,0,0.05518848737681776,0.08019080857585688,0.8646207040473254,0,0,0.05160188997466378
Slave,slav1253,NA,0,0,0,1,0,0,-0.00561971163702617
Slave,slav1253,NA,1,0,0,0,0,0,0.03544334021198915
Livonian,livv1244,NA,0.208768761485203,0.26554162978801654,0.434475882399313,0.0912137263274674,0,0,0.03723172263343426
Livonian,livv1244,NA,0,0.21527833726306997,0.26608987720407107,0,0.2064347299985628,0.3121970555342961,0.06858991138881906
Livonian,livv1244,NA,0,0,0,0.7964680701309712,0.2035319298690287,0,-0.02129245735977165
Livonian,livv1244,NA,0.39902221077238886,0,0.06864314186417586,0,0.5323346473634352,0,0.05273250283678021
Livonian,livv1244,NA,0,0,0,0,0.07231454340227526,0.9276854565977248,0.10041472494519552
Wayuu,wayu1243,NA,0,0,0,0.7901463065538715,0,0.20985369344612848,0.02670442891399227
Wayuu,wayu1243,NA,0.7276746817965469,0.1508192112988751,0,0.12150610690457794,0,0,0.02142987217894265
Wayuu,wayu1243,NA,0,0.8994036836319993,0,0.10059631636800076,0,0,0.0151897236579158
Wayuu,wayu1243,NA,0,0,0.8949999208987611,0,0.1050000791012389,0,0.03437109609283509
Wayuu,wayu1243,NA,0,0.6634594362610151,0,0,0.1463023743230162,0.19023818941596865,0.01443599282213486
Sirionó,siri1273,NA,0,0.08969665328179885,0,0.06676661401276966,0.8435367327054316,0,0.01177205396794913
Sirionó,siri1273,NA,0.08963501253797175,7.4504372262168e-4,0.784121455493771,0.1254984882456356,0,0,0.06446333361318042
Sirionó,siri1273,NA,0,0,0.5940860074718407,0,0.27978443084699217,0.12612956168116715,0.05202912096965519
Sirionó,siri1273,NA,0.07731308960737567,0,0.17317821922444376,0,0.7495086911681805,0,0.06800958659334837
Sirionó,siri1273,NA,0,0,0.4985861411079841,0,0.2647927499336919,0.23662110895832397,0.04013742325268222
Serbian-Croatian-Bosnian,sout1528,NA,0.18776674594114487,0.12886961012445888,0.6833636439343963,0,0,0,0.01592074098009501
Serbian-Croatian-Bosnian,sout1528,NA,0,0,0,1,0,0,0.00834713512613079
Serbian-Croatian-Bosnian,sout1528,NA,0,0.08240843715951718,0.15220938121695796,0.39555266445948095,0.23129694917809857,0.13853256798594546,0.0341760965044845
Serbian-Croatian-Bosnian,sout1528,NA,0,0.21624332887375008,0,0,0,0.7837566711262499,0.01593626270885381
Serbian-Croatian-Bosnian,sout1528,NA,0.4841082618602872,0.02761169217913811,0,0.18194059938496857,0.3063394465756062,0,0.02016577958159558
Ngiyambaa,wang1291,NA,0,0.04300174078091245,0,0.8622710832076961,0.09472717601139138,0,0.02807927102224057
Ngiyambaa,wang1291,NA,0,0.9371916690182416,0,0,0,0.06280833098175831,0.01553992991150535
Ngiyambaa,wang1291,NA,0,0,0,0,1,0,0.00522772598992371
Ngiyambaa,wang1291,NA,0,0.07562945926839013,0,0,0.16995302329385925,0.7544175174377507,0.01403356145806714
Ngiyambaa,wang1291,NA,0,0.4051578589882458,0,0,0.5948421410117541,0,0.01632310397382792
Lenakel,lena1238,NA,0,0,0.3699997179399957,0.04168926636616407,0,0.5883110156938404,0.01969349647419977
Lenakel,lena1238,NA,0.09238606329317896,0.35617899839002704,0.02150735835646539,0.13953279361276255,0.3009429009932575,0.0894518853543086,0.03183742645750469
Lenakel,lena1238,NA,0,0.9037896280058998,0,0,0.09621037199410024,0,0.00710547282916886
Lenakel,lena1238,NA,0.3291105708455432,0.239697971845968,0,0.02489725717456417,0.02142233871073772,0.38487186142318686,0.09158645362159862
Lenakel,lena1238,NA,0,0,0.7770702006757408,0.22292979932425913,0,0,0.03378783821403179
Lalomerui,lalo1239,NA,0.4024364895227109,0,0,0.05145055652433056,0.5461129539529584,0,0.06045268767276271
Lalomerui,lalo1239,NA,0.13270077490102106,0.34750947507498603,0,0,0.519789750023993,0,0.05658642873641581
Lalomerui,lalo1239,NA,0.4434302929631401,0,0,0,0.4528154706384389,0.10375423639842092,0.01445756158023597
Lalomerui,lalo1239,NA,0.107686457389122,0,0,0.09284314405443551,0.7994703985564425,0,0.03075055138307247
Lalomerui,lalo1239,NA,0,0,0,0,0.6276530163445809,0.3723469836554189,0.0265664685343737
Gusii,gusi1247,NA,0.4735040810065769,0,0,0.36785017873968673,0.08913865155721047,0.06950708869652591,0.05215674951225227
Gusii,gusi1247,NA,0.09573601834555882,0,0.15325369325709506,0.26150021749609825,0.4895100709012479,0,0.03879026516494087
Gusii,gusi1247,NA,0,0,0,0.520590647106022,0.2392436971688753,0.2401656557251028,0.02542667600624541
Gusii,gusi1247,NA,0,0.6620886622601068,0,0,0.3379113377398932,0,0.04126289334009481
Gusii,gusi1247,NA,0,0,0,0,1,0,0.0042831655435098
'Are'are,area1240,NA,0,0.40044470931684584,0,0.599555290683154,0,0,0.0110244961470372
'Are'are,area1240,NA,0,0.18737092262139335,0,0.8126290773786067,0,0,0.01094815542395613
'Are'are,area1240,NA,0,0.5655413131668672,0,0.36558832555193954,0.06887036128119343,0,0.01210439988039321
'Are'are,area1240,NA,0.7304399423972241,0,0.26956005760277596,0,0,0,0.03568818604065138
'Are'are,area1240,NA,0,0,0,0,0,1,0.0091099076533627
Kamayurá,kama1373,NA,0,0,0,0,1,0,-0.00266350102137099
Kamayurá,kama1373,NA,0,0,0,1,0,0,0.01306687609687595
Kamayurá,kama1373,NA,0,0,0,0,0,1,0.01905868231512197
Kamayurá,kama1373,NA,0.8653653684080345,0,0,0,0.05770865873327457,0.07692597285869099,0.02883859609607988
Kamayurá,kama1373,NA,0,0,0,1,0,0,0.01633366110152989
Venda,vend1245,NA,0.17030065586703128,0,0.8296993441329686,0,0,0,0.04033602587295913
Venda,vend1245,NA,0,0.5643573759190431,0,0.31684117224631425,0.11880145183464257,0,0.06073340839938062
Venda,vend1245,NA,0.00526084492345997,0,0.5476123840671081,0,0.44712677100943193,0,0.12721001208170782
Venda,vend1245,NA,0.5530281206809066,0,0.24787270947812404,0.19909916984096945,0,0,0.04190992649837068
Venda,vend1245,NA,0,0.13415564505017,0,0,0.823125656989523,0.04271869796030696,0.01372926681341963
Miani,mian1254,NA,0.42059054698338094,0,0,0.27883304642156653,0.26571460526834634,0.03486180132670611,0.06924831522212321
Miani,mian1254,NA,0.5707441935899723,0,0,0.42925580641002775,0,0,0.0229489460381859
Miani,mian1254,NA,0,0.4210784583034401,0.26571153942363707,0.18338488576813,0.12982511650479275,0,0.04433290415672354
Miani,mian1254,NA,0,0,0.41594018222310136,0,0,0.5840598177768985,0.03637644879029899
Miani,mian1254,NA,0.33699829920796726,0,0.17781545957537406,0.25415748013816564,0.23102876107849293,0,0.01743795545956349
Banjar,banj1239,NA,0.5690822319824069,0,0,0.4309177680175932,0,0,0.00235571429730604
Banjar,banj1239,NA,0,0,0,0.6987917225392204,0.3012082774607796,0,0.02409591557968336
Banjar,banj1239,NA,0.8224561676307467,0,0,0,0,0.1775438323692534,0.05059852197001141
Banjar,banj1239,NA,0.22522546979839067,0,0.4764934862169975,0,0.2982810439846118,0,0.04162165274997102
Banjar,banj1239,NA,0,0.34605413979157745,0.05963206975987519,0.04623616873062401,0,0.5480776217179232,0.00938656542894816
Duna,duna1248,NA,0,0,0,0,0.6582762053417347,0.34172379465826525,0.01991357968950984
Duna,duna1248,NA,0.21571243760151548,0,0.7048496009885826,0.07925542821133076,1.8253319857118e-4,0,0.07923734434487639
Duna,duna1248,NA,0,0.3175326544717026,0,0.474196966296166,0.20827037923213143,0,0.0071071702899879
Duna,duna1248,NA,0.17710211362283054,0.3985752178468892,0,0,0.4243226685302802,0,0.01831773587628749
Duna,duna1248,NA,0,0,0.8219607748536438,0,0.03035927205558981,0.14767995309076631,0.03094046272452373
Adnyamathanha,adny1235,NA,0.13444729034605046,0.04998195550176265,0,0.6559033235585582,0,0.15966743059362884,0.04027536597602394
Adnyamathanha,adny1235,NA,0,0,0,0,0,1,0.0096963277946614
Adnyamathanha,adny1235,NA,0,1,0,0,0,0,0.06885981337611487
Adnyamathanha,adny1235,NA,0.9923131146946198,0.00768688530538019,0,0,0,0,0.01150531716188961
Adnyamathanha,adny1235,NA,0.06915812864490634,0,0.9308418713550936,0,0,0,0.03700942153775026
Warlpiri,warl1254,NA,0.03463157095387848,0.05038855283179637,0.9149798762143252,0,0,0,0.13803439894110375
Warlpiri,warl1254,NA,0.1884032130585573,0,0.7047729371479353,0.00249340839844077,0.02747809555807134,0.0768523458369952,0.07507615199593849
Warlpiri,warl1254,NA,0.03151853004706956,0.14028477054191654,0.30239752582799,0,0.525799173583024,0,0.0300420668716511
Warlpiri,warl1254,NA,0.6188034141546129,0,0,0,0.381196585845387,0,0.00954741279248628
Warlpiri,warl1254,NA,0.2153042811959997,0,0,0.7846957188040002,0,0,0.02276754689635411
Wayampi,waya1270,NA,0.12150005567675476,0.7953051226539243,0.0831948216693209,0,0,0,0.03599939031267275
Wayampi,waya1270,NA,0.14463343308355694,0,0.6860114946107996,0.16935507230564356,0,0,0.04590475121646393
Wayampi,waya1270,NA,0,1,0,0,0,0,0.01752439361143652
Wayampi,waya1270,NA,0.12162192432170096,0.649510780060502,0.18957133672055573,0.03929595889724111,0,0,0.0481810292162993
Wayampi,waya1270,NA,0.18563976955635184,0.297681671995988,0.2278513062642992,0,0.28882725218336097,0,0.03464804293782385
Italian,ital1282,NA,0.04985707709483853,0.9112969003201574,0,0,0.03884602258500399,0,0.03228717909045672
Italian,ital1282,NA,0.5665481285534565,0.3512748490031614,0,0.08217702244338204,0,0,0.01499082226559979
Italian,ital1282,NA,0.14445416691235596,0,0.855545833087644,0,0,0,0.02868534984403833
Italian,ital1282,NA,0,0,0,0,0,1,0.02671753905422967
Italian,ital1282,NA,0.21439660605528027,0.14686123595416944,0.5426438059124054,0,0.09609835207814488,0,0.04223933043056917
Kadar,kada1242,NA,0,0.5424653879451283,0,0,0,0.4575346120548716,0.01334217469297736
Kadar,kada1242,NA,0.35246149874124477,0,0,0,0,0.6475385012587552,0.03966599165502137
Kadar,kada1242,NA,0.4183961154305677,0.16009345381225723,0.414538277900902,0.00697215285627317,0,0,0.01288037209490648
Kadar,kada1242,NA,0.10582905046350756,0.15994124212246602,0,0.4936312628496609,0.1308798183562252,0.10971862620814024,0.0559710584373718
Kadar,kada1242,NA,0.30036517031893367,0,0.06639842465410908,0.003369763058953,0.5516454979904333,0.0782211439775711,0.09848292797573063
Avatime,avat1244,NA,0.7613768604883656,0,0.02155917986060293,0.21706395965103156,0,0,0.06962464071856733
Avatime,avat1244,NA,0.06520796266228447,0.05892835112515282,0.00177634839157439,0.28639658931417444,0,0.5876907485068138,0.13441859582635823
Avatime,avat1244,NA,0.17404611349641266,0.08860550539594844,0.1937403444504928,0,0.5410146422653288,0.00259339439181719,0.09609880676543496
Avatime,avat1244,NA,0,0,0,1,0,0,-1.2562694714772e-4
Avatime,avat1244,NA,0,0,0,0,0,1,0.01611862200545974
Tonga (Tonga Islands),tong1325,NA,0,0.1596179096155165,0.19334277416334184,0.5676210653422251,0,0.07941825087891656,0.01714044541519741
Tonga (Tonga Islands),tong1325,NA,0,0.2968161727703495,0,0,0.7031838272296504,0,0.05722685899102719
Tonga (Tonga Islands),tong1325,NA,0,0,0,1,0,0,0.02365381149552695
Tonga (Tonga Islands),tong1325,NA,0.00153331399761675,0,0,0.2726644830863166,0.7258022029160666,0,0.0251783963579013
Tonga (Tonga Islands),tong1325,NA,0.2825880018832417,0.08300740707733503,0.3723072624483119,0,0.2620973285911114,0,0.02976831994215325
Lewo,lewo1242,NA,0,0,0,1,0,0,0.02406817315325259
Lewo,lewo1242,NA,0.6481141978453632,0.08725419309834542,0,0,0.06441391098167991,0.2002176980746116,0.09148290830685755
Lewo,lewo1242,NA,0,0,0.04542759062995058,0.08913115167998917,0.8654412576900603,0,0.12715767886977788
Lewo,lewo1242,NA,0,0,0.4489651467165418,0.5510348532834582,0,0,0.00739978259473017
Lewo,lewo1242,NA,0,0.21490076790915788,0.112109184973302,0.67299004711754,0,0,0.10171891309308596
Western Mari,west2392,NA,0,0,0,0,1,0,0.01920280883645296
Western Mari,west2392,NA,0.3259036360871797,0,0.6740963639128204,0,0,0,0.04103306089511495
Western Mari,west2392,NA,0,0.34538574927769555,0,0,0.6546142507223045,0,0.03627147440298834
Western Mari,west2392,NA,0,0.22784877453697297,0,0,0,0.7721512254630272,0.01400901012853466
Western Mari,west2392,NA,0,0,0,0,0.769293673367962,0.23070632663203808,0.00409374649529259
Urdu,urdu1245,NA,0,0.287584058927857,0.712415941072143,0,0,0,0.03345369372067358
Urdu,urdu1245,NA,0.4211925460294419,0,0,0.578807453970558,0,0,0.04283141034964638
Urdu,urdu1245,NA,0.01886504565071981,0,0.5081215327425835,0,0.4730134216066965,0,0.02177666581283826
Urdu,urdu1245,NA,0,0.9603428245659918,0,0,0,0.03965717543400803,0.04001540455315103
Urdu,urdu1245,NA,0.0405557488007947,0.3412241315968771,0.5862658264857621,0,0,0.03195429311656611,0.04745853744659138
Hindi,hind1269,NA,0.3462332980625472,0,0,0,0.6537667019374529,0,0.01337594254142079
Hindi,hind1269,NA,0,0.27586090497161037,0.34377355072392785,0.25388906534884376,0.06338983177147026,0.06308664718414768,0.02141624768294862
Hindi,hind1269,NA,0,0,0.3608651749841369,0.5295355527509915,0,0.1095992722648716,0.03927530856963499
Hindi,hind1269,NA,0.32925282365797015,0,0.3014709005624697,0.09158891158403742,0.27768736419552265,0,0.02021068921757694
Hindi,hind1269,NA,0,0,1,0,0,0,0.01450818977313339
Sika,sika1262,NA,0.5789980303127648,0.27713232122882486,0.14386964845841033,0,0,0,0.31684549021928454
Sika,sika1262,NA,0,0.02557126742424719,0.06949707370662163,0.23439596433609425,0.670535694533037,0,0.08108418284419329
Sika,sika1262,NA,0.9020953264564852,0,0.09790467354351468,0,0,0,0.0195999247364335
Sika,sika1262,NA,0,0,9.991881075125535e-10,0,0.999999999000812,0,0.08436240166691814
Sika,sika1262,NA,0,0.317105082008001,1.218942299697694e-7,0.6828947960977689,0,0,0.1136746050493804
Gwich'in,gwic1235,NA,0.15504630533709043,0.8449536946629096,0,0,0,0,0.01537738414232785
Gwich'in,gwic1235,NA,1,0,0,0,0,0,7.238873501983194e-5
Gwich'in,gwic1235,NA,0,0,0.5231156477292114,0.268879465945593,0,0.20800488632519573,0.04960579936584265
Gwich'in,gwic1235,NA,0.6185948312298775,0.3409247946854614,0,0,0,0.04048037408466107,0.06940092811727938
Gwich'in,gwic1235,NA,0,0.5172941377912406,0.00686908214719721,0.47583678006156216,0,0,0.02230434911708155
Ute-Southern Paiute,utes1238,NA,0.675247727475892,0,0,0,0,0.324752272524108,0.05544798243912128
Ute-Southern Paiute,utes1238,NA,0,0.957615560965018,0,0.04238443903498206,0,0,0.04883892921727267
Ute-Southern Paiute,utes1238,NA,0.12547006638523783,0,0,0.5991460467213032,0,0.27538388689345894,0.05504224062496343
Ute-Southern Paiute,utes1238,NA,0,0,0,0,1,0,0.03582277060996767
Ute-Southern Paiute,utes1238,NA,0,0.2440779730894264,0.1357958586333579,0.6201261682772157,0,0,0.05952904005807442
Mbuun,mpuo1241,NA,0,1,0,0,0,0,0.02373347313619129
Mbuun,mpuo1241,NA,0,0,1,0,0,0,0.05286185554417422
Mbuun,mpuo1241,NA,0.9574160941666596,0,0,0,0.0425839058333405,0,0.03209012489808511
Mbuun,mpuo1241,NA,0,0,0,0.01894492591444593,0.8108308333900854,0.17022424069546857,0.07086829669578971
Mbuun,mpuo1241,NA,0.05403385619561976,0,0,0.5339348716640681,0.3689934907514691,0.04303778138884298,0.02218443632746905
Awetí,awet1244,NA,0,0,0,0.8738121440430042,0.12618785595699572,0,0.00567439324235253
Awetí,awet1244,NA,0,0,0.6807860734115435,0.3192139265884565,0,0,0.03108410467273618
Awetí,awet1244,NA,0,0.1318651970652513,0,0.35888283074889915,0.5092519721858495,0,0.01980755463645955
Awetí,awet1244,NA,0.7500947245472177,0.02379170171364294,0,0,0.22611357373913932,0,0.0620445814885585
Awetí,awet1244,NA,0,0.28114057930113523,0,0,0,0.7188594206988648,0.00213932848221059
Tuvalu,tuva1244,NA,0.19010356462751624,0,0,0,0.5324258095232247,0.27747062584925897,0.02248231748697787
Tuvalu,tuva1244,NA,0.00660893518897627,0,0.157584663840849,0.8358064009701747,0,0,0.05266889076336043
Tuvalu,tuva1244,NA,0,0,0.8821567694054145,0.11784323059458532,0,0,0.03665442209058532
Tuvalu,tuva1244,NA,0,0.481684988674467,0.518315011325533,0,0,0,0.03843743154162096
Tuvalu,tuva1244,NA,0,1,0,0,0,0,0.00930036605015808
Myene,myen1241,NA,0.3340500455425719,0,0,0,0,0.6659499544574281,0.05197762113784241
Myene,myen1241,NA,0,0,0,0.7912536960681037,0.20874630393189636,0,0.03663526708095793
Myene,myen1241,NA,0,0,0,0.22686923352453756,0.7190277902693766,0.05410297620608592,0.05452959965316643
Myene,myen1241,NA,0,0.3763579032968794,0,0,0,0.6236420967031205,0.02744617698899891
Myene,myen1241,NA,0.33109307770765906,0.35619020211991376,0.0970147824024443,0.05214813141033741,0.1635538063596454,0,0.04135211791733547
Northeast Maidu,nort2952,NA,0,0,0,0,0,1,0.0085939043890239
Northeast Maidu,nort2952,NA,0,0.01791546229448194,0.6700154345607244,0.02644711319191159,0.2856219899528822,0,0.05087012605885693
Northeast Maidu,nort2952,NA,1,0,0,0,0,0,0.01005488871130196
Northeast Maidu,nort2952,NA,0,0,1,0,0,0,0.02143597056786534
Northeast Maidu,nort2952,NA,0,0.0979697746140838,0,0,0,0.9020302253859162,0.04312564678429319
Muna,muna1247,NA,0.5810905550970816,0,0.4189094449029184,0,0,0,0.01867706038143422
Muna,muna1247,NA,0,0.03182089427681367,0,0.9681791057231864,0,0,0.04358710320465213
Muna,muna1247,NA,0,0,1,0,0,0,0.00480918066855545
Muna,muna1247,NA,0,0.16930578348532693,0.378700014067077,0.18831113146973957,0,0.2636830709778565,0.05251062812464972
Muna,muna1247,NA,0,0.0365407371191749,0.21506439596187052,0.22696276890706815,0.5214320980118864,0,0.04060339228863266
Central Kurdish,cent1972,NA,0.5513942843400405,0.1906856214024895,0,0.25792009425747003,0,0,0.03162041669129337
Central Kurdish,cent1972,NA,0,0,0.76348475854737885,0.01557145936097027,0,0.2209437820916508,0.04733240383257657
Central Kurdish,cent1972,NA,0.8689429071548617,0.1310570928451383,0,0,0,0,0.03308916217822912
Central Kurdish,cent1972,NA,0.25253228751828416,0,0,0,0.647164296015698,0.10030341646601776,0.01072015685449821
Central Kurdish,cent1972,NA,0.10243724589710455,0.5781368637929964,0.319425890309899,0,0,0,0.09308490705434376
Xârâcùù,xara1244,NA,0,0,0.4878552071946395,0.3175154752060066,0.19462931759935392,0,0.05941684568002956
Xârâcùù,xara1244,NA,1,0,0,0,0,0,0.05766475027769297
Xârâcùù,xara1244,NA,0,0,0,0.07420589154417866,0.9257941084558212,0,0.02292690490387194
Xârâcùù,xara1244,NA,0,0,0.9314410489356136,0.06643866918735011,0,0.00212028187703613,0.07679569093247603
Xârâcùù,xara1244,NA,0,0,0,0,0.15873753032680973,0.8412624696731903,0.01293188011397217
Trinitario,trin1274,NA,0.43451988922171714,0.5369419223488977,0,0,0.02853818842938511,0,0.09072430163256534
Trinitario,trin1274,NA,0.09692806548468876,0,0,0.05140170026730546,0.6555291404475108,0.19614109380049505,0.1084032471920006
Trinitario,trin1274,NA,0.5998553309593067,0.3529239848066115,0,0.04722068423408188,0,0,0.1492523320472004
Trinitario,trin1274,NA,0,1,0,0,0,0,0.0024686917571177
Trinitario,trin1274,NA,0.3941501551267546,0.15615528815396565,0.02435365475179903,0,0.30732779523717496,0.1180131067303057,0.05955587017950174
Kawi,kawi1241,NA,0.2575671470391125,0,0.703353912594206,0.03907894036668147,0,0,0.03507208648754388
Kawi,kawi1241,NA,0.32027369541423306,0.30374389503933896,0.0947790371407534,0.01880936803525661,0.2623940043704179,0,0.0790920234962324
Kawi,kawi1241,NA,0,0,0,0.5783868085030597,0.4216131914969404,0,0.02823897532488761
Kawi,kawi1241,NA,0,0.00536806905090746,0.9946319309490924,0,0,0,0.03281223456401536
Kawi,kawi1241,NA,0,0,1,0,0,0,6.3128349923525e-4
Atampaya,atam1239,NA,0,0.15843018416274873,0.02295058325865718,0,0,0.8186192325785941,0.13806383868285882
Atampaya,atam1239,NA,0,0.4358394856146064,0.3189519262896972,0,0.24520858809569648,0,0.06661066157454495
Atampaya,atam1239,NA,1,0,0,0,0,0,0.02727766337956693
Atampaya,atam1239,NA,0,1,0,0,0,0,-0.00675321779392175
Atampaya,atam1239,NA,0,0.2973230006726099,0,0,0.01378312951580466,0.6888938698115854,0.07111869086358658
Kurukh,kuru1302,NA,0.07546944912732033,0,0.9245305508726795,0,0,0,0.0418302409917347
Kurukh,kuru1302,NA,0,0,0,0.7724387656802648,0,0.22756123431973513,0.00703092100672616
Kurukh,kuru1302,NA,0.24226967371042984,0.2877770540507898,0,0,0.2214772734825083,0.24847599875627205,0.02433451981475263
Kurukh,kuru1302,NA,0,0,0,0.5001876115278509,0.2061863753556244,0.2936260131165248,0.04227531360180494
Kurukh,kuru1302,NA,0,0.06953818524752245,0.4812484961111584,0.41968534723550743,1.8981448188377e-4,0.02933815692392788,0.09838262258806509
Tetela,tete1250,NA,1,0,0,0,0,0,0.01622047154747788
Tetela,tete1250,NA,0,0.22304695389774745,0.7769530461022526,0,0,0,0.02815054143083125
Tetela,tete1250,NA,0,0,0.2244764140887046,0.2132454691841195,0.562278116727176,0,0.03692216781984827
Tetela,tete1250,NA,0,1,0,0,0,0,-0.00635684727443006
Tetela,tete1250,NA,0,0.4182925943591105,0,0.10125755964630104,0,0.4804498459945885,0.0471855578721064
Tajio,taji1246,NA,0,0,1,0,0,0,0.04536392907664931
Tajio,taji1246,NA,0,1,0,0,0,0,-0.00295180729913218
Tajio,taji1246,NA,0,0,0.6563709776805072,0,0,0.3436290223194929,0.01600830788349915
Tajio,taji1246,NA,0.5401713270701229,0,0.4598286729298771,0,0,0,0.02659116338336697
Tajio,taji1246,NA,0,0.957713473235629,0,0,0,0.04228652676437101,0.00989239063133444
Itbayat,ivat1242,NA,0.2253084431100088,0.23563993771590128,0.5390516191740898,0,0,0,0.0826304798907975
Itbayat,ivat1242,NA,0,0,0.869150048579952,0.1308499514200479,0,0,0.05148876726383367
Itbayat,ivat1242,NA,0,0,0,0.32538510391302483,0.15463356620268057,0.5199813298842946,0.05987185234570935
Itbayat,ivat1242,NA,0,0,0,0,1,0,0.02423428574238279
Itbayat,ivat1242,NA,0.01144845479613766,0.12807181470878048,0.687530746334589,0,0.17294898416049287,0,0.08530027967315584
Old Rapa,rapa1245,NA,0.12798984823943826,0.24018125554132236,0,0.2419074505918131,0.38992144562742614,0,0.05305319987645882
Old Rapa,rapa1245,NA,0.945028585633469,0,0.05497141436653105,0,0,0,0.02269694349054395
Old Rapa,rapa1245,NA,4.2973490288644e-4,0,0.3777404218188677,0,0.621829843278246,0,0.0287351866727273
Old Rapa,rapa1245,NA,0.1536053061577097,0,0.5050835324378325,0,0.3413111614044577,0,0.01007777105646873
Old Rapa,rapa1245,NA,0.10268422628119483,0,0,0,0,0.8973157737188051,0.00949692137465675
Tiv,tivv1240,NA,0.48417583454416646,0,0.5158241654558335,0,0,0,0.02665192881044702
Tiv,tivv1240,NA,0.8520262059026077,0,0,0,0,0.14797379409739225,0.02944419870135509
Tiv,tivv1240,NA,0.7139891925737355,0,0,0.28601080742626445,0,0,0.03947895449591701
Tiv,tivv1240,NA,0.5607568051623855,0,0.10369944661139832,0.2806340068147842,0,0.054909741411432,0.06544797014758963
Tiv,tivv1240,NA,0,0,0,0.2834548485783377,0.7165451514216623,0,0.02353399987537662
Cimbala-Cizali,sans1272,NA,0,0.5527052518275207,0.10123926149363026,0.1141724307420639,0.22522693248084255,0.00665612345594269,0.02257471278896849
Cimbala-Cizali,sans1272,NA,0.6410295139172291,0.22055191271641533,0,0,0,0.13841857336635568,0.01861171420121334
Cimbala-Cizali,sans1272,NA,1,0,0,0,0,0,0.00167340178356792
Cimbala-Cizali,sans1272,NA,0.8348364555980023,0.03412120192827045,0,0.1310423424737272,0,0,0.03127663668810127
Cimbala-Cizali,sans1272,NA,0,0,0.7070596524977648,0.07244734607363303,0.2204930014286021,0,0.06268738799488033
Woiwurrung-Thagungwurrung,woiw1237,NA,0,0,0,1,0,0,0.05828710220036437
Woiwurrung-Thagungwurrung,woiw1237,NA,0,0,0,1,0,0,0.00339572494595254
Woiwurrung-Thagungwurrung,woiw1237,NA,0,0.04120178726734502,0.7498230011182853,0.10153807514215896,0,0.10743713647221084,0.26251040550430976
Woiwurrung-Thagungwurrung,woiw1237,NA,0,0.3945547639300725,0,0,0.6054452360699276,0,0.05055862466515803
Woiwurrung-Thagungwurrung,woiw1237,NA,0,0.9001013572012035,0,0.0998986427987964,0,0,0.08642579570536128
Maragus,mara1399,NA,0,0.84603704208142,0,0.15396295791858,0,0,0.15040240769790608
Maragus,mara1399,NA,0.12698830868187908,0.1871326211930187,0.6570185881851438,0,0.0288604819399585,0,0.06430603556176431
Maragus,mara1399,NA,0,0,0,0,1,0,0.01027882209269148
Maragus,mara1399,NA,0.12495948899288416,0.7729369179242029,0,0,0,0.10210359308291296,0.06412284911451216
Maragus,mara1399,NA,0,0,0,1,0,0,0.01227021435980144
Mori Atas,mori1269,NA,0,0,0.1755792683110193,0.8244207316889807,0,0,0.04653570594802596
Mori Atas,mori1269,NA,0.6476866235369143,0.04938058110409302,0,0.30293279535899276,0,0,0.0271484301091399
Mori Atas,mori1269,NA,0,0,0,0.8965069150662118,0,0.10349308493378824,0.06911123637839413
Mori Atas,mori1269,NA,0,0.02118104052394487,0.06215194930827714,0.7433013893647761,0,0.173365620803002,0.0793926955163184
Mori Atas,mori1269,NA,0,0.04267644932970121,0,0.9573235506702988,0,0,0.04151419665661103
Hungarian,hung1274,NA,0.9817945703282344,0,0,0,0.01820542967176555,0,0.04191037235257511
Hungarian,hung1274,NA,1,0,0,0,0,0,0.04710626958633072
Hungarian,hung1274,NA,0,0.01647378547710161,0.6549546117457565,0.17884591314715692,0.1497256896299849,0,0.05411770193131235
Hungarian,hung1274,NA,0,0,0,0,1,0,0.00616005631062535
Hungarian,hung1274,NA,0,0,0.783346848596849,0,0.20407891900928424,0.01257423239386672,0.04116558370922596
Komo (Democratic Republic of Congo),komo1260,NA,0,0,0,0,0,1,0.00181243620307128
Komo (Democratic Republic of Congo),komo1260,NA,0,0,0,0,1,0,0.00679634952139809
Komo (Democratic Republic of Congo),komo1260,NA,0.22865516912834105,0,0,0.7008803168902066,0,0.07046451398145236,0.04185778325541718
Komo (Democratic Republic of Congo),komo1260,NA,0,0,0,0,1,0,0.01728274077103521
Komo (Democratic Republic of Congo),komo1260,NA,0,0,0,0,1,0,0.02114019026867747
Tswana,tswa1253,NA,0,0,0,0,0,1,0.01466057500162356
Tswana,tswa1253,NA,0.5249607715775781,0.299195329307903,0.07976034769086453,0.09608355142365424,0,0,0.08257415037671795
Tswana,tswa1253,NA,0,0,0,0,0,1,0.00414744376882743
Tswana,tswa1253,NA,0,0,0,1,0,0,0.01233949482015519
Tswana,tswa1253,NA,0,0.21974826192396923,0.4213883161027536,0.24057599842905056,0,0.11828742354422668,0.02223244311997012
Javanese,java1254,NA,0.7797613087863567,0,0,0,0,0.22023869121364337,0.02788983740751854
Javanese,java1254,NA,0.7628157443770425,0,0,0,0.23718425562295745,0,0.065204501914717
Javanese,java1254,NA,0,0,0.7120119636087935,0,0.2879880363912065,0,0.06028701223464665
Javanese,java1254,NA,0,0.16582447962707714,0.7656667450686824,0,0,0.06850877530424057,0.02579734076627546
Javanese,java1254,NA,0,0,0,0,1,0,-4.7216786244998e-4
Japanesic,japa1256,NA,0,0.07714048255936143,0,0.1223232266040608,0.5356647247378717,0.264871566098706,0.03759597622055918
Japanesic,japa1256,NA,0,0.13449911945563953,0,0,0.8655008805443606,0,0.00186938559076855
Japanesic,japa1256,NA,0.17465848934064998,0.82534151065935,0,0,0,0,0.01478946012071436
Japanesic,japa1256,NA,0.6747760659775118,0.10273265691569693,0,0.22249127710679129,0,0,0.05305550215175585
Japanesic,japa1256,NA,0.25215636391571367,0,0,0.4449216627507261,0,0.3029219733335602,0.01282396061293236
Maquiritari,maqu1238,NA,0,0.6058383018884341,0,0,0.3941616981115658,0,0.00261013173705656
Maquiritari,maqu1238,NA,0.1834451790270021,0,0.8165548209729979,0,0,0,0.01008220551081662
Maquiritari,maqu1238,NA,0,0.74434068668004,0,0,0,0.25565931331996,0.0264060241647833
Maquiritari,maqu1238,NA,0.2545295679741763,0,0,0.19289170923460144,0.5359121082841539,0.01666661450706841,0.07028011450491135
Maquiritari,maqu1238,NA,0,0.0204996611888173,0.4185609196376644,0.01713472983889142,0.426691186161257,0.11711350317336984,0.06908026418850047
Karitiâna,kari1311,NA,0.35475788439898276,0.04063911593159767,0,0.12955932756586716,0.4750436721035524,0,0.12182808961968015
Karitiâna,kari1311,NA,0,0,0.226715309118326,0.24317856849320957,0.5301061223884646,0,0.05191885999009054
Karitiâna,kari1311,NA,0,0.07204879961493357,0.28625782974873926,0.1821911739140344,0.45950219672229287,0,0.0711525592291381
Karitiâna,kari1311,NA,0,0,0,0,0.7489983967673468,0.2510016032326533,0.01877004438108363
Karitiâna,kari1311,NA,0.7938137513808589,0.20618624861914112,0,0,0,0,0.0754799796162704
Tsaangi,tsaa1242,NA,0.03846144509819587,0.7692289019639175,0,5.6695722825802726e-8,2.3707511844002334e-6,0.19230722549097937,0.9999999999975264
Tsaangi,tsaa1242,NA,0.03125,0.625,0,0.18749999999999997,0,0.15625,1
Tsaangi,tsaa1242,NA,0.03571428585002818,0,0,0.0714285678992672,0.7142857170005636,0.1785714292501409,0.7637626158259733
Tsaangi,tsaa1242,NA,0.24330649781725916,0.5944891703045679,0,0.1622043318781728,0,0,-0.25000000000000006
Tsaangi,tsaa1242,NA,0.08382790506889845,0.6646883461735629,0,0.16765580548586362,5.1644204806080785e-8,0.0838278916274703,0.9999999999999988
Achuar,achu1249,NA,0.9207441327447652,0,0,0.07925586725523491,0,0,0.1625157184411305
Achuar,achu1249,NA,0,0,0,0.8731201698884719,0.12687983011152815,0,0.28191114882241297
Achuar,achu1249,NA,0,0.02368680669528608,0,0,0.04649110444308162,0.9298220888616324,0.07745299378524426
Achuar,achu1249,NA,0.03649255366855981,0.0554137696264404,0,0.8255397060954542,0.08255397060954542,0,0.14708139507776044
Achuar,achu1249,NA,0,0,0.741721479435364,0,0.23380895040467584,0.02446957015996014,0.0625929543549338
Birhor,birh1242,NA,0,0,0,0,0,1,0.03831768675090936
Birhor,birh1242,NA,0.29217783939730224,0.05674554244071392,0,0.6510766181619839,0,0,0.03819893400780302
Birhor,birh1242,NA,0,0.38014168806272625,0.1477893559468011,0.4226488670495431,0,0.04942008894092949,0.03901159557721907
Birhor,birh1242,NA,0,0.15309160958184467,0,0,0.8469083904181552,0,0.00872754471945569
Birhor,birh1242,NA,0.9396859783585172,0,0,0,0.06031402164148269,0,0.02047628593499604
Mapudungun,mapu1245,NA,0,0.5307192739555873,0,0,0.43025542816723705,0.03902529787717558,0.00673529819314369
Mapudungun,mapu1245,NA,0,0,0.25678255737693523,0.6511042589662949,0,0.09211318365676988,0.04901517444011254
Mapudungun,mapu1245,NA,0,0.7366620533259212,0,0,0,0.2633379466740787,0.00963942242962587
Mapudungun,mapu1245,NA,0.0319898348561607,0,0.33752187145527995,0,0.0402092234688163,0.590279070219743,0.04397087973253119
Mapudungun,mapu1245,NA,0,1,0,0,0,0,-0.0109659482489419
Southeast Babar,sout2883,NA,1,0,0,0,0,0,0.03758098729369594
Southeast Babar,sout2883,NA,0.5817046455585648,0,0,0.31665710258869195,0,0.1016382518527432,0.1001665693199968
Southeast Babar,sout2883,NA,1,0,0,0,0,0,-0.02408396137357039
Southeast Babar,sout2883,NA,0,0.2871181005975806,0,0,0.6190810273451379,0.09380087205728144,0.02204118611209394
Southeast Babar,sout2883,NA,0.3994957390983861,0,0,0.6005042609016139,0,0,0.06721269861987057
Yawa,nucl1454,NA,0,0,0,1,0,0,0.01930721803856389
Yawa,nucl1454,NA,0.12739332529860645,0,0.7278151550096411,0.10923062370084134,0,0.03556089599091117,0.05424321129946472
Yawa,nucl1454,NA,0,0.05767151343293054,0,0,0.827309045455598,0.11501944111147146,0.04233251791257933
Yawa,nucl1454,NA,0,1,0,0,0,0,0.00210654142116398
Yawa,nucl1454,NA,0,0,0,0,0,1,0.01247945383045117
Moselle Franconian,luxe1241,NA,0,0,0.4393565912987882,0.02870545800806242,0.34546722987320166,0.1864707208199477,0.03347997816694931
Moselle Franconian,luxe1241,NA,0.21503859539552425,0,0.28182780376956534,0,0.5031336008349103,0,0.03738864861487864
Moselle Franconian,luxe1241,NA,0.6974567986600712,0,0.08033276882844172,0.17953734847932223,0,0.04267308403216479,0.04979808337594668
Moselle Franconian,luxe1241,NA,0.8755644085448635,0,0,0,0.08111202582174497,0.04332356563339145,0.0543097620000249
Moselle Franconian,luxe1241,NA,0.02685116056111115,0.1504898813829072,0,0.03988180223134544,0.45277896774192766,0.32999818808270853,0.02596548675034628
Wathawurrung,wath1238,NA,0,0,1,0,0,0,0.04688629488546456
Wathawurrung,wath1238,NA,0,0.4302833907707115,0.2325317610815183,0.3371848481477701,0,0,0.08951188648249256
Wathawurrung,wath1238,NA,0.07356648445000476,0.42920387891609446,0.02083001312630281,0,0.476399623507598,0,0.20365024513909957
Wathawurrung,wath1238,NA,0,0,0.06629622253095911,0.5942937175609672,0.3264273567587791,0.01298270314929457,0.21404351708763783
Wathawurrung,wath1238,NA,0.8057016028719453,0.1942983971280547,0,0,0,0,0.08840777247012963
Paraguayan Guaraní,para1311,NA,0,0.2772586234689458,0.4687488741902324,0.07735868547932878,0.06123871345091171,0.11539510341058144,0.02365390907880115
Paraguayan Guaraní,para1311,NA,0.3949775204885664,0.06922541457089731,0.5297117295613508,0,0.00608533537918545,0,0.1398312910642062
Paraguayan Guaraní,para1311,NA,0,0,0,0.4238020754966405,0,0.5761979245033595,0.03132343574730707
Paraguayan Guaraní,para1311,NA,0.5126061219165395,0.39949733099389184,0,0.08789654708956864,0,0,0.02400268431262427
Paraguayan Guaraní,para1311,NA,0.7771993613674587,0,0,0.2228006386325413,0,0,0.04952109162470788
Komi-Zyrian,komi1268,NA,0.8724782862715257,0,0,0,0,0.1275217137284743,0.01686603071670103
Komi-Zyrian,komi1268,NA,0.08352980837229593,0.271428289112662,0.6450419025150421,0,0,0,0.04061662155394605
Komi-Zyrian,komi1268,NA,0.30651282354915443,0.3419844375716988,0.02331428565306867,0,0,0.328188453226078,0.04308335092255683
Komi-Zyrian,komi1268,NA,0,0,0,0.7974226474243078,0,0.20257735257569215,0.01610139570421331
Komi-Zyrian,komi1268,NA,0,0,0,0.07518756352150568,0.3407852899280567,0.5840271465504376,0.01319467381719509
Western Bukidnon Manobo,west2555,NA,0,0.49203678795451905,0,0,0,0.5079632120454809,0.0090435793641724
Western Bukidnon Manobo,west2555,NA,0,1,0,0,0,0,0.02604573815735121
Western Bukidnon Manobo,west2555,NA,1,0,0,0,0,0,-0.00260184776924698
Western Bukidnon Manobo,west2555,NA,0,0,0.12701432630919465,0.38277322563392185,0,0.4902124480568833,0.05381093384683193
Western Bukidnon Manobo,west2555,NA,0.23391755615407353,0.5934547129515866,0,0.05857460125028273,0,0.11405312964405707,0.02181935906981477
Cusco Quechua,cusc1236,NA,0,0,0.5436795221969637,0,0.4563204778030363,0,0.01692193052023411
Cusco Quechua,cusc1236,NA,0,0,0,0.2400137931502116,0.7494322798479847,0.01055392700180374,0.04213860631399172
Cusco Quechua,cusc1236,NA,0,0.28197197454560796,0.3928858930208482,0,0,0.3251421324335439,0.05969850986895072
Cusco Quechua,cusc1236,NA,0.24573773485832057,0.08878269023163558,0.14713791479126762,0.2180520868526342,0.30028957326614203,0,0.01394684460853646
Cusco Quechua,cusc1236,NA,0,1,0,0,0,0,0.0050134677790255
Romanian,roma1327,NA,0,0.26509498860293995,0.00278106558916435,0.7321239458078956,0,0,0.02848410103375625
Romanian,roma1327,NA,0.18702638104612285,0.03108125315217594,0.06952373804949252,0.6285286544270748,0,0.08383997332513381,0.02119135771220132
Romanian,roma1327,NA,0,0.1359405207472026,0.8640594792527974,0,0,0,0.04413466393511593
Romanian,roma1327,NA,0.7213042107933146,0,0,0,0,0.2786957892066853,0.05771754073902892
Romanian,roma1327,NA,0.447085668090961,0,0.07198393483862946,0,0.35963690960779143,0.12129348746261824,0.02515042334817214
Munsee,muns1251,NA,0,0,0,0,0.23980259425811212,0.7601974057418879,0.04416712557743522
Munsee,muns1251,NA,0.20803597263630672,0,0.4354054951761649,0,0,0.35655853218752837,0.04601687876377779
Munsee,muns1251,NA,0.3344896558139083,0,0,0,0.6655103441860918,0,0.05495161117312502
Munsee,muns1251,NA,0,0,0.6576654512534869,0.3423345487465131,0,0,0.02311883346686781
Munsee,muns1251,NA,0,0.13582642685672378,0,0.310740725052559,0.3319711674368565,0.22146168065386077,0.02931772534728673
Pirriya,pirr1240,NA,0,0,0.05614449494163943,0,0.15493083866519008,0.7889246663931705,0.06548737055639496
Pirriya,pirr1240,NA,0.01342416494655048,0,0.6023328890106898,0.3842429460427597,0,0,0.13281769890539502
Pirriya,pirr1240,NA,0,0,0.09090908515529136,0.9090909148447088,0,0,0.0618635565455418
Pirriya,pirr1240,NA,0.15634022086736232,0,0.08502542386538628,0,0.7586343552672515,0,0.18677213323976147
Pirriya,pirr1240,NA,0.29210362231617926,0,0,0,0.4880245056324015,0.21987187205141911,0.17667113788838085
Pipil,pipi1250,NA,0,0.5841448946704695,0,0,0.2315514423494464,0.18430366298008413,0.31392387284417983
Pipil,pipi1250,NA,0,0,0,0,0,1,-0.06019292654288463
Pipil,pipi1250,NA,0,0,0,1,0,0,0.09963393543135857
Pipil,pipi1250,NA,0.9352214471665978,0,0,0.06477855283340213,0,0,0.4702729907274517
Pipil,pipi1250,NA,0,0,0,0,1,0,0.28355201359987825
Iloko,ilok1237,NA,0.0395297757425006,0.03478317345277991,0.6471060479651071,0.09310519483732624,0.1854758080022861,0,0.06608746498334876
Iloko,ilok1237,NA,0,0,0,0,0.4808803846599765,0.5191196153400234,0.00539581789658037
Iloko,ilok1237,NA,0,0.648812251372065,0.26016293832394183,0,0,0.09102481030399318,0.0273931510090227
Iloko,ilok1237,NA,0.16413184438224554,0.5351744362309268,0.30069371938682765,0,0,0,0.05000060156090936
Iloko,ilok1237,NA,0.5713411658271983,0.25690949489077275,0,0.02184983283059785,0.14989950645143105,0,0.02228671254585176
Dutch,dutc1256,NA,0,0,0,0.3675081631476934,0.2436793592385295,0.3888124776137771,0.01463234071409967
Dutch,dutc1256,NA,0.6127766988539461,0.12410322360676714,0.17109511644080494,0,0,0.09202496109848182,0.02779324425114205
Dutch,dutc1256,NA,0,0,0.6690063695887836,0.28658953375747465,0.04440409665374179,0,0.01621713682034777
Dutch,dutc1256,NA,0,0,1,0,0,0,0.01150725012894303
Dutch,dutc1256,NA,0.402006428348479,0.32523583612330303,0,0.09243646488328244,0,0.1803212706449355,0.03135124526161875
Quechan,quec1382,NA,0.13829940442320848,0,0,0,0.8617005955767915,0,0.04838490302863309
Quechan,quec1382,NA,0,0.06093761424159823,0.14937267662987852,0,0.7896897091285233,0,0.02130363221995765
Quechan,quec1382,NA,0.16716899027171417,0,0,0.07418286461182746,0,0.7586481451164584,0.0194775197957211
Quechan,quec1382,NA,0,1,0,0,0,0,0.00803861862670274
Quechan,quec1382,NA,0,0.16889600933946744,0,0,0.8207511274990544,0.01035286316147809,0.01812179104492653
Oto,otoo1241,NA,0,0.5962633453367059,0,0.4037366546632941,0,0,0.02620656786407861
Oto,otoo1241,NA,0.01598161950344737,0,0.9840183804965524,0,0,0,0.09493650130139186
Oto,otoo1241,NA,0.24241336196743848,0,0.2558971222389509,0.3171900938653421,0,0.18449942192826865,0.04918187254299082
Oto,otoo1241,NA,0,0.11294578771295403,0.4576989219537412,0.21382087821158835,0.21553441212171645,0,0.04724123896195229
Oto,otoo1241,NA,0.16746684424958477,0.3397703131897894,0.15035685495126297,0.2288450564055428,0,0.11356093120382002,0.10361652362444064
Duma,duma1253,NA,6.9778869351652205e-9,0,0.9999999921703558,0,0,8.517572278495811e-10,0.2062077816474144
Duma,duma1253,NA,0.28942482147511533,0.45503097523532887,0.2555442032895558,0,0,0,0.15342061199890947
Duma,duma1253,NA,0.04055128204429607,0.10998853896544886,0.8089089108633359,0,0,0.04055126812691899,0.16341783953422212
Duma,duma1253,NA,0.12100832717097568,0,0.8184874907957645,0,0,0.06050418203325975,-0.08696460298294496
Duma,duma1253,NA,0.06018579119903435,0.40123850755810786,0.06145476792996424,0,0.3968732151417554,0.0802477181711382,0.33597736680263496
Limilngan-Wulna,limi1242,NA,0.4381578620252684,0,0.00770316656618192,0.4992846142052195,0.05485435720333015,0,0.03742001592741224
Limilngan-Wulna,limi1242,NA,0,0,0.3490800194224558,0.6509199805775442,0,0,0.03145810355552642
Limilngan-Wulna,limi1242,NA,0.6016680272206691,0,0.10552787883470129,0,0,0.2928040939446295,0.03360959427120286
Limilngan-Wulna,limi1242,NA,0,0,0,0.07046738435828373,0.9295326156417164,0,0.03602713271329094
Limilngan-Wulna,limi1242,NA,0,0,1,0,0,0,-0.01592460763392378
Momu-Fas,fass1245,NA,0.5055396477344676,0.11137922537786887,0,0.3754022979125018,0.00767882897516161,0,0.02556945061426666
Momu-Fas,fass1245,NA,0,0,0.05386639241654243,0.431924366670495,0.5142092409129626,0,0.02686522811312573
Momu-Fas,fass1245,NA,0.4154193186938692,0,0,0,0.5845806813061308,0,0.00334968702044547
Momu-Fas,fass1245,NA,0.2790780606032343,0.2663682643653401,0.4545536750314257,0,0,0,0.0333131605888204
Momu-Fas,fass1245,NA,0.40192005884198617,0,0.2806979998624433,0.24957963399519129,0,0.06780230730037917,0.06743173520973844
Talise,tali1259,NA,0,0,0,0,0,1,0.00204262607868099
Talise,tali1259,NA,0,0,0,0,0,1,-0.00752458719361754
Talise,tali1259,NA,0.38221035803181497,0.01752440071697636,0.14063082885814412,0,0.4596344123930646,0,0.02497778689463668
Talise,tali1259,NA,0,0.00501016763689363,0,0,0.5969046172586421,0.3980852151044643,0.02351430235849506
Talise,tali1259,NA,0.3318431766573724,0.31593730237549816,0.15958502924634965,0.19263449172077984,0,0,0.04680682147641517
Tubuai,tubu1240,NA,0,0,0,0.5201638645926994,0,0.4798361354073007,0.01916569652314614
Tubuai,tubu1240,NA,0.4302642237563129,0,0,0.452267828548704,0.03639552139275173,0.08107242630223126,0.01264974869584174
Tubuai,tubu1240,NA,0,0.7808781924082108,0.21912180759178912,0,0,0,0.03678624913217519
Tubuai,tubu1240,NA,0.1864907076592117,0.2061052148371993,0.4523990048134598,0.15500507269012925,0,0,0.05716819641263811
Tubuai,tubu1240,NA,0,0,0.090719778213653,0.17184049719345124,0.7374397245928958,0,0.02518208211455302
Central Tagbanwa,cent2090,NA,0,0,0,0.3187963704381173,0.3978134915169686,0.2833901380449141,0.02334725134251395
Central Tagbanwa,cent2090,NA,0.6781316992807773,0,0,0.02083465891747752,0.10260429853046624,0.19842934327127904,0.03107316783201242
Central Tagbanwa,cent2090,NA,0.01355258961142676,0.1323723575428771,0.5089412436601558,0,0,0.34513380918554043,0.08350750861294928
Central Tagbanwa,cent2090,NA,0,0,0,0,0.7591417325557414,0.24085826744425864,0.02284493072086554
Central Tagbanwa,cent2090,NA,0.5963889711389292,0,0.4036110288610708,0,0,0,0.01106691122259284
Karok,karo1304,NA,0.4537233165842389,0.1476489056117355,0.11776431372939346,0.15510891574956978,0.1257545483250623,0,0.02292674806435236
Karok,karo1304,NA,0,0.144877588804824,0,0,0.8134659184319577,0.04165649276321832,0.06191854895944648
Karok,karo1304,NA,0.11161813977482694,0,0.12579633854432162,0,0.7625855216808515,0,0.04112102285321463
Karok,karo1304,NA,0,0,0,0,1,0,-0.01345865963348074
Karok,karo1304,NA,0,0.8308390678150949,0,0,0.16916093218490508,0,0.04040881385629336
Common Delaware,comm1246,NA,0,0.3876923651748312,0,0,0,0.6123076348251687,0.01098177238227908
Common Delaware,comm1246,NA,1,0,0,0,0,2.77555756156289e-17,0.0071038452587217
Common Delaware,comm1246,NA,0,0.19967930864552044,0.8003206913544796,0,0,0,0.05094000646824195
Common Delaware,comm1246,NA,0.16102362938255513,0,0.37017987114400225,0.46879649947344254,0,0,0.05046269247167399
Common Delaware,comm1246,NA,0,0,0,0,0,1,0.01963133087237492
Fordata,ford1242,NA,0.2535854835426605,0,0,0.2214716552854937,0.06403869426934097,0.46090416690250496,0.5699947463820128
Fordata,ford1242,NA,0,0,0.5686370487331729,0.4313629512668272,0,0,0.19522387030428595
Fordata,ford1242,NA,0,0,0.34599396293994295,0.6540060370600571,0,0,0.253311930609449
Fordata,ford1242,NA,0,0,1,0,0,0,0.36057738609675166
Fordata,ford1242,NA,0,0,1,0,0,0,0.3605773860967518
Yalic,yali1257,NA,0,0,0.5982462085639514,0.4017537914360486,0,0,0.00976129951865386
Yalic,yali1257,NA,0.29175460018772115,0,0,0,0.7082453998122787,0,0.02105693037005164
Yalic,yali1257,NA,0,0,0,0,0,1,0.02196442296783936
Yalic,yali1257,NA,0,0.6999812879074325,0,0,0,0.3000187120925674,0.05105719315139943
Yalic,yali1257,NA,0.3144156221073406,0.5007355327461885,0,0,0,0.18484884514647085,0.06391284866327263
Mocoví,moco1246,NA,0,0,0,1,0,0,0.03319534450879026
Mocoví,moco1246,NA,0,0,0.05385303001705716,0.13358401933738137,0,0.8125629506455614,0.06419940218998216
Mocoví,moco1246,NA,0.8971294485357227,0,0,0,0.1028705514642774,0,0.06031542675861021
Mocoví,moco1246,NA,0.5610735069544687,0,0,0,0.351081027123769,0.08784546592176232,0.01127752548466496
Mocoví,moco1246,NA,0,0,0,0,0,1,-0.00149058081867406
Kabaena,kaba1285,NA,0,0.06658927820961315,0,0.9334107217903868,0,0,0.02218926927414682
Kabaena,kaba1285,NA,1,0,0,0,0,0,0.00334398249157378
Kabaena,kaba1285,NA,0.4267898212069,0.4466112685603238,0,0,0.12166778040100984,0.00493112983176629,0.1234933557467553
Kabaena,kaba1285,NA,0.37516145878243146,0.5211975359430425,0,0,0.09775414525894092,0.00588686001558489,0.1280558014364117
Kabaena,kaba1285,NA,0.5945622870470492,0.1897293758803604,0,0.02669746412025636,0,0.18901087295233404,0.03669967560605057
Rahambuu,raha1237,NA,0,0.00145875442961517,0,0,0.9985412455703848,0,0.05010318685394949
Rahambuu,raha1237,NA,0,0,0,0,1,0,0.00297084911430687
Rahambuu,raha1237,NA,0,0,0,0.5794407132833592,0.4205592867166408,0,0.02098985377039793
Rahambuu,raha1237,NA,0.08539936605037886,0,0.0223705366208357,0.19988996750730437,0.4940723072270835,0.1982678225943975,0.08489663474872633
Rahambuu,raha1237,NA,0.36961625967439854,0,0,0,0,0.6303837403256015,0.03110904880720365
Chamalal,cham1309,NA,0.5676483208551698,0,0.26094658254499925,0,0,0.17140509659983091,0.01342793065413108
Chamalal,cham1309,NA,0,0.18273435890763548,0,0.11089360704213726,0.7032674401784246,0.0031045938718028,0.03236903176476656
Chamalal,cham1309,NA,0.4005713949342343,0,0.26103211042673796,0.01429503479129501,0.3241014598477328,0,0.03466009673866471
Chamalal,cham1309,NA,0,0.5099426078154116,0,0,0,0.4900573921845884,0.00987447958349461
Chamalal,cham1309,NA,0,0,0,0,0,1,-0.01450970639310174
Yabem,yabe1254,NA,0,0.3523003548115198,0.4130034148743348,0.23469623031414535,0,0,0.01367215337151241
Yabem,yabe1254,NA,0,0.8413215005142232,0.1586784994857769,0,0,0,0.02268756351149804
Yabem,yabe1254,NA,0,0,1,0,0,0,0.0027942061262693
Yabem,yabe1254,NA,0,0,0.03784511725412021,0.784557086758885,0,0.1775977959869949,0.05566197991664873
Yabem,yabe1254,NA,0,0,0.31243214258800844,0.6875678574119916,0,0,0.0054858546628696004
Manggarai,mang1405,NA,0,0,0.7474202310571252,0,0,0.2525797689428748,0.01818854811491615
Manggarai,mang1405,NA,0,0.7426435012651963,0.25735649873480376,0,0,0,0.04356657516023109
Manggarai,mang1405,NA,0.14403754805767538,0.14789188752535593,0,0.7080705644169688,0,0,0.02156884851703239
Manggarai,mang1405,NA,0,0,0.3410963731665504,0.6589036268334496,0,0,0.01392454014538624
Manggarai,mang1405,NA,0,0,0,1,0,0,-0.00120122594658083
Tasiko,tasi1237,NA,0,0.7265706882237353,0,0.08081006687236807,0,0.1926192449038967,0.03118664490044884
Tasiko,tasi1237,NA,0.8633397577611928,0,0.13666024223880713,0,0,0,0.02296420999608035
Tasiko,tasi1237,NA,0,0,0.11143282282009163,0.34385633859600157,0,0.5447108385839068,0.02950785563598723
Tasiko,tasi1237,NA,0.0844859664097604,0.6382227690336648,0,0,0,0.27729126455657477,0.04467667486257223
Tasiko,tasi1237,NA,0,0.48933523723186634,0.42274061937899177,0.08792414338914195,0,0,0.01765112898169148
Marathi,mara1378,NA,0,0,0,0.2753020995322842,0.7246979004677159,0,0.01279571534181837
Marathi,mara1378,NA,0.28936014314732594,0.22635384730905317,0.2306631608047418,0.13949274765263092,0,0.1141301010862483,0.04067488242419853
Marathi,mara1378,NA,0,0,0.5534516902772331,0.1360840289506153,0.08109790981052749,0.22936637096162416,0.02670998868836748
Marathi,mara1378,NA,0.9402068060342782,0.05979319396572186,0,0,0,0,0.01739978509230649
Marathi,mara1378,NA,0,0.198637645425387,0,0.801362354574613,0,0,0.01979699977524177
Ute,utee1244,NA,0,0.4077425556242276,0.09243264488468304,0.09692296230540824,0.4029018371856811,0,0.06364523581604778
Ute,utee1244,NA,0,0,0,0,0.06985445152494048,0.9301455484750596,0.01872302568753226
Ute,utee1244,NA,0,0,0,0,0,1,-0.01010461879583853
Ute,utee1244,NA,0.09010252762837442,0.3313586952652017,0.3503955730647533,0.11589982648650962,0.11224337755516108,0,0.09834462822797638
Ute,utee1244,NA,1,0,0,0,0,0,0.06378344624198455
Shina (Nakh-Daghestan),shin1265,NA,1,0,0,0,0,0,0.03881119060151142
Shina (Nakh-Daghestan),shin1265,NA,5.787375379255444e-17,0,0,0,1,0,0.00461120437300418
Shina (Nakh-Daghestan),shin1265,NA,0.44089668862113074,0.02272921142749582,0,0.4253985900325822,0,0.11097550991879132,0.03723038595224764
Shina (Nakh-Daghestan),shin1265,NA,0.24681503669094912,0.03981532261359058,0.26696713962183505,0.2963304041733153,0,0.15007209690031,0.05057498233589404
Shina (Nakh-Daghestan),shin1265,NA,0.2832654354873974,0,0.6696711238137094,0.01107644339391415,0,0.03598699730497896,0.06908235001952559
Nguna,ngun1274,NA,0,0.7889118526104921,0,0.2110881473895078,0,0,0.01909794965266528
Nguna,ngun1274,NA,0,0,0,0.7021705977464873,0.14670273052507965,0.15112667172843303,0.01762731066109327
Nguna,ngun1274,NA,0.3637868080373469,0.3651604640665726,0,0.2710527278960805,0,0,0.02560245262840264
Nguna,ngun1274,NA,0,0,0,0,1,0,-0.00877640042824495
Nguna,ngun1274,NA,0.2886500335429849,0,0,0,0.7113499664570151,0,0.00830047780109443
Bukusu,buku1249,NA,0,0,0,0,0.3563503335698464,0.6436496664301535,0.00960528568105499
Bukusu,buku1249,NA,0,0,0.8396661505042708,0,0.1465846768315611,0.01374917266416809,0.08234647677909046
Bukusu,buku1249,NA,0,0,0,0,1,0,-0.00780839198082103
Bukusu,buku1249,NA,0,0,0.985377482874726,0,0.01462251712527408,0,0.06744110899378469
Bukusu,buku1249,NA,0,0.04340272995195631,0.6244372847950487,0.33215998525299495,0,0,0.02003637603616758
Erzya,erzy1239,NA,0,0,0.6103518085240681,0,0,0.38964819147593194,0.02112939340479476
Erzya,erzy1239,NA,0,0.7205678324503039,0.279432167549696,0,0,0,0.01034682339235561
Erzya,erzy1239,NA,0,0.05552118931907605,0,0,0.944478810680924,0,0.01164513628595453
Erzya,erzy1239,NA,0.5916434105660084,0,0.4083565894339915,0,0,0,0.0175364004455669
Erzya,erzy1239,NA,0,0,0,0.8518632582488082,0.148136741751192,0,0.03338816876895215
Mekongga,meko1237,NA,0,1,0,0,0,0,-0.02837952864303728
Mekongga,meko1237,NA,0,0.7909846959128882,0,0,0.20901530408711172,0,0.04350379294687107
Mekongga,meko1237,NA,0.1902996882262921,0,0,0.3534395569375129,0.4562607548361951,0,0.08594603912934276
Mekongga,meko1237,NA,0,0,0,1,0,0,0.04633882055784531
Mekongga,meko1237,NA,0.37355250766219417,0.01479219687921065,0,0,0,0.6116552954585952,0.0626690594081532
Mongo,mong1338,NA,0,0.38047116960588473,0.6195288303941153,0,0,0,0.0042725697409778
Mongo,mong1338,NA,0.9310472471607102,0,0.06895275283928992,0,0,0,0.02652928196808519
Mongo,mong1338,NA,0,0,0.13591608106889544,0,0,0.8640839189311046,0.03614091285917857
Mongo,mong1338,NA,0.20783287592363972,0.06361793850063079,0.5546130199458248,0.17393616562990472,0,0,0.06384509846663672
Mongo,mong1338,NA,0,0.29223782747567084,0,0.1177131677539445,0.5607266850544697,0.02932231971591496,0.05713596083844212
Vili,vili1238,NA,0.0584358933808664,0.28572081533734894,0.3571521488523941,0.1168717551508482,0.14286218858668706,0.03895719869185514,0.3385016001908159
Vili,vili1238,NA,0.08108107945897465,0,0.5405405297264977,0.18918919540726384,0,0.18918919540726384,0.24999999999999992
Vili,vili1238,NA,0.22857143031989416,0,0.5714285618914864,0.1714285741307455,0,0.02857143365787391,-0.16666666666666674
Vili,vili1238,NA,0.03448284736892051,0,3.109540360488337e-7,0.0689656944465534,0.6896540551642814,0.20689709206620877,0.7637626158258466
Vili,vili1238,NA,0.07142857154485036,0,0,0.03571428577242518,0.7142857154485035,0.17857142723422093,0.7637626158259733
Kyaka,kyak1244,NA,0,0,0.4122054862901189,0.14748162795879033,0.1100560114066081,0.3302568743444827,0.04296916670076422
Kyaka,kyak1244,NA,0,0.02442099647349808,0.7533875918535006,0.13017734202278172,0,0.0920140696502196,0.02835714787737749
Kyaka,kyak1244,NA,0.5545792847357144,0,0,0,0.4040296846536501,0.04139103061063555,0.02473070683250015
Kyaka,kyak1244,NA,0,0,0,0.77357253143276306,0.22642746856723697,0,0.00832107341613414
Kyaka,kyak1244,NA,0,0,0,0.513000814564604,0,0.4869991854353961,0.00485178562529527
Northern Ojibwa,nort2961,NA,0.1263608678952955,0,0,0,0.4273543090267496,0.4462848230779551,0.0199467066747564
Northern Ojibwa,nort2961,NA,0.6195086542632658,0.341685025684805,0,0,0.03880632005192915,0,0.03459101034668529
Northern Ojibwa,nort2961,NA,0.6908521967295322,0.3091478032704678,0,0,0,0,0.02367074730234457
Northern Ojibwa,nort2961,NA,0,0,0,0.1995978036957983,0.5146700109366199,0.2857321853675817,0.00555087519253154
Northern Ojibwa,nort2961,NA,0,0.278011186929621,0.0054154449651766,0,0.7165733681052024,0,0.04046602549382229
Yandruwandha,yand1253,NA,0.04920498205528916,0.1636758136179313,0.7173913079989847,0.03868428071799467,0,0.03104361560980035,0.05738029075578259
Yandruwandha,yand1253,NA,0.441033437953606,0,0,0.5589665620463939,0,0,0.02952939398999509
Yandruwandha,yand1253,NA,0.3639195618368659,0,0.636080438163134,0,0,0,0.04539795664098393
Yandruwandha,yand1253,NA,0.4440015166037421,0.00788869175321445,0.18155007035130377,0,0.361981602636372,0.00457811865536765,0.06647886448003362
Yandruwandha,yand1253,NA,0,0.673118015922524,0,0,0.3268819840774761,0,0.01165220147147871
Northern Kurdish,nort2641,NA,0,0.13036118218905127,0.38448976137438423,0.1642676918987162,0.32088136453784816,0,0.05302376271603176
Northern Kurdish,nort2641,NA,0.26936882892784786,0.03672178647634584,0.36782805656666295,0.08589622075066149,0.2211488005585275,0.01903630671995426,0.03814431565441592
Northern Kurdish,nort2641,NA,0.3868704256686147,0,0.5031442733968449,0.10998530093454048,0,0,0.02448350757203685
Northern Kurdish,nort2641,NA,0,0,0,1,0,0,-0.00106503940564672
Northern Kurdish,nort2641,NA,0.3837197781122484,0.10161237825080167,0,0.5146678436369498,0,0,0.02146474189527224
Alyawarr,alya1239,NA,0,0.18546841933624172,0.10757910605833342,0.706952474605425,0,0,0.02611328143204877
Alyawarr,alya1239,NA,0,0,0,0.6465990268915615,0.24266802813743776,0.11073294497100088,0.03701984949752423
Alyawarr,alya1239,NA,0.08591614269191904,0,0,0.4050073984018725,0.5090764589062083,0,0.01011415265366204
Alyawarr,alya1239,NA,0.6902773245106409,0.12418496947031955,0.1132962940545738,0,0,0.07224141196446567,0.0468657561711021
Alyawarr,alya1239,NA,0,1,0,0,0,0,5.9563619385971e-4
Kalamang,kara1499,NA,0,0,0.16941104712020233,0.3304920488820055,0.4279829359555898,0.07211396804220233,0.00952927921289593
Kalamang,kara1499,NA,0,0.3234893748245928,0,0,0.5406833705105977,0.13582725466480958,0.03068798253054111
Kalamang,kara1499,NA,0.4231318161480409,0,0.49905182160297656,0,0.07781636224898253,0,0.07394249634462319
Kalamang,kara1499,NA,0,0,0,0,1,0,0.00343709469410059
Kalamang,kara1499,NA,0,0,1,0,0,0,0.00216723931264124
Gupapuyngu,gupa1247,NA,1,0,0,0,0,0,0.03353554846139764
Gupapuyngu,gupa1247,NA,0,0.3868777172400786,0.49314152931076755,0.09674234129317608,0,0.02323841215597768,0.05783423356074824
Gupapuyngu,gupa1247,NA,0,0,0,0.4444970614143494,0.5555029385856505,0,0.01263195699993639
Gupapuyngu,gupa1247,NA,0,0,0.3807890747184584,0.6192109252815416,0,0,0.04825244289996243
Gupapuyngu,gupa1247,NA,0,0.6608889188056504,0,0,0,0.3391110811943495,0.07641574829981698
Port Sandwich,port1285,NA,0.4600173041559201,0,0,0,0.47899754594780086,0.06098514989627898,0.04026905253515179
Port Sandwich,port1285,NA,0,0.01108101379494402,0,0.988918986205056,0,0,0.00374481695624194
Port Sandwich,port1285,NA,0.17812863525376502,0.03097426884555736,0.7908970959006776,0,0,0,0.04088521218148439
Port Sandwich,port1285,NA,0,0,0.567415868304421,0.4325841316955791,0,0,0.03064531384514809
Port Sandwich,port1285,NA,0,0.46545585794931904,0,0,0,0.534544142050681,0.04653435116692031
Galela,gale1259,NA,0,0.26420412384704384,0,0,0,0.7357958761529562,0.03700323365274059
Galela,gale1259,NA,0,0.637087658408806,0.362912341591194,0,0,0,0.02237756775744375
Galela,gale1259,NA,0.8854065731133821,0.11459342688661782,0,0,0,0,0.01618953908930978
Galela,gale1259,NA,0,0.25773946667248665,0.14704329088584361,0.5952172424416697,0,0,0.0274097977902164
Galela,gale1259,NA,0,1,0,0,0,0,-0.0035695067342494
Mohegan-Montauk-Narragansett,mohe1244,NA,0,0,0,0,0,1,0.00904826639969124
Mohegan-Montauk-Narragansett,mohe1244,NA,0,0,0,1,0,0,0.00290449869891067
Mohegan-Montauk-Narragansett,mohe1244,NA,0.3923894541143056,0,0.5100437511201337,0,0,0.09756679476556088,0.03036795440186136
Mohegan-Montauk-Narragansett,mohe1244,NA,0.24104928638600068,0.3216447111454216,0.3625465712024779,0.00682686864117594,0,0.0679325626249238,0.05157316302130715
Mohegan-Montauk-Narragansett,mohe1244,NA,0.579666376113912,0.02598277507150753,0,0.01604005297830046,0.3783107958362799,0,0.06173556727260006
Dyirbal,dyir1250,NA,0.1899148522206705,0,0.4668670000404635,0,0.08235361357654807,0.260864534162318,0.00861339560259714
Dyirbal,dyir1250,NA,0,0,0.5332180491509068,0,0.2339900323337584,0.2327919185153349,0.06424961567683857
Dyirbal,dyir1250,NA,0.0388663993625607,0,0,0,0.5266397309189701,0.43449386971846926,0.0175192411854452
Dyirbal,dyir1250,NA,0,0.5490305040296475,0.4509694959703525,0,0,0,0.04823865884139017
Dyirbal,dyir1250,NA,0.11138648475553534,0,0,0,0,0.8886135152444647,0.03280346352553728
Mafea,mafe1237,NA,0,0,0,0,1,0,0.00441443912884466
Mafea,mafe1237,NA,0.2426813571832941,0,0.5986631700380273,0,0.08387606921830594,0.07477940356037274,0.06713515613969127
Mafea,mafe1237,NA,0,0.2849583841410207,0.6009738397646577,0,0,0.11406777609432169,0.02722472099557398
Mafea,mafe1237,NA,0.5268555978427465,0,0.47314440215725345,0,0,0,0.01909905181186675
Mafea,mafe1237,NA,0.19739634016961888,0,0.3369187072706824,0,0.1274992974218803,0.3381856551378184,0.02901708250559756
Modern Ossetic,osse1243,NA,0.22829371721888828,0.26384374857778164,0,0.1946405516386941,0.24667449203706837,0.0665474905275676,0.03271863613101829
Modern Ossetic,osse1243,NA,0,0.05716629489727273,0,0.11693344983642924,0.8259002552662981,0,0.04014623891713449
Modern Ossetic,osse1243,NA,0,0.0776118108114508,0.9223881891885491,0,0,0,0.03735390360901625
Modern Ossetic,osse1243,NA,0.8781269418911477,0,0,0,0,0.12187305810885214,0.02398805673746001
Modern Ossetic,osse1243,NA,0,0.7173991721526403,0,0.28260082784735974,0,0,0.02274508093536092
North Muyu,nort2916,NA,0,0.29073754778635663,0,0,0.3962098796779152,0.3130525725357282,0.03416035943138772
North Muyu,nort2916,NA,0,0,0,0.8457684941759506,0.1542315058240495,0,0.01491205374522045
North Muyu,nort2916,NA,0.5595812434829791,0.06529948146586417,0.02457781474416274,0,0.35054146030699407,0,0.0331777464876879
North Muyu,nort2916,NA,0,0,0.7187378767186924,0,0,0.2812621232813077,0.05415266344420895
North Muyu,nort2916,NA,0,0,1,0,0,0,-0.00680630899754372
Māori,maor1246,NA,0.03513340509813811,0,0.3887469834465463,0.08238982218030788,0.36987946900025903,0.1238503202747488,0.05143282767531614
Māori,maor1246,NA,0.13385112640592436,0,0.4167015362370128,0.449447337357063,0,0,0.0529700556615259
Māori,maor1246,NA,0,0,0.4799655496458962,0.01320735504041467,0.06607204185722791,0.4407550534564611,0.04935984071158191
Māori,maor1246,NA,0,0,0.9280000363616958,0.02629064768713644,0,0.0457093159511677,0.06713461364018096
Māori,maor1246,NA,0.2246844193647211,0.24346246231292204,0,0,0.5318531183223568,0,0.01479059237468096
Ngadjunmaya,ngad1258,NA,0,1,0,0,0,0,0.00778084771667136
Ngadjunmaya,ngad1258,NA,0,0,0,1,0,0,0.07207448864730583
Ngadjunmaya,ngad1258,NA,0,0,1,0,0,0,-0.0013903967257489
Ngadjunmaya,ngad1258,NA,0,0.20581247809904432,0.13286474145137958,0.661322780449576,0,0,0.04345652905579024
Ngadjunmaya,ngad1258,NA,0.5211442843137971,0.2765142484343417,0,0.2023414672518612,0,0,0.02004691148349331
Mwotlap,motl1237,NA,0,0,0,1,0,0,0.0044352867786065
Mwotlap,motl1237,NA,0.3740655866219857,0,0.44291848579534365,0.1830159275826707,0,0,0.03863660730075857
Mwotlap,motl1237,NA,0,0.03782791781183467,0,0.9621720821881654,0,0,0.05946179734696198
Mwotlap,motl1237,NA,0,0,1,0,0,0,0.01469954690246986
Mwotlap,motl1237,NA,0.5689861779080302,0,0,0,0.4310138220919698,0,0.00859658417151662
Central Cagayan Agta,cent2084,NA,0,0.969490761204348,0,0.030509238795652,0,0,0.00811570647463551
Central Cagayan Agta,cent2084,NA,0.42943390635130496,0.06371798111263838,0,0.14908123452377872,0.3085837408074718,0.04918313720480618,0.04992923487867676
Central Cagayan Agta,cent2084,NA,0,0,0,0,0,1,-0.01302179481486415
Central Cagayan Agta,cent2084,NA,0,1,0,0,0,0,0.00301250355808081
Central Cagayan Agta,cent2084,NA,0,1,0,0,0,0,0.00491414541363234
Shi,shii1238,NA,0.11542217766177151,0.02735055335450418,0.7528890140446941,0,0.1043382549390301,0,0.08623881862795826
Shi,shii1238,NA,0.23234964533548605,0,0.5852815580833449,0,0.18236879658116908,0,0.01150810852780167
Shi,shii1238,NA,1,0,0,0,0,0,0.02975691851455368
Shi,shii1238,NA,0.17982577694174298,0,0,0,0,0.8201742230582569,0.01420835927599972
Shi,shii1238,NA,0.5551999899114065,0,0.02269928448564413,0.1626431865708638,0.25945753903208557,0,0.03824278956292371
Turkish,nucl1301,NA,0.8211520506462449,0.12525402147069198,0,0,0,0.05359392788306311,0.05370166814062682
Turkish,nucl1301,NA,0,0,0,1,0,0,0.0420447039560774
Turkish,nucl1301,NA,0,0,0,0,0,1,0.00912179693788777
Turkish,nucl1301,NA,0.4259949278053575,0.08390607975727796,0.439435578825138,0.05066341361222661,0,0,0.05189563664393289
Turkish,nucl1301,NA,0,1,0,0,0,0,0.01253371213216971
Kulisusu,kuli1254,NA,0,0,0,0.08962207551213436,0.9103779244878656,0,0.04144336136390279
Kulisusu,kuli1254,NA,0,0.07627582117834122,0.33120946877713076,0.18588446506017617,0.10150830519125192,0.3051219397931,0.03117194152910921
Kulisusu,kuli1254,NA,0,0,0,0.06717710984955592,0,0.932822890150444,0.02303291639466451
Kulisusu,kuli1254,NA,0,0,0,0,0.4003228914211915,0.5996771085788085,0.02877814257648824
Kulisusu,kuli1254,NA,0,0,0,0,0.5236228292702682,0.47637717072973185,0.01322779158372051
Kwoma,kwom1262,NA,0,0,1,0,0,0,0.05377821685699194
Kwoma,kwom1262,NA,0.4418160308596824,0,0.49552485221315623,0,0.04804210874373681,0.01461700818342452,0.03313795732213567
Kwoma,kwom1262,NA,0.0589486927950876,0.14346166060478063,0.474742159288564,0.27506083903512624,0.04778664827644143,0,0.02785377265828417
Kwoma,kwom1262,NA,0,0,0,0,1,0,-0.00152176814515215
Kwoma,kwom1262,NA,0,0.6780093739661445,0.32199062603385564,0,0,0,0.00918245587674729
Galibi Carib,gali1262,NA,0.22424265711710145,0.7757573428828985,0,0,0,0,0.04322005220851043
Galibi Carib,gali1262,NA,0,0,0,0,1,0,-6.7138757758138e-4
Galibi Carib,gali1262,NA,0.6093811521729586,0,0,0.017790481040765,0,0.3728283667862763,0.05368010722546359
Galibi Carib,gali1262,NA,0,0.8727273049575204,0,0,0.1015578772851941,0.02571481775728553,0.06409910859150715
Galibi Carib,gali1262,NA,0,0.5266287566491726,0,0,0,0.4733712433508274,0.04066753640981805
Marquesan,marq1246,NA,0,0,0.4815537025503396,0,0.3570357761406937,0.16141052130896663,0.0439937831656803
Marquesan,marq1246,NA,0.13184848108324082,0,0,0.8681515189167592,0,0,0.02225806464601141
Marquesan,marq1246,NA,0.13534786620512296,0.6380518021549315,0,0.22660033163994556,0,0,0.04365964227630839
Marquesan,marq1246,NA,0.11371946159395188,0,0,0,0.12980516619606058,0.7564753722099875,0.04131531329237514
Marquesan,marq1246,NA,0.3506826828810123,0.27373543623434543,0,0,0,0.3755818808846422,0.0242150858100112
Bila,bila1255,NA,0,0,0,1,0,0,0.00597999506678759
Bila,bila1255,NA,0.2573725818810301,0.2426636988255529,0,0.25346192494822595,0.20717541033146977,0.0393263840137214,0.03403085474842772
Bila,bila1255,NA,0.21002696805193985,0.1873423196142569,0,0.47865799895142735,0,0.12397271338237596,0.01484161269705917
Bila,bila1255,NA,0,0,0,0,1,0,-0.01274124583999052
Bila,bila1255,NA,0.38295381678433654,0.14798959928244837,0.08744551857159284,0,0,0.3816110653616223,0.02117513278447873
Imbongu,imbo1238,NA,0,0,0,0,0,1,0.00254078363393826
Imbongu,imbo1238,NA,0,0,0,0,0,1,0.02227422517185766
Imbongu,imbo1238,NA,0,0,0.6992273097551551,0.3007726902448449,0,0,0.02772465950274177
Imbongu,imbo1238,NA,0.5434823774755054,0.35160866553903486,0.1049089569854598,0,0,0,0.04080272236878808
Imbongu,imbo1238,NA,0,0,0,0,0,1,-0.00213985021856464
Western Tawbuid,west2559,NA,0.7886514695972987,0.10676671534235373,0,0.069318696647875655,0.03526311841247186,0,0.05649409966543373
Western Tawbuid,west2559,NA,0.6701411081971699,0,0,0.1770008830642223,0.15285800873860783,0,0.0298576494185814
Western Tawbuid,west2559,NA,0.3650198810093001,0,0.5380654120512194,0,0,0.09691470693948052,0.03491396388597756
Western Tawbuid,west2559,NA,0.12516505269058747,0,0.7250414461059147,0.14979350120349788,0,0,0.04644695705992949
Western Tawbuid,west2559,NA,1,0,0,0,0,0,-0.0075945357468482
Naasioi,naas1242,NA,0.3585242640304731,0,0.36797145925219743,0.09481891400304272,0.02453582816675252,0.1541495345475342,0.04380169810547851
Naasioi,naas1242,NA,0,0.3287427169809161,0,0.4676824279560149,0.20357485506306888,0,0.03284391237877588
Naasioi,naas1242,NA,0.26191767215906037,0,0,0,0.6918311135919343,0.04625121424900538,0.05013544495609188
Naasioi,naas1242,NA,0.31283405527085717,0,0.11661520750210376,0,0.5705507372270392,0,0.02711512451425169
Naasioi,naas1242,NA,0,0.607330924631864,0.2116810449635197,0.18098803040461645,0,0,0.0076279468118473
Southwest Tanna,sout2869,NA,0.05324940293009501,0,0.06020310861525701,0.4562574341645621,0.4302900542900857,0,0.04789781234280309
Southwest Tanna,sout2869,NA,0,0.8228955967183652,0.04358146202307176,0,0,0.1335229412585631,0.03271804132612558
Southwest Tanna,sout2869,NA,0,0,0.5284038514109949,0.19840017012901665,0.1703267164563148,0.10286926200367363,0.07438214996128556
Southwest Tanna,sout2869,NA,0,0.1973740246675287,0,0.24980147038692413,0.00697196983061443,0.5458525351149328,0.01801060826968147
Southwest Tanna,sout2869,NA,0,0,0,0,1,0,0.03767857830101205
Colloquial Malay,mala1479,NA,0,0,0.12792254354322455,0.3289161011764998,0.5431613552802758,0,0.0098800715929266009
Colloquial Malay,mala1479,NA,0,0.05537702375475931,0,0,0.6325153904611845,0.3121075857840562,0.01221393781701111
Colloquial Malay,mala1479,NA,0.5300691663693535,0,0,0.24118748824851224,0.22874334538213423,0,0.02060837286597601
Colloquial Malay,mala1479,NA,0,0,5.551115123125783e-17,1,0,0,8.7014209304193e-4
Colloquial Malay,mala1479,NA,0,0,1,0,0,0,0.02958833371726404
German,stan1295,NA,0.00202804044010185,0.08193257572206866,0.828940933493323,0,0.08709845034450646,0,0.06719951419503678
German,stan1295,NA,0,0,0,1,0,0,-0.00382273181659316
German,stan1295,NA,0,0,0,0,0,1,0.00615288808331299
German,stan1295,NA,0.3361511710883531,0,0.49662400931476713,0.16722481959687985,0,0,0.04208444321348831
German,stan1295,NA,0.2680893184877769,0,0.6908133220194445,0,0.04109735949277863,0,0.07830985278581451
Wajarri,waja1257,NA,0.9131027994710754,0,0,0,0,0.08689720052892465,0.05538648226337559
Wajarri,waja1257,NA,0,0.16870694898473745,0,0.3660151314407881,0.32907930383861367,0.1361986157358608,0.06266436709498575
Wajarri,waja1257,NA,0,0.4411308977362657,0,0,0,0.5588691022637342,0.03255131444413051
Wajarri,waja1257,NA,0,0.00607553165167887,0.01534443361735213,0.5393419902492387,0.43923804448173026,0,0.05761841589443833
Wajarri,waja1257,NA,0,1,0,0,0,0,0.00785526502365622
Kanum,kanu1280,NA,0.35,0.05,0.05,0.4,0.15,0,1
Kanum,kanu1280,NA,0.03703703554747113,0,0.0740740716458776,0,0.14814814880110855,0.7407407440055427,1
Kanum,kanu1280,NA,0.0248833083225864,0.3880251125483613,0.0248833083225864,0.4626750375161205,0.09953323329034562,0,-0.4999999999999999
Kanum,kanu1280,NA,0,0,0.13333333333333333,0,0.2,0.6666666666666666,1
Kanum,kanu1280,NA,0.02272727179542852,0.45454545640914296,0.04545454256582842,0.45454545640914296,0.02272727282045715,0,1
Lisu,lisu1250,NA,0,0,0,1,0,0,0.02243032917435046
Lisu,lisu1250,NA,0,0,0,0,0,1,0.08075372090946145
Lisu,lisu1250,NA,0,0.2105778031505793,0,0.7894221968494207,0,0,0.03583903657617732
Lisu,lisu1250,NA,0,0.13850322907561283,0,0.26156555038676654,0.5427516133364225,0.05717960720119808,0.05571136481246789
Lisu,lisu1250,NA,0,0,0,0,0,1,0.00970428464312795
Tidore,tido1248,NA,0,0,0,0,0,1,0.00997721958579194
Tidore,tido1248,NA,0.06829506170269671,0,0,0.41535471903823945,0.5163502192590639,0,0.01330192575704617
Tidore,tido1248,NA,0.4809548216197989,0.1998729526336615,0,0,0.3109490133950185,0.00822321235152108,0.05097098570407385
Tidore,tido1248,NA,0,1,0,0,0,0,0.00438840522554795
Tidore,tido1248,NA,1,0,0,0,0,0,0.00772492784655633
Tamil,tami1289,NA,0,0.17214959512402409,0,0.6183975055701578,0,0.20945289930581812,0.04298800844005043
Tamil,tami1289,NA,0.7228395286968385,0.06363790193944585,0.2135225693637156,0,0,0,0.02195804308477662
Tamil,tami1289,NA,0,0.00949816884009664,0.4573491085415281,0,0.41898271845332297,0.11417000416505232,0.03057861300049264
Tamil,tami1289,NA,0.39725175735365587,0,0,0,0.6027482426463441,0,0.00624138510674932
Tamil,tami1289,NA,0,0.00253227330558769,0.38865165428529685,0,0,0.6088160724091155,0.02581297929402912
Prakaa,prak1243,NA,0,0,1,0,0,0,0.05653987490492623
Prakaa,prak1243,NA,0.20308989251959653,0.6526916717993826,0.04183973435795947,0.08569029515008711,0.01668840617297434,0,0.40245413181973
Prakaa,prak1243,NA,0.3131135875509846,0,0.17068724963053755,0,0.4634031697491134,0.05279599306936435,0.1404072011107135
Prakaa,prak1243,NA,0,0,0,0,0,1,0.0154990928012432
Prakaa,prak1243,NA,0.4374512172814184,0,0.5625487827185817,0,0,0,0.06785276539853723
Cupeño,cupe1243,NA,0,0,0.2114878316564793,0.25462550927275734,0,0.5338866590707634,0.04651505739791597
Cupeño,cupe1243,NA,0.31611998559141435,0.4448071979729906,0.239072816435595,0,0,0,0.02644413478134551
Cupeño,cupe1243,NA,0.7303445110731096,0,0,0.26965548892689045,0,0,0.0570601566024384
Cupeño,cupe1243,NA,0,0,1,0,0,0,0.00171910565075243
Cupeño,cupe1243,NA,0,0.3042364956748407,0.5660597774081555,0,0,0.1297037269170039,0.04757339921951278
Isirawa,isir1237,NA,0,0.6092275328965618,0,0.3807489240126903,0,0.01002354309074777,0.02456928941200004
Isirawa,isir1237,NA,0,0,0.5483829978300956,0,0.4516170021699044,0,0.04102937654111711
Isirawa,isir1237,NA,0.722792606812468,0.277207393187532,0,0,0,0,0.02814998334999058
Isirawa,isir1237,NA,0,0,0,1,0,0,0.00345248543960555
Isirawa,isir1237,NA,0.22180795510671025,0,0.41233720956422354,0.0636983358028842,0.30215649952618207,0,0.06776426065733243
Kimaama,kima1246,NA,0.26297042010659755,0,0,0.09969494424415948,0.637334635649243,0,0.0182392627031525
Kimaama,kima1246,NA,0.5235330399074198,0.10725736661360592,0.15847335455886505,0,0.2107362389201092,0,0.03967904183529794
Kimaama,kima1246,NA,0.2055070856688215,0.0557542736622283,0.3515110756648656,0,0.30869315038061246,0.07853441462347205,0.06932913001940513
Kimaama,kima1246,NA,0.9441391421082516,0,0.05586085789174858,0,0,0,0.03457220522400603
Kimaama,kima1246,NA,0,0,0,1,0,0,0.0142164515076466
Aneityum,anei1239,NA,0,0,0,0,1,0,0.0259113324827229
Aneityum,anei1239,NA,0.7864484386230539,0,0,0,0.2135515613769461,0,0.00841082637926632
Aneityum,anei1239,NA,0.5207046293297557,0,0,0.0800619999742701,0.3592310843181795,0.04000228637779474,0.02581191080422747
Aneityum,anei1239,NA,0,0,0.3737901736764322,0.07376471054901332,0.47143609093374966,0.08100902484080473,0.01286198840948418
Aneityum,anei1239,NA,0.4608633922901083,0,0.4363383886893317,0.10279821902056008,0,0,0.01877443409043688
Vlax Romani,vlax1238,NA,0,0,0.27139067077666973,0.7286093292233302,0,0,0.0311801223929469
Vlax Romani,vlax1238,NA,0.6148645830396412,0,0,0.00664020847206304,0.3784952084882957,0,0.04427917964422299
Vlax Romani,vlax1238,NA,1,0,0,0,0,0,0.00804447821980129
Vlax Romani,vlax1238,NA,0.16045696679687602,0.19580567195595944,0,0.6347892502675069,0,0.00894811097965769,0.09763131332971683
Vlax Romani,vlax1238,NA,0.458299067627685,0.3456456930714053,0,0,0,0.1960552393009095,0.04462221878443231
Kukatja,kuka1246,NA,0,0.7950143620441128,0,0,0,0.20498563795588728,0.02426249365291874
Kukatja,kuka1246,NA,0,0.00135742424303666,0.8845264516452916,0.11411612411167169,0,0,0.05430539818292386
Kukatja,kuka1246,NA,0,0.17025356377666076,0,0,0.8297464362233393,0,0.00236030071285233
Kukatja,kuka1246,NA,0,0,0,0,0.4416577170638027,0.5583422829361973,0.0206169928255796
Kukatja,kuka1246,NA,0.4657958977454744,0,0.09308502222062594,0.05284417303505442,0.2710838163502931,0.11719109064855224,0.06742360547446681
Solu-Khumbu Sherpa,sher1255,NA,0,1,0,0,0,0,0.00345850330566584
Solu-Khumbu Sherpa,sher1255,NA,0,0,0.10606409648760032,0.6299420683056223,0.2639938352067775,0,0.09472049473604824
Solu-Khumbu Sherpa,sher1255,NA,0.34139709273807306,0,0.6352262762026164,0,0.02337663105931055,0,0.01247267016401462
Solu-Khumbu Sherpa,sher1255,NA,0.7055974617711934,0,0.195536785419898,0.09886575280890858,0,0,0.09003347701990103
Solu-Khumbu Sherpa,sher1255,NA,0,0,0.6981148621442088,0,0.0593993522064177,0.2424857856493735,0.03766276336286774
Nunamiut,nort2944,NA,0,0,0,0,0,1,0.01932466997050014
Nunamiut,nort2944,NA,0.34426348970849496,0.655736510291505,0,0,0,0,0.01475173523563982
Nunamiut,nort2944,NA,0,0,0,1,0,0,0.00849635091112458
Nunamiut,nort2944,NA,0,0,0.9772897685885228,0,0.02271023141147732,0,0.04902189296102902
Nunamiut,nort2944,NA,0.39567940754959186,0.5006404301919579,0,0,0.05247664856012373,0.0512035136983265,0.04976316914208571
Panare,enap1235,NA,1,0,0,0,0,0,0.00697917222032872
Panare,enap1235,NA,0,0,0,0,0,1,0.01129201389323205
Panare,enap1235,NA,0,0,0.03132092489778796,0.18524140081569432,0.03039647094470431,0.7530412033418133,0.07565959445637954
Panare,enap1235,NA,0,0.4045780611686586,0,0.23136500794104367,0,0.3640569308902978,0.01604352520008316
Panare,enap1235,NA,0.38351346467945874,0,0.5614946578920019,0,0,0.05499187742853923,0.03242315413500272
Cogui,cogu1240,NA,0.4997063419149155,0,0.4551430119058159,0,0.04515064617926869,0,0.06928353436323362
Cogui,cogu1240,NA,0,0,0,0.35271233546024156,0,0.6472876645397585,0.01169716403291412
Cogui,cogu1240,NA,0.9388544074403486,0,0.06114559255965134,0,0,0,0.06696249023503835
Cogui,cogu1240,NA,0,0,0,0,1,0,0.01460091911254882
Cogui,cogu1240,NA,0,0.08809933870133906,0.5460768660984584,0.2146617487931754,0.03626322233466191,0.1148988240723652,0.036085503528045
Zabana,zaba1237,NA,0,0,0.2550578034203229,0,0.3162841526389829,0.42865804394069423,0.07368966596875239
Zabana,zaba1237,NA,0.1248751344764624,0.02140125718967432,0.7391842740306648,0,0,0.11453933430319845,0.05436691506249121
Zabana,zaba1237,NA,0.22112455111245055,0.15402794130566824,0.13133571679469064,0.30282464262527714,0.15056765651659282,0.04011949164532063,0.10699567893704498
Zabana,zaba1237,NA,0.10197661227391992,0,0,0.5031156245236974,0.39490776320238274,0,0.02781808699300507
Zabana,zaba1237,NA,0,0,0,0.3175374815593883,0.6824625184406117,0,0.04195186517228301
Sinhala,sinh1246,NA,1,0,0,0,0,0,-9.3193718192233e-4
Sinhala,sinh1246,NA,0,0.6111676544731013,0,0,0,0.3888323455268988,0.00391799540293423
Sinhala,sinh1246,NA,0,0,0.6254875594088447,0.3745124405911552,0,0,0.01842553660567823
Sinhala,sinh1246,NA,0.5636361862490898,0.2915217944035427,0.14484201934736757,0,0,0,0.03512820612519603
Sinhala,sinh1246,NA,0,0,0,0.1984249473600405,0.6870195334696428,0.11455551917031678,0.04435739124699188
Kwamera,kwam1252,NA,0.24040125860282227,0.4599474646829372,0.29965127671424063,0,0,0,0.05326768220759891
Kwamera,kwam1252,NA,0.2625704268989919,0.4161529144768331,0.01293158441632925,0,0.2551000989046116,0.0532449753032341,0.02365307361932532
Kwamera,kwam1252,NA,1,0,0,0,0,0,0.0398824446623294
Kwamera,kwam1252,NA,0,0,0,0.7185157528495154,0.01073575244385782,0.2707484947066268,0.01306983676419235
Kwamera,kwam1252,NA,0.2067543073313361,0,0.48546175984550327,0,0,0.3077839328231606,0.02757195930805747
Siona-Tetete,sion1247,NA,0,0,0,1,0,1.1102230246251563e-16,0.0077946999678802
Siona-Tetete,sion1247,NA,0,0,0.9440207580961194,0.01901509043472663,0,0.03696415146915403,0.02167162815509863
Siona-Tetete,sion1247,NA,0,0,0,0,0.6540429257527943,0.3459570742472058,0.01653756415951401
Siona-Tetete,sion1247,NA,0.00672995111064896,0,0.993270048889351,0,0,0,0.14525430383538124
Siona-Tetete,sion1247,NA,0,0,0,0,1,0,0.04117146959448428
Cruzeño,cruz1243,NA,0.31312912601355725,0,0,0.267480577020962,0.2364403329043981,0.18294996406108271,0.05874811530416638
Cruzeño,cruz1243,NA,0.37615312375339893,0.03092035369808433,0.06008578289195494,0.5328407396565618,0,0,0.1439582005560113
Cruzeño,cruz1243,NA,0,0,0.0054065719183825,0,0.9945934280816175,0,0.08954307789482419
Cruzeño,cruz1243,NA,0,0,0.17382684479772378,0,0.7939462133042965,0.0322269418979797,0.08060144247067831
Cruzeño,cruz1243,NA,0,0.37494674116953114,0.0194569144555238,0.3599204745426691,0.24567586983227588,0,0.07426653155054048
El Nayar Cora,elna1235,NA,0.17119102007871967,0.32997630317448484,0,0.2251704535492285,0.2380751899611732,0.03558703323639386,0.086752830179762
El Nayar Cora,elna1235,NA,0,0,0,0,0,1,-0.00605527281977942
El Nayar Cora,elna1235,NA,0,0.29050794631998533,0,0.6075428832874364,0.10194917039257824,0,0.10467999195924339
El Nayar Cora,elna1235,NA,0,0,0.09403481651494286,0,0,0.9059651834850572,0.05949902220658615
El Nayar Cora,elna1235,NA,0,0,0,0,0.6483771565711235,0.3516228434288765,0.03718047528166349
Suundi,suun1239,NA,0,0,1,0,0,0,-0.01686429321306391
Suundi,suun1239,NA,0,0.24943139654106708,0.06827960312926831,0.3760120533975898,0.30627694693207486,0,0.0401207517758226
Suundi,suun1239,NA,0,0.4586254326458403,0.19917320390023505,0,0,0.3422013634539246,0.06724818558131385
Suundi,suun1239,NA,0,0.20488535471711747,0,0.14541827101361937,0.5171472414850916,0.1325491327841716,0.08018711686892896
Suundi,suun1239,NA,0,0,0,0,0,1,0.0473208075607822
Vaeakau-Taumako,pile1238,NA,0.5879578881624592,0,0,0.2074303153082384,0,0.2046117965293024,0.02308139168588304
Vaeakau-Taumako,pile1238,NA,0.23248083044546936,0,0.2818155040224111,0.180234041509841,0.30546962402227845,0,0.02043455288800987
Vaeakau-Taumako,pile1238,NA,0.22073675347670324,0.09606605798292107,0.05840192782079155,0,0.2779189653390894,0.34687629538049475,0.03554143734261625
Vaeakau-Taumako,pile1238,NA,0,1,0,0,0,0,0.03623206085307871
Vaeakau-Taumako,pile1238,NA,1,0,0,0,0,0,0.00498959266554972
Koroni,koro1311,NA,0.2624045107659642,0.3763237514507655,0.2346130633883908,0,0.12665867439487952,0,0.02347809281936582
Koroni,koro1311,NA,0.1187766332583014,0.26917690951026196,0,0,0.3428674868858369,0.2691789703455998,0.04504902651227471
Koroni,koro1311,NA,0,0,0.3469341595630316,0.6049854779311031,0,0.04808036250586532,0.03983682427502996
Koroni,koro1311,NA,0,0,0,0,0,1,0.02975421370543658
Koroni,koro1311,NA,0,0.14050351423117363,0,0.8594964857688264,0,0,0.03415964049046602
Blood,bloo1239,NA,0,0,0,1,0,0,0.06224569869339136
Blood,bloo1239,NA,0,1,0,0,0,0,0.00778064076273906
Blood,bloo1239,NA,0,0,0,0,0,1,-0.0021992355707303
Blood,bloo1239,NA,0,0.5192072175180199,0.48079278248198015,0,0,0,0.01967838243609482
Blood,bloo1239,NA,0,0.17029370868380586,0.40870949348468,0.2292240047586426,0.19177279307287157,0,0.04544869554215337
Zulu,zulu1248,NA,0.3379152793677968,0.21688374520016504,0.08518706628627823,0,0.36001390914576,0,0.0598481168545095
Zulu,zulu1248,NA,0,0.3668545386706282,0.14884801434664327,0.4121412231885528,0.07215622379417566,0,0.0423651689460094
Zulu,zulu1248,NA,0,0.5504046264437865,0.2080435469006036,0.24155182665561,0,0,0.0331020918659774
Zulu,zulu1248,NA,0,0,0.33174059180181104,0.668259408198189,0,0,0.00795152623798571
Zulu,zulu1248,NA,0.6822941608294042,0,0,0.20477015234179485,0.11293568682880094,0,0.07069525191514464
Igbo,nucl1417,NA,0.6184323835606717,0,0,0.3815676164393284,0,0,0.05844515858580786
Igbo,nucl1417,NA,0,0.1627412981260955,0,0,0.8372587018739044,0,0.02748350669303931
Igbo,nucl1417,NA,0.6756341280576577,0,0,0.03564822512137939,0.04174757655015548,0.2469700702708076,0.09249251457656248
Igbo,nucl1417,NA,0.1319849084299318,0,0,0.6700815779223854,0,0.1979335136476827,0.01172295480079132
Igbo,nucl1417,NA,0,0,0,0,0,1,0.01137191359346445
Mussau-Emira,muss1246,NA,0,0.02826365593853266,0,0.2019647688574804,0.7697715752039869,0,0.02320134437100457
Mussau-Emira,muss1246,NA,0.532523433051614,0,0,0,0.467476566948386,0,0.04328285696420024
Mussau-Emira,muss1246,NA,0.2980448319428041,0.4192454112453925,0,0.13628321328436568,0,0.1464265435274376,0.03308842888252852
Mussau-Emira,muss1246,NA,0.66246228424404,0,0,0,0,0.33753771575596003,0.01685586876663971
Mussau-Emira,muss1246,NA,0.09400709926242493,0.01797634836367402,0.0673831508273137,0.5784959538583003,0.242137447688287,0,0.11050607586147138
Sangtam Naga,sang1321,NA,0.48505710813121855,0.02955891690522047,0,0,0.48538397496356106,0,0.05633717409711972
Sangtam Naga,sang1321,NA,0,0.03624769242325217,0.23607576232301777,0,0,0.7276765452537302,0.03193785638922142
Sangtam Naga,sang1321,NA,0,0,0,0,0.615341740403093,0.38465825959690697,0.01156457673372713
Sangtam Naga,sang1321,NA,0,0,0,0.7994025678152883,0,0.20059743218471185,0.01552231338067254
Sangtam Naga,sang1321,NA,0,1,0,0,0,0,0.0414004617088707
Catalan,stan1289,NA,0,0.4155202184090117,0.5250234555839437,0,0,0.0594563260070445,0.0904881996363742
Catalan,stan1289,NA,0.5864654516033428,0,0,0,0,0.4135345483966571,0.01588149964871533
Catalan,stan1289,NA,0,0.04904038504075068,0.9509596149592492,0,0,0,0.03826395982208835
Catalan,stan1289,NA,0.2599308440663773,0.0510727547203712,0.4562378274447011,0,0.2327585737685504,0,0.02157127256484138
Catalan,stan1289,NA,0,0,0.5900453701332437,0.2042841522064316,0.20567047766032476,0,0.03853136194704741
Mescalero-Chiricahua Apache,mesc1238,NA,0.1684336775516682,0.31081057416321434,0.10997953070629306,0,0,0.4107762175788244,0.05454061318298256
Mescalero-Chiricahua Apache,mesc1238,NA,0,0,0,0.4156544015423908,0.5196700358056616,0.0646755626519477,0.02197929016640427
Mescalero-Chiricahua Apache,mesc1238,NA,0.6498157361629776,0.04154689321204512,0,0.30863737062497726,0,0,0.01877456175261216
Mescalero-Chiricahua Apache,mesc1238,NA,0,0,0.04877343223436702,0.3822619755425177,0.5689645922231154,0,0.06258417154766241
Mescalero-Chiricahua Apache,mesc1238,NA,0,0,0,0.6125734826988423,0,0.38742651730115785,0.0139563351319921
Ngaanyatjarra,ngaa1240,NA,0,0,0,1,0,0,-0.01093519341638273
Ngaanyatjarra,ngaa1240,NA,0,0.28116141939102457,0.7188385806089754,0,0,0,0.02029490147201716
Ngaanyatjarra,ngaa1240,NA,0,0.24852368608433256,0,0,0,0.7514763139156675,0.010907793371598
Ngaanyatjarra,ngaa1240,NA,0.824023975607005,0.1759760243929949,0,0,0,0,0.01590208518094157
Ngaanyatjarra,ngaa1240,NA,0.2263771805058959,0.19168501550959471,0,0,0.15159595680042717,0.4303418471840822,0.03381971259884034
Cubeo,cube1242,NA,0,0.1356230077053328,0,0,0,0.8643769922946671,0.0166081904026484
Cubeo,cube1242,NA,0.0793075531125406,0.19625433366382772,0.5927206061521235,0,0,0.1317175070715082,0.0359539250908289
Cubeo,cube1242,NA,0,0.7263622533031373,0.27363774669686275,0,0,0,0.0508454907801977
Cubeo,cube1242,NA,0,0,0.4374206432974848,0.2653076067307679,0.2972717499717473,0,0.04291963105704408
Cubeo,cube1242,NA,0.5027526956656008,0,0,0,0,0.4972473043343992,0.02703619769031977
Mono (USA),mono1275,NA,0,0,5.551115123125783e-17,0,0,1,0.00286990293419229
Mono (USA),mono1275,NA,0,0.43201283476732755,0.1731976688741108,0,0,0.3947894963585616,0.04929382247737041
Mono (USA),mono1275,NA,0,1,0,0,0,0,0.05729482660029576
Mono (USA),mono1275,NA,0.478272162455547,0.1014498573360794,0.4202779802083736,0,0,0,0.07672627066342598
Mono (USA),mono1275,NA,0.03387054577267606,0,0.3230334966179881,0.4316023178609781,0.1534553325976457,0.05803830715071214,0.04996584915019463
Tikopia,tiko1237,NA,0,0,0,0,0,1,-0.00260031650884672
Tikopia,tiko1237,NA,0,0,0,0.7535614601120776,0.2078382958888507,0.03860024399907191,0.01740433725132979
Tikopia,tiko1237,NA,0,0.03879783772071357,0.8471354487186191,0.11406671356066736,0,0,0.03516330731779021
Tikopia,tiko1237,NA,0,0.38229707156111137,0.16510069274887385,0.09247027595227895,0,0.36013195973773576,0.03389686327981645
Tikopia,tiko1237,NA,0,0.00517806906393691,0.4732901546504368,0.5215317762856264,0,0,0.05223954357171906
Malacca-Batavia Portuguese Creole,mala1533,NA,0,0,0,1,0,0,-0.00876531930851103
Malacca-Batavia Portuguese Creole,mala1533,NA,0.566881412964,0,0,0.3822213278098181,0.0508972592261819,0,0.02476660986297943
Malacca-Batavia Portuguese Creole,mala1533,NA,0.21001075138281783,0,0,0.6924645620241761,0.09752468659300616,0,0.04086795952013419
Malacca-Batavia Portuguese Creole,mala1533,NA,0,0.5591513224747707,0.44084867752522927,0,0,0,0.00739177106267747
Malacca-Batavia Portuguese Creole,mala1533,NA,1,0,0,0,0,0,0.01155106592733436
Plains Cree,plai1258,NA,0,0,0,0,0,1,0.03863359263660221
Plains Cree,plai1258,NA,0,0,0.1149162918163481,0,0.7437492752239186,0.1413344329597332,0.05912972616243135
Plains Cree,plai1258,NA,0.38529666562664616,0,0.53617997540812945,0.07852335896522433,0,0,0.03332982306886177
Plains Cree,plai1258,NA,0,0,0,0,0,1,-0.00657094361590151
Plains Cree,plai1258,NA,0,0.13985278244460006,0.1614210607497975,0.18643277535310457,0.5122933814524979,0,0.02329838396808598
Neve'ei,vinm1237,NA,0,0.7121943825886581,0,0,0.09439584667917056,0.19340977073217128,0.05548578428491485
Neve'ei,vinm1237,NA,0,0,1,0,0,0,-0.00321288191934176
Neve'ei,vinm1237,NA,0,0,0,1,0,0,0.04934502409631356
Neve'ei,vinm1237,NA,0,0,1,0,0,0,-0.01454715229310553
Neve'ei,vinm1237,NA,0.05010431513169017,0.4237600573215738,0,0,0.30936755656045567,0.21676807098628045,0.02717559346825702
Takia,taki1248,NA,0.631240266262402,0,0,0.06615478892041428,0.08928103809384201,0.21332390672334164,0.04467643603609891
Takia,taki1248,NA,0.08515752292783012,0.0077987948679597,0,0.06680675454552651,0.35584433107014757,0.48439259658853606,0.01537294835743857
Takia,taki1248,NA,0,0.13137300372120028,0.672493271627657,0.1961337246511428,0,0,0.04644993881466441
Takia,taki1248,NA,0.23902874947469088,0.03538623145150651,0.6255249992704232,0,0.10006001980337954,0,0.076744363697989
Takia,taki1248,NA,0.7117019565322359,0,0,0.28829804346776416,0,0,0.02931405526888443
Japanese,nucl1643,NA,0.20063073492652103,0.5119391754822925,0,0,0,0.2874300895911865,0.02263819859899542
Japanese,nucl1643,NA,0.35701176497888465,0,0,0.5352021577224936,0,0.1077860772986218,0.02780482946179099
Japanese,nucl1643,NA,0.8739180340649929,0,0,0.1260819659350071,0,0,0.04778068260936849
Japanese,nucl1643,NA,0.5889774978112781,0.4110225021887221,0,0,0,0,0.0364802833650415
Japanese,nucl1643,NA,0,0,0.42242641694938426,0.03061866063317264,0.5469549224174431,0,0.01863143234661379
Tübatulabal,tuba1278,NA,0,0.3890062758790709,0,0.0124959602318391,0,0.59849776388909,0.08831016409866912
Tübatulabal,tuba1278,NA,0.37074153435248874,0.48802168647658867,0,0.1412367791709227,0,0,0.07684457430161458
Tübatulabal,tuba1278,NA,0.11839802827702464,0.02066194738897077,0.24816563729479288,0,0,0.6127743870392117,0.2009881066250723
Tübatulabal,tuba1278,NA,1,0,0,0,0,0,-0.02314703884722035
Tübatulabal,tuba1278,NA,0.02102631316433436,0,0,0,0.7031227011244391,0.27585098571122657,0.12360845057277436
Baure,baur1253,NA,0.1857655633694621,0.04992970252877714,0,0.06740039462049724,0.3618987756692297,0.3350055638120339,0.08956734929018842
Baure,baur1253,NA,0.9760464193450245,0,0,0,0.02395358065497564,0,0.1064160608526031
Baure,baur1253,NA,0,0.2903939663291963,0,0,0.22961242707252805,0.4799936065982755,0.03786963789640997
Baure,baur1253,NA,0,0,0,0.1499699847627891,0.7231867412056703,0.12684327403154064,0.05761827669918674
Baure,baur1253,NA,0.16676503838626472,0,0,0.8332349616137353,0,0,0.06873016058895147
Chemehuevi,chem1251,NA,0.270991195897682,0,0.5706398767488988,0.00473799757260588,0.05991260090932381,0.09371832887148956,0.19698928671188745
Chemehuevi,chem1251,NA,0,0.07529779401490234,0,0.7807036261402418,0.14399857984485592,0,0.04773963331104829
Chemehuevi,chem1251,NA,0.22321967300386497,0,0,0,0,0.7767803269961351,0.02447298720657063
Chemehuevi,chem1251,NA,0,0,0,0.8127228496307741,0.1872771503692259,0,0.0218911149574724
Chemehuevi,chem1251,NA,0,0,0,0,0,1,0.01319414704759142
Soga,soga1242,NA,0,0.6563142734775064,0,0,0.2303751637080894,0.11331056281440412,0.01985411191205665
Soga,soga1242,NA,0.28089365036844494,0,0,0.3720365478953468,0,0.34706980173620827,0.01894690025206216
Soga,soga1242,NA,0,0,0,1,0,0,0.01081667009189764
Soga,soga1242,NA,0,0,0,1,0,0,-3.6117234854485e-4
Soga,soga1242,NA,1,0,0,0,0,0,0.04257721548579023
Nyulnyul,nyul1247,NA,0.6935049231017902,0,0,0.07046965591374085,0,0.23602542098446885,0.01193283436404545
Nyulnyul,nyul1247,NA,0,0.994482142840756,0,0,0,0.0055178571592442,0.06436884793710802
Nyulnyul,nyul1247,NA,0.21734537785059513,0,0.459004538221182,0,0.32365008392822286,0,0.04918040820545095
Nyulnyul,nyul1247,NA,0.29903846584885985,0.1499617794481768,0,0.3136579696005909,0,0.2373417851023724,0.04489799764084824
Nyulnyul,nyul1247,NA,0.5461282104823292,0,0,0.4538717895176708,0,0,0.01553206282067625
Chamorro,cham1312,NA,0,0.12705663241986162,0,0.1602557745439216,0,0.7126875930362168,0.01587256227400505
Chamorro,cham1312,NA,0,0,0,1,0,0,0.00231687180233261
Chamorro,cham1312,NA,0,0,0,0.08145239454179845,0.9185476054582016,0,0.02005971956954506
Chamorro,cham1312,NA,0.4340676966728968,0,0.33108257993341433,0.10795376960709566,0.03958453678555289,0.08731141700104028,0.05013370487953883
Chamorro,cham1312,NA,0,0,0,1,0,0,0.03326989880430986
Kunza,kunz1244,NA,0.7170642395920288,0,0,0,0,0.28293576040797114,0.08413332750034738
Kunza,kunz1244,NA,0.634054774552887,0,0,0.2720908860085235,0,0.09385433943858956,0.0781229445996852
Kunza,kunz1244,NA,0.39384145318474023,0,0,0.10529067155944856,0,0.5008678752558112,0.14498449227912988
Kunza,kunz1244,NA,0.6996796929418309,0,0.3003203070581692,0,0,0,0.06077649266321534
Kunza,kunz1244,NA,0,0,0,1,0,0,0.00174114590028454
Middle English,midd1317,NA,0.399459883609064,0.02704863791359311,0,0,0.5734914784773429,0,0.02301087412493798
Middle English,midd1317,NA,0.6769279441961341,0,0.11374321037636063,0.00987171311402037,0,0.19945713231348497,0.05104317040864339
Middle English,midd1317,NA,0.06739027478317709,0.31567467932456994,0.2964631199453871,0,0,0.32047192594686574,0.05112102811329642
Middle English,midd1317,NA,0.4039455284310653,0.1304862740360287,0,0,0,0.4655681975329061,0.02489011388980595
Middle English,midd1317,NA,0,0.1830264208218667,0.6045915058202602,0,0.21238207335787315,0,0.08690509669411671
Erave,erav1244,NA,0,0,0,0,0.5204380932227639,0.479561906777236,0.02038978713170254
Erave,erav1244,NA,0,0,0,0.35730808358984073,0.5049713839432752,0.13772053246688412,0.06602901742293245
Erave,erav1244,NA,0.913091951448899,0,0,0,0,0.086908048551101,0.01240696457661302
Erave,erav1244,NA,0,0.5572830174420523,0,0.4427169825579477,0,0,0.02801864068105043
Erave,erav1244,NA,0.5886996949084167,0,0.2619105736862981,0,0,0.14938973140528522,0.01479906548110139
Mashco Piro,mash1270,NA,0,0.03148032095776053,0.09797498251453372,0.30418316939090884,0,0.566361527136797,0.03772575461942121
Mashco Piro,mash1270,NA,0,0,0.30289570149863215,0,0.6971042985013678,0,0.00284935871528489
Mashco Piro,mash1270,NA,1,0,0,0,0,0,0.01543120767959259
Mashco Piro,mash1270,NA,0,0,0.38725535267138417,0.26539440862549585,0,0.34735023870312,0.04695426614066441
Mashco Piro,mash1270,NA,0,0,0,0.3098765511471716,0,0.6901234488528284,0.0345752616198646
Old Norse,oldn1244,NA,0.7745778224889083,0,0.22542217751109164,0,0,0,0.04747422084672319
Old Norse,oldn1244,NA,0,0,0,0,1,0,0.00190754984671051
Old Norse,oldn1244,NA,0.597828211324154,0,0,0,0.4021717886758461,0,0.00959876863207059
Old Norse,oldn1244,NA,0,0.5649154177835934,0,0,0,0.4350845822164066,0.04013002121010835
Old Norse,oldn1244,NA,0,0,0,0,0.41121593595823114,0.5887840640417689,0.01400057907122155
Udmurt,udmu1245,NA,0,0,0.07558630671975003,0.651307836280369,0,0.27310585699988094,0.03209997957191385
Udmurt,udmu1245,NA,0.22112295710417304,0.06268953177009222,0.3727069573723158,0.3434805537534189,0,0,0.06378356298197427
Udmurt,udmu1245,NA,0,0.41037152684868966,0.1683566351442388,0.4212718380070715,0,0,0.06080625812825951
Udmurt,udmu1245,NA,0,0,0,0,0,1,0.01287107966306022
Udmurt,udmu1245,NA,0,1,0,0,0,0,0.01857136347981793
Yanyuwa,yany1243,NA,0.5230775782148029,0.09407479467029164,0,0.22886632393624548,0.12841202352321038,0.02556927965544969,0.04454341535761851
Yanyuwa,yany1243,NA,0.15386569961163762,0.10306809949926649,0.4108714323255933,0,0.3321947685635025,0,0.03314726133890066
Yanyuwa,yany1243,NA,0.4895560680286576,0.37283876255594145,0,0.00104000804721989,0.10424997028047596,0.03231519108770522,0.08543094053863112
Yanyuwa,yany1243,NA,0,0,0.14367037531792062,0.34943053404243823,0.5068990906396411,0,0.03053566039668314
Yanyuwa,yany1243,NA,0,0.06856841166247622,0,0,0,0.9314315883375238,0.02710027641603205
Tooro,toor1238,NA,0,0,0.3791113047533741,0.6208886952466259,0,0,0.01417391239964129
Tooro,toor1238,NA,0,0,0,0,0.7127573410207428,0.28724265897925716,0.01654863783914029
Tooro,toor1238,NA,0,0,0,0,0.90988268581688,0.09011731418311976,0.01701529855460968
Tooro,toor1238,NA,1,0,0,0,0,0,0.01599692265986407
Tooro,toor1238,NA,0,0.484459515285842,0,0.5155404847141581,0,0,0.00565877062502007
Budukh,budu1248,NA,0,1,0,0,0,0,-0.00991569234940513
Budukh,budu1248,NA,0.6959647401543302,0,0,0.30403525984566987,0,0,0.0403816039443907
Budukh,budu1248,NA,0,0.9171505700612816,0,0,0,0.08284942993871842,0.01030897631538198
Budukh,budu1248,NA,0,0.22061589220613356,0,0.25549075789142917,0.5238933499024373,0,0.03150676516888374
Budukh,budu1248,NA,0.4891490230446304,0.3123312518401463,0,0,0,0.1985197251152233,0.02759898269303748
Yuwaalaraay-Gamilaraay,gami1243,NA,0,0.4752482826213206,0,0,0,0.5247517173786794,0.01364069209099678
Yuwaalaraay-Gamilaraay,gami1243,NA,0.492714484179943,0,0.437734795350052,0,0.06955072047000505,0,0.0292392831986346
Yuwaalaraay-Gamilaraay,gami1243,NA,0,0,0.8151436104472615,0,0.18485638955273856,0,0.01749159146625845
Yuwaalaraay-Gamilaraay,gami1243,NA,0,0,0,0,0.4352315463760368,0.5647684536239632,0.02509049045580896
Yuwaalaraay-Gamilaraay,gami1243,NA,0.576280696686132,0,0,0.423719303313868,0,0,0.04589246099694064
Yidiñ,yidi1250,NA,0,0,0,0,0.7972070707262169,0.20279292927378317,0.02524145174434422
Yidiñ,yidi1250,NA,0.02619270481478337,0.068510935559489,0.8315258022649121,0.07377055736081546,0,0,0.03083475969039566
Yidiñ,yidi1250,NA,0.7339253468062584,0,0.07609147499926283,0,0,0.18998317819447877,0.01527507910443793
Yidiñ,yidi1250,NA,0.42799821534285937,0.5720017846571407,0,0,0,0,0.02528808904421132
Yidiñ,yidi1250,NA,0.3342057719144459,0.6593204306522928,0,0,0,0.00647379743326141,0.04898756020763889
Talaandig-Binukid,binu1244,NA,0,0.6674193549561125,0,0,0,0.3325806450438876,0.00853775934699655
Talaandig-Binukid,binu1244,NA,0.4256916805331786,0.0981055118634072,0,0.11664334830443304,0.3595594592989812,0,0.02807449580607299
Talaandig-Binukid,binu1244,NA,0.7425358689504059,0,0.17770452344484494,0,0,0.07975960760474911,0.05329257718195198
Talaandig-Binukid,binu1244,NA,0,0.3631852438310385,0.1083360114269727,0.5284787447419887,0,0,0.01083479134137142
Talaandig-Binukid,binu1244,NA,0,0.2037565819607066,0.6950787916137771,0.03744588429472199,0,0.06371874213079429,0.06381227122041928
Ida'an,idaa1241,NA,0,0.01347475154405061,0.5519621519130644,0,0.40685210873499145,0.027710987807893592,0.03940064767841429
Ida'an,idaa1241,NA,0,0,0.9162617585583522,0,0,0.08373824144164771,0.01821983089266308
Ida'an,idaa1241,NA,0,0,0.8431900775484712,0,0,0.1568099224515288,0.01611767664541366
Ida'an,idaa1241,NA,0,0,0.20551273948577528,0,0,0.7944872605142248,0.01657074711727318
Ida'an,idaa1241,NA,0.8833343394302626,0,0,0,0,0.1166656605697374,0.02068788013610506
Kashmiri,kash1277,NA,0,0,0.21795999985670927,0.7820400001432907,0,0,0.02111880975977112
Kashmiri,kash1277,NA,1,0,0,0,0,0,0.02442200271766302
Kashmiri,kash1277,NA,0.2418215736696042,0.04932517351543901,0,0,0.4811436885413621,0.22770956427359468,0.05136606993581291
Kashmiri,kash1277,NA,0,0.06331247285230135,0.6849698587428165,0.05317094661970061,0.1354398977533691,0.0631068240318125,0.05995312381564252
Kashmiri,kash1277,NA,0,0,0,0,0,1,0.01653920901160018
Dobu,dobu1241,NA,0,0,0,0,1,0,0.02157681611896994
Dobu,dobu1241,NA,0,0.3518298653209796,0.04888091615769287,0,0,0.5992892185213274,0.02238202157783731
Dobu,dobu1241,NA,0.42775974282186935,0.14140077386709118,0,0.4180075807351101,0.01283190257592946,0,0.06308376688668864
Dobu,dobu1241,NA,0,0,0,0.2761295207765476,0,0.7238704792234524,0.02027928705374986
Dobu,dobu1241,NA,0,0.04225189038592306,0.6937844511448263,0,0.14537753469170656,0.11858612377754404,0.1024548631225876
Temi,temi1247,NA,0.42429108924060743,0,0.34795303916212805,0,0,0.22775587159726443,0.0829211085946551
Temi,temi1247,NA,0,0,0,0.196746935109098,0.6178869792630175,0.1853660856278846,0.01026568834560173
Temi,temi1247,NA,0.06681973361197088,0.3263224217793691,0.14561091414499916,0,0.4303610183435258,0.03088591212013517,0.3113124599178656
Temi,temi1247,NA,0,0.1365970738509634,0.7377362462533047,0,0.12566667989573188,0,0.24227733237967616
Temi,temi1247,NA,0,0.2462021477223089,0,0.09601328398336788,0.657784425185987,1.431083362281515e-7,0.1457290569292628
Moni,moni1261,NA,0.1172661011253365,0.5539582798747452,0,0,0,0.3287756189999183,0.05597292812622268
Moni,moni1261,NA,0.0793782510532978,0.01971905296224212,0,0.31405698775783586,0.5261137677992885,0.06073194042733575,0.02040953676925484
Moni,moni1261,NA,0,0.7071528269702101,0.12459790624742616,0,0.16824926678236377,0,0.11605127627242436
Moni,moni1261,NA,0.948168614744286,0,0.05183138525571403,0,0,0,0.0136776236442401
Moni,moni1261,NA,0,0,0.7265083133115119,0,0.2734916866884882,0,0.07480351250172838
Ura (Vanuatu),urav1235,NA,1,0,0,0,0,0,0.05626293649966665
Ura (Vanuatu),urav1235,NA,0,0,0.8098213108345438,0,0,0.1901786891654563,0.0244240901152484
Ura (Vanuatu),urav1235,NA,0.09762582412695717,0,0,0.12892156225816886,0.7734526136148739,0,0.05964800981112678
Ura (Vanuatu),urav1235,NA,0.08928877911187845,0,0,0.4222182204904922,0,0.4884930003976294,0.1491351679848714
Ura (Vanuatu),urav1235,NA,0.08991835090193008,0,0.090603924231624,0.2478145710765272,0.22544645658325743,0.34621669720666126,0.1397555440524745
Fe'fe',fefe1239,NA,0.3289022907602264,0.6569436897042156,0.00773367716494825,0.00642034237060989,0,0,0.05838137235611471
Fe'fe',fefe1239,NA,0.00179342496447209,0,0,0.22348607675429696,0.7747204982812309,0,0.04520075820886037
Fe'fe',fefe1239,NA,0.34711825771443366,0.01683238492625083,0,0.4643890713556102,0.1716602860037053,0,0.05356450883566549
Fe'fe',fefe1239,NA,0,0.44055412589271375,0,0.27339737318995333,0.21508692844243185,0.07096157247490091,0.0754297285361574
Fe'fe',fefe1239,NA,0,0.5324796704568222,0.15970681464057038,0.08579575584202175,0,0.22201775906058568,0.07185183116836621
Chibcha,chib1270,NA,0,0.06372079250551863,0,7.7668570624485e-4,0.5491086621793908,0.3863938596088457,0.03514861443148883
Chibcha,chib1270,NA,0,0,0.2741700332718786,0,0.7258299667281215,0,0.0085293236557947
Chibcha,chib1270,NA,0,0,0.8736697039604634,0,0,0.12633029603953666,0.04584636380832968
Chibcha,chib1270,NA,0,0,0,0,0,1,0.00376943032357525
Chibcha,chib1270,NA,0,1,0,0,0,0,-0.01704186486508394
Hoti,yuwa1244,NA,0.15316351507490802,0,0.07135537940601146,0.16205004902985823,0.5371361716124781,0.07629488487674424,0.13883046293036055
Hoti,yuwa1244,NA,0.3001544433216779,0.62515132629945,0,0,0,0.07469423037887216,0.0328970097252405
Hoti,yuwa1244,NA,0.30405230097671804,0.01984297094988098,0.6761047280734009,0,0,0,0.11212728005154846
Hoti,yuwa1244,NA,0,0,0,0,0,1,-0.02503283041405055
Hoti,yuwa1244,NA,0,0.0338222278328731,0,0.09476127526477444,0.8315120385622237,0.03990445834012876,0.15128828562291885
Cocama-Cocamilla,coca1259,NA,0,0.16049259407486066,0.2871608467558167,0.04388819248504739,0.3768464044362964,0.13161196224797891,0.05571233392582186
Cocama-Cocamilla,coca1259,NA,0.01440947718547084,0,0,0.03894523013208464,0,0.9466452926824444,0.04157220089988164
Cocama-Cocamilla,coca1259,NA,0.04859465013487719,0,0,0.5419959313626556,0,0.4094094185024671,0.02677126815535061
Cocama-Cocamilla,coca1259,NA,0.09487025986424902,0.7150614519686008,0,0.19006828816715016,0,0,0.02880372928369207
Cocama-Cocamilla,coca1259,NA,0,0,0,0,0,1,0.00818301161199795
Slaveyic,hare1243,NA,0,1,0,0,0,0,0.02938513035675455
Slaveyic,hare1243,NA,0,0,0,1,0,0,-0.00404869184383975
Slaveyic,hare1243,NA,0.6023667593466645,0,0.31247234530123535,0,0,0.08516089535210017,0.03061247283735344
Slaveyic,hare1243,NA,0.1160509854417023,0,0.6898532806590935,0.1033028510086107,0,0.0907928828905935,0.08653661561106593
Slaveyic,hare1243,NA,0.5115717605304938,0.18778833980425003,0.06920278755675868,0,0,0.23143711210849735,0.02512257075837131
Kickapoo,kick1244,NA,0.13923703886012972,0,0,0.7077383743976644,0,0.15302458674220584,0.04152585877931769
Kickapoo,kick1244,NA,0.04799327322818424,0,0,0.3915475185693949,0.5604592082024208,0,0.01897777154540638
Kickapoo,kick1244,NA,0,0,0,0.8045456723466623,0,0.1954543276533377,0.03843929966413713
Kickapoo,kick1244,NA,1,0,0,0,0,0,0.04558012081262013
Kickapoo,kick1244,NA,0,0.2616508353324301,0,0,0,0.73834916466757,0.02221278657796169
Owa,owaa1237,NA,0,0,0.8759705240014355,0,0.12402947599856452,0,0.04943380762236087
Owa,owaa1237,NA,0,0,0.18084430481277183,0,0.6801706936872001,0.13898500150002818,0.04495792999933289
Owa,owaa1237,NA,0.3170120641276223,0.43951168279437663,0.1286994627620239,0,0.11477679031597716,0,0.03359626526677153
Owa,owaa1237,NA,0.34331127810536843,0.07433262673227647,0,0.2912288658552815,0.2911272293070736,0,0.03731975533477553
Owa,owaa1237,NA,0.5111855510984206,0,0.20452382450527945,0.0098624194196661,0.27442820497663384,0,0.04336502775282543
Brooke's Point Palawano,broo1239,NA,0.4534783465974633,0,0.40996366071135215,0,0,0.13655799269118463,0.02561409378946831
Brooke's Point Palawano,broo1239,NA,0.2300606577870241,0.08167326234935549,0.4823034457625097,0.14925207346830424,0.0235622300314086,0.03314833060139775,0.09905798665953634
Brooke's Point Palawano,broo1239,NA,0,1,0,0,0,0,0.01063343874151645
Brooke's Point Palawano,broo1239,NA,0.6649567598958025,0,0.14982082175376912,0.1852224183504284,0,0,0.07049790065110642
Brooke's Point Palawano,broo1239,NA,0,0,0,0,1,0,0.00414304233379319
Welsh,wels1247,NA,0.43856499917545616,0,0.13941567249375592,0,0.12217530422552222,0.2998440241052657,0.04528403547989618
Welsh,wels1247,NA,1,0,0,0,0,0,0.01070168276906544
Welsh,wels1247,NA,0.5588697186422938,0,0.00649556427568131,0,0,0.43463471708202495,0.03092858097309483
Welsh,wels1247,NA,0.41059069531945225,0.3382054431668965,0,0.17505491729428713,0,0.07614894421936423,0.03051037679376491
Welsh,wels1247,NA,0,0,0.3853740663588184,0,0.6146259336411816,0,0.00596920505093335
Pacoh,paco1243,NA,0,1,0,0,0,0,0.01687966392494344
Pacoh,paco1243,NA,0.24041848621706,0.34735393636432493,0,0,0,0.412227577418615,0.10493009166335972
Pacoh,paco1243,NA,0,0.04822149254345143,0.3255095196588374,0.06354966684934656,0.5627193209483645,0,0.17577182399713592
Pacoh,paco1243,NA,0,0,0.3740045792555319,0,0,0.6259954207444682,0.05360236828005922
Pacoh,paco1243,NA,0,0,0,0,0,1,-0.03423409701180362
Blagar,blag1240,NA,0,0,0.29330990166848386,0.12341850320840056,0.04404852945093625,0.5392230656721794,0.04144421020631874
Blagar,blag1240,NA,0,1,0,0,0,0,0.03160333123602178
Blagar,blag1240,NA,0.47921886618857606,0,0,0.28319955780589806,0,0.2375815760055259,0.02466961747658255
Blagar,blag1240,NA,0,0,0,0,0.4321468843799012,0.5678531156200989,0.01369192698994817
Blagar,blag1240,NA,0,0.14083660774158913,0.04188393854824537,0,0.5238862383169363,0.2933932153932292,0.03481896206066431
Bera,bera1259,NA,0,0,0.932729362028806,0.05035976982144898,0,0.01691086814974521,0.10879196003194172
Bera,bera1259,NA,0,0,0,1,0,0,0.0025025201733182
Bera,bera1259,NA,0,0,0,0,0.8728893527389373,0.12711064726106266,0.01393351297339496
Bera,bera1259,NA,0.24344465412368704,0.5519377428396348,0,0.2046176030366781,0,0,0.0398762539134795
Bera,bera1259,NA,0.2099468689944622,0,0.5140881002580667,0.15372582912693158,0.06034609212832786,0.06189310949221165,0.09242268342759588
Nalik,nali1244,NA,0,0.8833466487190232,0,0,0,0.11665335128097676,0.01421606366792555
Nalik,nali1244,NA,0,0.9302126032059768,0,0.06978739679402314,0,0,0.01950095810078676
Nalik,nali1244,NA,0,0,0,1,0,0,-0.01622216407596595
Nalik,nali1244,NA,0.7896416254228187,0,0,0.21035837457718132,0,0,0.04921604888442776
Nalik,nali1244,NA,0,0.3664126803239477,0,0,0.6335873196760524,0,0.0115488011099066
Lithuanian,lith1251,NA,0.5900730972595627,0.1006913578898446,0.3092355448505927,0,0,0,0.0597382022004414
Lithuanian,lith1251,NA,0.8103503623739082,0,0,0,0,0.18964963762609177,0.05109908496735052
Lithuanian,lith1251,NA,0,0,0,1,0,0,0.00207396857961179
Lithuanian,lith1251,NA,0.10967338973056057,0.0076601571915585,0,0,0.4893580242421189,0.39330842883576217,0.0692429938561494
Lithuanian,lith1251,NA,0,0,0.29585574728978387,0,0,0.7041442527102162,0.01259725196669265
Menominee,meno1252,NA,0,0.11484578400467904,0,0.32505520606722954,0,0.5600990099280915,0.03113725227552673
Menominee,meno1252,NA,0.8627165043585835,0.09236583173316058,0.04491766390825591,0,0,0,0.03649170605164349
Menominee,meno1252,NA,0,0.2574812933247942,0.30876577525347887,0,0.4337529314217271,0,0.03496693991049458
Menominee,meno1252,NA,0.11521427074946886,0,0.601568307780125,0,0.28321742147040596,0,0.02250558599617719
Menominee,meno1252,NA,0.2702077108844846,0.1384595990393961,0,0,0.1894889747495133,0.4018437153266062,0.04751124852584829
Ngarinman,ngar1235,NA,0,0,0,0.669447051395541,0.33055294860445905,0,0.0336705828337924
Ngarinman,ngar1235,NA,0,0,1,0,0,5.551115123125783e-17,0.00996119381293035
Ngarinman,ngar1235,NA,0,1,0,0,0,0,0.01570890173576852
Ngarinman,ngar1235,NA,0.06068691444555474,0.9393130855544451,0,0,0,0,0.04972718571464059
Ngarinman,ngar1235,NA,0.08836199515729547,0,0.9116380048427044,0,0,0,0.07790291896644938
Wari',wari1268,NA,0.21153845534212093,0.38461538763798986,0,0.38461538763798986,0.01923076938189949,0,-0.5000000000000001
Wari',wari1268,NA,0.2,0.4,0,0.35,0.05,0,-0.5000000000000002
Wari',wari1268,NA,0.2713667930598924,0,0.09045559768663082,0,0.04522779884331541,0.5929498104101613,-0.5000000000000001
Wari',wari1268,NA,0.3936948078858333,0,0.07873896157716666,0,0.11810844236574997,0.4094577881712502,1
Wari',wari1268,NA,0.10869565419284312,0.43478260771080823,0,0.43478260771080823,0.02173913038554041,0,1
Mi'kmaq,mikm1235,NA,0,0,0.9002641107518202,0,0,0.09973588924817978,0.03087552257894242
Mi'kmaq,mikm1235,NA,0,0,0.30724733588434716,0.1174783051542489,0.4639053904255223,0.11136896853588168,0.08598829851101306
Mi'kmaq,mikm1235,NA,0.44593409531859207,0.284135949312346,0.10861395254604474,0,0.16131600282301709,0,0.02649232690103211
Mi'kmaq,mikm1235,NA,0,0,0,1,0,0,0.03099857341894753
Mi'kmaq,mikm1235,NA,0,1,0,0,0,0,-0.00393027469445393
Finnish,finn1318,NA,0.7692307692307692,0,0,0,0.23076923076923075,0,0.01440076651129453
Finnish,finn1318,NA,0.8831470136838849,0,0,0.11685298631611518,0,0,0.1086029586773869
Finnish,finn1318,NA,0.30416101229681775,0.22582721558537064,0,0.09539924000675144,0.18823912772263585,0.1863734043884244,0.07767288284961639
Finnish,finn1318,NA,0,0,0,0,0.11750990386291796,0.8824900961370821,0.02492651795099426
Finnish,finn1318,NA,0,0.8871531493612022,0,0,0.11284685063879785,0,0.02512817462101635
Mangaia,mang1402,NA,0.1916956854016113,0,0.7381899819893138,0,0.07011433260907486,0,0.06376823039700173
Mangaia,mang1402,NA,0.5038329478693265,0.4961670521306735,0,0,0,0,0.02818232519913659
Mangaia,mang1402,NA,0.2520459992328722,0,0.6325019572341586,0.11545204353296916,0,0,0.0498116860594666
Mangaia,mang1402,NA,0.2635635011214828,0,0.23055322934977648,0,0.5058832695287409,0,0.02085168237006637
Mangaia,mang1402,NA,0.15558877105449856,0,0.449475819851028,0.3456845918190563,0,0.04925081727541702,0.04487995164204368
Dakota,dako1258,NA,0,0.1717637482551378,0.6070102963872521,0.22122595535761,0,0,0.03277021622776516
Dakota,dako1258,NA,0.5284108673501459,0,0.19553468191126488,0,0.2760544507385895,0,0.04510461205846459
Dakota,dako1258,NA,0,0,0,0.6238423893661686,0.3761576106338314,0,0.03116256427263573
Dakota,dako1258,NA,0,0,1,0,0,0,0.02128166433628378
Dakota,dako1258,NA,0.05292302991626162,0.0248676091084245,0.18570445590634616,0,0.5513791709580258,0.18512573411094196,0.03790203813157112
Fijian,fiji1243,NA,0,1,0,0,0,0,0.01609615729031394
Fijian,fiji1243,NA,0,1,0,0,0,0,0.00518331361663535
Fijian,fiji1243,NA,0.17532751533336177,0.13295785453381895,0.4849355381776129,0.17313725257903198,0.03364183937617433,0,0.05261536578818861
Fijian,fiji1243,NA,0,0.09427257943772031,0.8638252561656684,0,0.04190216439661121,0,0.08341780292847653
Fijian,fiji1243,NA,0,0,0,0,1,0,0.00725109322679161
Onondaga,onon1246,NA,0,0,0.31063089009532974,0,0.45249588934435864,0.23687322056031157,0.04617092178382624
Onondaga,onon1246,NA,0.01328068287709633,0,0,0,0.9867193171229036,0,0.0599172173635617
Onondaga,onon1246,NA,0.6392561290393609,0,0,0,0,0.3607438709606391,0.01754253002905463
Onondaga,onon1246,NA,0.24751950097022848,0.24347300876953523,0,0.09327214382231418,0.4157353464379221,0,0.06824856664432186
Onondaga,onon1246,NA,0.7488685835665096,0,0.00249808446888777,0.00126789815792928,0,0.24736543380667336,0.01997179508704862
Giryama,giry1241,NA,0,0,0,1,0,0,0.0168297395502772
Giryama,giry1241,NA,0.3075672154364043,0.25218127060810647,0,0.03979534776775081,0,0.4004561661877384,0.04219514196253963
Giryama,giry1241,NA,0,0,0,0.9173191639738976,0.08268083602610247,0,0.02388074442818624
Giryama,giry1241,NA,0,0.12909529119826985,0,0.5036676408887933,0.1996960572525368,0.1675410106604,0.01830883827506091
Giryama,giry1241,NA,0,0,0,0.8614934056636229,0.1327641772217609,0.00574241711461622,0.00992656084060169
Huarijio,huar1255,NA,0,0.5769511477423783,0,0,0,0.4230488522576217,0.13372984588795925
Huarijio,huar1255,NA,0,0,0.06993710066022074,0.9300628993397791,0,0,0.01980761563205446
Huarijio,huar1255,NA,0.4340591951356153,0,0,0.30806896945157963,0.25787183541280506,0,0.03533284435375457
Huarijio,huar1255,NA,0.6800197429271476,0,0,0,0.29523867258569725,0.02474158448715518,0.09075213778536129
Huarijio,huar1255,NA,0.3466161755022426,0,0.2745382316680562,0.0800100998661829,0,0.29883549296351836,0.09234673061686788
Kélé,kele1257,NA,4.906077410241438e-8,0.20613494897964343,0.630178708754451,0.16368624642107596,0,4.6784055352403497e-8,0.37849881111742856
Kélé,kele1257,NA,0.369980916238821,0,0,0.49127624037218826,0,0.13874284338899082,0.05827562885251568
Kélé,kele1257,NA,0.2592592346575619,0,0,0,0.740740765342438,0,0.14486532746888406
Kélé,kele1257,NA,6.05408941095004e-9,0.5771038662617747,0.11579630943128676,0.11296209719736806,0.14697142961709594,0.04716629143838515,0.4087607712348786
Kélé,kele1257,NA,0.08219019948599597,0.5479336812640082,0.342479285030039,0,0,0.02739683421995673,0.06892536214192907
Kansa,kans1243,NA,0,0,0,1,0,0,0.01484021103996847
Kansa,kans1243,NA,0,0.09713004816795397,0.4055970793147506,0,0,0.4972728725172955,0.04233820663814982
Kansa,kans1243,NA,0,0,0,0,1,0,0.07583326684911429
Kansa,kans1243,NA,0.3578489956378803,0.1313695963041071,0.5107814080580125,0,0,0,0.01106174252337784
Kansa,kans1243,NA,0.5793450791794325,0.21668575907850093,0.10785114325138465,0.09611801849068194,0,0,0.04982726023502165
Movima,movi1243,NA,0,0.09393700165064624,0,0,0,0.9060629983493538,0.01397442237599862
Movima,movi1243,NA,0.2738148728912836,0.13991724297781466,0.4024110899557581,0.1838567941751437,0,0,0.05233240385855592
Movima,movi1243,NA,0.3192774847711978,0.557123849691488,0,0.12359866553731429,0,0,0.0498416475753254
Movima,movi1243,NA,0,0,0.10076730343717748,0.34082303439189965,0.5584096621709229,0,0.02873591450211174
Movima,movi1243,NA,0,0.30968157925334877,0,0.5574055817896081,0.1329128389570432,0,0.05299163109967591
Inanwatan,inan1242,NA,0,0,0,0.8420254334373295,0,0.1579745665626704,0.0592655944430969
Inanwatan,inan1242,NA,0,1,0,0,0,0,0.03653214869339955
Inanwatan,inan1242,NA,0,0,0,0,0.9350100521223303,0.06498994787766964,0.01325207667736455
Inanwatan,inan1242,NA,0,0.07543192073878362,0,0,0.407728322681456,0.5168397565797603,0.02786265828052152
Inanwatan,inan1242,NA,1,0,0,0,0,0,0.02491729665880263
Gilbertese,gilb1244,NA,0,1,0,0,0,0,0.02356656665184523
Gilbertese,gilb1244,NA,0.6720264257610725,0,0,0,0.3279735742389275,0,0.08401977477059376
Gilbertese,gilb1244,NA,0,0,0,0,1,0,0.01544414632513191
Gilbertese,gilb1244,NA,1,0,0,0,0,0,0.03104055815304658
Gilbertese,gilb1244,NA,0.41982052957911337,0,0.09954985246885877,0.2442427622102062,0,0.23638685574182175,0.0510809821850789
Turung,turu1249,NA,0,0.15132919224887686,0.4251597692581504,0,0.16191301008367195,0.26159802840930074,0.09016655179017684
Turung,turu1249,NA,0.1904649974961976,0.07006329927428143,0,0.5038897700797172,0,0.2355819331498036,0.01204995095193545
Turung,turu1249,NA,0,0.13669996417194685,0,0.7308615524205003,0,0.13243848340755277,0.10499276641892911
Turung,turu1249,NA,0.3406736708924524,0.07318248468462944,0,0.3734111494345352,0.05845756753867179,0.15427512744971114,0.06155744332977245
Turung,turu1249,NA,0,0,0,0,0,1,0.01143418401659254
Marwari (India),marw1260,NA,0.35509703770064416,0.22219093528136868,0,0,0,0.42271202701798705,0.02631951497660155
Marwari (India),marw1260,NA,0,0,0.36573114365808584,0.18586155851820804,0,0.448407297823706,0.01680136021038761
Marwari (India),marw1260,NA,0,0.46095643629436567,0.5390435637056343,0,0,0,0.01037736543434276
Marwari (India),marw1260,NA,0,0,0.7151307549471442,0,0.14824190001435472,0.1366273450385011,0.0242549637293283
Marwari (India),marw1260,NA,0,0,0,0,0,1,0.0248682819772269
Oceanic,ocea1241,NA,0.25469405770738424,0.04090471137634085,0.37726438619201486,0.3000137883042597,0,0.02712305642000039,0.06514703696779253
Oceanic,ocea1241,NA,0,0,0,0,1,0,0.02433231866484464
Oceanic,ocea1241,NA,0,0,0.802492623102685,0.19750737689731496,0,0,0.04251248516738124
Oceanic,ocea1241,NA,0,0,0,0,0.8646203907230945,0.13537960927690548,0.00672393270613063
Oceanic,ocea1241,NA,0,0,0,0.4874764065662064,0,0.5125235934337937,0.04209694592514678
Kuuku-Ya'u,kuuk1238,NA,0.4079726683407395,0.08552731475140202,0.16802310659040257,0,0.338476910317456,0,0.07617865422036782
Kuuku-Ya'u,kuuk1238,NA,0,0.01534803475838995,0,0.46064303833655096,0.5240089269050591,0,0.05415105530802625
Kuuku-Ya'u,kuuk1238,NA,0.6177594314032593,0,0,0,0,0.3822405685967407,0.02116429296145099
Kuuku-Ya'u,kuuk1238,NA,0.1976463543287774,0,0,0,0.4489293047595256,0.35342434091169705,0.01466662107246659
Kuuku-Ya'u,kuuk1238,NA,0,0,0,0,0,1,-5.4258232115728e-4
Iowa-Oto,iowa1245,NA,0,0,0.9580513744329546,0.04194862556704536,0,0,0.01289547750168058
Iowa-Oto,iowa1245,NA,0,0.26174811804630566,0.5987708773474045,0.02686417257729968,0,0.11261683202899016,0.01725201827703612
Iowa-Oto,iowa1245,NA,0,0,0,0.6560043891467591,0.33224205591147754,0.01175355494176348,0.05422467461250593
Iowa-Oto,iowa1245,NA,0.4171359597705916,0,0.2875212519885425,0.295342788240866,0,0,0.08077646257901255
Iowa-Oto,iowa1245,NA,0.1387724141170366,0.16959977015110264,0.00440398398591198,0.2711228349380512,0.4161009968078976,0,0.05481892406718047
Urak Lawoi',urak1238,NA,1,0,0,0,0,0,0.00620792558069277
Urak Lawoi',urak1238,NA,0,0,0,0,0,1,-0.02175185721262999
Urak Lawoi',urak1238,NA,0,1,0,0,0,0,0.01837508737343968
Urak Lawoi',urak1238,NA,0.6296921186902966,0.03291785093911477,0,0,0.1305389686863726,0.2068510616842161,0.07962307074736089
Urak Lawoi',urak1238,NA,0,0,0.22992917339128688,0.7700708266087132,0,0,0.0485640468286103
Piegan,pieg1239,NA,0,0,0,0,0,1,1.7517210689869077e-5
Piegan,pieg1239,NA,0.2975459238175451,0.16208226089638972,0,0.4237672071568275,0,0.11660460812923776,0.05287735998759352
Piegan,pieg1239,NA,0.3998672096069868,0,0,0,0,0.6001327903930133,0.01622571571310588
Piegan,pieg1239,NA,0,0,0,0,1,0,0.01907223859043441
Piegan,pieg1239,NA,0,0.04954614759814486,0.2897049562712264,0,0.6607488961306287,0,0.03447320591321458
Kwasio,kwas1243,NA,0.17346701514761834,0,0.8265329848523817,0,0,0,0.03000111837271778
Kwasio,kwas1243,NA,0.45400718439745646,0.20942340632330156,0.11568208532105972,0.22088732395818225,0,0,0.02903984513768626
Kwasio,kwas1243,NA,0,0.6849659156481829,0,0.3150340843518172,0,0,0.02455691105274995
Kwasio,kwas1243,NA,0,0.09233847097317154,0,0,0.9076615290268284,0,0.05069453721797977
Kwasio,kwas1243,NA,0,0,0,1,0,0,0.02365923352831364
Burmish,burm1266,NA,0,0.12638026999423516,0.03734331327004403,0,0.35601604341885096,0.48026037331686994,0.0270752369767165
Burmish,burm1266,NA,0.1364575765361647,0.1929563582089587,0.49674488025163294,0,0.1738411850032437,0,0.02659757851938629
Burmish,burm1266,NA,0.3232840588024133,0.0610990971215864,0,0,0,0.6156168440760004,0.0247347533219066
Burmish,burm1266,NA,0.24326576895993396,0.04789812418226225,0.4269738968520681,0,0.28186221000573564,0,0.04850998562408056
Burmish,burm1266,NA,0,0,0,0.05770546439945723,0.6423358493085398,0.29995868629200306,0.02707678219453102
Routa,rout1237,NA,0,0,0,0.22381340624371965,0.6597199653656268,0.11646662839065355,0.14554565224621666
Routa,rout1237,NA,0,0,1,0,0,0,0.00813555154812517
Routa,rout1237,NA,0.28770793881511264,0,0.08841222893842164,0,0.611498865544267,0.01238096670219874,0.04242540315494222
Routa,rout1237,NA,0,0,1,0,0,0,0.05566415014072608
Routa,rout1237,NA,0.1366612427045026,0,0,0.6163063111837132,0.2470324461117843,0,0.05323440986594074
Bilibil,bilb1241,NA,0,0.3051733886115204,0.04461374682993775,0,0.6333836467084029,0.01682921785013911,0.0119714004829679
Bilibil,bilb1241,NA,0,0,0,0,0,1,0.01469428938077569
Bilibil,bilb1241,NA,0.3328824758319933,0.1698667650649843,0.4380491505542034,0.05920160854881902,0,0,0.05215175216919458
Bilibil,bilb1241,NA,0.117052145598941,0.1307390078478393,0.7093436207108685,0,0.04286522584235117,0,0.05356427118116864
Bilibil,bilb1241,NA,0,0,1,0,0,0,0.04351078962182122
Tulambatu,tula1253,NA,0,0,0,0,1,0,0.0956368756101052
Tulambatu,tula1253,NA,0,0.11648305557179447,0,0.106263704215528,0.5260450556845769,0.2512081845281007,0.08216782350044421
Tulambatu,tula1253,NA,0,0,0,1,0,0,0.04738914496443854
Tulambatu,tula1253,NA,0,0.3455104862154459,0.3740750401048836,0.28041447367967054,0,0,0.04172255966969938
Tulambatu,tula1253,NA,1,0,0,0,0,0,0.02168196996782884
Western Panjabi,west2386,NA,0,0,0,0.3983022248440365,0.32374184441324533,0.277955930742718,0.05013135558811282
Western Panjabi,west2386,NA,0,1,0,0,0,0,0.00681407581398329
Western Panjabi,west2386,NA,0,0.00130716034747732,0.7338418828991257,0,0.2537607686387429,0.01109018811465392,0.04592192977934885
Western Panjabi,west2386,NA,0.86734851260935,0,0,0.13265148739065002,0,0,0.01876139230305976
Western Panjabi,west2386,NA,0,0,0.3589940506087702,0,0.3156781752657601,0.3253277741254698,0.04596316507145666
Kwaio,kwai1243,NA,0,0,0,0,1,0,0.01735979890775863
Kwaio,kwai1243,NA,0,0,1,0,0,0,0.01340547860905731
Kwaio,kwai1243,NA,0.556303275057764,0,0.01048880445191565,0,0.3647241734386394,0.06848374705168109,0.07580868875617566
Kwaio,kwai1243,NA,0,0.8326295294313792,0,0,0.1673704705686207,0,0.02678005267136559
Kwaio,kwai1243,NA,0,0.7804915608888674,0,0,0,0.21950843911113252,0.01239567031735724
Toba,toba1269,NA,0.2959205705561638,0,0.7040794294438362,0,0,0,0.02553836099945271
Toba,toba1269,NA,0.7628101726575608,0,0,0.04892576011279543,0,0.1882640672296437,0.03644495926123538
Toba,toba1269,NA,0,0,0,0,1,0,0.02009612458861418
Toba,toba1269,NA,0,0,0,1,0,0,0.00210831264228156
Toba,toba1269,NA,0,0.2890900891043349,0.4076932043729809,0,0,0.3032167065226842,0.0122102510637181
Early Irish,oldi1245,NA,0.3673457105604315,0,0.3359481890794602,0,0.29670610036010825,0,0.06597095250075652
Early Irish,oldi1245,NA,0.31581043902793704,0.06063833562768789,0,0,0.1285077950738642,0.4950434302705109,0.04210042106970281
Early Irish,oldi1245,NA,0,0.6327481920834374,0,0,0.3672518079165626,0,0.01598481534832506
Early Irish,oldi1245,NA,0,0,0,0,0,1,0.01199824113528718
Early Irish,oldi1245,NA,0,0,0.5675707748033275,0.05519320108745559,0,0.37723602410921686,0.02728145096204957
Fang (Equatorial Guinea),fang1246,NA,0,0,0,0,0.5412695181685692,0.4587304818314309,0.00933514045312292
Fang (Equatorial Guinea),fang1246,NA,0.7791654593560532,0,0,0,0.2208345406439468,0,0.01121648885873297
Fang (Equatorial Guinea),fang1246,NA,0.36290917963336794,0,0.21656473956257943,0.4205260808040527,0,0,0.04457837736514478
Fang (Equatorial Guinea),fang1246,NA,0,0.1692838525387445,0.6041914236326305,0,0,0.226524723828625,0.06082411242275802
Fang (Equatorial Guinea),fang1246,NA,0.01192428338023588,0.988075716619764,0,0,0,0,0.0350428461073507
Tetum,tetu1245,NA,0,0.00193302975277947,0,0.9980669702472206,0,0,0.06179508648093573
Tetum,tetu1245,NA,0,0.25625368354513794,0.0641572364587044,0.4433541945354743,0.23623488546068336,0,0.03569826220287572
Tetum,tetu1245,NA,0,0.16818975336812336,0,0,0.8318102466318766,0,0.02408204961387559
Tetum,tetu1245,NA,0.2847267874609665,0,0.5169259011428895,0,0,0.19834731139614392,0.05724762506294657
Tetum,tetu1245,NA,0,0.6548368498181402,0.3451631501818597,0,0,0,0.03404332212115582
Kashaya,kash1280,NA,0.08464168985255519,0.419790777317305,0,0,0,0.4955675328301399,0.04088108507889865
Kashaya,kash1280,NA,0,0.6795149672994459,0,0,0,0.32048503270055406,0.01901089222652642
Kashaya,kash1280,NA,0.22694321692609604,0.00487576577685157,0.29991562461355054,0.4682653926835018,0,0,0.03421710083764659
Kashaya,kash1280,NA,0.2969326106857195,0.3034943287617531,0.3995730605525274,0,0,0,0.0382319052421896
Kashaya,kash1280,NA,0.347870614062266,0,0,0,0.6521293859377341,0,0.013895294614843
Jehai,jeha1242,NA,0.18949097641493248,0.8023187543315546,0,0,0,0.00819026925351282,0.07363579207008292
Jehai,jeha1242,NA,0,0.02081303278225711,0,0.5355944323327662,0.352566266039518,0.0910262688454586,0.09673205049629718
Jehai,jeha1242,NA,0,0.747697599558065,0.08903905131498475,0,0,0.16326334912695026,0.1154586388076499
Jehai,jeha1242,NA,0,1,0,0,0,0,0.02695347045502749
Jehai,jeha1242,NA,0.06165067168323504,0.2103037552114352,0.7280455731053297,0,0,0,0.02058425158484141
Mekeo,meke1243,NA,0,0.14367270032979224,0.19761393331123364,0,0.6587133663589742,0,0.07469876298763589
Mekeo,meke1243,NA,0,0,1.133479369112327e-8,0.30965600353314854,0.6903439851320577,0,0.28052006367063176
Mekeo,meke1243,NA,0,0.09245931234756444,0.20943247730429385,0,0.6981082103481417,0,0.37925771325219026
Mekeo,meke1243,NA,0,0.1189311836994737,0,0,0.5998770588534202,0.281191757447106,0.21013997422658665
Mekeo,meke1243,NA,0,0.7782922803429995,0.22170771965700048,0,0,0,0.05983872592701556
Merlav,merl1237,NA,0.29483723764190917,0.6500627248933877,0,0,0.05510003746470321,0,0.05407149968981043
Merlav,merl1237,NA,0.0777954694906398,0,0,0.6585592127223863,0.26364531778697387,0,0.03627085460412611
Merlav,merl1237,NA,0.03009070548605677,0.23921292112104417,0.45104664057951693,0.279649732813382,0,0,0.06173925565945572
Merlav,merl1237,NA,0.44322389382046307,0.556776106179537,0,0,0,0,0.01365355888661821
Merlav,merl1237,NA,0,0.11870486378545372,0,0.44931295190578574,0,0.4319821843087606,0.04045778560597558
Wiradhuri,wira1262,NA,0,0,0,1,0,0,-4.862481879410299e-5
Wiradhuri,wira1262,NA,1,0,0,0,0,0,0.0425547358638887
Wiradhuri,wira1262,NA,0.8129528739673657,0,0.18704712603263435,0,0,0,0.03955520418376707
Wiradhuri,wira1262,NA,0,0,0,0,1,0,-0.00675591713231056
Wiradhuri,wira1262,NA,0.6093623066067081,0.3906376933932919,0,0,0,0,0.00683236696146457
Nage,nage1237,NA,0.4050854022209958,0.2674820317399801,0,0,0.327432566039024,0,0.02047209454707994
Nage,nage1237,NA,0.07375692571040375,0,0,0,0.2648991663974081,0.661343907892188,0.07753290288616023
Nage,nage1237,NA,0,0,0,0.23921740756249055,0.5851336026422728,0.17564898979523666,0.04050611204154041
Nage,nage1237,NA,1,0,0,0,0,0,0.02637045689626419
Nage,nage1237,NA,0.6602906078235343,0,0.15998875508202567,0.17972063709444,0,0,0.0519666084307087
Atta,atta1244,NA,0,0,0,1,0,0,0.04656858561893105
Atta,atta1244,NA,0.00902117823985272,0,0.6791865284508172,0,0.2648487300084732,0.04694356330085694,0.07351333417823104
Atta,atta1244,NA,0.5159080032755509,0,0.2273116020845263,0.204607160022385,0,0.05217323461753798,0.04259451933478922
Atta,atta1244,NA,0,0,0,0.04339987759308645,0.9566001224069136,0,0.00271433800239366
Atta,atta1244,NA,0,0,0,0.13056914543669812,0,0.8694308545633018,0.08469593114963724
Bungku,bung1269,NA,0,0,1,0,0,0,0.05822654994049753
Bungku,bung1269,NA,0.3734918212306701,0,0,0,0,0.6265081787693298,0.02151686626434206
Bungku,bung1269,NA,0,0,0.6554885855986219,0.32677918328826094,0.01773223111311724,0,0.01844452018607579
Bungku,bung1269,NA,0.19111734189244964,0,0.17423720206581406,0,0.37650035957153505,0.2581450964702013,0.02033946616957319
Bungku,bung1269,NA,0,0,0.09211234208591468,0,0.9078876579140852,0,0.01732540276555959
Ili'uun,iliu1237,NA,0,0.22083251387006805,0,0,0.6338213147049268,0.14534617142500528,0.00572860397896203
Ili'uun,iliu1237,NA,0,0,0,1,0,0,0.01952672087285972
Ili'uun,iliu1237,NA,0.8122222033629851,0.187777796637015,0,0,0,0,0.02500439764319704
Ili'uun,iliu1237,NA,0,0,0.9692959203941592,0,3.7175042201314e-4,0.03033232918382756,0.10209087428076376
Ili'uun,iliu1237,NA,0,0.8758127049428759,0,0,0.12418729505712416,0,0.04898876358850476
Mele-Fila,mele1250,NA,0,0,0,1,0,0,0.06145171181095053
Mele-Fila,mele1250,NA,0.23611699681000908,0.23069853703099671,0,0,0.38080341576847704,0.15238105039051705,0.02421705483637622
Mele-Fila,mele1250,NA,0,0.7159361577356537,0.2840638422643463,0,0,0,0.02109958166387529
Mele-Fila,mele1250,NA,0,0,1,0,0,0,0.03896309999333523
Mele-Fila,mele1250,NA,0.15346709709247272,0,0,0.8461086157148233,0,4.2428719270399e-4,0.02514328847648608
Nakanai,naka1262,NA,0.5504303659765599,0,0.3914577142936224,0.05811191972981767,0,0,0.05631982000376792
Nakanai,naka1262,NA,0.656005502004124,0,0.34399449799587595,0,0,0,0.00374008498953688
Nakanai,naka1262,NA,0,0.4393763731911459,0.5606236268088541,0,0,0,0.03925119988423276
Nakanai,naka1262,NA,0.02450784551650354,0,0,0.550668717241372,0,0.42482343724212446,0.01555603229383453
Nakanai,naka1262,NA,0,0.7898662904561986,0,0.21013370954380137,0,0,0.00142916739291633
Tombulu,tomb1243,NA,0.8920073399364306,0.10799266006356956,0,0,0,0,0.00927266804331506
Tombulu,tomb1243,NA,0,0,0.5805960749972517,0,0.00306308693916312,0.4163408380635851,0.01959283250007564
Tombulu,tomb1243,NA,0.23707009267398457,0.18303018912020735,0.4176327607707486,0,0.15371258714642544,0.00855437028863407,0.1090706102986516
Tombulu,tomb1243,NA,0,1,0,0,0,0,0.02997122361109053
Tombulu,tomb1243,NA,0,0,0.14297380574477142,0,0.5291835971152699,0.32784259713995867,0.02327412919467465
Pukapuka,puka1242,NA,0,0.5431484709367435,0,0,0,0.4568515290632566,0.01719842443560863
Pukapuka,puka1242,NA,0,0,0.5068303178056056,0,0.02619178132152233,0.46697790087287194,0.01808312527841118
Pukapuka,puka1242,NA,0,0.250656414138337,0,0.7493435858616629,0,0,0.0092046060996759
Pukapuka,puka1242,NA,0,0,1,0,0,0,0.00247937871826024
Pukapuka,puka1242,NA,0,0,0.7959155047338736,0.02961180312154981,0,0.1744726921445767,0.01881372598994924
Kuku-Yalanji,kuku1273,NA,0,0,0,0,0,1,0.00319758750552712
Kuku-Yalanji,kuku1273,NA,0.26000843492441844,0,0.5673755563690952,0,0,0.1726160087064864,0.02198210644035859
Kuku-Yalanji,kuku1273,NA,0,0,1,0,0,0,0.03220161835631576
Kuku-Yalanji,kuku1273,NA,0,0.34221974355718787,0.6577802564428121,0,0,0,0.01129868825211054
Kuku-Yalanji,kuku1273,NA,0,0,0,0,1,0,0.01468582229593553
Tigak,tiga1245,NA,0.00600536245354498,0,0.09687292901445815,0,0.6458196819104476,0.2513020266215492,0.1898818339828015
Tigak,tiga1245,NA,0.9090908864773832,0,0.09090911352261698,0,0,0,0.09104362665472668
Tigak,tiga1245,NA,0.6195966791767784,0,0.05108996835382754,0,0,0.329313352469394,0.07237128927227769
Tigak,tiga1245,NA,0,0.9523809709960172,0.0476190290039829,0,0,0,0.05795580020109908
Tigak,tiga1245,NA,0,0,7.716832638201456e-9,0,0,0.9999999922831672,0.00362223751256868
Mala,mala1494,NA,0.4624850968633546,0.13738805509083712,0,0.37820603666956903,0,0.02192081137623914,0.02611386503722845
Mala,mala1494,NA,0.32558761056222146,0.31853197285579216,0.16800394954088518,0.18787646704110125,0,0,0.06407082004566898
Mala,mala1494,NA,0.02150048182263531,0,0.18844625476649232,0,0.43669394326130256,0.3533593201495698,0.02503103151124452
Mala,mala1494,NA,0,0.1892641266575633,0,0.4568415165840696,0,0.353894356758367,0.04473957202379899
Mala,mala1494,NA,0,0.2060279002348958,0.7939720997651042,0,0,0,0.05857601574061745
Eudeve,eude1234,NA,0,0.6088246980771375,0,0,0.39117530192286265,0,0.1687159898551575
Eudeve,eude1234,NA,0.0266623837555118,0.3025914893194128,0,0.3900256842950514,0.2807204426300239,0,0.1889941570613886
Eudeve,eude1234,NA,0,1,0,0,0,0,-0.02503547287197712
Eudeve,eude1234,NA,0.4153310985825617,0,0,0,0.5066487097097568,0.07802019170768154,0.04913529480949397
Eudeve,eude1234,NA,0.5781189043705254,0,0,0,0.25163277412356355,0.17024832150591102,0.09885071041300238
Hehe,hehe1240,NA,0,0,0,0,1,0,2.2014465740484e-4
Hehe,hehe1240,NA,0.8602683860453721,0,0,0,0.13973161395462785,0,0.06171783085112413
Hehe,hehe1240,NA,0,0,0,0,0,1,0.02218067128979707
Hehe,hehe1240,NA,0,0,0.8579253551417348,0,0.14207464485826518,0,0.02246801871604088
Hehe,hehe1240,NA,0.9533416681544158,0,0,0,0,0.04665833184558413,0.02434499708110755
Dadibi,dadi1250,NA,0.525536845310143,0,0,0,0.422341439855224,0.05212171483463316,0.03046022766324754
Dadibi,dadi1250,NA,0.04636056204436149,0,0,0.00475411837510392,0.4486327952446371,0.5002525243358975,0.02042663558339524
Dadibi,dadi1250,NA,0.0825228999864223,0.28720234138776995,0.4945348827461376,0,0.1357398758796702,0,0.02666141953719868
Dadibi,dadi1250,NA,0.5020756843679398,0,0,0,0.04407250233911107,0.4538518132929491,0.02218271044967026
Dadibi,dadi1250,NA,0,1,0,0,0,0,0.01097024873614317
Kamba (Kenya),kamb1297,NA,0,0,0,1,0,0,0.00293315680905507
Kamba (Kenya),kamb1297,NA,0,0,0,1,0,0,0.00688785126503042
Kamba (Kenya),kamb1297,NA,0,0,0,0,1,0,5.7961555760928e-4
Kamba (Kenya),kamb1297,NA,0,0,1,0,0,0,0.01417415312048194
Kamba (Kenya),kamb1297,NA,0.23182391884600417,0,0,0.15652789983099358,0,0.6116481813230022,0.00374501551876566
Sundanese,sund1252,NA,0.46397446816139554,0.12967240000537453,0,0.1868625355551953,0.17413051062119045,0.04536008565684429,0.04662882002842671
Sundanese,sund1252,NA,0.13555922768398226,0,0.6592222635233591,0.05919043116124108,0,0.14602807763141756,0.03236685243276295
Sundanese,sund1252,NA,0,0.00153694603873079,0,0.15526139060213623,0.6147154642573359,0.22848619910179715,0.02554717265655238
Sundanese,sund1252,NA,0,0.07217467996283962,0.9278253200371605,0,0,0,0.0769267519332794
Sundanese,sund1252,NA,0,0.11852658078869824,0.7247046947644895,0.05481205389309816,0,0.1019566705537141,0.04235187935759617
Mattole-Bear River,matt1238,NA,0,0,0.07390893385064964,0.05685809010086656,0.7087733930434952,0.16045958300498847,0.17646782878005032
Mattole-Bear River,matt1238,NA,0.5273120345661242,0,0,0,0.47268796543387576,0,0.10672868721694416
Mattole-Bear River,matt1238,NA,0,0.05109390554243803,0.8006297718889555,0,0.1482763225686066,0,0.18528012995627316
Mattole-Bear River,matt1238,NA,0,0.36601981241646503,0,0,0,0.6339801875835349,0.02066381776478354
Mattole-Bear River,matt1238,NA,0.8880036037740031,0,0,0,0.1119963962259969,0,0.10043087738288782
Tupinambá,tupi1273,NA,0,0.01236976943707527,0.6899362476077792,0.21439577335601032,0.0100373811332781,0.073260828465857,0.14191734484868773
Tupinambá,tupi1273,NA,1,0,0,0,0,0,0.02238544204444448
Tupinambá,tupi1273,NA,0.7356675958069266,0,0,0.26433240419307336,0,0,0.0068350469218847
Tupinambá,tupi1273,NA,0.3651772031083746,0.30817136726668726,0.32665142962493804,0,0,0,0.02618805465458589
Tupinambá,tupi1273,NA,0.05966633611572528,0.33663994806481434,0,0.08777113863488406,0.5159225771845762,0,0.05608535239249997
Setaman,seta1246,NA,0.21620705419370673,0.34889993147463727,0,0.062771232183602907,0.3137042527227477,0.05841752942530546,0.08286266727309352
Setaman,seta1246,NA,0.5602183756913952,0.43978162430860473,0,0,0,0,0.00681466180527735
Setaman,seta1246,NA,0.5002776729450821,0,0.28401638880084845,0,0.07488739031869204,0.14081854793537732,0.0666616658314943
Setaman,seta1246,NA,0,0,0.7629710885070337,0.14233140800907684,0.09469750348388951,0,0.05852218584092792
Setaman,seta1246,NA,0,0,0,0.5098252848804508,0.2753767643281048,0.21479795079144431,0.0929999420318979
Potawatomi,pota1247,NA,0.5109233065942278,0.25670529750660387,0,0,0,0.2323713958991684,0.02099827687863819
Potawatomi,pota1247,NA,0,0.5717909811923914,0,0.2507974674830851,0,0.17741155132452344,0.01547051489387076
Potawatomi,pota1247,NA,2.2627794190900887e-17,0,0,1,0,0,0.00117220314726508
Potawatomi,pota1247,NA,0,0,0,0.09381875410448824,0.9061812458955116,0,0.0371817473650371
Potawatomi,pota1247,NA,0.11034443426026665,0,0.3829254113593661,0,0.36126993193667006,0.14546022244369716,0.0138678434975327
Seri,seri1257,NA,0,0,0,0,0.5641665162660997,0.4358334837339003,0.01259806378015737
Seri,seri1257,NA,0,0,0,0,0,1,0.03916625510180333
Seri,seri1257,NA,0.679651164934387,0,0.2658368273932371,0,0,0.05451200767237584,0.03406039431610251
Seri,seri1257,NA,0,0,1,0,0,0,0.0541939824783988
Seri,seri1257,NA,0,1,0,0,0,0,-0.00366090980153262
Movono,tang1347,NA,0,0.8099141109706985,0.1900858890293015,0,0,0,0.06620357212433509
Movono,tang1347,NA,0.08064465952750678,0.40423000951448074,0.15513222368885912,0.35999310726915346,0,0,0.14352303822076
Movono,tang1347,NA,0.13294139097878094,0.3542864615366556,0.04173694328172066,0,0.1805447255699003,0.29049047863294236,0.13667658198331023
Movono,tang1347,NA,0,1,0,0,0,0,0.13340632182211443
Movono,tang1347,NA,0.12147497798285456,0.09662638611816105,0.09511417901691066,0,0.4755702889995408,0.2112141678825329,0.16599666677067337
Kodi-Gaura,kodi1247,NA,0,0,0,0,0,1,-0.04512399878744232
Kodi-Gaura,kodi1247,NA,0,0.6540566674570528,0.3459433325429472,0,0,0,0.04685477018346806
Kodi-Gaura,kodi1247,NA,0.2957572334126088,0,0.22264563774768056,0,0.12521308467993297,0.35638404415977754,0.096901731604761
Kodi-Gaura,kodi1247,NA,0,0,0.05449249791423286,0.07319261730110696,0.8723148847846601,0,0.22375030240513943
Kodi-Gaura,kodi1247,NA,0.1825370620813432,0.6060513356099192,0.2114116023087376,0,0,0,0.14378397658164632
Bahonsuai,baho1237,NA,0,0.0089768607019366509,0,0,0.8022599824992953,0.1887631567987681,0.07125413082761607
Bahonsuai,baho1237,NA,0.3441784801251909,0.6479620953698965,0,0.00785942450491272,0,0,0.08504976515201487
Bahonsuai,baho1237,NA,0.06971349343983504,0.38573669560962975,0.4043128858872454,0,0.1402369250632899,0,0.13123700266516128
Bahonsuai,baho1237,NA,0,0,0.7059552656856428,0,0,0.29404473431435707,0.02330283887038664
Bahonsuai,baho1237,NA,0.14154947423470596,0.4709906208272382,0,0,0,0.38745990493805593,0.06668919101141939
Loloda-Laba,lolo1264,NA,0.3893671911069056,0.6106328088930943,0,0,0,0,0.04129641118445309
Loloda-Laba,lolo1264,NA,0.48090863689608376,0,0,0,0.24699229365827735,0.272099069445639,0.01297043954096448
Loloda-Laba,lolo1264,NA,0,1,0,0,0,0,0.03116567711900183
Loloda-Laba,lolo1264,NA,1,0,0,0,0,0,0.0157289904715795
Loloda-Laba,lolo1264,NA,0.00375631218692306,0,0,0.1782247855598511,0.8180189022532258,0,0.00942716304199294
Namakura,nama1268,NA,0,0,0,1,0,0,0.01745397079343671
Namakura,nama1268,NA,0.7811727519217574,0.0161186519759409,0,0,0.20270859610230169,0,0.01214231991798156
Namakura,nama1268,NA,0,0,0.7809263900222269,0.21907360997777325,0,0,0.04013674270115466
Namakura,nama1268,NA,0,0,0,0,0,1,0.005676410809914
Namakura,nama1268,NA,0,0,1,0,0,0,0.16038738807102193
Kodava,koda1255,NA,0,0,0,0.539775833638176,0,0.46022416636182406,0.05369042280564518
Kodava,koda1255,NA,0.8955194470291101,0,0,0.05809277860525801,0,0.04638777436563186,0.11220867373200086
Kodava,koda1255,NA,0.5152331272478495,0.24741369742008612,0,0.07577595674469215,0.11794260884651286,0.04363460974085927,0.07894501333682916
Kodava,koda1255,NA,0.5395943364861646,0,0.15572736009654073,0,0.274932440249877,0.02974586316741759,0.09330026083450668
Kodava,koda1255,NA,1,0,0,0,0,0,0.01541715653415065
Navajo,nava1243,NA,0.4249880098153782,0.2150536101206017,0.06394704315610089,0,0.29601133690791925,0,0.02917202931420238
Navajo,nava1243,NA,0,0.5010436651649187,0,0,0,0.49895633483508123,0.02272815031410504
Navajo,nava1243,NA,0,0,0,0.6647414966998542,0.33525850330014595,0,0.02305531807262419
Navajo,nava1243,NA,0.3631454222372424,0.2232423040846751,0.12483982061610412,0,0.2887724530619782,0,0.02784174134093354
Navajo,nava1243,NA,0.1775072984763834,0.06727725129229294,0.7552154502313236,0,0,0,0.05103022956006306
Bulgarian,bulg1262,NA,0,0.05011963395550922,0.905638788566994,0.04424157747749675,0,0,0.10847366532774616
Bulgarian,bulg1262,NA,0,0,0,0,0,1,-0.01302743649783415
Bulgarian,bulg1262,NA,0.0426311192984934,0.07484739793194845,0,0.563488403827662,0.3190330789418962,0,0.01677846023976446
Bulgarian,bulg1262,NA,0.03547249098230895,0.3948883688717744,0.4141856986223633,0,0.14653591106054523,0.00891753046300804,0.0684878024239971
Bulgarian,bulg1262,NA,0.4663919801015691,0.5336080198984308,0,0,0,0,0.01546906500966851
Ingrian,ingr1248,NA,0.07872011560734858,0,0.70177859397072,0,0,0.21950129042193145,0.00763753211742442
Ingrian,ingr1248,NA,0,0.11830509570317592,0.6637292797726215,0,0,0.21796562452420248,0.01473101415936859
Ingrian,ingr1248,NA,0,0,0.06400858219854122,0.1585697308811162,0.7774216869203425,0,0.02562914840695191
Ingrian,ingr1248,NA,0,0,0.8675273823527221,0,0.07838793015402513,0.05408468749325278,0.03816246950052563
Ingrian,ingr1248,NA,0,0,0,0,0,1,-0.00942321670416896
Kodeoha,kode1237,NA,0,0,0,0,1,0,0.03975929463512879
Kodeoha,kode1237,NA,0.08325720304817906,0,0.03780038590891346,0.8789424110429075,0,0,0.04033664384986215
Kodeoha,kode1237,NA,0,0,0,0,0.8854603839913808,0.11453961600861924,0.09612312064233396
Kodeoha,kode1237,NA,0,0,0,0,1,0,0.0283325954419473
Kodeoha,kode1237,NA,0.05202319525755882,0.01279491096993401,0,0.8249529916793178,0,0.11022890209318952,0.13584988434270445
Kemtuik,kemt1242,NA,1,0,0,0,0,0,-4.944912393026017e-5
Kemtuik,kemt1242,NA,0.14686282779565654,0,0,0.2787610830819885,0.4958701185568312,0.07850597056552386,0.04847082430202572
Kemtuik,kemt1242,NA,0,0,0.2989652169537164,0.09218094709292232,0.6088538359533613,0,0.02293382244595714
Kemtuik,kemt1242,NA,0,0.5060017837983201,0,0.4236522168647947,0.07034599933688508,0,0.02365145239358902
Kemtuik,kemt1242,NA,0.4418160715852568,0,0.08186147684281625,0,0,0.4763224515719269,0.01715867681735043
Laurentian,laur1250,NA,0,1,0,0,0,0,0.01713396635115748
Laurentian,laur1250,NA,0.3079674699981347,0.5010026497287071,0,0,0.19102988027315815,0,0.01116523065314404
Laurentian,laur1250,NA,0,0,0.3790702773018514,0,0.5923044466131459,0.0286252760850027,0.0331563599060907
Laurentian,laur1250,NA,0,0.6380544923297327,0,0,0.3619455076702674,0,0.00583716182030208
Laurentian,laur1250,NA,0,0,0,0,0.2141849151823194,0.7858150848176807,0.03416387849753175
Yakan,yaka1277,NA,0.5493235050640827,0.32363501099588093,0,0,0.12704148394003634,0,0.02491874199348657
Yakan,yaka1277,NA,0.03988326574955581,0.13000282761831602,0.5097328190241263,0,0.2645700934722514,0.05581099413575041,0.05207236769431493
Yakan,yaka1277,NA,0.74920857790065,0,0,0,0.04267838973484649,0.20811303236450351,0.04630662904017083
Yakan,yaka1277,NA,0.39078338161325754,0,0.535827019456967,0.07338959892977542,0,0,0.09090958488576316
Yakan,yaka1277,NA,0.6124660365602441,0,0.24033574437762437,0,0,0.14719821906213143,0.02911280753641485
Estonian,esto1258,NA,0.09117663925210272,0,0.09783124455980416,0,0.2178705749883116,0.5931215411997816,0.07469246817514211
Estonian,esto1258,NA,0,0,0.7692307692307692,0,0.23076923076923075,2.135044278125301e-17,-0.00804682708389563
Estonian,esto1258,NA,0,0.1834751539468592,0,0.3914858657667587,0.425038980286382,0,0.03973984755092166
Estonian,esto1258,NA,0.2268188070019359,0,0,0.4186431325157385,0.12537431429161183,0.22916374619071375,0.15016506030065338
Estonian,esto1258,NA,0,0.15199502783207988,0.34322348114332246,0.2751458295928189,0.22963566143177885,0,0.1929743354891313
Choctaw,choc1276,NA,0.24566613553457667,0,0,0.7543338644654234,0,0,0.15128562036020465
Choctaw,choc1276,NA,0.3872582339231838,0,0.4363081009963093,0,0,0.17643366508050687,0.029294168156185
Choctaw,choc1276,NA,0,0.3078001759049179,0.03662300237780743,0.00717721492485551,0.3350350078235957,0.3133645989688234,0.05743249427269533
Choctaw,choc1276,NA,0.4881954802348057,0,0,0,0.5118045197651943,0,0.05809212319042891
Choctaw,choc1276,NA,0,0,0,1,0,0,0.0068478927844588
Onobasulu,onob1238,NA,0.7334636350324403,0,0,0.26653636496755984,0,0,0.02949091194466424
Onobasulu,onob1238,NA,0,0.2740277582912979,0.4212419188124353,0.13979664350329915,0.16493367939296777,0,0.03125096250803171
Onobasulu,onob1238,NA,0.6992520698327886,0,0,0.16601638459949633,0.13473154556771502,0,0.05346613740982001
Onobasulu,onob1238,NA,0.33120010742799383,0,0.4766712171954067,0,0.19212867537659944,0,0.04256568806777547
Onobasulu,onob1238,NA,0.4458634086528459,0,0,0,0,0.554136591347154,0.00665481613556344
Gondi,gond1265,NA,0,0.5797710923937595,0,0.1244792435208117,0.29574966408542874,0,0.147676344295544
Gondi,gond1265,NA,0.2656043263864124,0.4919461333508433,0.2424495402627443,0,0,0,0.12276031926295752
Gondi,gond1265,NA,0,0,0.630152356058855,0,0,0.369847643941145,0.07287867590542381
Gondi,gond1265,NA,0,0.7217884730448535,0.2782115269551464,0,0,0,0.05342778165343349
Gondi,gond1265,NA,0,0,0,0,0,1,0.05534761590164033
Patani,pata1260,NA,0,0,1,0,0,5.494812041276502e-18,-0.0215016442711107
Patani,pata1260,NA,0,0,0,0,0.7684351383849805,0.23156486161501943,0.00257292663799708
Patani,pata1260,NA,0,0,0.745893383425567,0,0.254106616574433,0,0.02920719533392675
Patani,pata1260,NA,0.2253806070643112,0,0,0,0,0.7746193929356887,0.0081958299075085
Patani,pata1260,NA,0,1,0,0,0,0,0.00444637400300899
Mayo,mayo1264,NA,1,0,0,0,0,0,0.01565282214820359
Mayo,mayo1264,NA,0,0.33581993405016114,0.2525325733880787,0.41164749256176025,0,0,0.1732600548991312
Mayo,mayo1264,NA,0,0.14418813385352106,0.6529168457692638,0.20289502037721505,0,0,0.13470737114754538
Mayo,mayo1264,NA,0.25820399284000034,0.7417960071599997,0,0,0,0,0.06066042131724409
Mayo,mayo1264,NA,0.6841160453484468,0,0.12647488642398508,0,0,0.189409068227568,0.12296817038610772
Classical Nahuatl,clas1250,NA,0.6716520158569802,0.2834469797859145,0.04490100435710532,0,0,0,0.06340345659445037
Classical Nahuatl,clas1250,NA,0,0.63998050442426,0.02789712151373613,0.30220937376918505,0.02991300029281867,0,0.14969270610210017
Classical Nahuatl,clas1250,NA,0,0,0.3009120195780521,0.11337034214976116,0,0.5857176382721868,0.04051713257716522
Classical Nahuatl,clas1250,NA,0.2911853479808864,0.1433934988106299,0.15276296017233576,0.04303426627878624,0.3696239267573617,0,0.05303331204877346
Classical Nahuatl,clas1250,NA,0.0758211574353306,0,0.06031328478206253,0,0.8638655577826069,0,0.05790930407668034
Maranao,mara1404,NA,0,1,0,0,0,0,-9.7144786631577e-4
Maranao,mara1404,NA,0,0,0.4863217340603885,0.18607352531353624,0,0.3276047406260753,0.06308645045531122
Maranao,mara1404,NA,0,0,0,0,0,1,0.0388205512731544
Maranao,mara1404,NA,0,0,1,0,0,0,0.05731825543104321
Maranao,mara1404,NA,0.88733671131609,0,0,0,0,0.11266328868390998,0.02098263581019991
Eyak,eyak1241,NA,0,0.07865764268202242,0,0.5777114382696137,0,0.3436309190483639,0.00839429109964486
Eyak,eyak1241,NA,0,0.14199719372976893,0.2261803095252328,0,0.6318224967449982,0,0.00897692667760514
Eyak,eyak1241,NA,0.4053580320486342,0,0,0.16121175112788194,0.13570520566794603,0.29772501115553773,0.01833013026397046
Eyak,eyak1241,NA,0.3204697234712854,0,0.08703948232696164,0,0.11691627103096482,0.47557452317078824,0.04066434323111052
Eyak,eyak1241,NA,0,1,0,0,0,0,-0.00219341886559286
North Ambrym,nort2839,NA,0.48102387900788385,0,0.5189761209921162,0,0,0,0.07273336749628352
North Ambrym,nort2839,NA,0,0,0,1,0,0,-0.00788070833503157
North Ambrym,nort2839,NA,0,0,0,0,1,0,0.08572940198386961
North Ambrym,nort2839,NA,0,0.7453284371596168,0,0.05531576580978301,0.1993557970306002,0,0.05318137699239336
North Ambrym,nort2839,NA,0.02528576399403173,0,0.9747142360059684,0,0,0,0.1255645448446336
Bukat,buka1261,NA,0.04467121804669417,0.0963465658074903,0.5654388591615719,0.01321400447949138,0.2803293525047522,0,0.09695538838188872
Bukat,buka1261,NA,0,0,0.6373916580403205,0,0,0.3626083419596795,0.02000553659069063
Bukat,buka1261,NA,0,0,0.9631127446351034,0.03688725536489651,0,0,0.0650666226658946
Bukat,buka1261,NA,0.3502826648844778,0.05951149953161367,0.4589920902184347,0,0,0.13121374536547384,0.04990573493929604
Bukat,buka1261,NA,0,0,0,0,1,0,0.00579170111718108
Sake,sake1247,NA,0,0,0,0.1956761977317601,0.8043238022682399,0,0.10608433240601096
Sake,sake1247,NA,0.0421978375018805,0,0.5994525678538407,0.3583495946442787,0,0,0.03133165135083258
Sake,sake1247,NA,0,0,0,0.3810349742121365,0.6189650257878635,0,0.10413366875101776
Sake,sake1247,NA,0,0,1,0,0,0,0.02528298833101111
Sake,sake1247,NA,0,0.00992758652774707,0,0.9322707850809798,0.05780162839127311,0,0.3075805920820448
Bontok,bont1247,NA,0,0,0.8062850382717816,0,0.1937149617282184,0,0.06876664855074135
Bontok,bont1247,NA,0.4057404366680219,0.3999648506816949,0,0,0.1942947126502832,0,0.03210464187428907
Bontok,bont1247,NA,0,0.05674654003550321,0.3310489116707214,0.06273797892753802,0.5494665693662373,0,0.03848541317054783
Bontok,bont1247,NA,0.2311491499939867,0.6023286734948949,0,0.05752003734162021,0.10900213916949808,0,0.01489682399083711
Bontok,bont1247,NA,0.9018523705223224,0,0.09814762947767758,0,0,0,0.06000145853933983
Mahasu Pahari,maha1287,NA,0.16453756479174975,0.4123753093476185,0,0.4230871258606318,0,0,0.02612481575738652
Mahasu Pahari,maha1287,NA,0,0.46323055223843423,0,0,0.5367694477615657,0,0.00727115781826155
Mahasu Pahari,maha1287,NA,0.02279530386856916,0,0.716122867936648,0.26108182819478287,0,0,0.06337266910929172
Mahasu Pahari,maha1287,NA,1,0,0,0,0,0,0.04727453693675198
Mahasu Pahari,maha1287,NA,0,0,1,0,0,0,-0.02770623469875488
Kiput,kipu1237,NA,0.05674789932719999,0.03238467896792282,0.4810095603977344,0,0.28497180500838093,0.14488605629876192,0.03886342875460868
Kiput,kipu1237,NA,0,0.33375645953702904,0.27094614681854523,0,0.3952973936444258,0,0.04152611016885406
Kiput,kipu1237,NA,0,0.9762548588167363,0,0.02374514118326353,0,0,0.02904246261786813
Kiput,kipu1237,NA,0.07509133752031168,0.6549238006541513,0.26998486182553694,0,0,0,0.03248362049952572
Kiput,kipu1237,NA,0,0,0.6073547910169856,0,0,0.3926452089830144,0.01949720987981604
Yao,yaoo1241,NA,0.1142857221230247,0.5714285623881652,0.3142857154888102,0,0,0,0.5538422873656249
Yao,yaoo1241,NA,0,0,0.2522840438193733,0,0.7477159561806267,0,-0.3346597627097955
Yao,yaoo1241,NA,0.07465186107964074,0.2075720193083538,0.19907164707264985,0.0248839539885099,0.4938205185508456,0,0.8670702666560579
Yao,yaoo1241,NA,0.18474602977112223,0,0.4064412559588867,0,0,0.4088127142699911,0.04372439110781245
Yao,yaoo1241,NA,7.3671549592468e-8,0.6202281866876591,0.24946537461168297,0.06236632560769263,0,0.06794003942141566,0.5569492862219835
Bende,bend1258,NA,0.2255857171045652,0,0,0.05122143839336077,0.5468189711884349,0.17637387331363916,0.05443154202107594
Bende,bend1258,NA,0,0,0.3013289757503182,0,0.678180617388401,0.02049040686128099,0.03728915355992683
Bende,bend1258,NA,0.07029978955278311,0,0.3002019611627333,0,0.6041194386343348,0.02537881065014878,0.0182071323158142
Bende,bend1258,NA,0,0,0,0,0,1,0.00307050832024194
Bende,bend1258,NA,0.2499876051085882,0.28025927526914496,0.4254831367934165,0,0,0.0442699828288504,0.05798866331283506
Aklanon,akla1241,NA,0.27986480824814375,0.06274911854726871,0,0,0.28177645827498243,0.3756096149296051,0.01679317365227242
Aklanon,akla1241,NA,0,0,0,0.2352960628648576,0.5740149852941681,0.19068895184097423,0.02128917983194362
Aklanon,akla1241,NA,0,0,0,0.7603058566679624,0.23969414333203765,0,0.00792885160492408
Aklanon,akla1241,NA,0,0.158021301100039,0,0,0,0.8419786988999609,0.00978926079950145
Aklanon,akla1241,NA,0,0.03431148449123911,0.755693428769632,0,0,0.20999508673912887,0.05291424746420317
Lamaholot,lama1277,NA,0,0,0.0134583204859023,0.7933076066528967,0.19323407286120112,0,0.15870587968639435
Lamaholot,lama1277,NA,0,0.3327556217995513,0.01830733394365448,0.6489370442567941,0,0,0.1603484523641799
Lamaholot,lama1277,NA,0,0,1,0,0,0,-0.02615496687859645
Lamaholot,lama1277,NA,0,0.3754819487848546,0,0,0,0.6245180512151454,0.05858650009930847
Lamaholot,lama1277,NA,0,0,0,0,0,1,0.0996961553179994
East Futuna,east2447,NA,0,0.00969254685582524,0.6683532366104988,0.02997359550605845,0.20168954910695247,0.09029107192066504,0.07781473394159721
East Futuna,east2447,NA,0,0,1,0,0,0,0.0052919691566092
East Futuna,east2447,NA,0,0.7733271122929257,0,0,0.10897233097969826,0.11770055672737607,0.05902080196162907
East Futuna,east2447,NA,0.30790217823329064,0,0,0,0.6920978217667093,0,0.00409608260066284
East Futuna,east2447,NA,0.01738827273901764,0.01080389273176519,0.7941976995174262,0.06415653934191687,0,0.11345359566987397,0.05451469463723467
Ottawa,otta1242,NA,0,0.2785009936107961,0,0,0.7214990063892038,0,0.03975742068952689
Ottawa,otta1242,NA,0.02334695717698775,0,0,0.7145727146225369,0,0.26208032820047533,0.02245470860564877
Ottawa,otta1242,NA,0,0,0,1,0,0,0.01973265193915586
Ottawa,otta1242,NA,0.2071358534941348,0.24079172284718825,0,0.5520724236586769,0,0,0.03132262852157243
Ottawa,otta1242,NA,0.3140317274535151,0.03279892279016885,0.23058729756843557,0.3220271212557678,0,0.10055493093211264,0.05754388738186887
Big Nambas,bign1238,NA,0,0.3924308545101601,0.6075691454898399,0,0,0,0.02389859273791711
Big Nambas,bign1238,NA,0,0.33298314036909327,0.492111565938306,0.1749052936926006,0,0,0.07334845708791558
Big Nambas,bign1238,NA,0.5914416195568817,0,0.21073285463460104,0,0.17243059147294976,0.02539493433556755,0.03813013392818543
Big Nambas,bign1238,NA,1,0,0,0,0,0,0.00677465557984553
Big Nambas,bign1238,NA,1,0,0,0,0,0,0.00530063714706312
Araweté,araw1273,NA,0.6236519668458428,0,0.3763480331541574,0,0,0,0.03202548213959568
Araweté,araw1273,NA,0.6943565233347226,0.00257868969275917,0.3030647869725182,0,0,0,0.09889697609377318
Araweté,araw1273,NA,0.12570503696257113,0.42684438110207945,0,0,0.4474505819353494,0,0.03092233086295986
Araweté,araw1273,NA,0.14751062128038822,0.2830919453777786,0.2669789971899431,0.3024184361518901,0,0,0.03661706438671325
Araweté,araw1273,NA,0,0.2234318582969258,0,0.26030035427835285,0.5162677874247213,0,0.02795187782889755
Songoora,song1300,NA,0,0.3502662154220654,0,0.3038026927425178,0.06299173343373562,0.28293935840168116,0.0886770481041158
Songoora,song1300,NA,0,0,0,0,0.26389335206543507,0.7361066479345648,0.02427449646177214
Songoora,song1300,NA,0.10061619445579764,0.3277409507757145,0,0.1436137569698085,0,0.4280290977986793,0.03170165539078221
Songoora,song1300,NA,0.31524885354780113,0,0,0.00799237817609919,0.6767587682760996,0,0.1597023929657494
Songoora,song1300,NA,0,0.6365520780206702,0,0,0.04914301474523987,0.31430490723409005,0.00401206552370278
Eastern Bolivian Guaraní,east2555,NA,0,0,0.8971488652393128,0.1028511347606872,0,0,0.07578574241559748
Eastern Bolivian Guaraní,east2555,NA,0,1,0,0,0,0,0.02142201581438813
Eastern Bolivian Guaraní,east2555,NA,0,0,1,0,0,0,0.08745877500016333
Eastern Bolivian Guaraní,east2555,NA,0,0,0,0.7619511717497279,0.1264526329371245,0.11159619531314754,0.03303137729444087
Eastern Bolivian Guaraní,east2555,NA,0.24460074642869295,0.01272232090402953,0,0.7426769326672775,0,0,0.04146252176880149
Balaesang,bala1314,NA,0,0,0,0.9313349149275202,0.06866508507247979,0,0.04102052164625092
Balaesang,bala1314,NA,0,0.10671736898500128,0.33726034180357833,0,0.29566093583297093,0.2603613533784497,0.02170167264835888
Balaesang,bala1314,NA,0.35385971413326656,0.18240660205645687,0.05809652191776874,0.4056371618925078,0,0,0.0626347743736387
Balaesang,bala1314,NA,0,1,0,0,0,0,0.0046300674217338
Balaesang,bala1314,NA,0,0,0,0,1,0,0.00193132961842752
Dakaka,daka1243,NA,0,0,0,0.6824155851524071,0,0.317584414847593,0.01000157640682501
Dakaka,daka1243,NA,0,0,1,0,0,0,0.0201979091313963
Dakaka,daka1243,NA,0,0.7158737592027317,0.2841262407972683,0,0,0,0.01511611597058418
Dakaka,daka1243,NA,0.35441511512063684,0,0,0,0.23871354994282967,0.40687133493653355,0.04732944072624483
Dakaka,daka1243,NA,0.3285838418446372,0.518664730219458,0,0.10800426171797504,0.03589888838171053,0.00884827783621916,0.02796610601843177
Danish,dani1285,NA,0.23804845633052735,0.5407112248008085,0,0,0.22124031886866424,0,0.01273965046063772
Danish,dani1285,NA,0,1,0,0,0,0,0.00189149834524491
Danish,dani1285,NA,1,0,0,0,0,0,-0.00471779787200228
Danish,dani1285,NA,0,0,0.8647214482120615,0.13527855178793852,0,0,0.03996704212273187
Danish,dani1285,NA,0,0,0,0.05612695737261348,0,0.9438730426273866,0.02322291293434249
