glottocode,family,language,generation,gender,lineal,gcr,seniority,speaker_gender,result
abui1241,NA,Abui,0.9335480246262586,0.01285246431222786,0,0.04272904074209162,0.01087047031942207,0,0.7279550887865023
ache1246,Tupian,Aché,0.7419183861959787,0.05644561133921245,0.15673344683826476,0.0094757319887773,0,0.03542682363776681,0.7032455304941254
achi1257,Austronesian,Acehnese,0.5539500929684713,0.21668252017814257,0.08086287544234533,0,0.1485045114110407,0,0.5975217869656011
achu1249,Chicham,Achuar,0.658717124281217,0.1909810617089614,0,0.01855838915357829,0.1317434248562434,0,0.7468107819640644
adan1251,NA,Adang,0.9038505610099103,0.01632830555627888,0,0.07982113343381085,0,0,0.5676646379569568
adny1235,Pama-Nyungan,Adnyamathanha,0.4167126075113447,0.049753879669454,0.42614451955925015,0.0993194385961905,0.00806955466376065,0,0.3429894784571904
afri1274,Indo-European,Afrikaans,0.34065952765522367,0.38299051972432374,0.2763499526204525,0,0,0,0.5741013825649183
aghu1253,Nakh-Daghestanian,Aghul,0.7334153236829907,0.04644565150147563,0.21697027625229132,0,0.0031687485632423,0,0.70057345730662135
agob1244,Pahoturi,Agob-Ende-Kawam,0.7033778496414227,0,0.07333595660885496,0.22221380706029087,0.00107238668943143,0,0.3442942819822333
agua1253,NA,Aguaruna,0.7013936420783229,0.04519420568922819,0.23620269341679231,0.0172094588156564,0,0,0.7520059271923416
ahin1234,Austronesian,Ahin-Kayapa Kalanguya,0.6681304881181277,0.00539446147334308,0.31576092384421395,0,0.01071412656431523,0,0.8325125429044341
akhv1239,Nakh-Daghestanian,Akhvakh,0.6846501959521982,0.0596732984092729,0.24719394528628624,0.00575782268415814,0.00272473766808458,0,0.7405723532170475
akka1240,Afro-Asiatic,Akkadian,0.42220099554476914,0.0682880386204525,0.2115693501098675,0,0.01462541818191138,0.2833161975429995,0.4952165549639432
akla1241,Austronesian,Aklanon,0.6488855678693259,0.11433636977494546,0.23677806235572857,0,0,0,0.770068403681167
alam1246,Sepik,Alamblak,0.7762867064457522,0.10932688015506706,0,0.11438641339918068,0,0,0.42076905634325346
alan1249,Austronesian,Alangan,0.6800605073203663,0.08933770332231211,0.2297824469080902,0,8.1934244923146e-4,0,0.6207090929535932
alba1267,Indo-European,Albanian,0.6350445755727998,0.16674831872873855,0.1758151362772126,0.02239196942124905,0,0,0.62008670984417
algo1255,Algic,Algonquin,0.6548337888445555,0.1886980930357484,0,0.15646811811969616,0,0,0.3675572301937483
alya1239,Pama-Nyungan,Alyawarr,0.3769037744684436,0.05531373277945577,0.13156407190755964,0.4362184208445411,0,0,0.4622316311128646
aman1265,Border,Amanab,0.6123261549172163,0.17052110799306897,0.03795166340997078,0,0.08919560959323299,0.09000546408651085,0.27941163288597387
amha1245,Afro-Asiatic,Amharic,0.4368208750570814,0.03819420133422173,0.5067948209437011,0.01819010266499584,0,0,0.7157061659436508
amis1246,Austronesian,Amis,0.424576309760141,0.07850851319981542,0.04354565174976083,0.01471422267645646,0.43865530261382624,0,0.8087987934474542
ampi1237,Austronesian,Ampibabo,0.7085327811408074,0.02813034568705335,0.2561794810288578,0,0.00715739214328137,0,0.7839354222422696
anam1249,Tupian,Anambé,0.3663234876739864,0.31768283007602743,0.15105988580383822,0.16493379644614803,0,0,0.3881141576206703
anci1242,Indo-European,Ancient Greek,0.5346540372714937,0.1464407718120478,0.31890519091645847,0,0,0,0.7530629470879524
ancu1238,Nakh-Daghestanian,Ancux,0.6533098050312108,0.04499858280286524,0.2884063889903517,0.01292642151838309,3.5880165718918e-4,0,0.6787651809885753
anda1281,Nakh-Daghestanian,Andalal-Gxdatl,0.7180417577280747,0.06172455157441239,0.20970500052138333,0.01052869017612961,0,0,0.6589884618930808
andi1255,Nakh-Daghestanian,Andi,0.7180420750466897,0.06172216308544165,0.20970615751076707,0.01052960435710151,0,0,0.6589884618855639
anei1239,Austronesian,Aneityum,0.6641907782240722,0.07525524593893158,0.23023374990909645,0.02391756048477477,0,0.00640266544312492,0.5407111265618549
anga1316,NA,Angaité,0.4505272179864264,0.29914195885331857,0.2258787548487151,0.02445206831153987,0,0,0.4763807786099625
aniw1237,Austronesian,Aniwa,0.6791614990240877,0.1936805770425536,0.00287195322066125,0.12428597071269742,0,0,0.4301320127019496
anut1237,Austronesian,Anuta,0.5857788023538838,0.18426682175166065,0.13557252252021618,0.03105508849322915,0,0.06332676488101019,0.4096692511412272
arab1267,Pama-Nyungan,Arabana,0.5631219921798317,0.09666961374159788,0.1848326813783388,0.15537571270023165,0,0,0.4279272307667503
arab1267,Pama-Nyungan,Arabana,0.5631219921798317,0.09666961374159788,0.1848326813783388,0.15537571270023165,0,0,0.4279272307667503
arak1252,Austronesian,Araki,0.5972957658714516,0.2220524583477899,0,0.1806517757807585,0,0,0.3437959742594029
araw1273,Tupian,Araweté,0.7167215091920969,0.16098634226500927,0.0025619035665663,0.07774992040664405,0,0.04198032456968353,0.4378998530183811
arch1244,Nakh-Daghestanian,Archi,0.7380273387662796,0.05069574725467377,0.19928500370847396,0.01199191027057278,0,0,0.7677526142509374
area1240,Austronesian,'Are'are,0.5049771751922436,0.06265718553572076,0.1870202606736241,0.2453453785984115,0,0,0.3830758146949381
arik1262,NA,Arikara,0.7908729108213436,0.15684672572630334,0.0293740825221664,0.02290628093018674,0,0,0.4289105252924425
aros1241,Austronesian,Arosi,0.6400723951003771,0.07365394411208626,0.14786628536580135,0.1384073754217354,0,0,0.5584061756523577
aser1237,Austronesian,Asera,0.77338790792929,0.12788789428220504,0,0,0.09872419778850496,0,0.6081774203050285
assa1263,Indo-European,Assamese,0.6026949351895206,0.207422791319068,0.1030244129564194,0.08685786053499209,0,0,0.518889867024362
assi1247,NA,Assiniboine,0.8275663499979687,0.09228691489046496,0,0.08014673511156634,0,0,0.4643794069362134
asut1235,Atlantic-Congo,Asu (Tanzania),0.6085453641689618,0.2691268912281998,0.04805269216365672,0.05011523522351037,0.02415981721567131,0,0.616539678309872
atam1239,Pama-Nyungan,Atampaya,0.29609266205241397,0.07942288709624926,0.11556742053111284,0.1621067411581244,0.3468102891620995,0,0.4839831606843552
atay1247,Austronesian,Atayal,0.3124314465461633,0.00762706149584064,0,0,0.679941491957996,0,0.6660728897116923
atch1238,Austronesian,Atchin,0.7653168258521419,0.11365283726413164,0.03715457835885648,0.08387575852487011,0,0,0.5881175799538043
atsu1245,NA,Atsugewi,0.6387940457961826,0.01756005184019457,0.1997343760017191,0.0161451142182121,0,0.1277664121436916,0.765652375647354
atta1244,Austronesian,Atta,0.7164061704686827,0.09636560775566257,0.1872282217756548,0,0,0,0.6785012338068651
aust1271,NA,Auslan,0.7190866295301606,0.04570645487659065,0.23520691559324877,0,0,0,0.6678902198966735
auuu1241,Nuclear Torricelli,Au,0.7479442255358134,0.08881745808670415,0,0.16323831637748248,0,0,0.5851680175796217
avac1239,Tupian,Avá-Canoeiro,0.3865601850499221,0.19883024091742685,0,0.41460957403265103,0,0,0.17436952594624355
avar1256,Nakh-Daghestanian,Avar,0.7451815690867627,0.03472110466330508,0.20294462291442272,0.01623491705499709,9.1778628051252e-4,0,0.739888004919639
avat1244,Atlantic-Congo,Avatime,0.5602730069583114,0.2293407381967109,0,0.20506961292051637,0.00531664192446127,0,0.5011522602750906
aves1237,Indo-European,Avestan,0.6958228305717116,0.01635298904844084,0.2878241803798476,0,0,0,0.7544042481355193
awet1244,Tupian,Awetí,0.4839612160914968,0.06467442048897964,0.4041921698978137,0.02263090681060233,0,0.02454128671110748,0.5181009922989501
awia1234,Arafundi,Awiakay,0.7358465263361874,0.19434656489603463,0.0253943322734007,0.00427510183350648,0.00955708346238345,0.03058039119848728,0.3947968116669145
ayiw1239,Austronesian,Äiwoo,0.432464867916222,0.4562696213873715,0.08002998152977114,0.03123552916663544,0,0,0.4307640128636779
ayor1240,NA,Ayoreo,0.6662661396473372,0.1257887031974331,0.19804059927796283,0.00990455787726698,0,0,0.766950581621995
baca1243,Austronesian,Bacanese Malay,0.632647252032162,0.02020619084629503,0.34645246272178454,0,6.9409439975848e-4,0,0.7278123143558064
badi1246,Pama-Nyungan,Badimaya,0.6454111236201358,0.1183445515490851,0.2353883429628552,0,8.5598186792393e-4,0,0.6358622096765246
baff1241,NA,Baffin Inuktitut,0.6056401061956271,0.07939319834543482,0.1864914173237136,0.12847527813522433,0,0,0.41205079603313854
bafi1243,Atlantic-Congo,Bafia,0.4504897350375635,0.0813803425335593,0,0.0304882881586212,0.437641634270256,0,0.7566145810857179
bagv1239,Nakh-Daghestanian,Bagvalal,0.6685008336246486,0.0449985471767679,0.26683332356471967,0.01830565135008277,0.00136164428378089,0,0.7097602582086604
baho1237,Austronesian,Bahonsuai,0.6510067368017121,0.21840245922222673,0.03421275456925166,0,0.09637804940680972,0,0.45914842122305055
bala1310,Austronesian,Balangao,0.7685666598666431,0.06484110951630194,0.13656838485098746,0,0.03002384576606752,0,0.626652494059284
bala1314,Austronesian,Balaesang,0.8173742421403225,0.04744110629900298,0.0980584738936362,0,0.0371261776670382,0,0.7925859728785483
bali1274,Atlantic-Congo,Bali (Democratic Republic of Congo),0.19457949667317495,0.344682597156105,0.4169568808250403,0,0,0.04378102534567977,0.9399180527781406
bali1275,Atlantic-Congo,Bali,0.1859298061649124,0.36180962825054674,0.4522605655845407,0,0,0,0.967090125596094
bali1278,Austronesian,Balinese,0.642778670220302,0.03448667411173754,0.29638236617325303,0,0.02635228949470744,0,0.6563176508986638
balo1260,Indo-European,Balochic,0.6357411581312589,0.05435047086713206,0.20666051446016465,0.10324785654144462,0,0,0.7332465560758439
balu1257,Austronesian,Paluai,0.8194645773690612,0.07726691489363904,0.03865974332506072,0.02966626657863709,0.03494249783360198,0,0.4999180449660407
bamu1253,Atlantic-Congo,Bamun,0.3043686692790676,0,0.0960801939415375,0.12340115975769853,0.4761499770216964,0,0.9669498584083114
band1339,Pama-Nyungan,Bandjalangic,0.6499572891625826,0.07948770050220015,0.25096807102989604,0.0195869393053212,0,0,0.6278458832480516
banj1239,Austronesian,Banjar,0.7172211036312506,0.00370822553412355,0.2598657364012204,0.00932416819759353,0.00988076623581194,0,0.8184618382392936
bann1247,Austronesian,Bannoni,0.8144711994296107,0.00107314017101345,0.18309215887710983,0.00136350152226605,0,0,0.8154846467465449
bann1248,Uto-Aztecan,Bannock,0.613326738016116,0.23063223620203768,0,0.13878602269082713,0,0.01725500309101911,0.35824168920118044
bard1254,NA,Bardic,0.46186696892566326,0.14418739368294503,0,0.39394563739139166,0,0,0.4498110592777352
bari1288,Austronesian,Bario,0.8144646680092755,0.00107315858006675,0.18309224725966364,0.00136992615099414,0,0,0.8154846467634299
bari1297,NA,Barí,0.6608257413557619,0.04237343074762665,0.2816818747182344,0.01511895317837701,0,0,0.7261395307753027
baro1253,Austronesian,Barok,0.5756526554971977,0.1402422539729408,0.2565854506879994,0.02751963984186222,0,0,0.6261627510404246
baru1267,Angan,Baruya,0.551238845333371,0.3549851237592823,0,0.09265892470848786,0.00111710619885896,0,0.4344163748162718
basq1248,NA,Basque,0.7473224470470748,0.04004393079009438,0.20614866034415755,0.00648496181867333,0,0,0.7549804815390002
bata1285,Atlantic-Congo,Batanga,0.34972731925571054,0.1127630296591611,0.380124426723228,0.03240161521909908,0.12498360914280128,0,0.6168740500465595
bata1289,Austronesian,Batak Toba,0.5318111031699886,0.1573644228146443,0,0.01591636643609711,0.2949081075792701,0,0.554612654430658
batl1238,Nakh-Daghestanian,Batlux,0.6724659262607544,0.06718736763725491,0.25798498996821,0,0.00236171613378067,0,0.7068260705730226
baub1235,Austronesian,Bau-Jagoi Bidayuh,0.20520212484891687,0.24603061045813707,0,0,0.548767264692946,0,0.7508236297027431
baur1253,Arawakan,Baure,0.3589362004291993,0.04063208286819839,0.6004317167026023,0,0,0,0.8760313731189753
bayu1240,Pama-Nyungan,Bayungu,0.6714403261949968,0.0650656671919325,0.16246887486291076,0.10102513175015984,0,0,0.5873380848088503
beka1241,Austronesian,Riuk Bekati',0.6471490435434846,3.605221799962e-4,0.2452997046156642,0.00510792036025225,0.10208280930060272,0,0.7504414460803525
bela1254,Indo-European,Belarusian,0.6593906175987331,0.1441182251492227,0.1964911572520443,0,0,0,0.8107040334553346
bemb1257,Atlantic-Congo,Bemba (Zambia),0.7383704598588953,0.0360297396008108,0.16441931450551978,0.0073128434680251,0.05386764256674901,0,0.6030213191643887
bena1262,Atlantic-Congo,Bena (Tanzania),0.8401527239880777,0.02390420601248136,0.11660241358013028,0.01498739675777011,0.00435325966154045,0,0.5986533904701147
bend1258,Atlantic-Congo,Bende,0.8261396425163117,0.02583132337570755,0.10457315943844304,0.04345587466953782,0,0,0.6098168728437902
beng1280,Indo-European,Bengali,0.5566455264571795,0.08130617485001546,0.2445257640636136,0.11310393441107568,0.00441860021811596,0,0.6423848669465352
beng1280,Indo-European,Bengali,0.5566455264571795,0.08130617485001546,0.2445257640636136,0.11310393441107568,0.00441860021811596,0,0.6423848669465352
bera1259,Atlantic-Congo,Bera,0.6356596279648817,0.0187916709823893,0.3233838404834982,0.00739315723427705,0.01477170333495365,0,0.6767079801326406
beri1254,Tor-Orya,Berik,0.811971473242067,0.09131494021983266,0.02075438372192932,0.03406500798777909,0.04189419482839195,0,0.6424278336224756
bezh1248,Nakh-Daghestanian,Bezhta,0.692113692300439,0.09974458010355428,0.19272400932962408,0.01541771826638266,0,0,0.6357858872459596
biak1248,Austronesian,Biak,0.8633392581430136,0.11013430510648498,0,0.0187383195273023,0.00778811722319913,0,0.4717548151967837
bier1244,Austronesian,Bierebo,0.9073215017006632,0.06248851091803589,0,0.03018998738130103,0,0,0.7066512510319114
bign1238,Austronesian,Big Nambas,0.6201467272348636,0.06956422606501796,0.16267843933596587,0.1434167104208401,0,0.00419389694331237,0.4976876347874288
bign1238,Austronesian,Big Nambas,0.6201467272348636,0.06956422606501796,0.16267843933596587,0.1434167104208401,0,0.00419389694331237,0.4976876347874288
biha1245,Indo-European,Bihari,0.5310038554503979,0.1161544524024882,0.14027835826833035,0.18754373264136345,0.02501960123742019,0,0.5860953460038054
bila1255,Atlantic-Congo,Bila,0.744889663343421,0.00785399617896412,0.24725634047761497,0,0,0,0.499429265885428
bilb1241,Austronesian,Bilibil,0.8857032219740674,0.0732280364608345,0,0.04106874156509816,0,0,0.32053025494100656
bilu1245,Bilua,Bilua,0.8173100880210625,0.07375680511806433,0,0.0652000627696536,0.04373304409121958,0,0.7412739430216222
bind1236,Pama-Nyungan,Bindal-Mount Elliot,0.25778066262771526,0.12072013453727076,0.3642460727979598,0.2572531300370542,0,0,0.7227416406158628
binj1250,Atlantic-Congo,Binja,0.03999999723751529,0.4000000024021606,0,0.4000000024021606,0,0.15999999795816347,1
bino1237,Austronesian,Binongan Itneg,0.7978998647739847,0.05479471827954058,0.14730541694647484,0,0,0,0.7556897998871591
binu1244,Austronesian,Talaandig-Binukid,0.5794156317307189,0.2609370158042278,0.1596473524650533,0,0,0,0.6989258838095564
birh1242,Austroasiatic,Birhor,0.36693959539617466,0.0977994515722101,0.19334904945697137,0.00501562359863204,0.33689627997601185,0,0.31827582880864336
biri1256,Pama-Nyungan,Biri,0.628375986752216,0.12997598327423576,0.1963485702573095,0.04529945971623867,0,0,0.4454599397866881
bitt1240,Austroasiatic,Bit,0.8404999869301157,0.08615403377725664,0.06586487777338008,0.00748110151924759,0,0,0.7305007895591202
blag1240,NA,Blagar,0.9569059289011342,0.04309407109886577,0,0,0,0,0.3791285990776909
bloo1239,Algic,Blood,0.49772843157275953,0.14998640330450605,0.29381841267425396,0.05846675244848053,0,0,0.42763999989498613
boan1243,Austronesian,Boano (Sulawesi),0.6795354913122386,0.00456355169406789,0.3089104915723678,0,0.00699046542132581,0,0.7856694007704165
bont1247,Austronesian,Bontok,0.7502644315696883,0.04991349173608574,0.19376959968523905,0,0.00605247700898693,0,0.6180420577038364
boun1245,Nuclear Trans New Guinea,Bo-Ung,0.22352113393024428,0.4077543293548608,0,0.36872453671489486,0,0,0.5886983627887008
bret1244,Indo-European,Breton,0.6172468668164617,0.10295061484431484,0.2798025183392235,0,0,0,0.7930281934747422
broo1239,Austronesian,Brooke's Point Palawano,0.8129982376434058,0,0.1870017623565942,0,0,0,0.8755232957181267
brul1239,NA,Brulé,0.8031824377810673,0.10581300203141215,0,0.09100456018752044,0,0,0.5245052607262908
budu1248,Nakh-Daghestanian,Budukh,0.7855417392554024,0.01967494687925839,0.1833477929438054,0.01143552092153371,0,0,0.7736207156292083
budz1238,Atlantic-Congo,Budza,0.8284727527021329,0.01263366815569571,0.0414276305027262,0.11746594863944512,0,0,0.949363475818145
buhi1245,Austronesian,Buhid,0.6629102401326704,0.05735454344668001,0.27552968015147666,0,0.00420553626917297,0,0.7345691126531306
buin1247,NA,Buin,0.6812380000121495,0.07600049858616668,0.13208616538816914,0.11067533601351465,0,0,0.5335107949497528
buka1261,Austronesian,Bukat,0.7998837814358284,0.03301229849298647,0.1671039200711851,0,0,0,0.6209287862197159
buku1249,Atlantic-Congo,Bukusu,0.6363864026200569,0.13871359118725823,0.1700596434304565,0.01658364732397977,0.02981345045430412,0.00844326498394453,0.4940363614456464
bulg1262,Indo-European,Bulgarian,0.6757609118021324,0.14769652727148788,0.16650848203648907,0.01003407888989076,0,0,0.749670644077493
buli1256,Austronesian,Buli,0.4464106241977179,0.24874877784194585,0.3048405979603363,0,0,0,0.5667448201879
bung1264,Pama-Nyungan,Bunganditj,0.5371838726802177,0.06485697468842827,0.30578667258640185,0.09217248004495215,0,0,0.5723287154200296
bung1269,Austronesian,Bungku,0.7046598227075256,0.00656797068715437,0.28792666557848073,0,8.4554102683935e-4,0,0.6991032426116808
bunu1267,Austronesian,Bunun,0.5737525592918677,0.0149696374685137,0.3728771630788562,0.02240754343892404,0.01599309672183831,0,0.7318642914844067
burm1266,Sino-Tibetan,Burmish,0.6818591628591814,0.16240134839721085,0.1068780337483325,0,0.04886145499527529,0,0.46619343959790216
buru1303,Austronesian,Buru (Indonesia),0.885607781150036,0.06173319261372875,0,0.04803932776758007,0.00461969846865515,0,0.586308685437585
bush1247,Atlantic-Congo,Bushoong,0.4100371388067232,0.3941125214117123,0.15035750636204476,0.04549283341951966,0,0,0.41388440173226687
butm1237,Austronesian,Farafi,0.6233427671718069,0.22320598951331383,0.03322049307357788,0.1202307502413014,0,0,0.6341482728089178
bwai1243,Austronesian,Bwaidoga,0.3209962630746041,0,0.08282086687856456,0.5521292200620562,0,0.04405364998477517,0.9302619271433648
cahu1264,Uto-Aztecan,Cahuilla,0.6273193570963415,0.0732145948910238,0.24928514600624496,0.02254362391012906,0.02763727809626081,0,0.4117592611703321
carn1240,Austroasiatic,Car Nicobarese,0.6151355465957734,0.1572820282699284,0,0.16521706439699563,0.06236536073730257,0,0.52971193094145
caro1242,Austronesian,Carolinian,0.7792200112684473,0.10389698704128572,0,0,0.1168830016902671,0,0.9898267954640748
casi1235,Austronesian,Casiguran-Nagtipunan Agta,0.786879841817172,0.03123154245066269,0.18033729793799025,0,0.00155131779417512,0,0.7029396169551159
cayu1261,NA,Cayuga,0.7593435072448105,0.16478786379623667,0,0.062901002783376,0.0121392910985779,8.2833507699886e-4,0.6783190949481872
cayu1262,NA,Cayubaba,0.5796570651262848,0.03623297077223598,0.3789166875727053,0.00519327652877393,0,0,0.764999712634169
cebu1242,Austronesian,Cebuano,0.7191132197635882,0.04394674411277267,0.23694003612363904,0,0,0,0.7129840755018125
cent1972,Indo-European,Central Kurdish,0.4695964624156953,0.0590782784897738,0.33066322925487707,0.14066202983965395,0,0,0.41996240477998703
cent2084,Austronesian,Central Cagayan Agta,0.6990510039002549,0.03566131932668764,0.2652876767730573,0,0,0,0.7370112279048473
cent2089,Austronesian,Central Subanen,0.808346131112768,0,0.06951527266033154,0.12213859622690051,0,0,0.6699246647260175
cent2090,Austronesian,Central Tagbanwa,0.7134485636751052,0.09194356967682198,0.19460786664807272,0,0,0,0.7603463481575197
cent2092,Austronesian,Central Sama,0.7481865583845223,0.01126449926028921,0.24054894235518856,0,0,0,0.815347078950666
cent2101,Austronesian,Central Melanau,0.7521284212155133,0.0837621310212849,0.16410944776320183,0,0,0,0.7113667917625948
cent2131,Uto-Aztecan,Central Tarahumara,0.5947059745053305,0.1329944003963274,0.11643184906089642,0.1402880497419328,0.01557972629551288,0,0.42711616566721927
cent2142,NA,Central Aymara,0.7401724039082936,0.02040690882502163,0.22647477611891248,0,0.01294591114777232,0,0.8105568867187269
chac1249,NA,Cha'palaa,0.63741876741529635,0.09961796175902168,0.19555292866135696,0.05542601776619866,0.01198432439812635,0,0.5839024853897989
cham1309,Nakh-Daghestanian,Chamalal,0.7172490773061214,0.05357530249610567,0.214990285097006,0.01108010484332254,0.0031052302574443,0,0.7018854162313888
cham1312,Austronesian,Chamorro,0.5175857744256267,0.18908418348196385,0.29333004209240937,0,0,0,0.7972969009163599
chav1241,Indo-European,Chavacano,0.5452250420849913,0.18768068410084332,0.265470783359374,0,0.00162349045479123,0,0.8271913057705693
chek1238,Austronesian,Cheke Holo,0.7655792999800117,0.06234532241278213,0.00784765025200708,0.16422772735519903,0,0,0.4856565926159407
chem1251,Uto-Aztecan,Chemehuevi,0.4807392542566646,0.2300616411606408,0.2684834927862233,0.02071561179647141,0,0,0.6148192340243159
chen1255,Dravidian,Chenchu,0.47806014060923013,0.21613823018078,0.0996204219227408,0.08972623270846695,0.11645497457878222,0,0.40024878760479815
chep1245,Sino-Tibetan,Chepang,0.7149727283964228,0.10665283185246856,0.04272257700655103,0,0.13565186274455757,0,0.7718234871711489
cher1273,NA,Cherokee,0.8347684818802218,0.112339351558161,0,0.05289216656161717,0,0,0.548290894146465
cher1273,NA,Cherokee,0.8347684818802218,0.112339351558161,0,0.05289216656161717,0,0,0.548290894146465
chey1247,Algic,Cheyenne,0.6444766271351574,0.24756082213466651,0,0.10796255073017604,0,0,0.427551834256372
chib1270,NA,Chibcha,0.7026652085133013,0.04436435704190337,0.1795009558949225,0.07346947854987286,0,0,0.5477196432503589
chib1270,NA,Chibcha,0.7026652085133013,0.04436435704190337,0.1795009558949225,0.07346947854987286,0,0,0.5477196432503589
chic1270,NA,Chickasaw,0.7227794062497215,0.20235986859758243,0,0.07486072515269618,0,0,0.5383555876136088
chih1238,Uto-Aztecan,Chihuahua Pima Bajo,0.17106930987139948,0,0.14585966933496114,0.20768285499144945,0.47538816580218984,0,0.5966881120203308
chim1301,NA,Chimariko,0.7040316497236232,0.01027839922228741,0.26094858542541316,0.02474136562867632,0,0,0.6373560364524393
chip1261,NA,Chipewyan,0.6221394562056453,0.07339668622632048,0.3044638575680341,0,0,0,0.7108537296402038
chip1262,NA,Chipaya,0.36367120561763666,0.05304136546056563,0,0.01872868408056029,0.5645587448412374,0,0.7200955022498627
chir1284,Nakh-Daghestanian,Chirag,0.6308216573577301,0.03622612961226135,0.33145247240235065,0,0.00149974062765784,0,0.7529674763538681
choc1276,NA,Choctaw,0.7243930818632909,0.21540307541274,0,0.06020384272396913,0,0,0.5554535020755611
choc1276,NA,Choctaw,0.7243930818632909,0.21540307541274,0,0.06020384272396913,0,0,0.5554535020755611
chok1245,Atlantic-Congo,Chokwe,0.7623483462823173,0.12850375601162933,0.1037784390038819,0.00536945870217148,0,0,0.49142207464580046
chur1257,Indo-European,Church Slavic,0.6258305642520522,0.11411493151441685,0.2600545042335309,0,0,0,0.7587060710915647
chuu1238,Austronesian,Chuukese,0.7589726189233268,0.13527504120131156,0.08443868627491143,0.02131365360045034,0,0,0.46134099864471895
cint1239,Tupian,Cinta Larga,0.4934824010811372,0.3956261253361245,0,0,0,0.11089147358273828,0.25540577071688514
clas1250,Uto-Aztecan,Classical Nahuatl,0.6949232479095085,0.1966837838620024,0.10839296822848896,0,0,0,0.5086926729630097
coca1259,Tupian,Cocama-Cocamilla,0.627855519756531,0.28203194998994724,0.05032797524061575,0,0,0.03978455501290605,0.5562336818310787
coco1261,NA,Cocopa,0.6153911698587895,0.06589357098798276,0.08735149202192613,0.03279553871711278,0.1985682284141886,0,0.4973702136946895
cofa1242,NA,Cofán,0.5890692472186462,0.0988816656846505,0.31000881938786656,0.00204026770883673,0,0,0.663713561987727
cogu1240,NA,Cogui,0.7076195774797642,0.16543034537393816,0.12578803118176113,0,0.00116204596453644,0,0.7050504824575432
colo1249,NA,Colombian Sign Language,0.5041544823724895,0.2152905320444077,0.28055498558310277,0,0,0,0.727105075108935
coma1245,Uto-Aztecan,Comanche,0.5253152031310926,0.13086512488960844,0.1090863833373233,0.17176254322655915,0,0.06297074541541652,0.4555745206318629
comm1246,Algic,Common Delaware,0.731330359506021,0.1896664652895963,0.03686077491184572,0.04214240029253693,0,0,0.5047621275002374
copp1244,Eskimo-Aleut,Copper Inuit,0.5528483996844139,0.2795296366114642,0.1676219637041219,0,0,0,0.6149464852711083
corn1251,Indo-European,Cornish,0.5849431956099074,0.17933516044105,0.23572164394904255,0,0,0,0.6227341133776592
cota1241,Austronesian,Cotabato Manobo,0.8053930932990842,0.09161757949996834,0.10298932720094756,0,0,0,0.6861711581707516
cree1270,NA,Creek,0.6655081382023255,0.23918033975823424,0,0.09054680505652692,0,0.00476471698291333,0.33369316603546306
cree1272,Algic,Cree,0.7766663852957985,0.08216634647521599,0.07617752975172293,0.06498973847726257,0,0,0.39891225570784417
crow1244,NA,Crow,0.5188116292851123,0.4076838725467945,0,0.07350449816809321,0,0,0.4535473172331818
cruz1243,NA,Cruzeño,0.3805458459293267,0.07303890773458882,0,0.01438003947332031,0.5320352068627642,0,0.5969083196903116
cube1242,NA,Cubeo,0.7414172297327222,0.23282313680558983,0,0.02575963346168798,0,0,0.4826265848947439
cupe1243,Uto-Aztecan,Cupeño,0.6490970273918787,0.05858148507034928,0.20326290759327487,0.05141563734647394,0.01721436390080901,0.02042857869721413,0.38560319167188095
cusc1236,NA,Cusco Quechua,0.5517099112916791,0.09314254277995232,0.2855354012454568,0.01558656455135022,0,0.05402558013156152,0.5725525766479462
czec1258,Indo-European,Czech,0.5499273690969841,0.2744520930325578,0.17562053787045814,0,0,0,0.6999568296348441
dadi1250,Teberan,Dadibi,0.8260383271020508,0.15686460893565005,0,0.01709706396229911,0,0,0.28191798674248136
daka1243,Austronesian,Dakaka,0.7600904146023674,0.12399484637259632,0,0.05998159290535781,0,0.05593314611967852,0.2541499200758894
dako1258,NA,Dakota,0.803377340528434,0.10223630198248122,0,0.09438635748908462,0,0,0.5246747995671251
dako1258,NA,Dakota,0.803377340528434,0.10223630198248122,0,0.09438635748908462,0,0,0.5246747995671251
dako1258,NA,Dakota,0.803377340528434,0.10223630198248122,0,0.09438635748908462,0,0,0.5246747995671251
dako1258,NA,Dakota,0.803377340528434,0.10223630198248122,0,0.09438635748908462,0,0,0.5246747995671251
damp1237,Austronesian,Dampelas,0.7312117257915927,0.01082795112993046,0.2519960863142564,0,0.00596423676422054,0,0.7763701246479056
dand1238,Dravidian,Dandami Maria,0.5580196552689042,0.18730130836426712,0.22612952733364075,0.02422704537521854,0.00432246365796938,0,0.4922519291837745
dani1285,Indo-European,Danish,0.7007465344617113,0.083178152022716,0.2006530450160478,0.01542226849952485,0,0,0.7194014887261335
dari1249,Indo-European,Dari,0.4439549777903926,0.2164349032223406,0.2138925788016081,0.12571754018565862,0,0,0.6099007844329962
darl1243,Pama-Nyungan,Paakantyi,0.6403792171576255,0.03644656805516497,0.2560090078311433,0.06716520695606616,0,0,0.49121850421704794
dege1248,NA,Degexit'an,0.4057300369529322,0.2985334585513608,0.2233030567253569,0.07243344777035005,0,0,0.721441260298673
deho1238,Tai-Kadai,Dehong,0.5778731337250894,0.04959894716636516,0.2756717874654464,0.00819716691658744,0.08865896472651152,0,0.366567557526647
dehu1237,Austronesian,Dehu,0.9660400973788597,0.03395990262114046,0,0,0,0,0.781821620298245
dhar1248,Pama-Nyungan,Dharumbal,0.4849048592660219,0.13133216033193568,0.03539775114353851,0.3483652292585038,0,0,0.4534474597611476
dhar1248,Pama-Nyungan,Dharumbal,0.4849048592660219,0.13133216033193568,0.03539775114353851,0.3483652292585038,0,0,0.4534474597611476
dhuw1248,Pama-Nyungan,Dhuwal-Dhuwala,0.600324244200066,0.04684016227447089,0.05728436637510117,0.2955512271503619,0,0,0.48803560647952854
dhuw1249,Pama-Nyungan,Dhuwal,0.6748960692357105,0.02174864242610819,0.22081389593348497,0.08254139240469627,0,0,0.6175371234310145
dhuw1249,Pama-Nyungan,Dhuwal,0.6748960692357105,0.02174864242610819,0.22081389593348497,0.08254139240469627,0,0,0.6175371234310145
dier1241,Pama-Nyungan,Dieri,0.6837156555771077,0.06216462818574651,0.09610788745949818,0.1580118287776477,0,0,0.2827841065466442
dier1241,Pama-Nyungan,Dieri,0.6837156555771077,0.06216462818574651,0.09610788745949818,0.1580118287776477,0,0,0.2827841065466442
digo1243,Atlantic-Congo,Digo,0.7372921540583609,0.0172535022568516,0.18334309425633685,0.03593488124985622,0.02617636817859445,0,0.5278294701111356
ding1239,Atlantic-Congo,Ding,0.6654564113859153,0.00501313520034261,0.31823525694736937,0.00976653501394056,0.00152866145243212,0,0.6915586513688159
djam1256,Pama-Nyungan,Djambarrpuyngu,0.47478788501595454,0.067603163494424,0.22952870573048076,0.22207063794644816,0.00600960781269265,0,0.4479059962625025
djin1251,NA,Jingulu,0.2899703999116977,0.5233560178350352,0,0.1866735822532671,0,0,0.7310268515380127
djin1253,Pama-Nyungan,Djinang,0.4191306064285458,0.04425665175628939,0.10992911550621924,0.4266836263089455,0,0,0.4264260340102597
djin1253,Pama-Nyungan,Djinang,0.4191306064285458,0.04425665175628939,0.10992911550621924,0.4266836263089455,0,0,0.4264260340102597
dobu1241,Austronesian,Dobu,0.4356062041315526,0.06905359826895179,0.22647339483858012,0.26886680276091546,0,0,0.47368508907719464
dogr1252,NA,Dogrib,0.7358237688468635,0.14628023158555858,0.03155262273250933,0.00782956925615159,0,0.07851380757891688,0.441845086340429
dogr1252,NA,Dogrib,0.7358237688468635,0.14628023158555858,0.03155262273250933,0.00782956925615159,0,0.07851380757891688,0.441845086340429
dond1249,Austronesian,Dondo,0.6799534382594614,0.01249231355255498,0.27103365319703776,0,0.03652059499094602,0,0.7837485634917497
dout1240,Lakes Plain,Doutai,0.6636243608759238,0.09600331463321492,0.01080387681287121,0.07410750617491303,0.14080008603137378,0.01466085547170328,0.4526309201687505
dual1243,Atlantic-Congo,Duala,0.6826390626949801,0.07797232976763106,0.21729662720593396,0.0220919803314549,0,0,0.5027676065898198
duma1253,Atlantic-Congo,Duma,0.15235407678449142,0.3315830201511874,0.00821598428095047,0.5078469016084428,0,1.7174927831562294e-8,0.9042194055508256
duna1248,NA,Duna,0.7436484863566396,0.06449748668323464,0.06650273675763338,0.12103595856691526,0,0.00431533163557714,0.36930749435252985
dupa1235,Austronesian,Dupaninan Agta,0.7205672299861892,0.0171161481755155,0.1531151831744328,0,0.10920143866386244,0,0.6784705118895149
dutc1256,Indo-European,Dutch,0.35297288082399786,0.3672496317486468,0.2797774874273554,0,0,0,0.5632269863081065
duun1241,Pama-Nyungan,Duungidjawu,0.4571705904936168,0.14758254572173263,0.141619290130112,0.2536275736545386,0,0,0.4171294926956804
dyir1250,Pama-Nyungan,Dyirbal,0.47634167331206984,0.25352217206178934,0.13243519523168443,0.03405760141789204,0.10364335797656436,0,0.4348782259525255
dzon1239,Sino-Tibetan,Dzongkha,0.8079758318832387,0.08401788946157795,0.07356795096401413,0.01991405114157354,0.01452427654959566,0,0.5279470404168678
dzon1239,Sino-Tibetan,Dzongkha,0.8079758318832387,0.08401788946157795,0.07356795096401413,0.01991405114157354,0.01452427654959566,0,0.5279470404168678
east1436,Indo-European,Eastern Pahari,0.7151840043202408,0.11525688805264296,0.12415292961360784,0.04540617801350843,0,0,0.7081289567157991
east2295,Indo-European,Eastern Yiddish,0.632491192103572,0.05532740005341115,0.30607486462305594,0.00610654321996101,0,0,0.7354532523951376
east2328,Uralic,Eastern Mari,0.6522130271679851,0.2521778580312631,0.07954895069141063,0.01606016410934122,0,0,0.5952855766444866
east2443,Austronesian,East Ambae,0.7375550759003571,0.1535020775909644,0,0.10894284650867854,0,0,0.5727816885762256
east2447,Austronesian,East Futuna,0.7243614738506667,0.08170612217968903,0.17680610806905855,0.01712629590058566,0,0,0.6382142331679992
east2447,Austronesian,East Futuna,0.7243614738506667,0.08170612217968903,0.17680610806905855,0.01712629590058566,0,0,0.6382142331679992
east2516,Nuclear Trans New Guinea,East Kewa,0.8253687380084682,0.13741665029942648,0.02218899546683569,0.01323543339541319,0,0.00179018282985646,0.4349273628279189
east2516,Nuclear Trans New Guinea,East Kewa,0.8253687380084682,0.13741665029942648,0.02218899546683569,0.01323543339541319,0,0.00179018282985646,0.4349273628279189
east2555,Tupian,Eastern Bolivian Guaraní,0.72727997785533,0.03821446737648626,0.21739526661640124,0.00209750191045321,0,0.01501278624132935,0.7184122842317681
edop1238,Lakes Plain,Edopi,0.8641735161842754,0.02641441513995551,0,0.0500350212570196,0.03937671486077818,0.02000033255797126,0.47722835391330554
eipo1242,Nuclear Trans New Guinea,Eipomek,0.49018931154443734,0.41993595832545866,0.01629138460017709,0.07358334552992699,0,0,0.37430446971424897
ekar1243,Nuclear Trans New Guinea,Ekari,0.7176013470772543,0.0983246398063293,0.03322185223798963,0.13402805050486669,0,0.01682411037355997,0.3661754295015209
ekon1238,Atlantic-Congo,Ekonda Mongo,0.7958029588507922,0.04525581474320436,0.10405382816044272,0.05488739824556075,0,0,0.5665389083039154
elam1244,NA,Elamite,0.4491293344245213,0.02937150120210786,0.521499164373371,0,0,0,0.81552561807284
elna1235,Uto-Aztecan,El Nayar Cora,0.38465828979478234,0.15552708844626914,0.05588947474265306,0.00325298473609157,0.40067216228020386,0,0.6279293881929371
emae1237,Austronesian,Emae,0.8620928225944761,0.0353818377676593,0.08194863409034471,0.02057670554751987,0,0,0.9122262635399336
emau1237,Austronesian,Emau,0.6120063893616969,0.2024763099304032,0.05742735026715708,0.12808995044074276,0,0,0.4390662395193553
emer1243,Tupian,Teko,0.4316735571492401,0.3574861527895596,0.03387105688490355,0.17696923317629676,0,0,0.46669345067073087
enap1235,Cariban,Panare,0.5956232558898732,0.30811100645597905,0.02076042498304914,0.07550531267109864,0,0,0.5372775806586101
ende1235,NA,Ende (Papua New Guinea),0.6992328668935482,0.0882680844207677,0.21014236549976115,0.00235668318592291,0,0,0.6496327854510108
epen1239,NA,Epena,0.5216053908259339,0.06004286817540906,0,0.01326610679750555,0.40508563420115146,0,0.8319123896035827
erav1244,Nuclear Trans New Guinea,Erave,0.749739619178912,0.08976773927357554,0.0741121514675942,0.08638049007991842,0,0,0.5005559148607874
erzy1239,Uralic,Erzya,0.5910741970479488,0.07790266895073679,0.2752936266207996,0.00682256197617585,0.04890694540433897,0,0.5783411316651206
erzy1239,Uralic,Erzya,0.5910741970479488,0.07790266895073679,0.2752936266207996,0.00682256197617585,0.04890694540433897,0,0.5783411316651206
esto1258,Uralic,Estonian,0.5748269117330032,0.26103238998833433,0,0.12915858370274785,0.0349821145759146,0,0.6214122681756097
eude1234,Uto-Aztecan,Eudeve,0.47727574538511663,0.00122727013977746,0,0.19742044883347917,0.3240765356416267,0,0.6827711915936819
eyak1241,NA,Eyak,0.6992518970367402,0.03193157777026045,0.17597795550491913,0.08863079615361968,0.00420777353446056,0,0.5638566867500981
fang1246,Atlantic-Congo,Fang (Equatorial Guinea),0.5814414587741289,0.11116038582318888,0.2149054451785768,0.06443237103625778,0,0.0280603391878477,0.4793482550844317
fass1245,Baibai-Fas,Momu-Fas,0.6080605724683347,0.09644870439836097,0.23184583839327896,0.06364488474002541,0,0,0.22648456502929093
fefe1239,Atlantic-Congo,Fe'fe',0.4451042436202911,0.1798916645086382,0.35003769518708466,0.02496639668398615,0,0,0.6409147942748389
fiji1243,Austronesian,Fijian,0.9147497348565484,0.05749079643317621,0,0.02622213763955581,0,0.00153733107071952,0.486267515186002
finn1318,Uralic,Finnish,0.5699869018809836,0.4059092517478434,0,0.02410384637117303,0,0,0.6420484232843036
fipa1238,Atlantic-Congo,Fipa,0.8014571383873615,0.07014952183106013,0.06670280244473616,0.06169053733684226,0,0,0.5882735221709446
flin1247,Pama-Nyungan,Flinders Island,0.31181064855966867,0.2900633840351908,0.1358048333013898,0.26232113410375085,0,0,0.7408164739960391
foii1241,East Kutubu,Foi,0.8201535396790213,0.07211369063038935,0.03634727881920817,0.02901976699741086,0,0.04236572387397032,0.4253699250752941
ford1242,Austronesian,Fordata,0.17969291799993847,0.08450260657431699,0.11590680816241608,0,0.6198976672633285,0,0.8679099485865422
fore1265,Uralic,Forest Enets,0.25757997410262984,0.2830496843684272,0.04375776461625407,0,0.415612576912689,0,0.40013482933152006
fore1270,Nuclear Trans New Guinea,Fore,0.9117998447610676,0.03623235302493746,0,0.05196780221399497,0,0,0.5073722543501968
fort1240,Austronesian,Kiai,0.8473368036267499,0.02428784291205547,0.12025811905444678,0.00811723440674787,0,0,0.6203213136729496
fris1239,Indo-European,Frisian,0.3541911942227249,0.374344422966137,0.27146438281113816,0,0,0,0.5636470726606063
futu1245,Austronesian,Futuna-Aniwa,0.7487574271969578,0.03617433530317499,0.1897157893226792,0.02406176872165147,0,0.00129067945553656,0.629654796727403
gada1258,Austronesian,Ga'dang,0.7177798891587925,0.02073759678044277,0.2614825140607647,0,0,0,0.7452002684554686
gale1259,North Halmahera,Galela,0.7954265273996829,0.04555446482744384,0,0.00771870415977199,0.15130030361310123,0,0.5972578484912503
gali1262,Cariban,Galibi Carib,0.4016708817656278,0.26915912668658853,0.09220637160701138,0.18020132017573104,0,0.05676229976504118,0.2677336165235793
gami1243,Pama-Nyungan,Yuwaalaraay-Gamilaraay,0.6700028832608869,0.08828411760999466,0.22289255853842097,0.01882044059069753,0,0,0.5257990517302884
gand1255,Atlantic-Congo,Ganda,0.6401077809299888,0.08085541237569914,0.12579034306548695,0.15324646362882496,0,0,0.49485922368831703
gane1237,Austronesian,Gane,0.5531137786101106,0.14807243028027528,0.2988137911096141,0,0,0,0.6400058745836992
gang1267,NA,Ganggalida,0.7017995328610968,0.09328810906865008,0,0.20491235807025324,0,0,0.317629030023833
gang1267,NA,Ganggalida,0.7017995328610968,0.09328810906865008,0,0.20491235807025324,0,0,0.317629030023833
gayo1244,Austronesian,Gayo,0.7076244616623136,0.08461558121229296,0.1211015438090714,0.06317377516215998,0.0234846381541621,0,0.55966099123876
gela1263,Austronesian,Gela,0.8110122851087807,0.00217381163689842,0.18640715158242133,0,4.0675167189956e-4,0,0.8559080014790256
ghod1238,Nakh-Daghestanian,Godoberi,0.7430523017476729,0.03461177961145056,0.21943027632021625,9.9595167876704e-4,0.00190969064189323,0,0.7440784213740662
giga1238,Nakh-Daghestanian,Gigatl,0.6724558991918148,0.09252560922907511,0.23461514574247697,4.0334583663303e-4,0,0,0.6921720540787002
gilb1244,Austronesian,Gilbertese,0.841095349931148,0.13787493971378575,0,0.02102971035506634,0,0,0.7556596784285888
gimi1243,Nuclear Trans New Guinea,Gimi (Eastern Highlands),0.8123068749537605,0.10785327779638292,0.04942778110007968,0.01748000118844345,0,0.01293206496133338,0.6121108209710222
giry1241,Atlantic-Congo,Giryama,0.5261814270018456,0.06434809345865129,0.07339203390981766,0.33607844562968553,0,0,0.379409848343306
gogo1263,Atlantic-Congo,Gogo,0.6946301601155873,0.1059892181632351,0.12822343054204832,0.07002932472018583,0,0.0011278664589435,0.3416719849966321
gond1265,Dravidian,Gondi,0.7354950410103865,0.2353902738495345,0,0,0.02911468514007885,0,0.6792017126721384
goth1244,Indo-European,Gothic,0.5272660647927208,0.02169133245081016,0.4510426027564691,0,0,0,0.7921142649151115
gras1239,Uralic,Meadow Mari,0.592542692276296,0.18239837375681833,0.0251953192967687,0.03170307085176015,0.16816054381835674,0,0.5185666793165271
gras1249,Koiarian,Grass Koiari,0.7576784310202106,0.05232242079839593,0.1636383254161287,0.02636082276526478,0,0,0.597681982323285
gros1243,Algic,Gros Ventre,0.7113069811923817,0.1701294306336637,0.02224345696564902,0.09632013120830564,0,0,0.3989326620203465
guaj1256,Tupian,Guajá,0.6013229130270072,0.21770755153534935,0,0.02485374996107534,0,0.15611578547656796,0.218722140115771
guar1292,Tupian,Guarayu,0.6456354843821208,0.20263318277134423,0,0.11314188826825756,0,0.03858944457827733,0.291364265063313
gugu1255,Pama-Nyungan,Guugu Yimidhirr,0.3500132548185282,0.21346116379323196,0.11978477789101329,0.19132317821497047,0.12541762528225608,0,0.23954931494063608
gugu1255,Pama-Nyungan,Guugu Yimidhirr,0.3500132548185282,0.21346116379323196,0.11978477789101329,0.19132317821497047,0.12541762528225608,0,0.23954931494063608
guja1252,Indo-European,Gujarati,0.6415026281608653,0.1048254518657513,0.11544635101379593,0.13822556895958743,0,0,0.7073315162552203
guja1252,Indo-European,Gujarati,0.6415026281608653,0.1048254518657513,0.11544635101379593,0.13822556895958743,0,0,0.7073315162552203
guma1253,Pama-Nyungan,Gumatj,0.5279435535525123,0.11722050330987949,0.02100500658708932,0.3282723737144551,0.0055585628360638,0,0.4918943315871702
gunt1241,NA,Warta Thuntai,0.4127349201581509,0,0.02796500085902447,0,0.5593000789828247,0,0.9184870320895876
gunw1252,NA,Bininj Kun-Wok,0.6955849254594615,0.04071384724726705,0,0.2637012272932714,0,0,0.5721947653398789
guny1241,Pama-Nyungan,Gunya,0.5784385189427234,0.16329857920012836,0,0.25826290185714823,0,0,0.5826343348019672
gupa1247,Pama-Nyungan,Gupapuyngu,0.4971032548878719,0.12785383145495358,0.13473881116059816,0.22841408778894573,0.01189001470763055,0,0.34609747619171305
guri1247,Pama-Nyungan,Gurindji,0.5706726395972721,0.07638070307065879,0.3029877952362106,0.04449416591156471,0.0054646961842938,0,0.4891556084983795
gusi1247,Atlantic-Congo,Gusii,0.6113845679158728,0.00963401751334005,0.2815656977282861,0.09741571684250104,0,0,0.5239576535746292
gwic1235,NA,Gwich'in,0.5201976918573263,0.13744511416849933,0.09546578880385669,0.24689140517031768,0,0,0.2611253233534568
gwic1235,NA,Gwich'in,0.5201976918573263,0.13744511416849933,0.09546578880385669,0.24689140517031768,0,0,0.2611253233534568
gwii1239,NA,/Gwi,0.867244710018847,0.0336177374195792,0,0,0.0991375525615738,0,0.6124559297780559
haaa1252,Atlantic-Congo,Ha,0.902057120879488,0.02258188647400153,0,0.05888229409807121,0,0.01647869854843927,0.4315579680631776
hano1246,Austronesian,Hano,0.7030739328802456,0.08207587767188118,0,0.13795759164238106,0,0.07689259780549229,0.3001405687303904
hano1246,Austronesian,Hano,0.7030739328802456,0.08207587767188118,0,0.13795759164238106,0,0.07689259780549229,0.3001405687303904
hano1246,Austronesian,Hano,0.7030739328802456,0.08207587767188118,0,0.13795759164238106,0,0.07689259780549229,0.3001405687303904
hanu1241,Austronesian,Hanunoo,0.645621917294293,0.08102372505104846,0.2701840487956502,0,0.00317030885900833,0,0.6716610394064262
hare1243,NA,Slaveyic,0.5162836375065185,0.2871575219984936,0.05549920520389919,0.14105963529108878,0,0,0.38688641685805225
haus1257,Afro-Asiatic,Hausa,0.7043680632752528,0.03408938035990539,0.2319844682771552,0.02955808808768672,0,0,0.6778356324353976
hawa1245,Austronesian,Hawaiian,0.6292038788497568,0.19939093972315608,0.1663076625311577,0,0,0.00509751889592939,0.6586909336259867
hawa1245,Austronesian,Hawaiian,0.6292038788497568,0.19939093972315608,0.1663076625311577,0,0,0.00509751889592939,0.6586909336259867
hawa1245,Austronesian,Hawaiian,0.6292038788497568,0.19939093972315608,0.1663076625311577,0,0,0.00509751889592939,0.6586909336259867
haya1250,Atlantic-Congo,Haya,0.700518028445085,0.06453378289433921,0.1566857088197205,0.07826247984085524,0,0,0.4580872909031499
hehe1240,Atlantic-Congo,Hehe,0.7814691207686947,0.02722332258507934,0.16167698108449047,0,0.02963057556173532,0,0.69027067734286
here1253,Atlantic-Congo,Herero,0.5448532404661488,0.0382649109170594,0.3801541687164795,0,0.03672767990031231,0,0.5672845737349801
hewa1241,Sepik,Hewa,0.8389713475085592,0.11623985690797124,0,0.04478879558346965,0,0,0.48692586785058434
hida1246,NA,Hidatsa,0.5675188590302541,0.2740191211619624,0,0.1584620198077836,0,0,0.40395993486404747
hidd1238,Nakh-Daghestanian,Hid,0.6376579781816131,0.04301322138524881,0.29253680109329744,0.02393108101659043,0.0028609183232503,0,0.6748081460030904
high1278,Uto-Aztecan,Highland Puebla Nahuatl,0.654658839756011,0.04079304404913905,0.2996909982882879,0.00485711790656216,0,0,0.8476970549502557
hili1240,Austronesian,Hiligaynon,0.6753624869406457,0.01357082095441352,0.31106669210494076,0,0,0,0.7614292148348036
hind1269,Indo-European,Hindi,0.6806231904382759,0.12107895532255618,0.10037964326475406,0.09791821097441392,0,0,0.7344233136744456
hind1269,Indo-European,Hindi,0.6806231904382759,0.12107895532255618,0.10037964326475406,0.09791821097441392,0,0,0.7344233136744456
hinu1240,Nakh-Daghestanian,Hinuq,0.7224940732389936,0.05514874488493033,0.21453576306467637,0.00782141881139973,0,0,0.7497088197340234
hitt1242,Indo-European,Hittite,0.4580752350302624,0.03268146532558309,0.5061115096186839,0.00313179002547055,0,0,0.7291115726422902
hiww1237,Austronesian,Hiw,0.81778653395689,0.02639260568840301,0,0.04999395968282362,0,0.10582690067188336,0.646200565695531
homs1234,Indo-European,Western Armenian,0.7099684394418373,0.06732519648452026,0.22136058204481696,0.00134578202882544,0,0,0.7207453305401175
hopi1249,Uto-Aztecan,Hopi,0.7489281238490775,0.08428353064550896,0.10303907141340186,0.03157653778848778,0.03217273630352393,0,0.6461938821913654
hopi1249,Uto-Aztecan,Hopi,0.7489281238490775,0.08428353064550896,0.10303907141340186,0.03157653778848778,0.03217273630352393,0,0.6461938821913654
huar1255,Uto-Aztecan,Huarijio,0.3198177680676132,0.08351918157982213,0.18753866473617536,0.21215099030951468,0.1969733953068746,0,0.2856781849596945
huas1257,Uto-Aztecan,Huasteca Nahuatl,0.4999999335297733,0.24999990599808417,0.2500001604721425,0,0,0,0.9999999999999848
huic1243,Uto-Aztecan,Huichol,0.2094892881879039,0.04131969020818156,0.16091081756706793,0.09507614524081838,0.4932040587960282,0,0.7237992641309259
huli1244,Nuclear Trans New Guinea,Huli,0.6736826378882144,0.07514404887089224,0.1811936475501575,0.05374743957421752,0,0.01623222611651831,0.455751219993327
hung1274,Uralic,Hungarian,0.639262859442846,0.06383863223358235,0.29689850832357156,0,0,0,0.6900254207234716
hung1274,Uralic,Hungarian,0.639262859442846,0.06383863223358235,0.29689850832357156,0,0,0,0.6900254207234716
hunz1247,Nakh-Daghestanian,Hunzib,0.7392356314144183,0.0367795914367564,0.20958087082809007,0.01440390632073528,0,0,0.7290867409010924
hunz1248,Isolate,Hunza,0.6872329367110972,0.04438271230159103,0,0.02785282313842761,0.240531527848884,0,0.7631621937260908
hupa1239,NA,Hupa-Chilula,0.4701724911232792,0.13827663561515602,0.04125903101231808,0.3502918422492467,0,0,0.352430415009566
iauu1242,Lakes Plain,Iau,0.7313800908121144,0.09276594520201524,0,0.00347832009849624,0.11322260968467364,0.05915303420270053,0.6001241646363966
ibal1244,Austronesian,Ibaloi,0.69867074264767,0.00567629360186976,0.29565296375046024,0,0,0,0.7640861203975529
iban1264,Austronesian,Iban,0.6933104168608369,0.1490057943928672,0.1576837887462959,0,0,0,0.7114725014606567
iban1267,Austronesian,Ibanag,0.7365072439264887,0.00881276506385107,0.25467999100966016,0,0,0,0.8333179528957108
icar1234,Nakh-Daghestanian,Icari,0.7389521356322083,0.04100896985084891,0.21977903451852585,0,2.5985999841698e-4,0,0.7937532910337615
icel1247,Indo-European,Icelandic,0.6942476711059252,0.07765215242534958,0.18658766743659144,0.04151250903213382,0,0,0.7066757443483656
idaa1241,Austronesian,Ida'an,0.552856814020256,0.03594064344090937,0.4054063712604026,0,0.00579617127843196,0,0.5856287713713902
ifug1247,Austronesian,Ifugaw,0.9293350000723776,0,0.07051764041066315,1.4735951695912e-4,0,0,0.809219664818589
igna1246,Arawakan,Ignaciano,0.6105230976695649,0.00791972997695381,0.36891784302082126,0,0.01263932933265987,0,0.7574767283719039
iliu1237,Austronesian,Ili'uun,0.4666649317524813,0.028942254599918,0.45749310877524063,0.04689970487236002,0,0,0.3115563582112969
ilok1237,Austronesian,Iloko,0.762367279006804,0.05958787875847322,0.17804484223472286,0,0,0,0.7897362578977501
imbo1238,Nuclear Trans New Guinea,Imbongu,0.8287960875836745,0.17120391241632535,0,0,0,0,0.7546301313809671
inan1242,NA,Inanwatan,0.6892210732187924,0.16119223263573682,0.127023804409946,0.01723980705336884,0.00532308268215582,0,0.5675894159811756
indo1316,Austronesian,Indonesian,0.7293514857827023,0.0488267187801748,0.22182179543712296,0,0,0,0.7135177346177444
indo1317,Austronesian,Indonesian Bajau,0.667869183114416,0.00488366846881789,0.30171848815161073,0,0.02552866026515533,0,0.7643013555957847
ingr1248,Uralic,Ingrian,0.7044786336459422,0.0351376277888093,0.24238561554696095,0.01799812301828751,0,0,0.7713209699864625
ingu1240,Nakh-Daghestanian,Ingush,0.5213486160412264,0.04767588978447661,0.41688470499706504,0.01216517683318805,0.00192561234404372,0,0.6492342248447132
inxo1238,Nakh-Daghestanian,Inxokvari,0.7243223034094528,0.04595053939324685,0.219393567218863,0.01033358997843728,0,0,0.7296393250612057
iowa1245,NA,Iowa-Oto,0.8504218165633826,0.13036576508388353,0,0.01921241835273398,0,0,0.556711470942105
iray1237,Austronesian,Iraya,0.6720717764623768,0.10031551356043528,0.2276127099771879,0,0,0,0.6654426466233985
iris1253,Indo-European,Irish,0.7272294915358206,0.0556828134671941,0.1847042014205443,0.03238349357644091,0,0,0.6552496719200682
isir1237,Greater Kwerba,Isirawa,0.4615246637409565,0.02454398522657584,0,0.15087828552703783,0.36305306550542976,0,0.4113596028670514
isna1241,Austronesian,Isnag,0.7440564977609265,0.02671541634151706,0.22922808589755636,0,0,0,0.8252865374915801
ital1282,Indo-European,Italian,0.6208692596507752,0.11939564028723164,0.25973510006199313,0,0,0,0.6787117006696365
iton1250,NA,Itonama,0.5980413186213229,0.06074799593119279,0.34121068544748423,0,0,0,0.7626398600183619
ivat1242,Austronesian,Itbayat,0.7172715500444999,0.0121407332919693,0.262488165162286,0,0.00809955150124482,0,0.8005008584885289
iwam1256,Sepik,Iwam,0.6204166847489337,0,0.03661321974885916,0.25323547918742373,0.08973461631478338,0,0.5268785366803226
iyoj1235,NA,Iyojwa'ja Chorote,0.6369287673660066,0.03205973125054363,0.32804192574407165,0.00296957563937816,0,0,0.7910709740717288
jama1262,Indo-European,Jamaican Creole English,0.7447577937089098,0.06974712964825164,0.18549507664283868,0,0,0,0.7273115582191523
japa1256,NA,Japanesic,0.6653239659699891,0.22009486993833244,0.0551777617767459,0.01569815086261475,0.04370525145231779,0,0.44076326248601905
jaru1254,Pama-Nyungan,Jaru,0.5948029974708071,0.17075867273547352,0.04485296318786744,0.17576353276257073,0,0.0138218338432813,0.245888673651671
java1254,Austronesian,Javanese,0.6183242425419796,0.05422218379842897,0.28899330162424297,0,0.03846027203534834,0,0.7291131647320828
jeha1242,Austroasiatic,Jehai,0.24307491055443017,0.18562531806548804,0,0,0.5712997713800817,0,0.5493386358488462
jica1244,NA,Jicarilla Apache,0.5382624564819531,0.389246269091187,0,0.07249127442685986,0,0,0.33206602787975037
jing1260,Sino-Tibetan,Jingpho,0.3808380079939962,0.02538637301946892,0,0.1779812253369068,0.24582648964048012,0.16996790400914796,0.3591562669435332
jude1256,Indo-European,Judeo-Tat,0.7089659374567513,0.02222264374449073,0.2412025289177744,0.02760888988098356,0,0,0.6863147125491759
juho1239,Kxa,"!Kung, Southeastern Ju, or Ju'hoan",0.2734590634870983,0.11673740345560787,0,0,0.6098035330572938,0,0.7285134781494111
juru1256,Tupian,Jurúna,0.6136705494745675,0.1772649950555777,0,0.0851641893227264,0,0.12390026614712836,0.3020715628298596
kaba1285,Austronesian,Kabaena,0.8735817879070152,0.05767689472376455,0,0,0.06874131736922022,0,0.6204566629753857
kada1242,Dravidian,Kadar,0.4399910538096416,0.32392295726144527,0.02874469762015144,0.01918654488078533,0.1881547464279764,0,0.4732329496482063
kada1286,Austronesian,Kadai,0.43200729731248816,0.28326746144305776,0.2135703388082073,0,0.0711549024362468,0,0.45272437375472896
kagu1239,Atlantic-Congo,Kagulu,0.8162897583895977,0.03464457601850018,0.07253378531711212,0.03068294751602669,0.04584893275876343,0,0.729553542883271
kaiw1246,Tupian,Kaiwá,0.6059526242924936,0.12823003876349698,0,0.17622224744351375,0,0.08959508950049569,0.3899149817517321
kala1377,Pama-Nyungan,Kala Lagaw Ya,0.7470416309260282,0.03764537632667408,0.05484592241199773,0.16046707033530003,0,0,0.5032347729047278
kala1397,Nuclear Trans New Guinea,Kalam,0.5598802591572826,0.29739265251396246,0.11675996597395027,0.02596712235480474,0,0,0.48110798129745624
kala1399,NA,Kalaallisut,0.6728339409141397,0.09595773132135728,0.06180457100635986,0.1694037567581432,0,0,0.3400677537477485
kalk1246,Pama-Nyungan,Kalkutung,0.6898345414974952,0.16268288907544207,0.04380840721149499,0.10367416221556774,0,0,0.4191879829392858
kama1365,NA,Kamang,0.9055135003812466,0.02371456546010398,0.01155228389695716,0.0592196502616923,0,0,0.5827728891677184
kama1370,Nuclear Trans New Guinea,Kamano,0.5992417352453235,0.02786837573772904,0.1389753039318385,0.23391458508510896,0,0,0.5315962053981045
kama1373,Tupian,Kamayurá,0.7628811669928143,0.01121817425622607,0.1821083458156763,0.0280435792114959,0,0.01574873372378736,0.5972212541786732
kamb1297,Atlantic-Congo,Kamba (Kenya),0.7837163285208171,0.02748281683854345,0.16778887137136303,0.01828631463382903,0.00272566863544739,0,0.7319420382929915
kamb1299,Austronesian,Kambera,0.7959051018415729,0.09193110089139128,0,0.1002837789355803,0,0.01188001833145555,0.38941050385018583
kank1243,Austronesian,Kankanaey,0.66125127666129635,0.02682428079986413,0.30652818603557647,0,0.00539625650326307,0,0.7889390731195923
kans1243,NA,Kansa,0.5977064497804371,0.2642973805425357,0,0.1379961696770272,0,0,0.4071405348284188
kanu1280,NA,Kanum,0.09466162456744608,0.14501890787207722,0,0.28701134472324635,0.4733081228372304,0,1
kaon1241,Atlantic-Congo,Kaonde,0.7074186788491862,0.07403156010719752,0.13326762000798337,0.04885674986660379,0.03642539116902899,0,0.5086082985361955
kapi1249,Austronesian,Kapingamarangi,0.9698040227209151,0.0297037134667377,0,4.9226381234704e-4,0,0,0.8708032508912682
kapi1249,Austronesian,Kapingamarangi,0.9698040227209151,0.0297037134667377,0,4.9226381234704e-4,0,0,0.8708032508912682
kara1476,Pama-Nyungan,Karadjeri,0.4602561593757299,0.034435131820666993,0.3369149549226023,0.16839375388100083,0,0,0.3752154898985377
kara1499,NA,Kalamang,0.750374960549951,0.08754385330646974,0.13040819508978904,0,0.0316729910537903,0,0.5996989151478791
kare1337,Sino-Tibetan,Karenic,0.6798971348528398,0.2440959597768944,0.07255175775785759,0,0.00345514761240835,0,0.7260504377139152
kari1304,Pama-Nyungan,Kariyarra,0.4652396287489428,0.3373900553491993,0.11638775723582306,0.08098255866603483,0,0,0.21087727977145335
kari1311,Tupian,Karitiâna,0.4525506275019167,0.02472724028450931,0.13058309195112203,0.2107743608552758,0.18136467940717632,0,0.47755182763006637
karo1304,NA,Karok,0.6105012265158021,0.09695175686335215,0.24651143261708316,0.04041290143471994,0.00562268256904259,0,0.46960393660214095
karr1236,Pama-Nyungan,Karruwali,0.32270893867224487,0.20147785989500852,0.043255840129676,0.43255736130307054,0,0,0.8341400224095159
kart1247,Pama-Nyungan,Kartujarra,0.4245613753666069,0.2818646785098806,0.15273592243025205,0.14083802369326046,0,0,0.3940782664507349
kash1277,Indo-European,Kashmiri,0.5860076103596156,0.12611456856829537,0.16681633329501047,0.12106148777707856,0,0,0.6719299163331687
kash1280,NA,Kashaya,0.4511000314936986,0.17126881664026186,0,0,0.37763115186603946,0,0.4275376868002678
katb1237,Austronesian,Avava,0.6045693802324688,0.1416888341951543,0.14156399993182098,0.1121777856405559,0,0,0.3277458158832049
katb1237,Austronesian,Avava,0.6045693802324688,0.1416888341951543,0.14156399993182098,0.1121777856405559,0,0,0.3277458158832049
katb1237,Austronesian,Avava,0.6045693802324688,0.1416888341951543,0.14156399993182098,0.1121777856405559,0,0,0.3277458158832049
kaur1267,Pama-Nyungan,Kaurna,0.40567678142980806,0.06903497911027859,0.17115796646166942,0.3541302729982439,0,0,0.4421729738765993
kaur1271,Kaure-Narau,Kaure-Narau,0.6997720961679703,0.06970847283362401,0.02575611196865153,0.1284441475084674,0.0763191715212865,0,0.352483326507561
kawa1283,Uto-Aztecan,Kawaiisu,0.42434150685978667,0.16846672181485495,0.09893318543590757,0.11060316158345825,0.19765542430599253,0,0.4837280971755419
kawi1241,Austronesian,Kawi,0.8058258205238327,0,0.19417417947616727,0,0,0,0.940457917034718
kaya1318,NA,Kayardild-Yangkaal,0.5651229714272535,0.12402072816549216,0.02885420002458621,0.28120677935779126,0,7.9532102487684e-4,0.4137582085256112
kaya1329,Tupian,Kayabí,0.6738685646856097,0.03195001255162513,0.2695876790835456,0.02445533150230602,0,1.384121769135e-4,0.7131100130487672
kaza1248,Turkic,Kazakh,0.5361780354402835,0.11743226808113486,0.10850940436769012,0.2378802921108915,0,0,0.543304485984419
keii1239,Austronesian,Kei,0.1884703704018097,0.21403716917360785,0,0.00332438658654514,0.5941680381679527,3.5670084738570347e-8,0.9806122219427726
kele1257,Atlantic-Congo,Kélé,0.05114603887342833,0.47441906795971667,0,0.4744348834512414,0,9.715613614149669e-9,0.2487236837907261
kelo1247,Timor-Alor-Pantar,Klon,0.6945638651061193,0.05409040712504298,0,0,0.25134572776883757,0,0.7925743790409141
kemt1242,Nimboranic,Kemtuik,0.6092975500649584,0.07635909854205972,0,0.04291573542166853,0.2714276159713134,0,0.28880991622328966
kere1283,Atlantic-Congo,Kerewe,0.5716148784144763,0.2433621921185859,0.12598792997349703,0.05903499949344073,0,0,0.5586118666385652
kete1254,Nuclear Trans New Guinea,Ketengban,0.7188748430324078,0.17741394693805482,0.02249230881461926,0.05027294273699359,0.03094595847792449,0,0.6590028875037646
kett1243,NA,Ket,0.5736894668499981,0.05576615837922317,0.271584827440513,0,0.09895954733026568,0,0.7360102200978816
keya1238,Nuclear Trans New Guinea,Keyagana,0.6749445149985479,0.05568776840825888,0.08909822124707298,0.1802694953461203,0,0,0.5959859790597146
khan1273,Uralic,Kazym-Berezover-Suryskarer Khanty,0.7363436786973331,0.09398932910880883,0.15861518138293276,0.01105181081092517,0,0,0.6247115368956313
kick1244,Algic,Kickapoo,0.7493157731405433,0.14528147561967236,0.00531066201721629,0.08494373508160633,0.01514835414096184,0,0.4662754508711901
kiku1240,Atlantic-Congo,Kikuyu,0.651558339320392,0.06112606234122357,0.23617219229621655,0.05114340604216799,0,0,0.6698476566315577
kili1267,Austronesian,Kilivila,0.7901287245778129,0.10311950987897972,0,0.10675176554320746,0,0,0.37523964416134886
kilm1241,Border,Kilmeri,0.6251438307021272,0.264125304121914,0.090678810893469,0.02005205428248968,0,0,0.38106239222032445
kima1246,Kolopom,Kimaama,0.5277796015707704,0.15437165440785014,0,0,0.31784874402137947,0,0.5666796680931384
kiow1264,NA,Kiowa Apache,0.3145085689727267,0.112471471197191,0.2115174695834164,0.3615024902466658,0,0,0.3559746235445056
kipu1237,Austronesian,Kiput,0.6236740159047021,0.01971248938475702,0.35224315720485005,0,0.00437033750569093,0,0.8458739040665414
kira1248,NA,Kiramang,0.488419661129513,0.33466023379911847,0,0.06693170902462849,0.10998839604674,0,0.5765713638329446
koda1255,Dravidian,Kodava,0.4688966256691394,0.2775341080596939,0.2250379472104194,0.00445851959811444,0.02407279946263274,0,0.4604100094659764
kode1237,Austronesian,Kodeoha,0.8343362452804145,0.0511871609518551,0.01784300869786746,0,0.09663358506986285,0,0.7522667161367103
kodi1247,Austronesian,Kodi-Gaura,0.5191876555424355,0.24512066339692704,0,0.2356916810606374,0,0,0.7684813834068427
komb1274,Nuclear Trans New Guinea,Kombai,0.7776660822614235,0.07699642018590397,0.03485730978950722,0.08924739754293497,0.0212327902202304,0,0.5472706683326722
komc1235,Atlantic-Congo,Kom (Cameroon),0.5652764294756906,0.01491072359493776,0.4131579613351675,0.00665488559420417,0,0,0.84992204269459
komi1268,Uralic,Komi-Zyrian,0.7663299539607271,0.03086996443605397,0.18706963617299344,0.01573044543022546,0,0,0.7599697809710244
komn1238,NA,Kómnjo,0.6000837212556049,0,0.02045905219038367,0.3794572265540114,0,0,0.3500629642650518
komo1260,Atlantic-Congo,Komo (Democratic Republic of Congo),0.7399460554863131,0.00526122884527226,0.2340225113866171,0.00304599828869958,0.01772420599309796,0,0.5819601174985394
kona1243,Austronesian,Konawe,0.7785462779366474,0.121736728667872,0,0,0.09971699339548055,0,0.5791784707860101
kora1295,Nuclear Trans New Guinea,Korafe,0.7138379668370234,0.14077338837175957,0.03287159462717184,0.00913446328487461,0.10338258687917068,0,0.47447435907740143
koro1311,Austronesian,Koroni,0.67168955537209,0.04118399877536714,0.16935272863517797,0,0.1177737172173648,0,0.614487409322914
koro1312,Nuclear Trans New Guinea,Korowai,0.6441103380881495,0.25361742484821403,0,0.09893371515854214,0.00333852190509435,0,0.5729968470945517
kosa1249,Nuclear Trans New Guinea,Kosarek Yale,0.6151437979357601,0.0974484044329562,0.16265602617313113,0.09254757337900724,0.03220419807914531,0,0.595230535904244
kosr1238,Austronesian,Kosraean,0.6938322135755606,0.2822690665633664,0,0,0.0238987198610731,0,0.6720678200903538
kota1274,Atlantic-Congo,Kota (Gabon),0.5748205779880518,0.2150907385664504,0.06264213574578364,0.00897701119164805,0,0.1384695365080661,0.30296630334797253
koya1251,Dravidian,Koya,0.2996597737564665,0.4031049352536898,0.26226001509019253,0.034975275899651,0,0,0.5036293212129415
krio1252,Indo-European,Kriol (Roper River),0.5718882624607379,0.12984147666075005,0,0.2982702608785121,0,0,0.3612925620745884
kris1246,Sko,I'saka,0.8187659549554914,0.09608458985220827,0.01652484767947636,0.00970913199765648,0.05891547551516745,0,0.3022705954931325
kuan1248,Austronesian,Kuanua,0.778844713032956,0.06641804259986936,0.00163609051293357,0.14075545994896166,0,0.01234569390527943,0.3064855924849297
kuii1252,Dravidian,Kui (India),0.4279917753294012,0.33193545569703736,0.05346753443076422,0.17995986850014672,0.00664536604265037,0,0.35869675711784244
kuka1246,Pama-Nyungan,Kukatja,0.5902873829467777,0.03855281277175432,0.3365688667424265,0.03052359207999609,0.00406734545904532,0,0.6584313893003527
kuku1273,Pama-Nyungan,Kuku-Yalanji,0.7501796510173595,0.04177931100003788,0.1859101276505153,0.01065528139255382,0.01147562893953366,0,0.4262793479278858
kuku1273,Pama-Nyungan,Kuku-Yalanji,0.7501796510173595,0.04177931100003788,0.1859101276505153,0.01065528139255382,0.01147562893953366,0,0.4262793479278858
kuli1254,Austronesian,Kulisusu,0.7433746840893061,0,0.23761824174131424,0,0.01900707416937958,0,0.6632390125789454
kuma1273,Indo-European,Kumaoni,0.5236285467583535,0.1713282476730539,0,0.02857415471417107,0.2764690508544215,0,0.558569133437723
kuma1280,Nuclear Trans New Guinea,Kuman,0.5414739878126232,0.16337816678024694,0.19829596614291828,0.05352906443817634,0,0.04332281482603532,0.24174382510856307
kumb1268,Pama-Nyungan,Kumbainggar,0.5688190260563901,0.08990022080192878,0.2773526642460061,0.06392808889567496,0,0,0.3917480105606862
kumy1244,Turkic,Kumyk,0.7219398112825087,0.06440357412501732,0.2136566145924739,0,0,0,0.7278637153061995
kuni1267,Goilalan,Kunimaipa,0.7973523265339112,0.05371755641032032,0.12550901436728398,0.02342110268848449,0,0,0.3219772878635756
kunj1248,Pama-Nyungan,Southwestern Alaya-Athima,0.8843984992953704,0.02102805694772884,0.03050881128243971,0.06406463247446113,0,0,0.4787387775224893
kunz1243,Nakh-Daghestanian,Kunzakh,0.6934742871164925,0.05624513259471715,0.24858451616956848,0,0.00169606411922171,0,0.6722048160449848
kunz1244,NA,Kunza,0.4158836915155896,0.29834814280178534,0.2857681656826249,0,0,0,0.7320347829948752
kuot1243,NA,Kuot,0.7005834588788962,0.09185140955120338,0.10349011548166132,0.1040750160882392,0,0,0.4156715509042728
kuru1302,Dravidian,Kurukh,0.4174939408523229,0.254786424770925,0.07563792968262349,0.1084691016356218,0.14361260305850682,0,0.3943380501056511
kute1249,NA,Kutenai,0.6216802789528276,0.12552668104938514,0.1319316074411749,0.12086143255661254,0,0,0.2636211402221041
kuuk1238,Pama-Nyungan,Kuuku-Ya'u,0.4743306225886031,0,0.02066616636143805,0.24151660820088308,0.26348660284907577,0,0.4230950802694086
kuvi1243,Dravidian,Kuvi,0.6148132550017648,0.12550145428779258,0,0.17944450870186435,0.08024078200857845,0,0.30786694429970385
kwai1243,Austronesian,Kwaio,0.7601181483235077,0.0725433940009296,0.11299902196182011,0.03329040036632496,0.01259970549676435,0.00844932985065348,0.3735004291555895
kwam1252,Austronesian,Kwamera,0.747237040136972,0.02894745800089367,0.19032308232040424,0.03346884094033702,2.3578601393217537e-5,0,0.4731883226742134
kwas1243,Atlantic-Congo,Kwasio,0.7104893201940793,0.04711217218276047,0.24239850762316015,0,0,0,0.6968181441098441
kwer1261,Atlantic-Congo,Kwere,0.760054973819409,0.02138829106250812,0.1067696274385194,0.06414987558113731,0.04763723209842607,0,0.61742182720385
kwom1262,NA,Kwoma,0.540483287618165,0.13241960679832204,0.04635516405406918,0.20140331851089296,0,0.07933862301855076,0.2589778634245935
kyak1244,Nuclear Trans New Guinea,Kyaka,0.6254124472028942,0.17904068121595723,0.08708312534475439,0.03367963403371404,0,0.0747841122026801,0.37669493325230063
lahn1241,Indo-European,Lahnda,0.4721241129896453,0.05027384088281228,0.18609329952941084,0.29150874659813153,0,0,0.5753522663061833
laiw1239,Austronesian,Laiwui,0.815305866080987,0.07807406085047985,0,0,0.1066200730685332,0,0.6373911299010813
lake1258,NA,Lake Miwok,0,0,0.05405397049321583,0.4054059856484239,0,0.5405400438583603,0.8498365855982184
lako1247,NA,Lakota,0.798925102860331,0.11198319350691475,0,0.08909170363275423,0,0,0.5320180506461265
lako1247,NA,Lakota,0.798925102860331,0.11198319350691475,0,0.08909170363275423,0,0,0.5320180506461265
lako1247,NA,Lakota,0.798925102860331,0.11198319350691475,0,0.08909170363275423,0,0,0.5320180506461265
lala1264,Atlantic-Congo,Lala-Bisa,0.6594361532513664,0.16037138239992163,0.02659362990751481,0.15359883444119718,0,0,0.4407144211781066
lalo1239,Austronesian,Lalomerui,0.7278684925707948,0.1495941889195068,0,0,0.12253731850969858,0,0.6449028681304798
lama1277,Austronesian,Lamaholot,0,0.3147794320368229,0.37043957654149173,0.3147809914216854,0,0,0.4325722237285106
lamb1271,Atlantic-Congo,Lamba,0.7894494719956424,0.02884378714192027,0.0863661308809405,0.06292221535535635,0.03241839462614043,0,0.4841896255615691
lamm1241,NA,Western Pantar,0.7896055230027462,0.10054179271513906,0.08932381788770417,0.0205288663944103,0,0,0.4277638432618535
lamo1244,Austronesian,Lamogai,0.667233641815446,0,0.10037914139597176,0.15039381524530257,0.08199340154327976,0,0.5418302139824936
land1259,Austronesian,Landawe,0.7753669551607031,0.06405021313395687,0.1168275266848122,0,0.0437553050205277,0,0.6354516770810867
lang1320,Atlantic-Congo,Langi,0.6879430715175829,0.01816558104828694,0.285451211789697,0.00844013564443308,0,0,0.5985577090483574
lard1243,NA,Lardil,0.5448081204040627,0,0.1976461387974218,0.0666633731129836,0,0.190882367685532,0.3164265458546043
lare1249,Austronesian,Larevat,0.6459511104811134,0.1280507250146824,0,0.20290932642774068,0,0.02308883807646338,0.3238700907617175
lati1261,Indo-European,Latin,0.7071629802714025,0.08340015502946303,0.1798717265236617,0.02956513817547278,0,0,0.7701747755436278
lati1261,Indo-European,Latin,0.7071629802714025,0.08340015502946303,0.1798717265236617,0.02956513817547278,0,0,0.7701747755436278
latv1249,Indo-European,Latvian,0.4709516482832106,0.374964708497568,0.13553353728044784,0.01855010593877348,0,0,0.6517099331242255
laua1243,Austronesian,Lauan,0.9683060350389308,0.03142093633391547,0,0,2.7302862715371e-4,0,0.3382822360663249
lauj1238,Austronesian,Lauje,0.7894268043523958,0.01313605913545515,0.19241206104957537,0,0.00502507546257377,0,0.7997232955218746
laur1250,NA,Laurentian,0.7351567220346692,0.218232262532779,0,0.02698737389974267,0.01962364153280901,0,0.7726542870437804
lauu1247,Austronesian,Lau,0.37661340300800855,0.1945107929178945,0.3160818444353776,0.11279395963871944,0,0,0.279603091937898
lava1239,Austronesian,Lavatbura-Lamusong,0.3438643716960891,0.1761416388540245,0.20847220548543377,0.2715217839644525,0,0,0.48854970119884417
lele1267,Austronesian,Lelepa,0.5775876771481313,0.374013778829099,0,0.04839854402276974,0,0,0.5456272507116827
lena1238,Austronesian,Lenakel,0.6688377746654147,0.08328933657356709,0,0.2478728887610182,0,0,0.5790161055881865
leng1262,NA,Lengua,0.8259993162179565,0.04628193577729322,0.096248882911926,0.03146986509282423,0,0,0.723451926463236
lete1241,Austronesian,Letemboi-Repanbitip,0.7197969662641018,0.14142449773932683,0,0.13877853599657142,0,0,0.5629033622721136
lewo1242,Austronesian,Lewo,0.8195173751015081,0.08779501994118438,0,0.09268760495730752,0,0,0.5523663668222626
limi1242,NA,Limilngan-Wulna,0.16263459004971378,0.3807814740498112,0.26030469382158306,0.08903900049272906,0.10616109951633164,0.00107914206983142,0.4269054937769343
ling1263,Atlantic-Congo,Kinshasa Lingala,0.6620504051465987,0.0098632560427356,0.30407541546649924,0.01172234681175493,0.01228857653241145,0,0.6648964469300562
ling1265,Austronesian,Neverver,0.5761759159266792,0.11453706621034963,0.22781528131093276,0.03198948558619426,0.04948225096584408,0,0.5544973900609103
lipa1241,NA,Lipan Apache,0.4937049641621257,0.2920293115401832,0.11985580188823176,0.09440992240945932,0,0,0.4286814301471634
lisu1250,Sino-Tibetan,Lisu,0.774458740920042,0.142970132238129,0.03447638514016075,0.01984962643857646,0.02824511526309164,0,0.6974144757120959
lisu1250,Sino-Tibetan,Lisu,0.774458740920042,0.142970132238129,0.03447638514016075,0.01984962643857646,0.02824511526309164,0,0.6974144757120959
lisu1250,Sino-Tibetan,Lisu,0.774458740920042,0.142970132238129,0.03447638514016075,0.01984962643857646,0.02824511526309164,0,0.6974144757120959
lisu1250,Sino-Tibetan,Lisu,0.774458740920042,0.142970132238129,0.03447638514016075,0.01984962643857646,0.02824511526309164,0,0.6974144757120959
lith1251,Indo-European,Lithuanian,0.5380219264017518,0.3192347060647535,0.09213545506579032,0.05060791246770427,0,0,0.6288715923484326
litz1237,Austronesian,Naman,0.6459643539045876,0.1280522382385132,0,0.20289851821044583,0,0.02308488964645336,0.32387009080703677
livv1244,Uralic,Livonian,0.54537650859265,0.2577183440560968,0,0.11158297033576511,0.0853221770154882,0,0.47241673817276825
lolo1264,North Halmahera,Loloda-Laba,0.381168623289586,0.03762287008951076,0,0.03426409607191433,0.546944410548989,0,0.45841976660267514
loni1238,Austronesian,Loniu,0.7026735231841317,0.02549998282442766,0.13041347049477636,0.14141302349666443,0,0,0.7843853072969341
lonw1238,Austronesian,Lonwolwol,0.7486692491989486,0.15542253123898786,0,0.09590821956206357,0,0,0.5156606161304788
loto1240,Austronesian,Lo-Toga,0.7139560493448104,0.18641789204877712,0,0.03553777413318152,0,0.06408828447323092,0.5610841132851848
lowe1415,Nuclear Trans New Guinea,Lower Grand Valley Dani,0.5188955142563199,0.08585677172467784,0,0.38513922151167634,0,0.01010849250732595,0.3976013371054652
lozi1239,Atlantic-Congo,Lozi,0.848399511739143,0.09537407468337146,0.01266082536186498,0.03610835037029131,0.00745723784532909,0,0.7531220944569668
luba1249,Atlantic-Congo,Luba-Lulua,0.6522366910772429,0.02075482112709845,0.2878697537352763,0.00788808758461458,0.0312506464757678,0,0.7659199453459387
luba1250,Atlantic-Congo,Luba-Katanga,0.7446016929076997,0.02057033802958284,0.10904228123695558,0.08167831625021695,0.04410737157554481,0,0.5048008147864227
lubu1242,Austronesian,Luburua,0.2073422402385831,0.06459283811801417,0.6704573136598821,0.05760760798352058,0,0,0.7484244299431007
lubu1243,Austronesian,Lubuagan Kalinga,0.7975640338314993,0.09717541190701844,0.1052605542614821,0,0,0,0.7249508479441691
lugu1238,Atlantic-Congo,Luguru,0.6964752492096514,0.03414818443953617,0.02552875309102111,0.24137218465798313,0.00247562860180822,0,0.34504145344564024
luis1253,Uto-Aztecan,Luiseno-Juaneño,0.4968483527282164,0.0386936621467644,0.38391793541225727,0.06696471846393408,0.0135753312488279,0,0.38100977241401945
lund1266,Atlantic-Congo,Lunda,0.828370430728037,0.01211170805608526,0.09677297048587076,0.06274489073000691,0,0,0.6108360058059754
luva1239,Atlantic-Congo,Luvale,0.8524662746947759,0.04614816489102297,0.02038830069149863,0.0809972597227024,0,0,0.6376078723160475
luxe1241,Indo-European,Moselle Franconian,0.6275230329298731,0.07009905856117188,0.302377908508955,0,0,0,0.7424385685589792
maan1238,Austronesian,Ma'anyan,0.7590126295825128,0.02997110929482113,0.20722299265033137,0,0.00379326847233486,0,0.712604683520414
maba1278,Austronesian,Maba (Indonesia),0.3107909325058666,0.3014635857439378,0.3877454817501957,0,0,0,0.6205359133986583
maca1260,NA,Maca,0.6920982548792467,0.01406673250028487,0.18858571575942135,0,0,0.1052492968610471,0.8932769207447092
mace1250,Indo-European,Macedonian,0.6891267046770977,0.11641443648071569,0.17667906905471725,0.01777978978746942,0,0,0.739752528639599
macu1259,Cariban,Macushi,0.6372671301215981,0.06865621900180238,0.28600954900430203,0.00806710187229753,0,0,0.6702415282053636
mada1284,Austronesian,Madak linkage,0.5816754391543337,0.06728789200368286,0.23461907016919287,0.1164175986727904,0,0,0.3261343057231349
maee1241,Austronesian,Tirax,0.6784134163039418,0.08009631228195298,0.1203713493129622,0.12111892210114304,0,0,0.6132642672484991
mafe1237,Austronesian,Mafea,0.6026811981178938,0.3537799849908751,0,0.04353881689123104,0,0,0.3430412166938957
maga1262,Austronesian,Magam,0.6721951943253444,0.1921426040625683,0,0.13566220161208742,0,0,0.510370629964832
magu1243,Austronesian,Maguindanao,0.7922357217681224,0.01868590984991605,0.1890783683819616,0,0,0,0.7005120450794401
maha1287,Indo-European,Mahasu Pahari,0.6472956786654329,0.22315893709223741,0,0.12954538424232964,0,0,0.6073434313451194
maib1239,Maybrat-Karon,Maybrat-Karon,0.7511764719208044,0.04726181259528398,0,0.2015617154839117,0,0,0.35370227339730975
mait1250,Indo-European,Maithili,0.5507991540932422,0.117370791609326,0.1690449615931267,0.16278509270430505,0,0,0.6802046052289887
makl1246,NA,Maklew,0.3850469083444901,0.0044959127575604,0,0.00210440802612734,0.6083527708718222,0,0.614740923540146
mako1251,Atlantic-Congo,Makonde,0.8639256100024854,0.05696397327969935,0.0791104167178154,0,0,0,0.7761125522784984
mala1464,Dravidian,Malayalam,0.33242650562860065,0.2259724249236144,0.00946588378368784,0.24351432477009935,0.18862086089399763,0,0.3484397564999582
mala1468,Dravidian,Malapandaram,0.5612129691274177,0.2552450406645039,0.0741434925653963,0.06510142650800317,0.04429707113467902,0,0.4294838278432601
mala1479,Austronesian,Colloquial Malay,0.7607955251494737,0.02401376811724826,0.21519070673327817,0,0,0,0.7456308497838817
mala1494,NA,Mala,0.8459680519925864,0.03962476950215748,0,0.1126795084434946,0.00172767006176157,0,0.42188312685152973
mala1533,Indo-European,Malacca-Batavia Portuguese Creole,0.5638162267136735,0.15377429194005893,0.2824094813462676,0,0,0,0.7990422238201966
male1293,Algic,Malecite,0.707299208209761,0.21115350197623772,0.02533476708423696,0.0562125227297643,0,0,0.3833715414638594
malg1242,Pama-Nyungan,Malgana,0.7160403609403312,0.08396101929720481,0,0,0.19999861976246391,0,0.3998697404822624
malg1242,Pama-Nyungan,Malgana,0.7160403609403312,0.08396101929720481,0,0,0.19999861976246391,0,0.3998697404822624
mali1284,NA,Mali,0.504214759400446,0.02112666952304147,0,0,0.47465857107651255,0,0.6989204036340699
malo1243,Austronesian,Tamambo,0.5584761504868478,0.21678962103004623,0.03386632649233259,0.19086790199077336,0,0,0.4395124501550825
malu1245,Austronesian,Malua Bay,0.520545437163098,0.07972916603956888,0.13183456561286558,0.2678908311844674,0,0,0.3529613672542955
mana1288,Sino-Tibetan,Manange,0.4208059830005872,0.11951019618237424,0.41401225560802857,0.03128479160937083,0.01438677359963917,0,0.6223371173254569
mana1295,Austronesian,Manam,0.6210768436600793,0.08170724381484497,0.14669554983984293,0.15052036268523283,0,0,0.49391534750210087
mand1446,NA,Mandan,0.7980942785290084,0.16853211643072702,0,0.0329704080467638,0,4.0319699350069e-4,0.6089402249186201
mang1401,Austronesian,Mangareva,0.8176406702286263,0.07496604957090101,0,0,0.08594469801880932,0.02144858218166343,0.6659200482055834
mang1401,Austronesian,Mangareva,0.8176406702286263,0.07496604957090101,0,0,0.08594469801880932,0.02144858218166343,0.6659200482055834
mang1402,Austronesian,Mangaia,0.765997727327785,0.23362221304625913,0,0,3.8005962595584e-4,0,0.7590552537391355
mang1405,Austronesian,Manggarai,0.6412640012472788,0.07472208209309655,0,0.2840139166596248,0,0,0.4881211575711807
mang1407,Austronesian,Mangei,0.3653116316524503,0.14577376697299022,0.22061256752113756,0,0.26830203385342194,0,0.3981177993834364
mang1408,Austronesian,Mangole,0.5497305274270905,0.11397037711071176,0.32398616873705693,0,0.01231292672514082,0,0.5260038603875348
mani1235,NA,Sougb,0.695288055468041,0.12271439076419258,0,0.18199755376776655,0,0,0.643458589325153
mans1258,Uralic,Northern Mansi,0.5877606187975759,0.09570346659999318,0.3020822306162766,0.0144536839861543,0,0,0.5861047641886825
maor1246,Austronesian,Māori,0.7669832757650693,0.10081131700363678,0.03365472027942761,0,0.09146778082424711,0.00708290612761908,0.6360996477113858
maor1246,Austronesian,Māori,0.7669832757650693,0.10081131700363678,0.03365472027942761,0,0.09146778082424711,0.00708290612761908,0.6360996477113858
maor1246,Austronesian,Māori,0.7669832757650693,0.10081131700363678,0.03365472027942761,0,0.09146778082424711,0.00708290612761908,0.6360996477113858
mapu1245,NA,Mapudungun,0.6777792273800373,0.02318556646724058,0.27089156481560217,0.02814364133712008,0,0,0.622364906738747
maqu1238,Cariban,Maquiritari,0.6764075184790895,0.06192634344632897,0.23720737965008,0.02445875842450151,0,0,0.6488699324349062
mara1378,Indo-European,Marathi,0.5233860057096724,0.22593033574408203,0.1536755303484979,0.09700812819774778,0,0,0.5732515161639882
mara1378,Indo-European,Marathi,0.5233860057096724,0.22593033574408203,0.1536755303484979,0.09700812819774778,0,0,0.5732515161639882
mara1385,Other,Marra,0.472436681961911,0.2179028231108267,0.04115303886565354,0.1970267450106003,0.0630041407640518,0.00847657028695667,0.3239843442786326
mara1399,Austronesian,Maragus,0.6699536173591166,0.15882992138771967,0.13104608758191114,0.04017037367125255,0,0,0.48324872369830496
mara1404,Austronesian,Maranao,0.6021183244809811,0.02556278773316396,0.3637308017666043,0,0.00858808601925069,0,0.7220440994629626
marg1253,Pama-Nyungan,Margany,0.6552770845388677,0.12302753490151266,0.02676365517816137,0.17275649849226304,0.02217522688919529,0,0.4725657645893548
mari1426,Austronesian,Sunwadia,0.8155244513980273,0.01895595849965823,0,0.16551959010231448,0,0,0.3688149519443401
mari1426,Austronesian,Sunwadia,0.8155244513980273,0.01895595849965823,0,0.16551959010231448,0,0,0.3688149519443401
mari1426,Austronesian,Sunwadia,0.8155244513980273,0.01895595849965823,0,0.16551959010231448,0,0,0.3688149519443401
mari1426,Austronesian,Sunwadia,0.8155244513980273,0.01895595849965823,0,0.16551959010231448,0,0,0.3688149519443401
mari1426,Austronesian,Sunwadia,0.8155244513980273,0.01895595849965823,0,0.16551959010231448,0,0,0.3688149519443401
mari1426,Austronesian,Sunwadia,0.8155244513980273,0.01895595849965823,0,0.16551959010231448,0,0,0.3688149519443401
mari1426,Austronesian,Sunwadia,0.8155244513980273,0.01895595849965823,0,0.16551959010231448,0,0,0.3688149519443401
mari1426,Austronesian,Sunwadia,0.8155244513980273,0.01895595849965823,0,0.16551959010231448,0,0,0.3688149519443401
mari1426,Austronesian,Sunwadia,0.8155244513980273,0.01895595849965823,0,0.16551959010231448,0,0,0.3688149519443401
mari1426,Austronesian,Sunwadia,0.8155244513980273,0.01895595849965823,0,0.16551959010231448,0,0,0.3688149519443401
marq1246,Austronesian,Marquesan,0.803328206011636,0.08133468233593315,0.04645581680455309,0,0.06888129484787771,0,0.5031433576781492
mars1254,Austronesian,Marshallese,0.6570760268550698,0.13676370400380053,0,0.00564454368814988,0.20051572545297985,0,0.4402499069722206
mart1256,Pama-Nyungan,Martu Wangka,0.4885981165363834,0.38104830626718217,0.09307418400921616,0.03727939318721817,0,0,0.4474583295437457
marw1260,Indo-European,Marwari (India),0.519891472724478,0.19055389588444063,0.15643945819470578,0.1331151731963755,0,0,0.5445783150233078
masa1299,Atlantic-Congo,Masaaba,0.7311653556909139,0.00184899616299121,0.17221155900390792,0.08781343431497601,0.00696065482721095,0,0.585577025245599
mash1270,Arawakan,Mashco Piro,0.8379861123355896,0.03203046625939524,0.1299806434304563,2.777974558826265e-6,0,0,0.851224840670601
mask1242,Austronesian,Maskelynes,0.7271796437323642,0.09207810133084258,0.0432756908192802,0.137466564117513,0,0,0.6836300368319677
matt1238,NA,Mattole-Bear River,0.8513242296439331,0.05780967814045318,0,0.07559295893638499,0,0.01527313327922877,0.8207639712369266
matu1261,Austronesian,Matukar,0.6775032184263587,0.04389915667020187,0.23455200544459717,0.04404561945884217,0,0,0.6050695248672019
mayo1264,Uto-Aztecan,Mayo,0.21375593434079657,0.47912294347753664,0.3071211221816669,0,0,0,0.6568882067652583
mbal1257,Atlantic-Congo,Mbala,0.8135987137895994,0.00834493424709934,0.15897844627968336,0.01718044153972513,0.0018974641438928,0,0.6721796205301489
mber1257,Atlantic-Congo,Mbere,0.5521565811922778,0.26158157358788353,0,0.18626181121312255,0,3.400671603672808e-8,0.34046121315417155
mbya1239,Tupian,Mbyá Guaraní,0.903722028775498,0.02162550165894895,0,0.05402304101784779,0,0.0206294285477054,0.4097982257377276
meke1243,Austronesian,Mekeo,0.2873505622958293,0.01720348288671917,0.2069856475217648,0.0744984079711202,0.4139618993245666,0,0.7831611426914211
meke1243,Austronesian,Mekeo,0.2873505622958293,0.01720348288671917,0.2069856475217648,0.0744984079711202,0.4139618993245666,0,0.7831611426914211
meke1243,Austronesian,Mekeo,0.2873505622958293,0.01720348288671917,0.2069856475217648,0.0744984079711202,0.4139618993245666,0,0.7831611426914211
meke1243,Austronesian,Mekeo,0.2873505622958293,0.01720348288671917,0.2069856475217648,0.0744984079711202,0.4139618993245666,0,0.7831611426914211
meke1243,Austronesian,Mekeo,0.2873505622958293,0.01720348288671917,0.2069856475217648,0.0744984079711202,0.4139618993245666,0,0.7831611426914211
meko1237,Austronesian,Mekongga,0.7674924407384563,0.127814479361569,0,0,0.10469307989997456,0,0.5664029551958869
mele1250,Austronesian,Mele-Fila,0.7813073353791261,0.0521578175509174,0.16469283375107183,0.00184201331888452,0,0,0.7176838133327549
meno1252,Algic,Menominee,0.666673917769913,0.18880700270222064,0,0.14451907952786633,0,0,0.4449303586671528
menu1237,Austronesian,Menui,0.6044843139639156,0.2123229057977083,0.11712214758295209,0,0.06607063265542411,0,0.436664598822624
mere1242,Austronesian,Merei,0.03079673240109182,0,0.25358751192525497,0.6151796852403595,0,0.10043607043329383,0.430063034367226
mere1242,Austronesian,Merei,0.03079673240109182,0,0.25358751192525497,0.6151796852403595,0,0.10043607043329383,0.430063034367226
meri1244,NA,Meriam,0.8487037447887285,0.09901599619372088,0.03658858547395519,0.01569167354359533,0,0,0.5746664796095069
merl1237,Austronesian,Merlav,0.8180455623494767,0.05561673960267202,0.11180616855666856,0.01453152949118269,0,0,0.5720622153626369
meru1245,Atlantic-Congo,Meru,0.5731356032359174,0.1202807988957485,0.0314548592960731,0.27140759381822827,0.00372114475403273,0,0.29386940873168893
mesc1238,NA,Mescalero-Chiricahua Apache,0.4755574058454418,0.2237688206280728,0.11463463906926398,0.1860391344572214,0,0,0.44948825189449126
mesk1242,Algic,Meskwaki,0.6905124701169759,0.15958333520370474,0,0.14990419467931923,0,0,0.4694722180960612
meta1238,Atlantic-Congo,Meta',0.39043635065861654,0.12365111804804718,0.155814365305749,0.22862055394928,0,0.10147761203830737,0.6165944134095023
meya1236,NA,Meyah,0.9383687240225462,0.05368566704176338,0,0.00584211548363203,0.00210349345205832,0,0.7901049813230168
miam1252,Algic,Miami,0.6995614614014984,0.17773018421747316,0,0.12270835438102835,0,0,0.3691431173988786
miam1252,Algic,Miami,0.6995614614014984,0.17773018421747316,0,0.12270835438102835,0,0,0.3691431173988786
mian1254,Nuclear Trans New Guinea,Miani,0.910696576761776,0.03903540792671139,0,0.05026801531151263,0,0,0.4972009031606005
midd1317,Indo-European,Middle English,0.6390446930169698,0.13090637008512768,0.23004893689790257,0,0,0,0.5445333109359477
midd1343,Indo-European,Middle High German,0.5233415964662436,0.1935647026481685,0.12841860864046606,0.15467509224512205,0,0,0.43446319501508646
mido1240,NA,Midob,0.34995239392715477,0.2116208383045801,0.29492570130200485,0.1420158471147818,0.0014852193514786,0,0.5377494459545825
mikm1235,Algic,Mi'kmaq,0.7868267665148828,0.06981243914290726,0.08777982528957869,0.05558096905263129,0,0,0.43260003706438455
mina1268,Austronesian,Minangkabau,0.8728846096223344,0.04474394063595367,0,0.02397454619044567,0.04132599746476601,0.01707090608650013,0.6569125440042733
mini1251,Austronesian,Minigir,0.5020144467856402,0.03230433135625337,0.4286088764962605,0.00479986311930631,0,0.03227248224253969,0.6177167072594643
moco1246,NA,Mocoví,0.8317972179513595,0.05112034829421019,0.1121335883358473,0,0.00494884541858292,0,0.7416190601050506
mode1248,Indo-European,Modern Greek,0.7091719868812996,0.17879388689297826,0.11203412622572208,0,0,0,0.8713560845299027
modo1249,North Halmahera,Modole,0.4999406223409191,0.10113848754621586,0.39892089011286497,0,0,0,0.6159026851527983
moha1258,NA,Mohawk,0.843753282871157,0.12467954316125476,0,0.0135843507056401,0.0156395776264157,0.0023432456355323,0.8328218246681909
mohe1244,Algic,Mohegan-Montauk-Narragansett,0.5571525913560231,0.14243247948881704,0.10746139530461211,0.19295353385054756,0,0,0.33438946519453994
mokp1239,Atlantic-Congo,Mokpwe,0.6858482738559435,0.11268765031596506,0.20146407582809145,0,0,0,0.4626719951197442
moks1248,Uralic,MokshaMordvin,0.23655283235736868,0.27040605259050265,0.0724230509905946,0.07937659701364708,0.34124146704788705,0,0.3941849500615391
mong1331,NA,Mongolian,0.5220225644147056,0.13680036421461467,0.14273745598783338,0.1926936494439388,0.00574596593890746,0,0.5281311137575053
mong1338,Atlantic-Congo,Mongo,0.6831225387707267,0.02436256932552991,0.2510137706015433,0.03634704449877843,0.00515407680342171,0,0.5616702945544156
moni1261,Nuclear Trans New Guinea,Moni,0.6021315489988598,0.24369254004395263,0.02766453865634954,0.11999303300555364,0,0.00651833929528445,0.4615497358117995
mono1273,Austronesian,Mono-Alu,0.6736357252572028,0.09179482939128689,0.1208197305627372,0.11374971478877308,0,0,0.5779751966501975
mono1275,Uto-Aztecan,Mono (USA),0.39400811593444696,0.28404351362445573,0.11107901976046956,0.2108693506806277,0,0,0.34526847925523285
mori1268,Austronesian,Mori Bawah,0.7374290014966763,0.0386260519935265,0.2158590986617213,0,0.00808584784807594,0,0.672114631677068
mori1269,Austronesian,Mori Atas,0.6803255515769563,0.096034140319834,0.08154023281429634,0,0.1421000752889134,0,0.6623267229077199
moro1287,Austronesian,Moronene,0.5994327519860536,0,0.39628089063667593,0,0.00428635737727052,0,0.6595663428869339
mort1237,Austronesian,Mortlockese,0.34640670824448433,0.14895437930589664,0.504638912449619,0,0,0,0.7638948320008234
mose1249,NA,Mosetén-Chimané,0.4590468454108432,0.3381362714384634,0.11311907042018456,0.08329665045506449,0.00640116227544429,0,0.37663134291921374
mota1237,Austronesian,Mota,0.4973866614477363,0.23176010793484633,0.09030455506939083,0.18054867554802648,0,0,0.3263943962315786
motl1237,Austronesian,Mwotlap,0.857379843272801,0.03651231045446566,0.0594403216873931,0.03424470200638419,0,0.01242282257895593,0.5159902283227256
motu1246,Austronesian,Motu,0.7949612359649071,0.05977467845528791,0.00946187269490145,0.13580221288490354,0,0,0.424642426415735
mouk1240,Austronesian,Mouk,0.6656666171013825,0.05475935876967192,0.17221048126757924,0.10736354286136636,0,0,0.3361027614874552
mouk1240,Austronesian,Mouk,0.6656666171013825,0.05475935876967192,0.17221048126757924,0.10736354286136636,0,0,0.3361027614874552
movi1243,NA,Movima,0.7280864658560117,0.08107748472486373,0.17965220665836912,0,0.01118384276075548,0,0.7066478377289435
mpuo1241,Atlantic-Congo,Mbuun,0.7372195625764124,0.01055640204807797,0.22243707672918367,0.02370354650600569,0.00608341214032012,0,0.6142601879695886
mudb1240,Pama-Nyungan,Mudburra,0.6658103029282135,0.01056616343824691,0.15824922796386598,0.1650427725983296,3.3153307134392e-4,0,0.4918899099022281
mudu1242,Austronesian,Muduapa,0.6131139442301281,0.01091792873591929,0.21351042279135676,0.1624577042425959,0,0,0.5488883601053725
muna1247,Austronesian,Muna,0.7241572931804829,0.01289054639230986,0.26295216042720726,0,0,0,0.6708837175071639
mund1330,Tupian,Mundurukú,0.40252730638525136,0.24957815176548015,0.07170106719008763,0,0.08279629116201237,0.19339718349716847,0.3699084067543043
mung1266,Atlantic-Congo,Mungaka,0.5545781138020146,0.16640281104087132,0.02649922680554697,0.1464196970852,0.10193885392627022,0.00416129734009696,0.41415810847679785
mung1270,Austronesian,Mungiki,0.6393346525597485,0.06378360117775228,0.2938037218220725,0,0,0.00307802444042665,0.7179613345186159
mung1271,Austronesian,Munggava,0.854101009122976,0.02871417378470143,0.11718481709232254,0,0,0,0.42449498557137855
muns1251,Algic,Munsee,0.6576686667971064,0.22675868572183855,0,0.11557264748105496,0,0,0.3877591686132874
murr1258,NA,Murriny Patha,0.7861943391860887,0.12630553991057816,0.03906255853022264,0.04843756237311053,0,0,0.49921744482159114
muru1266,Pama-Nyungan,Muruwari,0.5058431965855021,0.17779060866646765,0.235652443639693,0.07951661045175563,0.00119714065658154,0,0.3447732543836192
muss1246,Austronesian,Mussau-Emira,0.7637236453464928,0.05488577614386379,0.09218539781092304,0.04371215944618901,0.04549302125253144,0,0.3977342560078893
myen1241,Atlantic-Congo,Myene,0.5556483428281519,0.10240098916654417,0.1781364652106706,0.12190567588795286,0,0.04190852690668047,0.5076149066766518
naas1242,South Bougainville,Naasioi,0.7974605522863412,0.1163616740699329,0,0.08617777364372602,0,0,0.532622383589973
nage1237,Austronesian,Nage,0.9132613608750234,0.02052775726910698,0,0.05226109722072258,0.00942671949825214,0.00452306513689495,0.573047937588258
naka1262,Austronesian,Nakanai,0.830303080177807,0.13312703762616374,0,0.03656988219602933,0,0,0.7051088518233476
nali1244,Austronesian,Nalik,0.5761656393636037,0.01982021155864031,0.14550098977895565,0.2585131592988004,0,0,0.5218245111942235
nali1244,Austronesian,Nalik,0.5761656393636037,0.01982021155864031,0.14550098977895565,0.2585131592988004,0,0,0.5218245111942235
nama1266,NA,Nama (Papua New Guinea),0.858996226305456,0,0.03762686977967625,0.08512858350499648,0.0134353479631792,0.00481297244669205,0.36739858888571775
nama1268,Austronesian,Namakura,0.7016395070789939,0.03567289024450967,0.24512334893137172,0.01756425374512471,0,0,0.5573062127453806
nama1268,Austronesian,Namakura,0.7016395070789939,0.03567289024450967,0.24512334893137172,0.01756425374512471,0,0,0.5573062127453806
namb1293,NA,Nambo,0.40230413636653906,0.01578610586857131,0.1464464880282753,0.4044812041522303,0.03098206558438405,0,0.3470379716142856
nang1262,Austronesian,Nanggu,0.19802048690717053,0.3483746374993001,0.45360487559352947,0,0,0,0.7169089577004633
narr1259,Pama-Nyungan,Narrinyeri,0.5608994369012666,0.2854621638661127,0.09393330813465066,0.04302570937314076,0.01667938172482928,0,0.8345345880602391
nava1243,NA,Navajo,0.5262890613630412,0.04248441798558389,0.2068127638006485,0.13916933750787358,0,0.08524441934285278,0.5771105146365382
ndum1239,Atlantic-Congo,Ndumu,0.6533975467111746,0.13359705290550644,0,0.21300539756537185,0,2.8179471887816823e-9,0.9384325565367424
nege1244,Indo-European,Negerhollands,0.5423416970983566,0.02721334048851474,0.43044496241312874,0,0,0,0.7785855140867379
neha1247,Austronesian,Nehan,0.7918538995722347,0.03182830138949176,0.14073453752277085,0.0326732687537506,0,0.00290999276175215,0.5067107793160982
neme1244,NA,Neme,0.49271338584495983,0.02468195968204098,0.16788131330071976,0.31472334117227946,0,0,0.34650951118933515
nene1249,Uralic,Tundra Nenets,0.7059709818584926,0.24908970875816716,0.03404524718383178,0.01089406219950839,0,0,0.6184830476532555
neng1238,Austronesian,Nengone,0.7476059499383947,0.0454077607206686,0.15535322280561317,0.05163306653532357,0,0,0.5349763894821469
nenn1238,NA,Nen,0.38827364363381617,0.00458072380797639,0.09252403405026435,0.460890966010443,0.05373063249750016,0,0.3325453112510709
nepa1254,Indo-European,Nepali,0.5798837330946414,0.14567160785150116,0.12995824875312906,0.13486455509667342,0.00962185520405502,0,0.5109985602989767
nese1235,Austronesian,Nese,0.5431782205683455,0.1995816976747044,0.2176355997805169,0.03960448197643332,0,0,0.5486451976875554
nets1241,Eskimo-Aleut,Netsilik,0.6745955943249912,0.14102882608578643,0,0.05277214900408147,0,0.13160343058514093,0.27181658143990756
ngaa1240,Pama-Nyungan,Ngaanyatjarra,0.4429808997057171,0.09879270908428488,3.1141302086038e-4,0.02346215826902971,0.4344528199201078,0,0.49853278917343186
ngaa1240,Pama-Nyungan,Ngaanyatjarra,0.4429808997057171,0.09879270908428488,3.1141302086038e-4,0.02346215826902971,0.4344528199201078,0,0.49853278917343186
ngad1258,Pama-Nyungan,Ngadjunmaya,0.4234168921822607,0.16890363431261385,0.17841634111495497,0.22926313239017052,0,0,0.4757495016297061
ngal1292,NA,Ngalkbun,0.4976741408560952,0.131355310183464,0,0.3709705489604407,0,0,0.4271975394368098
ngam1265,Pama-Nyungan,Ngamini-Yarluyandi-Karangura,0.559835128360294,0.00794552122219185,0.3726231291682381,0.03815905962080388,0.02143716162847218,0,0.48002600097181825
ngan1291,Uralic,Nganasan,0.20542582722419447,0.33438047059667514,0.02881127562346498,0,0.43138242655566544,0,0.3952451239441543
ngar1235,Pama-Nyungan,Ngarinman,0.7085058636410737,0.01190192603679076,0.17322703873941578,0.10636517158271966,0,0,0.45877906159754633
ngar1287,Pama-Nyungan,Ngarluma,0.5021097218077353,0.1172299965830466,0.0964407883893192,0.284219493219899,0,0,0.36374209051949974
ngon1269,Atlantic-Congo,Ngoni,0.9661136664801856,0,0.02623119542257907,0.00765513809723521,0,0,0.9179928971562508
ngul1246,Atlantic-Congo,Ngulu,0.8882982269921744,0.01067613699055378,0.04088070236972794,0.0352858229335287,0.02485911071401509,0,0.5733413110447305
ngun1274,Austronesian,Nguna,0.4065051204856403,0.2537531782858241,0.04396915390932914,0.2957725473192063,0,0,0.33671986161226514
nhan1238,Pama-Nyungan,Nhanda,0.47676545711792856,0.07069107414333557,0.45254346873873585,0,0,0,0.574089370691737
nina1238,NA,Ninam,0.6849670063570932,0.1502688673648603,0.14907214531450733,0.01569198096353923,0,0,0.608253931377529
niua1240,Austronesian,Niuafo'ou,0.8373616831338514,0.11007916256437604,0,0.05255915430177255,0,0,0.48507273742890433
niue1239,Austronesian,Niuean,0.8220609486313912,0.02684788448919604,0.15106402403868824,0,2.714284072433635e-5,0,0.85591113380017
niue1239,Austronesian,Niuean,0.8220609486313912,0.02684788448919604,0.15106402403868824,0,2.714284072433635e-5,0,0.85591113380017
niva1238,NA,Nivaclé,0.7147484354807979,0.06070427293627995,0.22454729158292233,0,0,0,0.7860281806807997
njeb1242,Atlantic-Congo,Njebi,0.3881199875878733,0.1584566833344374,0,0.2483067190422573,0,0.20511661003543208,0.32375915252045073
noga1249,Turkic,Nogai,0.7418098239153198,0.04722731218899851,0.21096286389568164,0,0,0,0.699595352414387
nort1551,Uto-Aztecan,North Northern Paiute,0.5197577114536436,0.12593704934703387,0.11651299847899534,0.10918069681138244,0,0.12861154390894475,0.29607379847589355
nort2641,Indo-European,Northern Kurdish,0.45210423234023767,0.13356288088875276,0.15587104969658308,0.2584618370744264,0,0,0.48293492324630954
nort2671,Uralic,North Saami,0.3932862586321037,0.04689000526049011,0.28056392405405056,0.2771581542743096,0.00210165777904593,0,0.34698536815785147
nort2671,Uralic,North Saami,0.3932862586321037,0.04689000526049011,0.28056392405405056,0.2771581542743096,0.00210165777904593,0,0.34698536815785147
nort2672,Uralic,Kazym Khanty,0.22770789867809227,0.2290594543532744,0.08651619973213531,0.04404168687466343,0.41267476036183465,0,0.25426235732510405
nort2677,Uralic,Sosva Mansi,0.47785330224778666,0.2271392637970439,0.02371914895391029,0.06060294599228364,0.21068533900897568,0,0.4508858078336884
nort2697,Turkic,North Azerbaijani,0.7008215699665371,0.01433590160535633,0.26631234565652506,0.01853018277158154,0,0,0.6929433205744364
nort2702,Dravidian,Northern Gondi,0.5042196354985214,0.14781775738790853,0.1774135870523093,0.17054902006126071,0,0,0.48026622967020555
nort2836,Austronesian,North Efate,0.6424865827547788,0.09321687475162396,0.0085237869764283,0.2557727555171691,0,0,0.5674110212318104
nort2839,Austronesian,North Ambrym,0.3077377640468966,0.4460713480733025,0.05744786043494011,0.18874302744486085,0,0,0.3404306932550015
nort2845,Austronesian,North Marquesan,0.5501296968969864,0.26975131021855464,0.09004577802871944,0.01754719777139773,0,0.0725260170843419,0.4478474197092393
nort2847,Austronesian,North Tanna,0.648903870528614,0.06775502259855112,0.2422703396095662,0,0,0.04107076726326863,0.36088101117497656
nort2877,Austronesian,Northern Kankanay,0.383063399521101,0.12323692563583726,0,0,0.4936996748430617,0,0.5651793243053405
nort2916,Nuclear Trans New Guinea,North Muyu,0.6974959200547515,0.08283192317966839,0,0.2047925103459484,0.01053026704997701,0.0043493793696549,0.5098200779972475
nort2938,NA,Northern Haida,0.7300995635405967,0.04106078673907335,0.15208484316975032,0,0.07675480655057959,0,0.7108693738307984
nort2942,NA,North Slavey,0.6749866180917136,0.1482282860237695,0.15729941797221664,0.01948567791230026,0,0,0.5880632587472943
nort2944,Eskimo-Aleut,Nunamiut,0.7539521948473332,0.13628060347523444,0.10976720167743236,0,0,0,0.6245833675071323
nort2951,NA,Northwest Maidu,0.6005544752597467,0.3072756405152926,0.00408657000428642,0.08808331422067422,0,0,0.2411854532890534
nort2952,NA,Northeast Maidu,0.5129672629995764,0.11430859150338712,0.3164421666894299,0.05628197880760655,0,0,0.370131744830685
nort2954,Uto-Aztecan,Northern Paiute,0.4560919976781883,0.16641242292737568,0.20843400477759247,0.1690615746168435,0,0,0.5970158683792621
nort2959,Uto-Aztecan,Northern Tepehuan,0.4091471887821595,0.22175698452213768,0.19081296579429427,0.15457801609540944,0.02370484480599907,0,0.4328484274046583
nort2961,Algic,Northern Ojibwa,0.6990435980353208,0.144599643592385,0.12538253217624376,0.0222133442801893,0,0.00876088191586116,0.3791041480511613
nort2966,NA,Northern Pomo,0.4848220176606587,0.13896971916160644,0.2413940007118826,0.1121172928372278,0,0.02269696962862459,0.4845792252046178
nort2972,NA,Northern Emberá,0.707278123001048,0.09323803914226532,0.19948383785668672,0,0,0,0.742799401669743
norw1259,Indo-European,Norwegian Bokmål,0.5123563714714141,0.31913106649682793,0.16851256203175802,0,0,0,0.5066661150606717
nucl1235,Indo-European,Eastern Armenian,0.6976838413822444,0.06159315704120045,0.24072300157655516,0,0,0,0.7521824452374843
nucl1235,Indo-European,Eastern Armenian,0.6976838413822444,0.06159315704120045,0.24072300157655516,0,0,0,0.7521824452374843
nucl1301,Turkic,Turkish,0.6720580634239003,0.01728858873772741,0.2757367904889924,0.03427014309426403,6.4641425511592e-4,0,0.6983808245468668
nucl1305,Dravidian,Kannada,0.7866001402764345,0.14271556133272176,0,0.04808905772327845,0.0225952406675652,0,0.3297289160807316
nucl1310,Sino-Tibetan,Burmese,0.5868542414475921,0.19692877835867845,0.08505949726985267,0,0.13115748292387672,0,0.665816710642693
nucl1417,Atlantic-Congo,Igbo,0.47846728142205297,0.02786804449659323,0.2546461188480392,0.04568638285809112,0.00818814623417041,0.18514402614105296,0.2562790960006924
nucl1454,Yawa-Saweru,Yawa,0.8397996703116367,0.05015361866906855,0,0.06247235744820476,0.04757435357108988,0,0.404410730178008
nucl1458,Bogia,Monumbo,0.7552829460632959,0.09388807559092543,0.09137474140203694,0.05945423694374165,0,0,0.5361186360316679
nucl1460,Austronesian,Madurese,0.745503090071734,0.00237311024636777,0.2054626682854515,0,0.04666113139644668,0,0.7177358239523789
nucl1479,Austronesian,Nuclear Woleaian,0.7319768399882318,0.11766019967469038,0.03755403393076325,0.1128089264063144,0,0,0.5203492507690046
nucl1594,Mairasic,Mairasi,0.5260924668323953,0.01754987408066634,0,0.02172585544883971,0.4346318036380986,0,0.562818063233449
nucl1597,NA,Idi,0.5399994299070895,0.03498387046544657,0.07041204236060745,0.28894591350590776,0.06565874376094885,0,0.3567045595170316
nucl1622,NA,Marind,0.6831709428077133,0.00900929901667673,0.17849733575177712,0.12932242242383285,0,0,0.5034140071342589
nucl1633,Nimboranic,Nimboran,0.7055382776930157,0.1358860107248436,0,0.08626114065356132,0.01715681919913633,0.05515775172944303,0.4597923495966376
nucl1643,NA,Japanese,0.6650081987995249,0.06988580326481467,0.26107221954123794,0,0.0040337783944225,0,0.7307091931288585
nucl1649,NA,Southern-Coastal Tsimshian,0.6602687749813898,0.02732732921470529,0.31240389580390493,0,0,0,0.8091953642004026
nucl1653,Algic,Nuclear Miami,0.6773618443905557,0.17625428135427648,0,0.14638387425516777,0,0,0.37099884149025386
numb1247,Austronesian,Numbami,0.509209647109494,0.4618528041238304,0.02300132330255472,0,0.00593622546412073,0,0.47141668428762873
nuuc1236,NA,Nuu-chah-nulth,0.6790928800028221,0.05063262351674146,0.27027449648043633,0,0,0,0.7744141606586513
nyak1260,Atlantic-Congo,Nyakyusa-Ngonde,0.7266354625972968,0.01260149757728128,0.21820983614671077,0.03133587788348882,0.01121732579522222,0,0.4868586637041348
nyam1271,Pama-Nyungan,Nyamal,0.7411242885631788,0.12161245690801384,0.09028459275294022,0.04697866177586699,0,0,0.5760153130004717
nyan1301,Pama-Nyungan,Nyangumarta,0.577629368210864,0.10235435997921988,0.19470330115584433,0.12531297065407188,0,0,0.45817995942197376
nyaw1247,Pama-Nyungan,Nyawaygi,0.7979083557572114,0.0231338991806123,0.10752998855060604,0.00656217264214951,0.06486558386942075,0,0.7373428453697201
nyor1246,Atlantic-Congo,Nyoro,0.5620485692314517,0.05182650024288016,0.12551645600117767,0.2606084745244903,0,0,0.36023576554260556
nyul1247,NA,Nyulnyul,0.6723103135095477,0.0559820996863024,0.2717075868041498,0,0,0,0.6955797522245444
ocea1241,Austronesian,Oceanic,0.8932904473496952,0.06238665376547328,0,0.04432289888483141,0,0,0.6526873768021203
oduu1239,Austroasiatic,O'du,0.7626146631737508,0.06293302291217504,0.17445231391407412,0,0,0,0.69691959882195
ojib1241,Algic,Ojibwa,0.6800395131348893,0.15634281218576576,0.09940515677352992,0.06421251790581496,0,0,0.39273253010384784
ojib1241,Algic,Ojibwa,0.6800395131348893,0.15634281218576576,0.09940515677352992,0.06421251790581496,0,0,0.39273253010384784
ojib1241,Algic,Ojibwa,0.6800395131348893,0.15634281218576576,0.09940515677352992,0.06421251790581496,0,0,0.39273253010384784
okan1243,Salishan,Okanagan,0.7111662889854248,0.1703080905929738,0.05345053437346338,0.05789015607016186,0.00718492997797624,0,0.4910982875183104
olal1237,Austronesian,Olal,0.5849789581179139,0.03982553242726913,0.20682908768221564,0.07298440354502751,0,0.0953820182275738,0.2761231739318049
olda1245,Afro-Asiatic,Old Aramaic-Sam'alian,0.46776952603011385,0.05783216247538076,0.4658895087426584,0.00275785816491679,0.00575094458693015,0,0.6877292414638179
olde1238,Indo-European,Old English (ca. 450-1100),0.3934873154134775,0.17417361272933507,0.2575608981798798,0.17477817367730758,0,0,0.4558899472087186
oldh1241,Indo-European,Old High German (ca. 750-1050),0.623290294146064,0.17469871198739462,0,0.01502390562272221,0.1869870882438192,0,0.8240412707698296
oldi1245,Indo-European,Early Irish,0.5803994975041501,0.21196687756767543,0.1384636184835209,0.06917000644465361,0,0,0.4720874955688234
oldn1244,Indo-European,Old Norse,0.6834262830075822,0.17151981226739732,0.09690834659921566,0.04814555812580496,0,0,0.6198314732278956
oldr1238,Indo-European,Old Russian,0.34088095634494353,0.1926449493532395,0.11081330178875264,0.3556607925130643,0,0,0.7892661139205785
oldw1239,Indo-European,Old-Middle Welsh,0.646247285448412,0.1634506750035664,0.14474378287106715,0.04555825667695434,0,0,0.6654841841949432
omah1247,NA,Omaha-Ponca,0.7587346317668556,0.13233360819321122,0,0.10893176003993311,0,0,0.4335518515422649
onaa1245,NA,Selk'nam,0.7618806600264029,0.06169505816158709,0.17107032319412263,0.00535395861788738,0,0,0.7013057649428349
onei1249,NA,Oneida,0.6798904616376004,0.2629496111984896,0,0.04200434293070668,0.01515558423320337,0,0.5336613646947022
onob1238,Bosavi,Onobasulu,0.7651282464139311,0.1235540198291055,0,0.10296543305221913,0,0.00835230070474435,0.40583052160019506
onon1246,NA,Onondaga,0.795644202619337,0.11207091936956148,0,0.06282027524570714,0.02946460276539432,0,0.6448115817409396
onto1237,Austronesian,Luangiua,0.92521478732464,0.03875443605070539,0,0.03389055551131954,0,0.00214022111333513,0.4179211209527567
onto1237,Austronesian,Luangiua,0.92521478732464,0.03875443605070539,0,0.03389055551131954,0,0.00214022111333513,0.4179211209527567
opat1246,Uto-Aztecan,Teguima,0.562152474800108,0.02857363146561692,0.3826802758252502,0.01706103763105719,0.00953258027796771,0,0.5976443458653873
oriy1255,Indo-European,Odia,0.5297385509554011,0.158568948386744,0.20748099828187389,0.104211502375981,0,0,0.6507580688072442
orok1266,Atlantic-Congo,Oroko,0.4004230053929419,0.2552970571994114,0.13347432525189531,0.16631416711209102,0.04449144504366022,0,1
osag1243,NA,Osage,0.8177493848991935,0.1056074221501729,0,0.0766431929506337,0,0,0.3824548859756497
osse1243,Indo-European,Modern Ossetic,0.49780392026572245,0.10480699676312444,0.3025547963119901,0.0948342866591629,0,0,0.6234329878070082
osse1245,Indo-European,Ossetic,0.4208288567857122,0.3775749178982418,0.20159622531604596,0,0,0,0.6427393856336625
otoo1241,NA,Oto,0.601125532596092,0.2941210612032442,0,0.10475340620066384,0,0,0.4523174501985094
otta1242,Algic,Ottawa,0.7886957615226436,0.07438446482907599,0,0.13691977364828029,0,0,0.5008193310490516
otta1242,Algic,Ottawa,0.7886957615226436,0.07438446482907599,0,0.13691977364828029,0,0,0.5008193310490516
owaa1237,Austronesian,Owa,0.588709526372765,0.22898162290277363,0.1200117416793865,0,0.04754227012883158,0.01475483891624323,0.42376486969113425
paam1238,Austronesian,Paama,0.7098236007882445,0.04873044193597555,0.2387157928069322,0.00273016446884786,0,0,0.7390657080935867
paco1243,Austroasiatic,Pacoh,0.39839995553872753,0.03829047245430164,0.11036669425312956,0,0.4529428777538414,0,0.5139696532945924
pado1242,Austronesian,Padoe,0.6903022691816355,0.2043931482952228,0,0,0.10530458252314168,0,0.4782014981648912
paez1247,NA,Páez,0.9292682588385636,0.02129174918050254,0.03252489059897889,0.01691510138195515,0,0,0.878072114429509
pagu1249,NA,Pagu,0.4720779722390347,0.22042682282178735,0.3074952049391779,0,0,0,0.6876905068647995
paic1239,Austronesian,Paicî,0.6874791646941218,0.14650214628205452,0.04470946508696051,0.12130922393686314,0,0,0.4758734205492728
paiw1248,Austronesian,Paiwan,0.9159913030237938,0.0274553991667309,0.05565939552439614,8.9390228507891e-4,0,0,0.791438046371537
pala1344,Austronesian,Palauan,0.4811684747707624,0,0.4870425615937392,0.03178896363549833,0,0,0.5255508356195562
pali1274,Dravidian,Paliyan,0.5350362742999619,0.31487904213617,0.13402668744890026,0.00546183806472608,0.01059615805024177,0,0.5126798261099832
pamp1243,Austronesian,Pampanga,0.6788688260483804,0.06550035613529694,0.25563081781632263,0,0,0,0.794640987309559
pana1305,Uto-Aztecan,Panamint,0.5058678213058168,0.23147004094473292,0.23274984905971952,0.02991228868973063,0,0,0.5911939109959548
pang1290,Austronesian,Pangasinan,0.5413963461650136,0.03648856487434758,0.4221150889606387,0,0,0,0.8909912382307682
panj1256,Indo-European,Eastern Panjabi,0.5951359383171754,0.21190398378384448,0.07603895403906988,0.11692112385991033,0,0,0.6314729262753602
para1311,Tupian,Paraguayan Guaraní,0.427746998600933,0.1875378882551822,0.30377193817085874,0.0148483334017751,0,0.06609484157125098,0.4799652532910422
para1312,Tupian,Parakanã,0.5793802573865405,0.11288581280672844,0.07801571027953512,0.06326357682043768,0,0.16645464270675833,0.4520610298260377
pash1269,Indo-European,Pashto,0.5367280231010779,0.12884156754599793,0.2069356873260367,0.12749472202688747,0,0,0.5330428312825677
pata1260,Austronesian,Patani,0.48272360297059674,0.2298441807617124,0.28743221626769094,0,0,0,0.6048932677387503
paus1244,Tupian,Warázu,0.5074679185268911,0.20433531758014323,0.09578267000547964,0.06967055136651133,0,0.12274354252097472,0.43924929481204544
pawn1254,NA,Pawnee,0.8713500912088844,0.08082995642834677,0,0.03932141867026602,0,0.00849853369250274,0.644815435064952
pawn1254,NA,Pawnee,0.8713500912088844,0.08082995642834677,0,0.03932141867026602,0,0.00849853369250274,0.644815435064952
pend1242,Austronesian,Pendau,0.7473680131852017,0.00983748526627165,0.23694506741496615,0,0.00584943413356044,0,0.761881440552612
penr1237,Austronesian,Māngarongaro,0.6463874323239254,0.2056794404185048,0.11305447343058632,0,0,0.03487865382698345,0.5850624312062958
penr1237,Austronesian,Māngarongaro,0.6463874323239254,0.2056794404185048,0.11305447343058632,0,0,0.03487865382698345,0.5850624312062958
peor1238,Algic,Peoria,0.6890224762072457,0.1817583696655708,0,0.12921915412718368,0,0,0.369671060748729
phai1238,Austroasiatic,Prai,0.7784209100938011,0.12106953997945256,0.1005095499267463,0,0,0,0.6854468322823751
phen1239,Atlantic-Congo,Phende,0.739941980489408,0.01880257365228438,0.23698755430017548,0.00247595997594166,0.00179193158219046,0,0.7926857384699662
pieg1239,Algic,Piegan,0.48600074280729094,0.08320515778077087,0.4182996163864986,0.01249448302543961,0,0,0.4831762180773872
pila1245,NA,Pilagá,0.7948589093974026,0.04500250319525051,0.15660656211144158,0,0.00353202529590547,0,0.7893135267379735
pile1238,Austronesian,Vaeakau-Taumako,0.7982543369267723,0.10411866065927372,0,0.02823917689864772,0,0.06938782551530623,0.4820834244004403
pima1248,Uto-Aztecan,Pima Bajo,0.3604256413633355,0.1238191407951527,0.13656646175983186,0.23899893687141477,0.14018981921026524,0,0.4729383164778214
pima1248,Uto-Aztecan,Pima Bajo,0.3604256413633355,0.1238191407951527,0.13656646175983186,0.23899893687141477,0.14018981921026524,0,0.4729383164778214
pinj1243,Atlantic-Congo,Pinji,0.6952174761403083,0,0,0.27001151303268944,0,0.0347710108270023,0.43831607104245224
pint1250,Pama-Nyungan,Pintupi-Luritja,0.6174753299438667,0.15859997408697898,0.13815976665313753,0.08576492931601663,0,0,0.47778667117736606
pipi1250,Uto-Aztecan,Pipil,0,0.99999432082552,1.6933465206192293e-6,0,0,3.985827959294556e-6,0.9999999999898118
pirr1240,Pama-Nyungan,Pirriya,0.12743817281334133,0.04416661525987593,0,0.36381029035864654,0.4645849215681362,0,0.7193619813876359
pitj1243,Pama-Nyungan,Pitjantjatjara,0.6669292634853341,0.16134454317005012,0.10025200445598438,0.04873509751434578,0.02273909137428552,0,0.3966301090470796
pitt1247,Pama-Nyungan,Pitta Pitta,0.7518515241190691,0.16446090958335885,0.01309362350078214,0.07059394279678997,0,0,0.385372261919634
plai1258,Algic,Plains Cree,0.756109215469381,0.1022383282010111,0.08519392664948716,0.05645852968012051,0,0,0.4007975751649084
pohn1238,Austronesian,Pohnpeian,0.562371800368755,0.1257573484625981,0.2448148776247939,0.067055973543853,0,0,0.5291470703884483
pohn1238,Austronesian,Pohnpeian,0.562371800368755,0.1257573484625981,0.2448148776247939,0.067055973543853,0,0,0.5291470703884483
poko1261,Atlantic-Congo,Pokomo,0.6055830103483736,0.17498165038597377,0.07359589179921212,0,0,0.14583944746644056,0.3339794874989125
polc1243,Afro-Asiatic,Polci,0.7851399132070038,0.0077475635521012,0.1591479546881525,0.04796456855274258,0,0,0.7718420950604971
poli1260,Indo-European,Polish,0.456320972439594,0.22589140586343265,0.19997175981330545,0.11781586188366792,0,0,0.5462707647136711
ponc1241,NA,Ponca,0.6996692793475935,0.23869307454504915,0.00641114613301849,0.05040715795975464,0.00481934201458422,0,0.4880515088953876
port1283,Indo-European,Portuguese,0.638848179758845,0.14867394286817937,0.2124400241356801,3.785323729557645e-5,0,0,0.8788919186209944
port1285,Austronesian,Port Sandwich,0.2838285955147353,0.06596798983734767,0.30653956301384083,0.343663851634076,0,0,0.3460606722991511
port1286,Austronesian,Daakie,0.6102942027664464,0.12274136264393372,0.06960737711899316,0.189520268111697,0,0.00783678935892982,0.3660303132379231
pota1247,Algic,Potawatomi,0.7527615220443693,0.114750369854355,0,0.13248810810127562,0,0,0.3784493075996635
prak1243,Sino-Tibetan,Prakaa,0.08381257870366174,0.269749501800454,0.3707240039603064,0,0.2757139155355777,0,0.5178410088933175
prus1238,Indo-European,Old Prussian,0.4051707145115439,0.3252809549329824,0.22978137812177807,0.03976695243369556,0,0,0.7055942806297795
puel1244,NA,Puelche,0.6818537810353139,0.1119924605338322,0.1919851270271625,0.0141686314036914,0,0,0.6581627912911231
puin1248,NA,Puinave,0.7712714158876409,0.108003100528852,0.0912722244307938,0.02945325915271331,0,0,0.579247804190429
puka1242,Austronesian,Pukapuka,0.7792424285651257,0.1588076310119227,0.06194994042295169,0,0,0,0.57394863856851
pulu1242,Austronesian,Puluwatese,0.4776730088406469,0.21030403353200505,0.00370385390257531,0.3083191037247728,0,0,0.25420827039917987
pume1238,NA,Pumé,0.7148038840844017,0.1080873383936922,0.1699451567737259,0.0037645991992789,0.00339902154890135,0,0.6674889729418796
punu1239,Atlantic-Congo,Punu,0.5350210031527618,0.01911035601096379,0,0.2847026489161782,0,0.16116599192009623,0.46350266530428064
puyu1239,Austronesian,Puyuma,0.4412931844415406,0.0163069294034594,0,0.03289220693440248,0.5095076792205975,0,0.9131689039464492
pwoo1239,Sino-Tibetan,Pwo,0.6672651154999165,0.2133589662999461,0.11937591820013732,0,0,0,0.6656277514644461
qawa1238,NA,Qawasqar,0.5186401665234321,0.04552601761345401,0.4258961479760878,0.00324634096224097,0.00669132692478513,0,0.7597267009377504
quec1382,NA,Quechan,0.6558256722997129,0.01173015053140024,0.09487999725143674,0.16251273353389206,0.07505144638355808,0,0.37653716293791206
rade1240,Austronesian,Rade,0.682947266963653,0.03592293504423039,0,0.15081199457234254,0.130317803419774,0,0.5211093398930373
raha1237,Austronesian,Rahambuu,0.7785483572192674,0.12173986950583432,0,0,0.09971177327489827,0,0.5791784707803764
raka1237,Austronesian,Rakahanga-Manihiki,0.7435507794949124,0.25644922050508767,0,0,0,0,0.6257577408501969
rapa1244,Austronesian,Rapanui,0.7821606346198119,0.17388732072025667,0.03066032897862121,0,0.01329171568131025,0,0.8209443235450675
rapa1244,Austronesian,Rapanui,0.7821606346198119,0.17388732072025667,0.03066032897862121,0,0.01329171568131025,0,0.8209443235450675
rapa1245,Austronesian,Old Rapa,0.8791485776599298,0.12085142234007012,0,0,0,0,0.8823726358681129
raro1241,Austronesian,Southern Cook Island Maori,0.7726707014547616,0.08881514221538916,0.1007336628439316,0,0,0.03778049348591762,0.7252720455164419
rata1245,Austronesian,Ratagnon,0.6524949998475194,0.02886315521302048,0.31570189296898443,0,0.00293995197047559,0,0.7806476373958439
reja1240,Austronesian,Rejang,0.5941533304162694,0.00500137128188129,0.3862524809426475,0,0.01459281735920181,0,0.7635652549624222
renn1242,Austronesian,Rennell-Bellona,0.7421312001384515,0.10921156144640898,0.05738485260758091,0.03556853969633349,0,0.05570384611122511,0.4052257962224839
rian1263,NA,Riantana,0.6999422868904895,0.1715839522949735,0,0.0932023205980798,0.03527144021645716,0,0.8024820161117898
rita1239,Pama-Nyungan,Ritarungo,0.47469288539993754,0.03081520909369643,0.1267584304907667,0.3677334750155993,0,0,0.4805372252454604
roma1327,Indo-European,Romanian,0.6193667886178675,0.24413433498917717,0.13649887639295527,0,0,0,0.6390520338895036
roto1249,NA,Rotokas,0.49457462960036624,0.3809368330950979,0.0935818745795786,0.01923090952079434,0,0.01167575320416288,0.4614745520224175
rotu1241,Austronesian,Rotuman,0.6942058388801934,0.23229248846273615,0.05144542995890041,0,0,0.02205624269817001,0.735125383223387
rotu1241,Austronesian,Rotuman,0.6942058388801934,0.23229248846273615,0.05144542995890041,0,0,0.02205624269817001,0.735125383223387
rout1237,Austronesian,Routa,0.7959563303094686,0.04501869668072594,0.10296019242992392,0,0.0560647805798815,0,0.7028198388032825
rovi1238,Austronesian,Roviana,0.7100153805113082,0.06456004792156486,0.22542457156712692,0,0,0,0.5813448408870759
rund1242,Atlantic-Congo,Rundi,0.765856250983011,0.00504601247404584,0.14047983632590297,0.06937485059614984,0,0.01924304962089034,0.43340621831017384
russ1263,Indo-European,Russian,0.6266692767358949,0.11921705465027288,0.2326321939731769,0.02148147464065535,0,0,0.7334649202550014
russ1263,Indo-European,Russian,0.6266692767358949,0.11921705465027288,0.2326321939731769,0.02148147464065535,0,0,0.7334649202550014
saaa1240,Austronesian,Sa'a,0.5561873718771888,0.04487271622561754,0.3240608114557073,0.05923889566628602,0,0.01564020477520025,0.5686490567173026
saaa1241,Austronesian,Sa,0.562162407724313,0.18868246430519192,0,0.24915512797049497,0,0,0.3620017927209548
saar1237,Austronesian,Saaroa,0.5752053740067774,0.08307353736949269,0.34172108862372985,0,0,0,0.7139777209403266
saba1263,Austronesian,Brunei-Sabah Malay,0.6564111078741443,0.0190102687676234,0.32457862335823234,0,0,0,0.7535083303390844
saka1287,Atlantic-Congo,Sakata,0.7756873157005605,0,0.1931767860261503,0.00610053697956693,0.02503536129372216,0,0.8309971911853626
sake1247,Atlantic-Congo,Sake,0.27675719640194985,0.1778875611035126,0,0.34728245305624117,0,0.19807278943829632,0.3044879262366774
samo1305,Austronesian,Samoan,0.7254987486419912,0.11895011421959162,0.05959183912570688,0.03925613836149208,0,0.0567031596512183,0.4296522140473774
samo1305,Austronesian,Samoan,0.7254987486419912,0.11895011421959162,0.05959183912570688,0.03925613836149208,0,0.0567031596512183,0.4296522140473774
sana1298,NA,Sanapaná,0.6997715427630302,0.02942621407919159,0.24946450943086135,0.02133773372691685,0,0,0.6163963038301679
sang1321,Sino-Tibetan,Sangtam Naga,0.7339786543656137,0.19250255993197332,0.05877504380863804,0.01474374189377491,0,0,0.6029697914200465
sang1330,Atlantic-Congo,Sangu (Tanzania),0.7794210902709316,0.04948252829691646,0.14282571734964988,0.02827066408250191,0,0,0.6474730475921632
sang1331,Atlantic-Congo,Sanga (Democratic Republic of Congo),0.6504116373283527,0.0205272418339397,0.2607965467163751,0.06826457412133251,0,0,0.7290358581990946
sang1333,Atlantic-Congo,Sangu (Gabon),0,0.4789505016130992,0,0.5210494843667737,0,1.4020127151107672e-8,0.6597587548712427
sans1269,Indo-European,Sanskrit,0.3967292443593363,0.1743335749018132,0.24138856754293853,0.1875486131959119,0,0,0.3556568198724337
sans1272,Atlantic-Congo,Cimbala-Cizali,0.6255390202434689,0,0.3377915627189029,0.0286884051890016,0.00798101184862667,0,0.7534461607316169
sara1326,Austronesian,Sarangani Blaan,0.8011971396772266,0.07308033639372456,0.10347677289333902,0,0.02224575103570968,0,0.6693088911106396
sard1257,Indo-European,Sardinian,0.5306869458835929,0.34327379330981184,0.12603926080659525,0,0,0,0.740530824372635
sata1237,Austronesian,Satawalese,0.6749484001860542,0.0802464689894827,0.24480513082446315,0,0,0,0.6784173650432288
sate1242,Indo-European,Ems-Weser Frisian,0.5258088153531885,0.29040117040514796,0.1837900142416636,0,0,0,0.5666765160265823
sate1243,Tupian,Sateré-Mawé,0.39903317534446714,0.2393671699966308,0.1522681231568039,0.2093315315020982,0,0,0.33372728250787315
savo1255,Savosavo,Savosavo,0.8379241554094787,0.09160501202298366,0,0.03068357663307739,0,0.03978725593446022,0.7245686736620947
sawa1247,Austronesian,Sawai,0.47188963904427433,0.2657916549535257,0.2623187060022,0,0,0,0.5650865729890036
sawi1257,Nuclear Trans New Guinea,Sawi,0.39911323738445287,0.3233578035665309,0.18592114883129185,0.0916078102177244,0,0,0.44135601058324936
seke1241,Austronesian,Seke (Vanuatu),0.6971494149627421,0.14490616552414118,0.12995387256827146,0.02799054694484512,0,0,0.6145308269500959
seki1238,Atlantic-Congo,Seki,0.4073831995762333,0.0751356329579205,0,0.5090293109456558,0,0.00845185652019042,0.6613119353230239
selk1253,Uralic,Selkup,0.7311984804744511,0.16690799597598116,0.10189352354956772,0,0,0,0.461832488145121
sene1264,NA,Seneca,0.6947083480203325,0.18379484831924783,0,0.10768517537782887,0.0138116282825908,0,0.6316589760914344
serb1264,Indo-European,Serbian Standard,0.5531518243553686,0.22010780139568764,0.19914084937578455,0.0275995248731592,0,0,0.6148004149275641
seri1257,NA,Seri,0.7556379837750667,0.00787533516001687,0.22783548426288316,0.00865119680203319,0,0,0.743723449514027
serr1255,Uto-Aztecan,Serrano,0.5275402460939225,0.19240086613224835,0.08960830264618067,0.04519636988050482,0.1452542152471436,0,0.3218311470048229
serr1255,Uto-Aztecan,Serrano,0.5275402460939225,0.19240086613224835,0.08960830264618067,0.04519636988050482,0.1452542152471436,0,0.3218311470048229
seta1246,Nuclear Trans New Guinea,Setaman,0.6091121392867249,0.08047299378798421,0.08628657331833495,0.21256441669063172,0,0.01156387691632433,0.32542775057510653
sgaw1245,Sino-Tibetan,S'gaw Karen,0.7299566718482492,0.186341443981401,0.08370188417034972,0,0,0,0.631647591550623
shan1293,Sino-Tibetan,Shanghainese,0.2637900310064151,0.21899103223114288,0.11911618428300716,0.3981027524794349,0,0,0.4059313630709483
shas1239,NA,Shasta,0.5034239891146496,0.2732203810334938,0.0258025995761151,0.19614294485506728,0,0.00141008542067429,0.3182179020669123
shaw1249,Algic,Shawnee,0.6729149662469265,0.23336012217287344,0,0.09372491158020003,0,0,0.2973879585984971
sher1255,Sino-Tibetan,Solu-Khumbu Sherpa,0.7729721141113135,0.12336321629926718,0,0.04409202562607613,0.05957264396334338,0,0.7758568224557126
shii1238,Atlantic-Congo,Shi,0.8171719504016178,0.05358982210541924,0.09740650526085257,0.02307009494775338,0.008761627284357,0,0.5541659663800912
shil1264,Atlantic-Congo,Shila,0.6302498643638615,0.02340315926559842,0.1887844968814919,0,0,0.15756247948904809,0.7335999076031722
shin1265,Nakh-Daghestanian,Shina (Nakh-Daghestan),0.6949637729784487,0.03316383829430362,0.2560364147493667,0.01475905981310181,0.00107691416477905,0,0.6892584626021263
ship1254,Pano-Tacanan,Shipibo-Conibo,0.6453293655224873,0.09736844347806484,0.2278727065870229,0.02942948441242502,0,0,0.703968778958164
shon1251,Atlantic-Congo,Shona,0.3720381515149041,0.10962525715209429,0.518205232520072,1.2135776512297e-4,1.0001047806637051e-5,0,0.9999999995211608
shos1248,Uto-Aztecan,Shoshoni,0.4347140903971247,0.17799955605301832,0.21990610932734336,0.15866056214099716,0.00871968208151639,0,0.41886956700298855
sibe1248,South Bougainville,Sibe,0.7014835995552949,0.15832761902085388,0,0.14018878142385113,0,0,0.40306806943530576
siee1239,Austronesian,Sie,0.5824712245820165,0.07237522312492817,0.26398541137963627,0.05485273785107134,0,0.0263154030623477,0.3960585609030672
sika1261,Austronesian,Sikaiana,0.9697825831350528,0.01344452649186632,0.0035970329135981,0.01317585745948291,0,0,0.4932792557992106
sika1262,Austronesian,Sika,0.35855391481046506,0.01429942966119959,0.1141133658204928,0.05657979158851742,0.4564534981193253,0,0.917082309222429
sind1272,Indo-European,Sindhi,0.3770227172104424,0.17727582625705762,0.15267182248102107,0.29302963405147886,0,0,0.46253571248642866
sinh1246,Indo-European,Sinhala,0.6534441929018102,0.1961834290855465,0.13808718032078438,0.01228519769185897,0,0,0.4773896402572093
sini1245,Sino-Tibetan,Sinitic,0.4681082726882116,0.18286403041098048,0.21963616666118835,0.1293915302396195,0,0,0.29587989867953823
sion1247,NA,Siona-Tetete,0.5538733573623543,0.04731726623201619,0.396121915729187,0.00268746067644253,0,0,0.5936286293133718
sira1266,Atlantic-Congo,Sira,0.20249395310147084,0.37226868690713144,0,0.4049879543036852,0,0.02024940568771256,0.6597587548677666
siri1273,Tupian,Sirionó,0.8035974760760979,0.06748754263352044,0.04747337188043019,0.08144160940995152,0,0,0.4225028837887209
siwa1245,South Bougainville,Siwai,0.7801514746341691,0.06761507214891456,0,0.15223345321691642,0,0,0.3960969792462524
skol1241,Uralic,Skolt Saami,0.5397351102253252,0.1107538895256778,0.21992078598891052,0.1295902142600866,0,0,0.42386053939067153
slav1253,NA,Slave,0.6037316804904796,0.16604361858984795,0.03241538800215539,0.14370582885418576,0,0.05410348406333114,0.3909694439885877
slov1268,Indo-European,Slovenian,0.5838250155073565,0.24784061515595507,0.16833436933668833,0,0,0,0.6958673259143189
slov1269,Indo-European,Slovak,0.4982504122505681,0.30713266120842003,0.19377977329688528,8.371532441265e-4,0,0,0.6893587511641768
soga1242,Atlantic-Congo,Soga,0.7804110507126688,0.03100525132174604,0.15532524008544266,0.03218687682838921,0.00107158105175315,0,0.7148940624568372
soge1235,Nuclear Trans New Guinea,Sogeram,0.9556034173257824,0.01423124912514433,0.01123130808311098,0.00790466260244627,0.01102936286351592,0,0.4895325479850973
song1299,Atlantic-Congo,Nsong,0.7012404876548705,0.02548693755319627,0.2660391173509327,0.00647895512076254,7.5450232023787e-4,0,0.59189963055635475
song1300,Atlantic-Congo,Songoora,0.6276307401760869,0.23523345387617264,0.03962949187611666,0.09750631407162372,0,0,0.5592868100119966
sons1242,Austronesian,Sonsorol,0.5530500817680959,0.00687356390170677,0.4142531046546067,0.02582324967559058,0,0,0.8004827964707033
sout1528,Indo-European,Serbian-Croatian-Bosnian,0.5117898130827574,0.24566713741018403,0.18921563589885187,0.05332741360820671,0,0,0.5146247426970573
sout2674,Uralic,South Saami,0.5018316837639989,0.08446145436149849,0.13940053034905456,0.17789633395240875,0.09640999757303936,0,0.5135609018898518
sout2856,Austronesian,South Efate,0.7767486053893811,0.16388130124025554,0.01300306533704199,0.03824332903308083,0.00812369900024051,0,0.6181871705707482
sout2856,Austronesian,South Efate,0.7767486053893811,0.16388130124025554,0.01300306533704199,0.03824332903308083,0.00812369900024051,0,0.6181871705707482
sout2857,Austronesian,Nahavaq,0.6161761398892027,0.24297931913450616,0.14084454097629104,0,0,0,0.5497143565504242
sout2859,Austronesian,Southeast Ambrym,0.6821294059404734,0.2910287633966196,0,0.02684183066290704,0,0,0.21349396278965613
sout2865,Austronesian,South Tuvaluan,0.7825992943646797,0.05499695204630837,0.08839089218660308,0.0740128614024089,0,0,0.4532795178617359
sout2866,Austronesian,South Marquesan,0.7409852269906579,0.07500235069303786,0.17890635519734532,0,0.0051060671189589,0,0.7765689352700411
sout2869,Austronesian,Southwest Tanna,0.8069995170036449,0.00370647271369433,0.1892940102826608,0,0,0,0.662646703439647
sout2883,Austronesian,Southeast Babar,0.5456500409081058,0.03247711027245945,0,0.01391197751190234,0.4079608713075325,0,0.6437773045918436
sout2949,Kiwaian,Southern Kiwai,0.7561780113106293,0.07220999183137983,2.3346694970149e-4,0.01071044786420352,0.1606680820440858,0,0.7124730640257582
sout2959,NA,South Slavey,0.6824088307233328,0.05973147809187847,0.2308577713590984,0.00925182916766644,0.01775009065802372,0,0.6473982671683491
sout2969,Uto-Aztecan,Southern Paiute,0.2003121711535382,0.4666723871692246,0.28444656340542973,0.03085583026820218,0,0.01771304800360529,0.4975511620569626
sout2975,Uto-Aztecan,Southern Tepehuan,0.4090112208282573,0.03687570389870465,0.2053915161093837,0.15628928991011148,0.19243226925354295,0,0.575258168706889
sout2976,Uto-Aztecan,Southeastern Tepehuan,0.7335843492717755,0.01650009403826931,0.22289616618296765,0.02701939050698756,0,0,0.6067493995915816
sout2977,Uto-Aztecan,Southwestern Tepehuan,0.65,0.1,0,0.1,0.05,0.1,NA
spok1245,Salishan,Spokane,0.4121299516530856,0.28554299778250436,0.0920930965235842,0.19283399472396284,0,0.01739995931686297,0.2933067819730736
stan1288,Indo-European,Spanish,0.6048046608579921,0.1653586761262571,0.22983666301575073,0,0,0,0.8155588995107399
stan1289,Indo-European,Catalan,0.57548199131566935,0.2152906932867432,0.2092273153975874,0,0,0,0.7219092810187784
stan1290,Indo-European,French,0.6779368125361122,0.11484134469139236,0.20722184277249553,0,0,0,0.7289141296959702
stan1293,Indo-European,English,0.731233431977228,0.07259293852423442,0.1961736294985376,0,0,0,0.6657839301266621
stan1293,Indo-European,English,0.731233431977228,0.07259293852423442,0.1961736294985376,0,0,0,0.6657839301266621
stan1295,Indo-European,German,0.7127715758618869,0.11648783358974248,0.17074059054837062,0,0,0,0.7129409346839117
stan1295,Indo-European,German,0.7127715758618869,0.11648783358974248,0.17074059054837062,0,0,0,0.7129409346839117
stan1323,Afro-Asiatic,Standard Lebanese Arabic,0.5057013449757797,0.08020878376488359,0.3317156309031421,0.08237424035619467,0,0,0.6586904912670783
suki1245,NA,Suki,0.6053435864574146,0.16529324531187464,0,0.06927119676687045,0.16009197146384016,0,0.3128311436765864
suku1259,Atlantic-Congo,Suku,0.7529743465770578,0.00442751124682244,0.21676180053140529,0.01732258664637881,0.0085137549983358,0,0.7426515183741835
suku1261,Atlantic-Congo,Sukuma,0.49081860905001146,0.23007297392637943,0.01741102194899363,0.21862033427297473,0.04307706080164091,0,0.41134316167319906
sula1245,Austronesian,Sula,0.7217399935337184,0.05262191212134337,0,0.01317772102884159,0.21246037331609652,0,0.4980759287089956
sumb1240,Atlantic-Congo,Sumbwa,0.562515847587944,0.28076865759089015,0.11391670254778982,0.04279879227337602,0,0,0.4724730844154376
sund1252,Austronesian,Sundanese,0.6030469521313201,0.0171490157432971,0.1649375949287134,0,0.2148664371966695,0,0.640415849735033
suru1262,Tupian,Suruí,0.6314397135963955,0.06093608761437674,0.26238003305886914,0.04524416573035862,0,0,0.6615313392263351
suun1239,Atlantic-Congo,Suundi,0.6472499345677354,0.188548929214753,0.05447840012781625,0.1097227360896954,0,0,0.6516823075836404
suzh1234,Sino-Tibetan,Suzhou,0.27437960653443516,0.19935280801432917,0.12845678739464533,0.3806746867016466,0.01713611135494368,0,0.39950802036665767
swed1254,Indo-European,Swedish,0.6977282560451534,0.10722176533282166,0.17808322374718627,0.01696675487483875,0,0,0.6345639896428505
taba1266,NA,Tabasco Chontal,0.6121357926278569,0.06635690598018347,0.05365223333305789,0.02009500244397551,0.24776006561492636,0,0.5734965816399844
tabl1243,Sentanic,Tabla,0.5871737246354004,0.15619985232058903,0,0.02520260099454844,0.23142382204946207,0,0.4139663849120071
tady1237,Austronesian,Tadyawan,0.6274248008514386,0.16743510943218673,0.20288835434060823,0,0.00225173537576648,0,0.6640159150904146
taga1270,Austronesian,Tagalog,0.6949879784274918,0.02812897057278322,0.276883050999725,0,0,0,0.7163831243555814
tahi1242,Austronesian,Tahitian,0.775485965598954,0.14638768532690044,0.06084258412755831,0,0,0.01728376494658714,0.7505271597589784
tahi1242,Austronesian,Tahitian,0.775485965598954,0.14638768532690044,0.06084258412755831,0,0,0.01728376494658714,0.7505271597589784
taia1239,Taiap,Taiap,0.8713941500291081,0.09245146262030177,0.03615438735059014,0,0,0,0.6727219078531907
taje1237,Austronesian,Taje,0.7473824085948997,0.00983925403517839,0.23694166361476604,0,0.00583667375515591,0,0.761881440530215
taje1237,Austronesian,Taje,0.7473824085948997,0.00983925403517839,0.23694166361476604,0,0.00583667375515591,0,0.761881440530215
taji1245,Indo-European,Tajik,0.4288739077965587,0.26843051365792187,0.19396615910849097,0.08856312577856426,0.02016629365846427,0,0.4871574165855583
taji1246,Austronesian,Tajio,0.6884525029757678,0.01203235866568323,0.2934073063331511,0,0.00610783202539797,0,0.7824659962194198
taki1248,Austronesian,Takia,0.9366118960851504,0.02538961752451971,0,0.03377665116498382,0,0.00422183522534614,0.3310340808253153
taku1257,Austronesian,Takuu,0.7168282738630349,0.01400527007721214,0.2108783240594312,0.05828813200032163,0,0,0.6961130642138036
tali1259,Austronesian,Talise,0.7827127693724637,0.0479763937893346,0.14835506778573468,0.00646039442529225,0,0.01449537462717464,0.53676233688895
tali1262,Austronesian,Taliabu,0.7550519339084815,0.15663411793397564,0.04071187981141776,0.0176538212159329,0.02994824713019216,0,0.5574182800379348
tami1289,Dravidian,Tamil,0.6112820757225828,0.12648358942653257,0.0263371089885142,0.006187801220988,0.22970942464138255,0,0.5000105951038913
tami1289,Dravidian,Tamil,0.6112820757225828,0.12648358942653257,0.0263371089885142,0.006187801220988,0.22970942464138255,0,0.5000105951038913
tana1285,Austronesian,Tanala,0.7000945073418183,0.07901034249811266,0.17561990974846356,0.04464681651209693,0,6.2842389950845e-4,0.6589594719408647
tang1347,Austronesian,Movono,0.4159780145128576,0.24523004735129503,0.02699153841357579,0.01566577718755209,0.29613462253471956,0,0.8426805075902475
tapi1254,Tupian,Tapirapé,0.5831253170469459,0.1551401499167692,0,0.18292717723234825,0,0.07880735580393647,0.34602025716137363
tasi1237,Austronesian,Tasiko,0.4785895913686712,0.10005090338325724,0.00195480545686402,0.05808260894648594,0,0.3613220908447219,0.29499630224693113
taum1237,Austronesian,Taumako,0.693544485329307,0.19291798521913145,0,0.02451536210076694,0.00225119430190718,0.0867709730488875,0.4298293625325901
taus1251,Austronesian,Tausug,0.7406210843960608,0.02280259133711691,0.22864679592939283,0,0.00792952833742953,0,0.7607823695928018
taus1251,Austronesian,Tausug,0.7406210843960608,0.02280259133711691,0.22864679592939283,0,0.00792952833742953,0,0.7607823695928018
tehu1242,NA,Tehuelche,0.6183627825916833,0.06601653736300113,0.31187849175448107,0.0037421882908345,0,0,0.7077882641271471
teiw1235,NA,Teiwa,0.5922543737923285,0.05768607512770151,0,0,0.3500595510799699,0,0.3354257211163568
tele1256,Nuclear Trans New Guinea,Telefol,0.8083201732404011,0.02590578996054729,0.04437705994167159,0.11547867716180636,0.00591829969557358,0,0.41517898990008184
telu1262,Dravidian,Telugu,0.5799513154671624,0.25616014424502054,0.1280503208747169,0.03583821941310011,0,0,0.3891259898154641
telu1262,Dravidian,Telugu,0.5799513154671624,0.25616014424502054,0.1280503208747169,0.03583821941310011,0,0,0.3891259898154641
temb1276,Tupian,Tenetehara,0.6720834228715197,0.15945064808214307,0,0.10947108112192272,0,0.05899484792441461,0.37519454573967986
temi1247,Atlantic-Congo,Temi,0.6127289452537364,0.13394092915299116,0.01986161114731567,0.1300916317837221,0.10337687376999811,8.892236554487307e-9,0.5168322040747098
tenh1241,Tupian,Tenharim-Parintintin-Diahoi,0.60832612401039,0.1220148739787442,0.1900260054817032,0.07963299652916263,0,0,0.4561055390303476
term1237,Austronesian,Termanu,0.6715138235374608,0.08666342764040573,0.12766024790516434,0.0717097325561109,0.04245276836085831,0,0.37361278835730705
tesu1245,NA,Tesuque,0.6672372679359598,0,0.17062004987124768,0.16214268219279238,0,0,0.4501100873288387
tete1250,Atlantic-Congo,Tetela,0.6519759803003418,0.01031573903302848,0.31172744516116524,0.02195784288923108,0.00402299261623342,0,0.744966475737655
tetu1245,Austronesian,Tetum,0.5653045536507596,0.2848044037914512,0.1156814462398266,0,0,0.03420959631796264,0.4942546703531808
tetu1246,Austronesian,Tetun Dili,0.8444388976337737,0.04660060818751978,0.1015011280803548,0.00383356418260883,0.00362580191574289,0,0.6334765658469829
thao1240,Austronesian,Thao,0.9405290074121476,0.00993565500223506,0.04882645162343035,7.0888596218716e-4,0,0,0.8472490011612249
thay1249,Pama-Nyungan,Thayore,0.48297762452197857,0.167636340027662,0.12735173393671526,0.2220343015136441,0,0,0.42480835517652166
tial1239,Austronesian,Tiale,0.2200739559670295,0,0.4000720915894528,0.3265400999568308,0,0.05331385248668691,0.6611550860034967
tido1248,NA,Tidore,0.8900529655637044,0.02848045984931282,0.05460825529229873,0.0243591332654568,0.00249918602922724,0,0.6820744904088941
tiga1245,Austronesian,Tigak,0.5152650980761838,0,0.32715581804196125,0.1575790838818549,0,0,0.5433335270248278
tiko1237,Austronesian,Tikopia,0.92940654588655,0.01806783690796297,0.03312505465138925,0.01940056255409769,0,0,0.43623860621915134
tiko1237,Austronesian,Tikopia,0.92940654588655,0.01806783690796297,0.03312505465138925,0.01940056255409769,0,0,0.43623860621915134
tiri1258,Austronesian,Tiri-Mea,0.682747565488851,0.00770679676271544,0.27777648500375135,0,0.03176915274468234,0,0.7196258200035598
tivv1240,Atlantic-Congo,Tiv,0.6843445401122442,0.03025906468908173,0.2838324713196196,0,0.0015639238790547,0,0.6180081555437097
tlin1245,NA,Tlingit,0.6356183592913965,0.10102427660779356,0.1789916083749888,0.08436575572582107,0,0,0.47641833609379747
toab1237,Austronesian,To'abaita,0.936695497751503,0,0.06330450224849701,0,0,0,0.7471879160067632
toba1269,NA,Toba,0.7318243972484358,0.06435615011056876,0.20381945264099535,0,0,0,0.7206574903019058
toca1235,Tupian,Tocantins Asurini,0.7528726365687264,0.04009745556109475,0.05212027447563273,0.13321888727283349,0,0.02169074612171267,0.4551549754980719
toda1252,Dravidian,Toda,0.6241172371248829,0.03429701842781022,0.3036972989720255,0.01661612441180993,0.02127232106347151,0,0.6749183439308281
toho1245,Uto-Aztecan,Tohono O'odham,0.5685329816684777,0.0465654292612628,0.1704312547058752,0.2144703343643844,0,0,0.616627941175076
toke1240,Austronesian,Tokelau,0.6538438348531801,0.1124969426403912,0.10225460803861908,0.11258846128079264,0,0.01881615318701693,0.38076030974175296
toke1240,Austronesian,Tokelau,0.6538438348531801,0.1124969426403912,0.10225460803861908,0.11258846128079264,0,0.01881615318701693,0.38076030974175296
tokh1242,Indo-European,Tokharian A,0.4699250346753776,0.2399345927974928,0.2901403725271295,0,0,0,0.4630325172822131
tokh1243,Indo-European,Tokharian B,0.6687510413887061,0.29771963900548204,0.03352931960581172,0,0,0,0.5878231266172899
tokp1240,Indo-European,Tok Pisin,0.8976799674369339,0.00189062295248649,0.06937473385145788,0.03105467575912175,0,0,0.5325631198406665
tola1247,Austronesian,Tolaki,0.7761632766018921,0,0.2147099989988551,0,0.0091267243992528,0,0.7006214590276516
tolo1259,NA,Tolowa-Chetco,0.6250868618614996,0.09142740130984026,0.18630516564041788,0.07364773287281534,0,0.02353283831542679,0.44418520383105337
toma1248,Austronesian,Tomadino,0.600224362254011,0.2267326077301082,0.07466720403272348,0,0.0983758259831572,0,0.5159308455943334
tomb1243,Austronesian,Tombulu,0.7204459460206841,0.05695785906614236,0.1892615337763745,0,0.03333466113679895,0,0.7545272180016444
tomi1243,Austronesian,Tomini,0.6384888103486434,0.03013357711808943,0.32440346792706615,0,0.00697414460620104,0,0.7522274120309431
tong1321,Atlantic-Congo,Tonga (Nyasa),0.8363507183640972,0.05843629157174741,0.06812441493239278,0.0370885751317626,0,0,0.6799731581322979
tong1325,Austronesian,Tonga (Tonga Islands),0.7459877572933252,0.11014293587242352,0.01256504358192634,0.03818073305311258,0,0.09312353019921236,0.4807222884972498
tong1325,Austronesian,Tonga (Tonga Islands),0.7459877572933252,0.11014293587242352,0.01256504358192634,0.03818073305311258,0,0.09312353019921236,0.4807222884972498
tong1329,Uto-Aztecan,Tongva,0.30737708816279863,0.4061011725566545,0.18561683650705457,0.01005525662098546,0.03596221640876061,0.05488742974374623,0.5704527494109445
tons1240,Austronesian,Tonsea,0.677042350126189,0.0839561254647624,0.2390015244090487,0,0,0,0.7585503391308086
toor1238,Atlantic-Congo,Tooro,0.39705292388524216,0.10979760227484012,0.17041942547326816,0.3227300483666495,0,0,0.5088202763105028
tore1237,Austronesian,Torete,0.6922695058131852,0.07747215628416815,0.16196848862757793,0,0.06828984927506865,0,0.5694787649975992
torr1261,Indo-European,Torres Strait Creole,0.6066154732683097,0.2576804525321588,0.12138406564655674,0.0143200085529749,0,0,0.6510349849287433
tosk1239,Indo-European,Northern Tosk Albanian,0.680530936499269,0.12038437849106667,0.18595360097482683,0.01313108403483755,0,0,0.6787329687127657
toto1304,Austronesian,Totoli,0.6718540316685586,0.01228444395750833,0.2868744369121573,0,0.02898708746177561,0,0.7286667460090965
touo1238,Touo,Touo,0.601555791256019,0.05353901286525409,0.32103112831023917,0.02387406756848784,0,0,0.5037434549778326
trin1274,Arawakan,Trinitario,0.7805651241687043,0.0894593717610602,0.1099831782841462,8.395516068319e-4,0.01915277417925752,0,0.8089661569926152
trum1247,NA,Trumai,0.6723015768887785,0.15032035025468438,0.14088708862464508,0.03649098423189212,0,0,0.6983769542327499
tsaa1242,Atlantic-Congo,Tsaangi,0,0.6666662850774502,0,0.26666649719188584,5.50850225080111e-7,0.06666666688043876,0.9999999999998224
tsog1243,Atlantic-Congo,Tsogo,0.46064944973069905,0.1083240188918054,0,0.4310265313774954,0,0,0.6607389453906001
tson1249,Atlantic-Congo,Tsonga,0.6832826693702265,0.00533581926838619,0.20737560255704615,0.10400590880434112,0,0,0.2485649833560007
tswa1253,Atlantic-Congo,Tswana,0.5147227358986605,0.01268605709079228,0.1810067547552094,0.051217752942535,0.24036669931280297,0,0.4000331038700729
tuam1242,Austronesian,Tuamotuan,0.7996143620835022,0.11572443179296243,0.055452445029044,0,0,0.02920876109449139,0.7092250521665846
tuam1242,Austronesian,Tuamotuan,0.7996143620835022,0.11572443179296243,0.055452445029044,0,0,0.02920876109449139,0.7092250521665846
tuba1278,Uto-Aztecan,Tübatulabal,0.47200183499776416,0.1791538279842939,0.03636942005705864,0.2334043305219029,0.07907058643898039,0,0.5105770855588551
tuba1279,Uto-Aztecan,Tubar,0.5576238076959809,0.15836126757234864,0.00826037822006388,0.03329571545561714,0.24245883105598945,0,0.8385261906859012
tubu1240,Austronesian,Tubuai,0.8798906913744791,0.08177084415750717,0,0.03833846446801372,0,0,0.8035432852896315
tuca1252,NA,Tucano,0.5367187721126566,0.23796693174293512,0.00256701390876739,0.1696781066072192,0.0420965161614272,0.01097265946699437,0.2267838262508909
tuka1249,Austronesian,Tukang Besi South,0.4357307270064817,0,0.4679976502687128,0,0.0962716227248056,0,0.3866102836638839
tula1253,Austronesian,Tulambatu,0.8134239476043452,0.05016905384987976,0.0909974306059788,0,0.04540956793979617,0,0.6698127252493573
tung1290,Austronesian,Tungag,0.7975131521481418,0.07372010770526588,0.09626798953529708,0.03249875061129512,0,0,0.489702796281453
tupi1239,Tupian,Proto-Tupi-Guarani,0.6267784255637333,0.1101432541867552,0,0.18401569020797257,0,0.07906263004153889,0.3913869121329758
tupi1273,Tupian,Tupinambá,0.5874974478188788,0.25641826750500324,0.0928812388187914,0.06320304585732663,0,0,0.47790969203720896
tupi1274,Tupian,Lingua Geral Paulista,0.6627639459787824,0.11138594624772973,0.06620810719335644,0.04980474087214533,0,0.10983725970798618,0.517408580697872
turu1249,Tai-Kadai,Turung,0.5740369604328697,0.00278538793921433,0.1317268092053516,0.264860349566818,0.026590492855746332,0,0.4412016255567095
tusc1257,NA,Tuscarora,0.8351623087560744,0.05890129231445686,0,0.0801620524650095,0.02577434646445925,0,0.6170940921681665
tuva1244,Austronesian,Tuvalu,0.6987776405513738,0.04441700868330745,0.25607355990629255,7.3179085902617e-4,0,0,0.6750059053067086
tuva1244,Austronesian,Tuvalu,0.6987776405513738,0.04441700868330745,0.25607355990629255,7.3179085902617e-4,0,0,0.6750059053067086
tuyu1244,NA,Tuyuca,0.7224872000654408,0.06153273025109639,0.21598006968346273,0,0,0,0.6511154063311599
tzel1254,NA,Tzeltal,0.41876251149141375,0.155179435361298,0.377817138104426,0,0,0.04824091504286233,0.728416732768516
uabm1237,Austronesian,Uab Meto,0.6554294857551333,0.07659058154313937,0.2372885792442631,0.03069135345746421,0,0,0.5522960679675867
udmu1245,Uralic,Udmurt,0.4744560525792847,0.10322466555998404,0.11836751029036428,0.05374944695164783,0.250202324618719,0,0.5216197648642498
ukra1253,Indo-European,Ukrainian,0.5880591524416273,0.1509554345681711,0.17006446692063182,0.0909209460695698,0,0,0.5924841291588595
ulaw1237,Austronesian,Ulawa,0.6150860322222897,0.04413566501863644,0.07790641490505944,0.06414496918026491,0.19320204633908347,0.00552487233466602,0.5962506777401532
umaj1240,Austronesian,Uma Juman,0.8267834858256502,0.03746556391732168,0.135750950257028,0,0,0,0.9082868480480656
umbu1257,Atlantic-Congo,Umbundu,0.7777017495399337,0.0806353597192041,0.1416628907408623,0,0,0,0.7220867897195881
umbu1258,Nuclear Trans New Guinea,Umbu-Ungu,0.8993324387030628,0.10066756129693726,0,0,0,0,0.46845187245064546
umir1236,Austronesian,Umiray Dumaget Agta,0.8001009471454781,0.05093016451237706,0.0728751500400147,0,0.07609373830213023,0,0.6432420132539749
umpi1239,Pama-Nyungan,Umpila,0.5150128812939051,0.03439063312961081,0.05584308541468374,0.3836806428275897,0.01107275733421075,0,0.3940980618555147
unua1237,Austronesian,Unua,0.610439907926324,0.04804394278259254,0.2855397095042387,0.05597643978684483,0,0,0.5731783322581677
unua1237,Austronesian,Unua,0.610439907926324,0.04804394278259254,0.2855397095042387,0.05597643978684483,0,0,0.5731783322581677
uppe1274,Algic,Upper Michigan-Wisconsin Chippewa,0.713525120687718,0.1331305356495513,0.06903120062436174,0.08431314303836908,0,0,0.3846632744541192
urak1238,Austronesian,Urak Lawoi',0.6908919368382697,0.01424195587573869,0.1635792957414246,0,0.131286811544567,0,0.7242393576962323
urav1235,Austronesian,Ura (Vanuatu),0.87616256978904,0.05819578344039009,0.02418075309168412,0.00215939183124545,0,0.03930150184764029,0.6347076921335484
urdu1245,Indo-European,Urdu,0.5636076142075901,0.11921682253174848,0.15522543794272728,0.16195012531793415,0,0,0.6324353954885646
urip1239,Austronesian,Uripiv-Wala-Rano-Atchin,0.6776541373248244,0.07591094412307951,0.17213945074328785,0.0720319389209794,0,0.00226352888782886,0.4433448329984936
usar1243,Nuclear Trans New Guinea,Usarufa,0.6345187510347919,0.03864853037157484,0.11965647657043592,0.16794266254735385,0,0.0392335794758436,0.4955132726034591
utee1244,Uto-Aztecan,Ute,0.5848274137800298,0.1604937807392079,0.1274442622796283,0.12723454320113406,0,0,0.2537886993832288
utee1244,Uto-Aztecan,Ute,0.5848274137800298,0.1604937807392079,0.1274442622796283,0.12723454320113406,0,0,0.2537886993832288
utee1244,Uto-Aztecan,Ute,0.5848274137800298,0.1604937807392079,0.1274442622796283,0.12723454320113406,0,0,0.2537886993832288
utes1238,Uto-Aztecan,Ute-Southern Paiute,0.6595029834771111,0.12902604014286231,0.08544129888325729,0.07392753511150403,0.05210214238526532,0,0.4859676985815418
vaoo1237,Austronesian,Vao,0.7605346921077227,0.0991641168035622,0,0.14030119108871494,0,0,0.5614458632655588
vari1239,Austronesian,Varisi,0.8279636594937045,0.13488631245034446,0,0.03182254887626788,0,0.00532747917968299,0.6154288391949888
vend1245,Atlantic-Congo,Venda,0.7061126716929519,0.05209023942526476,0.1368198163279249,0.1025815627589346,0.00239570979492392,0,0.5624850570769955
veps1250,Uralic,Veps,0.6196379568789193,0.38036204312108074,0,0,0,0,0.5688616549437773
vera1241,Austronesian,Vera'a,0.6880487523064152,0.14644109533419766,0.14956471474742689,0.01594543761196038,0,0,0.6275258950677278
vili1238,Atlantic-Congo,Vili,0.08333301647512911,0.833330328965972,0,0.08333301647512911,3.638083769586294e-6,0,0.9999999999950367
vinm1237,Austronesian,Neve'ei,0.6737561511359237,0.11810670553313755,0.00992230800373614,0.19821483532720272,0,0,0.3663256130603357
vinm1237,Austronesian,Neve'ei,0.6737561511359237,0.11810670553313755,0.00992230800373614,0.19821483532720272,0,0,0.3663256130603357
vlax1238,Indo-European,Vlax Romani,0.5118146389982187,0.3936466974426966,0.08944570595542095,0.00509295760366384,0,0,0.6665134978148024
vure1239,Austronesian,Vurës,0.8211950545399718,0.07578978021683831,0,0.0581142965758782,0,0.04490086866731181,0.5226129669488867
waff1241,Nuclear Trans New Guinea,Waffa,0.5934736482726338,0.18286862644622492,0.01121532381686866,0.2124424014642726,0,0,0.38122078821541694
waga1260,Pama-Nyungan,Wagaya,0.6353928839908456,0.13545490472398591,0.08541341784960743,0.143738793435561,0,0,0.39692371947883626
waia1242,Austronesian,Waia (Bungku),0.7662889366768298,0.12775074877359585,0.04991166553707105,0,0.05604864901250333,0,0.5200412490267434
wail1244,NA,Eel River Athabaskan,0.33434675104201245,0.2882035458107594,0.01568779097586628,0.07829119942778223,0.2834707127435796,0,0.28454479874401867
waim1253,Cariban,Waimiri-Atroari,0.6912758136758107,0.16602825192508006,0.02917893125776948,0.1135170031413397,0,0,0.39966289478219497
waim1255,NA,Waimaha,0.4096373383817856,0.21911625785311253,0.11783171815682694,0.01203332918474594,0.24138135642352893,0,0.40414137003074063
waiw1244,Cariban,Waiwai,0.8296482646043005,0.0187088178820887,0.1377163247495189,0.01392659276409189,0,0,0.793636086092324
waja1257,Pama-Nyungan,Wajarri,0.546648470985043,0.2661774635496054,0.00203883253615301,0.17186225560761068,0.01327297732158797,0,0.4864508169860127
wall1255,Indo-European,Walloon,0.6168195898193277,0.06834912897942892,0.3148312812012434,0,0,0,0.7591091832370477
wall1257,Austronesian,East Uvean,0.7125058494703114,0.14381545249445538,0,0.1293211173676949,0,0.01435758066753846,0.4588981460697949
wamb1258,NA,Wambayan,0.4544228886996801,0.3571746660132641,0.03795344646400356,0.15044899882305232,0,0,0.524385971236638
wang1287,Sino-Tibetan,Wang-The,0.8315757828191465,0.05389473536370135,0.06302025885620853,0.04826931683985933,0.00323990612108443,0,0.6762629237222453
wang1288,Pama-Nyungan,Wangkajunga,0.5952734771581797,0.13430043610895773,0.25981289162039933,0.00855153972381114,0.00206165538865208,0,0.6410215479796112
wang1290,Pama-Nyungan,Wangganguru,0.5876435787649739,0.15041293190273206,0.22048465780210288,0.0414588315301912,0,0,0.5321579426142031
wang1290,Pama-Nyungan,Wangganguru,0.5876435787649739,0.15041293190273206,0.22048465780210288,0.0414588315301912,0,0,0.5321579426142031
wang1291,Pama-Nyungan,Ngiyambaa,0.4421766566596758,0.0651155472075404,0.4830246703011736,0.0096831258316102,0,0,0.7359862199724568
wanm1242,Pama-Nyungan,Wanman,0.3283285194304167,0.43173090970375905,0.23629738253388857,0,0.00364318833193558,0,0.6384212576414757
waor1240,NA,Waorani,0.6720765106148678,0.05184738682191097,0.2510929551456052,0.02498314741761581,0,0,0.6740080948580042
wapi1253,Arawakan,Wapishana,0.7624258695946612,0.06615583606893573,0.1665882622108493,0.00370967337822007,0.00112035874733361,0,0.678932857813703
wapp1239,NA,Wappo,0.3073959228160507,0.22960593909123644,0,0.0342404112819351,0.3704166247508997,0.05834110205987805,0.2329668500417136
wari1268,NA,Wari',0.21954772156888308,0.4634087131488717,5.416598566439269e-9,0.2926493685802153,0.02439419128543145,0,1
warl1254,Pama-Nyungan,Warlpiri,0.6176222492667328,0.10572276808464316,0.17837530722765954,0.09827967542096454,0,0,0.41079368656672544
warl1254,Pama-Nyungan,Warlpiri,0.6176222492667328,0.10572276808464316,0.17837530722765954,0.09827967542096454,0,0,0.41079368656672544
warl1255,Pama-Nyungan,Warlmanpa,0.628727401342211,0.00969941171651575,0.26737639677432984,0.09419679016694352,0,0,0.5202456891620836
waro1242,Austronesian,Waropen,0.6007480903148461,0.01674074525891823,0.3034454543531651,0,0.0790657100730706,0,0.6100652385498355
warr1257,Pama-Nyungan,Warrnambool,0.5224569095021246,0.11722267066673152,0.0679749540697872,0.2923454657613567,0,0,0.33657916382182984
waru1264,Pama-Nyungan,Warrongo,0.46612342327719,0.13720272664561914,0,0.39649201899813546,0,1.8183107905544e-4,0.35509802520484346
waru1265,Pama-Nyungan,Warumungu,0.6010153729119084,0.07200774320019625,0.20837996410385531,0.11859691978403984,0,0,0.48203753625558665
waru1266,Austronesian,Waru,0.7785457377318065,0.12173780520748782,0,0,0.09971645706070568,0,0.5791784707867534
wata1253,Lower Sepik-Ramu,Watam,0.8007921285681455,0.15153701098680616,0,0.04285086595853951,0,0.00481999448650879,0.6169793686545553
wath1238,Pama-Nyungan,Wathawurrung,0.1812515225821812,0.5590408676183448,0.24485175238477563,0,0.01485585741469843,0,0.6096292604332176
watu1246,Austronesian,Watut,0.77139508605346,0,0.17757936995573723,0.03755172726980335,0.01347381672099943,0,0.32055606726770963
waur1244,Arawakan,Waurá,0.6483040772105155,0.07947226884100904,0.2493654132854578,0.02285824066301759,0,0,0.6674748728226624
wawo1239,Austronesian,Wawonii,0.707556623503289,0.02780578155839889,0.26322815090794616,0,0.00140944403036619,0,0.7272559225323169
waya1270,Tupian,Wayampi,0.43634585804175174,0.200920612977474,0.0836233442089122,0.17675627893128024,0,0.10235390584058188,0.3434126436097321
wayu1243,Arawakan,Wayuu,0.8658892409387878,0.0301184020107042,0.08508128810364642,0.01693178827754266,0.00197928066931886,0,0.7560731364950946
weda1240,Austronesian,Weda,0.6167730707203972,0.24815971291176023,0.13506721636784252,0,0,0,0.6714509253978783
wels1247,Indo-European,Welsh,0.5979008663065072,0.17619915130135222,0.22589998239214065,0,0,0,0.7097047537321564
wers1238,NA,Wersing,0.8184180259498177,0.02663676445467371,0,0,0.15494520959550853,0,0.6776572118665551
west1508,NA,Western Low Navarrese,0.7440832148816122,0.06139973107116711,0.1945170540472207,0,0,0,0.6626704709787685
west2369,Indo-European,Western Farsi,0.3600422143706233,0.2100425235944219,0.31862133862477654,0.11129392341017828,0,0,0.6020952879741008
west2386,Indo-European,Western Panjabi,0.7425355517292883,0.06173361467375143,0.1756071737191487,0.0201236598778115,0,0,0.7031466060119643
west2392,Uralic,Western Mari,0.5707028067278029,0.1576096702204072,0.04390138698602351,0.00850933472820812,0.2192768013375584,0,0.5920118880172828
west2515,Austronesian,West Futuna,0.9320148640257035,0.01871354262226827,0,0.03894233428886919,0,0.01032925906315879,0.31948212137664667
west2555,Austronesian,Western Bukidnon Manobo,0.8336300535143631,0.08586683812434938,0.02512901527278864,0,0,0.05537409308849895,0.5443070558494469
west2559,Austronesian,Western Tawbuid,0.695585587044903,0.02195214663292917,0.27848778956294234,0,0.00397447675922546,0,0.8022936230192923
west2560,Austronesian,West Coast Bajau,0.7465040774581286,0.03071921502541619,0.2196214121643971,0,0.00315529535205798,0,0.7930248521739802
west2594,Nuclear Trans New Guinea,Western Dani,0.6865784566675803,0.03422541860084936,0.00880240241623486,0.2116091608611189,0,0.0587845614542167,0.409099004178082
west2599,Nuclear Trans New Guinea,West Kewa,0.7405110017412669,0.06130231855034946,0.1033671796685622,0.09481950003982131,0,0,0.48554678142562113
west2615,NA,Western Apache,0.41587068872403377,0.09593141813595348,0.11174329419943262,0.3764545989405801,0,0,0.22167863015938852
west2618,NA,Western Canadian Inuktitut,0.4872964950787466,0.04979217396174388,0,0.00345861423881675,0.45945271672069266,0,0.8172089130406659
west2622,Uto-Aztecan,Western Shoshoni,0.25,0.15,0.2,0.05,0.35,0,NA
west2632,NA,Western Keres,0.6712025370195563,0.15737864373090135,0.07512161513601578,0.09629720411352656,0,0,0.5902866712733937
whit1269,Austronesian,Whitesands,0.8581139655314429,0.00279817932410113,0.1390878551444561,0,0,0,0.3747678915631139
wich1264,NA,Wichí Lhamtés Güisnay,0.6457589223589435,0.14032596549739604,0.2139151121436604,0,0,0,0.6655382696308101
wikm1247,Pama-Nyungan,Wik-Mungkan,0.46250308929408207,0.02068298321641536,0.10897174311664638,0.30261965211920433,0.1052225322536518,0,0.3252485446243352
winn1245,NA,Winnebago-Chiwere,0.5046191099546867,0.30448701131125144,0,0.19089387873406183,0,0,0.29164673077107117
wipi1242,NA,Wipi,0.6374650543980551,0.16814993642464185,0.0072709618267866,0.05248765803681856,0.13462638931369775,0,0.6693426986482949
wira1262,Pama-Nyungan,Wiradhuri,0.651285910842887,0.06585448554919267,0.27569099780105555,0.00716860580686467,0,0,0.7256686054253498
wira1265,Pama-Nyungan,Wirangu,0.6299857904265836,0.2116181691121067,0.1528554697016919,0.00554057075961772,0,0,0.4687035761941457
wiwi1237,Austronesian,Wiwirano,0.7785482981990887,0.12173760791824031,0,0,0.099714093882671,0,0.5791784707851741
wiyo1248,Algic,Wiyot,0.786772501409961,0.05843415493556699,0.12878487842825306,0.02600846522621901,0,0,0.7971606435606358
woge1237,Austronesian,Wogeo,0.8500022632126748,0.0459224260365593,0,0.09821285372955071,0,0.00586245702121507,0.613525380551988
woiw1237,Pama-Nyungan,Woiwurrung-Thagungwurrung,0.46971633830126874,0.11079416052175242,0.11585098153198124,0.30363851964499766,0,0,0.3370440780147654
wole1240,Austronesian,Woleaian,0.654723781908818,0.2450596233589042,0.1002165947322778,0,0,0,0.6146579872114335
woli1241,Austronesian,Wolio,0.39275913668770834,0.04160343892426917,0.5297335832142386,0,0.03590384117378393,0,0.7494993410006429
wong1246,Pama-Nyungan,Wangkumara,0.6802656983600509,0.0451047272720959,0.11828277172466976,0.10899872249942424,0.04734808014375912,0,0.7123129415400908
wood1236,Algic,Woods Cree,0.7958477000768696,0.07120295234194722,0.06083327614445637,0.07211607143672684,0,0,0.3646133464289373
wulg1239,Pama-Nyungan,Wulguru,0.6065152521159979,0.06647981986335294,0.32700492802064923,0,0,0,0.555378354074498
wuvu1239,Austronesian,Wuvulu-Aua,0.7389006410982043,0.1592012819087971,0,0,0,0.10189807699299872,0.5062838481453952
wyan1247,NA,Huron-Wyandot,0.6660144707024404,0.2194550940100863,0,0.1137399017215969,0,7.9053356587642e-4,0.48834745274481994
xara1244,Austronesian,Xârâcùù,0.6752641311275553,0.06554679550744072,0.15548769343317412,0.09313533864571252,0.01056604128611729,0,0.4696038937597325
xibe1242,NA,Xibe,0.315112262812493,0.33807094550816774,0.3032542680421553,0.04356252363718403,0,0,0.4096251697496969
yabe1254,Austronesian,Yabem,0.7527161874482299,0.18230814815643373,0.06497566439533654,0,0,0,0.5144943899872975
yadh1237,Pama-Nyungan,Yadhaykenu,0.44352024926836053,0.09902491732074815,0,0.05054864102548077,0.4069061923854106,0,0.41770262941941005
yagw1240,Angan,Yagwoia,0.668305963780111,0.3086816817756811,0,0.02301235444420795,0,0,0.64586357655225
yaka1269,Atlantic-Congo,Yaka-Pelende-Lonzo,0.6904682366439888,0.1004174438119956,0.1762147598733244,0.0328995596706912,0,0,0.565580557637431
yaka1272,Atlantic-Congo,Yaka (Central African Republic),0.7658198161971972,0.01679165406781545,0.1702222306495699,0.04716629908541749,0,0,0.6784501785381122
yaka1277,Austronesian,Yakan,0.6761686104001722,0.04081462065472067,0.28301676894510713,0,0,0,0.6960917908144351
yaki1237,NA,Northwest Sahaptin,0.5783674413956442,0.0774941855591369,0.18302824945504328,0.15794320698616893,0,0.00316691660400662,0.4073241542183474
yala1262,Pama-Nyungan,Yalarnnga,0.7434005867952902,0.02062858079393794,0.20632700687664163,0.02645860981983669,0.00318521571429368,0,0.6258620454600514
yala1262,Pama-Nyungan,Yalarnnga,0.7434005867952902,0.02062858079393794,0.20632700687664163,0.02645860981983669,0.00318521571429368,0,0.6258620454600514
yali1257,Nuclear Trans New Guinea,Yalic,0.7272514420792495,0.15305133549804362,0.01158624585368661,0.10365857221646466,0.00445240435255558,0,0.6094521507127679
yama1264,NA,Yámana,0.6750673953918026,0.0870317581549294,0.2379008464532681,0,0,0,0.735647128890646
yamd1240,Austronesian,Yamdena,0.15,0.1,0.05,0.1,0,0.6,NA
yami1254,Austronesian,Yami,0.3767813577931183,0.04367212375124438,0.20991434409809193,0.36104842051440533,0.00858375384313994,0,0.6383087080465787
yand1253,Pama-Nyungan,Yandruwandha,0.7127684884482629,0.06419825372513266,0.12400877393432463,0.09902448389227984,0,0,0.3887559105553964
yand1253,Pama-Nyungan,Yandruwandha,0.7127684884482629,0.06419825372513266,0.12400877393432463,0.09902448389227984,0,0,0.3887559105553964
yano1262,NA,Yanomám,0.7732598263554741,0.11923791952509828,0,0.10750225411942764,0,0,0.8175146210169991
yans1239,Atlantic-Congo,Yansi,0.3625822398521909,0.4057021322128767,0.1605379226420909,0.04142285548731959,0,0.02975484980552189,0.6271819138031056
yany1243,Pama-Nyungan,Yanyuwa,0.6943126638914909,0.05035077398734811,0.15168028729223984,0.10365627482892108,0,0,0.5517781627346676
yaoo1241,Atlantic-Congo,Yao,4.6029205976723256e-10,0,0.0714285718231075,0.21428571408844627,0.7142857136281543,0,0.553842287365625
yaqu1251,Uto-Aztecan,Yaqui,0.3897629442803039,0.07011428618962516,0.04840250278249264,0.19341611353739604,0.2983041532101823,0,0.2820687699124235
yaqu1251,Uto-Aztecan,Yaqui,0.3897629442803039,0.07011428618962516,0.04840250278249264,0.19341611353739604,0.2983041532101823,0,0.2820687699124235
yavi1244,Arawakan,Yavitero,0.665600834797868,0.01342569423613856,0.3209734709659934,0,0,0,0.795257510982535
yele1255,Yele,Yele,0.6472626702286597,0.20083988318707272,0,0.15189744658426768,0,0,0.21845426213407793
yelm1242,NA,Yelmek,0.5818226720904659,0.0678089283095354,0.08724458538909818,0.23568776595244345,0.02743604825845699,0,0.2800456215761044
yeru1240,Dravidian,Yerukula,0.35204942591140387,0.1768233034183287,0.11309432493721246,0.04910034691761656,0.30893259881543844,0,0.42128943534233143
yidi1250,Pama-Nyungan,Yidiñ,0.7082544964383739,0.07669602033041972,0.07947873846743933,0.1355707447637671,0,0,0.49621471794126504
yidi1250,Pama-Nyungan,Yidiñ,0.7082544964383739,0.07669602033041972,0.07947873846743933,0.1355707447637671,0,0,0.49621471794126504
yind1247,Pama-Nyungan,Yindjibarndi,0.4494465318472577,0.2272254978392948,0.1552683596909535,0.16086905852610942,0.00719055209638438,0,0.3152150395752706
yinh1234,Pama-Nyungan,Yinhawangka,0.1852431502595331,0.26543908533921284,0.02037184247388315,0.38627662246761496,0.1426692994597559,0,0.606512225064587
yiry1245,Pama-Nyungan,Yir-Yoront,0.6001428880201711,0.05060066498658675,0.02926928544694189,0.30062298554147593,0.01936417600482429,0,0.4343594047581505
yomb1244,Atlantic-Congo,Yombe,0.37651679200811394,0.07535917184491314,0.25919357940459464,0.28893045674237833,0,0,0.5429104659597861
yort1237,Pama-Nyungan,Yorta Yorta,0.545934296668699,0.16498470850347743,0,0.14221284062812126,0.14686815419970245,0,0.5346722917846491
yuca1254,NA,Yucatec Maya,0.4021498489601502,0.1247451343755971,0.12708913710783387,0.30584919687814716,0,0.04016668267827173,0.3914622397726994
yuga1244,Pama-Nyungan,Yugambal,0.6358184149685304,0.19520154873093096,0.14725827084758766,0.02172176545295087,0,0,0.4437774587640298
yugu1249,Pama-Nyungan,Yugumbir,0.6755686232463002,0.0430494142905113,0.24867918911873657,0.03270277334445198,0,0,0.681678652675257
yuki1243,NA,Northern Yukian,0.5790895346026693,0.00644025271152661,0.2153822107766794,0.14546565072214002,0.05362235118698452,0,0.5029819365771592
yuki1243,NA,Northern Yukian,0.5790895346026693,0.00644025271152661,0.2153822107766794,0.14546565072214002,0.05362235118698452,0,0.5029819365771592
yulp1239,Pama-Nyungan,Yulparija,0.38655502791414736,0.19466803234650265,0.2806579013457819,0.13225318367668676,0.0058658547168812,0,0.3987607299955857
yura1255,NA,Yuracaré,0.47428218384992504,0.22185134671288137,0.2334863627557293,0,0,0.0703801066814643,0.2729049189992528
yuro1248,Algic,Yurok,0.41036651416125475,0.22648342475896863,0.2728027409297384,0,0,0.09034732015003834,0.5347190271379909
yuwa1244,NA,Hoti,0.538775979120988,0.14608782066808262,0.00639977859084583,0.02309078772234677,0.28564563389773684,0,0.5937342694539856
zaba1237,Austronesian,Zabana,0.5724675557699112,0.03531784229411227,0.3427535551925153,0,0.04946104674346136,0,0.6315423682225296
zigu1242,Atlantic-Congo,Zigula,0.6566785309160866,0.04320903440289702,0.22745488437828895,0.05514760235785947,0.01750994794486799,0,0.5368748264200148
zinz1238,Atlantic-Congo,Zinza,0.7917474427439829,0.168762813014541,0.03948974424147594,0,0,0,0.6631962482135136
zulu1248,Atlantic-Congo,Zulu,0.6843652552319117,0.07904863595741266,0.14710384582941702,0.08948226298125872,0,0,0.3953936556123735
zulu1248,Atlantic-Congo,Zulu,0.6843652552319117,0.07904863595741266,0.14710384582941702,0.08948226298125872,0,0,0.3953936556123735
zuni1245,NA,Zuni,0.6266680052105452,0.1518852225782495,0.1756154729311394,0.04583129928006579,0,0,0.6392630674489684
