language,family,code,true_value,simulated_mean,sd,z
Old Russian,Indo-European,oldr1238,0.584577922077922,0.7469463068181819,0.03072569077641797,-5.284450264170395
Wichí Lhamtés Güisnay,,wich1264,0.8819444444444444,0.8819444444444444,0.0,
Paicî,Austronesian,paic1239,0.8884920634920634,0.9351974702380953,0.013440398739205231,-3.4750015719246194
Wolio,Austronesian,woli1241,0.625,0.625,0.0,
Middle High German,Indo-European,midd1343,0.5136283469616805,0.735257635882636,0.02718606183490865,-8.152313132620383
Mono (USA),Uto-Aztecan,mono1275,0.7916666666666669,0.7916666666666666,1.4148266844381744e-16,1.5694120514358612
Turung,Tai-Kadai,turu1249,0.5885416666666666,0.5885416666666666,0.0,
Gothic,Indo-European,goth1244,0.7678571428571428,0.7758452380952382,0.0028742967744465543,-2.7791476889624636
Central Tagbanwa,Austronesian,cent2090,0.8904761904761905,0.8723446428571429,0.0075932991022130076,2.3878352972772237
Tzeltal,,tzel1254,0.8256209150326799,0.8276089869281047,0.017266394771742178,-0.11514111206807703
Digo,Atlantic-Congo,digo1243,0.8758838383838384,0.8702442054473305,0.012181746203845925,0.46295767799918797
Udmurt,Uralic,udmu1245,0.8833333333333333,0.8833333333333331,2.220446049250313e-16,1.0
Old Prussian,Indo-European,prus1238,0.65625,0.65625,0.0,
Frisian,Indo-European,fris1239,0.938095238095238,0.8833680555555555,0.01413473232402882,3.8718230586260987
Wiwirano,Austronesian,wiwi1237,0.8125,0.8125,0.0,
South Efate,Austronesian,sout2856,0.8074156746031746,0.8074156746031744,2.1944815577583228e-16,1.0118317200708276
Huasteca Nahuatl,Uto-Aztecan,huas1257,1.0,1.0,0.0,
Cayuga,,cayu1261,0.7305555555555556,0.7305555555555558,2.2739253977848196e-16,-0.976481485018548
Yindjibarndi,Pama-Nyungan,yind1247,0.8117559523809523,0.8231294642857142,0.01353289091113451,-0.8404347585041161
Kunimaipa,Goilalan,kuni1267,0.8666666666666667,0.8666666666666669,2.220446049250313e-16,-1.0
Hiligaynon,Austronesian,hili1240,0.8333333333333334,0.8583072916666667,0.004966999932016588,-5.02797637913275
North Marquesan,Austronesian,nort2845,0.6318336425479282,0.6294793444650588,0.03302132271001085,0.07129629856273499
Koroni,Austronesian,koro1311,0.825,0.8249999999999997,2.220446049250313e-16,1.0
Tadyawan,Austronesian,tady1237,0.763888888888889,0.7698350694444444,0.008384243900909036,-0.7092089192336957
Klon,Timor-Alor-Pantar,kelo1247,,,,
Pintupi-Luritja,Pama-Nyungan,pint1250,0.7982638888888889,0.8340397569444444,0.01179075389367129,-3.0342307521793255
Mohegan-Montauk-Narragansett,Algic,mohe1244,0.8103219696969697,0.8103219696969699,2.1181705310112557e-16,-1.0482848367219182
Bontok,Austronesian,bont1247,0.8430555555555556,0.8821951388888888,0.00919946727838186,-4.254548893859176
Rakahanga-Manihiki,Austronesian,raka1237,0.5104166666666666,0.5104166666666667,8.649770313687834e-17,-1.2835289081240497
Sibe,South Bougainville,sibe1248,0.790625,0.7906250000000002,2.896171627130424e-16,-0.7666831718292775
Southeast Babar,Austronesian,sout2883,0.7625,0.7624999999999998,1.1102230246251565e-16,1.0
Grass Koiari,Koiarian,gras1249,0.70995670995671,0.6985827922077922,0.008602443433548296,1.3221729194476513
Northern Kurdish,Indo-European,nort2641,0.6121031746031745,0.8169117559523809,0.021239791441083847,-9.642683258793577
Waiwai,Cariban,waiw1244,0.8125,0.810061755952381,0.0019897913163275764,1.2253767656998102
Tomadino,Austronesian,toma1248,0.9375,0.9375,0.0,
Avar,Nakh-Daghestanian,avar1256,0.8085227272727273,0.7756620738636364,0.006301010823969326,5.215139971524498
Dhuwal,Pama-Nyungan,dhuw1249,0.8356481481481483,0.7860155423280424,0.009488450877594009,5.230843944959246
Kilivila,Austronesian,kili1267,0.6458333333333333,0.6458333333333333,7.160723346098896e-17,0.0
Boano (Sulawesi),Austronesian,boan1243,0.7321428571428572,0.7476516955266955,0.0031943790768695014,-4.855040059627806
Budza,Atlantic-Congo,budz1238,0.8,0.8000000000000002,1.1102230246251565e-16,-1.0
Bo-Ung,Nuclear Trans New Guinea,boun1245,0.85,0.8499999999999998,2.2616962511116515e-16,0.981761387347632
Guugu Yimidhirr,Pama-Nyungan,gugu1255,0.8187334656084655,0.8337832589285714,0.017956266264090668,-0.8381360077179756
Nivaclé,,niva1238,0.8550000000000001,0.8492841666666666,0.004925988268019617,1.1603424576630992
Nepali,Indo-European,nepa1254,0.8878787878787876,0.8932287878787878,0.017312349159636337,-0.30902796325721577
Tocantins Asurini,Tupian,toca1235,0.7335416666666668,0.7904472916666666,0.012103175861269615,-4.70171016700657
Tonga (Nyasa),Atlantic-Congo,tong1321,0.8777777777777778,0.8866277777777779,0.003865534037498802,-2.2894637362258328
Warlpiri,Pama-Nyungan,warl1254,0.7333002645502645,0.7568602843915344,0.011125551689307154,-2.117649578125063
Oneida,,onei1249,0.6395833333333334,0.6395833333333336,2.2589696723613666e-16,-0.9829463743659809
Big Nambas,Austronesian,bign1238,0.8657421943136231,0.854549136577708,0.014871741084984756,0.7526393629335116
Nahavaq,Austronesian,sout2857,0.925,0.9250000000000003,2.220446049250313e-16,-1.0
Jaru,Pama-Nyungan,jaru1254,0.6654761904761906,0.6681113095238095,0.023219616840543585,-0.11348675844718367
Tongva,Uto-Aztecan,tong1329,0.9727272727272728,0.9624272727272728,0.017128129200743303,0.6013499711079358
Tabla,Sentanic,tabl1243,0.8611111111111112,0.8632638888888889,0.0157302014008439,-0.13685633914784387
Rotuman,Austronesian,rotu1241,0.8363944215506715,0.837217472718254,0.013667368723553374,-0.06022016265384971
Sogeram,Nuclear Trans New Guinea,soge1235,0.8200000000000001,0.789655,0.012861389893786759,2.3593873018855844
Northeast Maidu,,nort2952,0.744047619047619,0.7396630952380953,0.011430587061836809,0.3835781824506868
Pumé,,pume1238,0.660515873015873,0.6983714533730158,0.00934463339758446,-4.051050345851795
Duala,Atlantic-Congo,dual1243,0.7841666666666667,0.8339972321428571,0.009721582402512278,-5.1257669186976305
Gunya,Pama-Nyungan,guny1241,0.7291666666666666,0.7291666666666665,1.4161328795319812e-16,0.7839822382996113
Ingrian,Uralic,ingr1248,0.8485449735449734,0.850540013227513,0.005665749124701335,-0.35212284176893105
Kuot,,kuot1243,0.8384920634920635,0.8694508928571429,0.016070085792609153,-1.9264881198903
Motu,Austronesian,motu1246,0.47916666666666663,0.47916666666666674,1.1102230246251565e-16,-1.0
Netsilik,Eskimo-Aleut,nets1241,0.7972049689440992,0.8105172360248446,0.01195188214400124,-1.1138218165435096
Nogai,Turkic,noga1249,0.9253472222222222,0.9661008680555556,0.00804995974037829,-5.062590018794091
Cimbala-Cizali,Atlantic-Congo,sans1272,0.8350877192982458,0.8041748313090418,0.00922471597800763,3.3510937423875697
Letemboi-Repanbitip,Austronesian,lete1241,0.4469696969696969,0.446969696969697,9.18873053048877e-17,-1.208244186660354
Naman,Austronesian,litz1237,0.7043650793650793,0.7810996031746031,0.028052053076371646,-2.735433431578583
Slovak,Indo-European,slov1269,0.8006944444444445,0.7856480902777778,0.011452594984357184,1.313794313622206
Warrnambool,Pama-Nyungan,warr1257,0.8204365079365079,0.8204365079365079,0.0,
Kómnjo,,komn1238,0.7808531746031745,0.8106560515873016,0.013378801387862996,-2.227619359919919
Ngulu,Atlantic-Congo,ngul1246,0.7944444444444444,0.8142833333333332,0.013979657840352658,-1.4191254975943233
Meskwaki,Algic,mesk1242,0.6364267676767676,0.6364267676767674,2.220446049250313e-16,1.0
Slovenian,Indo-European,slov1268,0.8009259259259259,0.7849601851851852,0.006214099636596824,2.5692765926560606
Shila,Atlantic-Congo,shil1264,0.8402777777777778,0.8502604166666667,0.009590839869898631,-1.0408513773877095
Nyakyusa-Ngonde,Atlantic-Congo,nyak1260,0.7876093813593813,0.7803253147893772,0.016161778538309073,0.45069709083925047
Riantana,,rian1263,,,,
Shi,Atlantic-Congo,shii1238,0.7560538419913421,0.7542564765963204,0.010067985961511403,0.17852283484429907
Umpila,Pama-Nyungan,umpi1239,0.7728174603174605,0.8608140873015873,0.025434610788864866,-3.459719817008218
Vili,Atlantic-Congo,vili1238,,,,
Southern Kiwai,Kiwaian,sout2949,0.8354166666666667,0.8354166666666669,2.220446049250313e-16,-1.0
Cheyenne,Algic,chey1247,0.5785308441558441,0.5785308441558443,1.8527756293938588e-16,-1.1984430354239595
Miani,Nuclear Trans New Guinea,mian1254,0.5696800595238095,0.5696800595238096,1.1102230246251565e-16,-1.0
Djambarrpuyngu,Pama-Nyungan,djam1256,0.8189709595959596,0.7705138043380231,0.02011022095201291,2.4095784612991142
Avestan,Indo-European,aves1237,0.46875,0.6811734375000001,0.035095771247416016,-6.052678996636672
Yelmek,,yelm1242,0.675,0.6750000000000002,1.1102230246251565e-16,-1.0
Unua,Austronesian,unua1237,0.5423469387755102,0.7274492346938776,0.035728219938327914,-5.180842936980369
Luangiua,Austronesian,onto1237,0.6805555555555557,0.6802680555555555,0.030410598424361498,0.00945394089219586
Madak linkage,Austronesian,mada1284,0.6598290598290598,0.7604735042735044,0.040846398720165634,-2.4639735104665896
Omaha-Ponca,,omah1247,0.682315947940948,0.682315947940948,2.482534153247273e-17,0.0
Eastern Pahari,Indo-European,east1436,0.8645833333333334,0.8645833333333335,1.1102230246251565e-16,-1.0
Laiwui,Austronesian,laiw1239,0.7875000000000001,0.7874999999999998,3.2971941632359275e-16,1.0101525445522108
Sindhi,Indo-European,sind1272,0.7292658730158731,0.8255488591269841,0.017234221151593437,-5.586732656161191
Kickapoo,Algic,kick1244,0.6256578947368421,0.6256578947368421,0.0,
Northern Gondi,Dravidian,nort2702,0.8020833333333334,0.8020833333333335,1.1102230246251565e-16,-1.0
Avá-Canoeiro,Tupian,avac1239,0.8541666666666666,0.8541666666666665,1.9386032745973262e-16,0.57269222598201
Martu Wangka,Pama-Nyungan,mart1256,0.7874007936507935,0.7713916418650795,0.011537171177097924,1.3876150002431544
Port Sandwich,Austronesian,port1285,0.7004329004329004,0.7394818736818736,0.02159531392722223,-1.8082151239185975
Tokharian A,Indo-European,tokh1242,0.5416666666666666,0.5416666666666667,1.1102230246251565e-16,-1.0
Mairasi,Mairasic,nucl1594,0.8333333333333334,0.8340833333333334,0.00972677472777788,-0.07710675131173403
Trinitario,Arawakan,trin1274,0.75,0.75,0.0,
Ute-Southern Paiute,Uto-Aztecan,utes1238,0.7604008838383838,0.760400883838384,1.9481171708117845e-16,-1.1397908105933117
Andi,Nakh-Daghestanian,andi1255,0.9405303030303033,0.8524414772727275,0.013796715217604439,6.384767995006199
Mohawk,,moha1258,0.5513392857142858,0.5513392857142857,4.198346204284728e-17,2.6444294267397255
Kagulu,Atlantic-Congo,kagu1239,0.9347222222222222,0.9100774305555555,0.01078745444011916,2.28457898046933
Warumungu,Pama-Nyungan,waru1265,0.8080357142857143,0.8047516741071429,0.0148746801036756,0.22078055835028831
Lardil,,lard1243,0.8400793650793651,0.9102483630952382,0.018502720749451324,-3.7923610784621413
Northern Haida,,nort2938,0.78125,0.78125,0.0,
Hid,Nakh-Daghestanian,hidd1238,0.8438568376068375,0.8138559294871796,0.005468027130438456,5.48660557162457
Tajik,Indo-European,taji1245,0.7250000000000001,0.7249999999999998,2.6633785257013446e-16,1.250542888190633
Moni,Nuclear Trans New Guinea,moni1261,0.6687500000000001,0.6687499999999998,1.2029408643049722e-16,1.84584805050515
Sangtam Naga,Sino-Tibetan,sang1321,0.85,0.8499999999999998,2.220446049250313e-16,1.0
North Tanna,Austronesian,nort2847,0.9339285714285713,0.9320505952380953,0.012300121160390236,0.15267948713575485
Niuean,Austronesian,niue1239,0.638888888888889,0.6263390467171717,0.003229528549727221,3.8859672483085173
Lamaholot,Austronesian,lama1277,,,,
Dharumbal,Pama-Nyungan,dhar1248,0.85,0.8499999999999998,3.159750121719031e-16,0.7027283689263065
Lahnda,Indo-European,lahn1241,0.7116666666666667,0.8850807440476189,0.02266493173896237,-7.651206691385844
Tonga (Tonga Islands),Austronesian,tong1325,0.7956228956228957,0.8033273200757576,0.011097020364045057,-0.694278662209601
Tswana,Atlantic-Congo,tswa1253,0.7336525974025975,0.8421950716991341,0.014500890948011111,-7.485227955005338
Au,Nuclear Torricelli,auuu1241,0.7648809523809523,0.7648809523809524,1.1102230246251565e-16,-1.0
Wipi,,wipi1242,0.9404761904761905,0.9404761904761902,2.220446049250313e-16,1.0
Awetí,Tupian,awet1244,0.7148809523809524,0.7785204695767195,0.028022067581726623,-2.2710500219215395
Bindal-Mount Elliot,Pama-Nyungan,bind1236,0.775,0.7750000000000002,2.220446049250313e-16,-1.0
Woods Cree,Algic,wood1236,0.7998737373737373,0.7998737373737372,2.0811870189219222e-16,0.5334566353389347
Pilagá,,pila1245,0.6705840455840454,0.6801235754985755,0.003345782553689559,-2.851210370503726
Akkadian,Afro-Asiatic,akka1240,0.79375,0.7937499999999998,1.1102230246251565e-16,1.0
Chokwe,Atlantic-Congo,chok1245,0.8905067155067155,0.8689682329822955,0.009210363225350404,2.3385052247600693
Gane,Austronesian,gane1237,0.6824765376235963,0.7126030976359561,0.00782377245993827,-3.850643684568187
Rennell-Bellona,Austronesian,renn1242,0.586951447245565,0.552280929038282,0.017395492891979572,1.993074782219501
Kei,Austronesian,keii1239,0.6,0.6007999999999999,0.0651103678380026,-0.012286829679573404
Isirawa,Greater Kwerba,isir1237,0.75760582010582,0.7739923611111111,0.015475829149906573,-1.0588473707329638
Bininj Kun-Wok,,gunw1252,0.6989583333333333,0.6989583333333335,1.1102230246251565e-16,-1.0
Paama,Austronesian,paam1238,0.7470914502164503,0.7470914502164502,1.0022799304547519e-16,1.1076975512434226
Tomini,Austronesian,tomi1243,0.7127450980392155,0.758434860333022,0.011947845217865039,-3.824100619037883
Sunwadia,Austronesian,mari1426,0.6944444444444445,0.7375381944444444,0.01545454048695103,-2.7884200139360873
Assamese,Indo-European,assa1263,0.7916666666666666,0.7879322916666668,0.01001229577186291,0.3729788936613705
Nhanda,Pama-Nyungan,nhan1238,0.7823611111111111,0.7930570138888889,0.014288307860188452,-0.7485772900778473
Langi,Atlantic-Congo,lang1320,0.7582777071413435,0.7487753430281839,0.007243651618508284,1.3118195923282663
Ga'dang,Austronesian,gada1258,0.85,0.8367895833333335,0.002203531532626128,5.99511124350579
Cahuilla,Uto-Aztecan,cahu1264,0.9047619047619047,0.9101182072829134,0.01994061973274979,-0.2686126405696262
Tetun Dili,Austronesian,tetu1246,0.8562500000000001,0.8562499999999997,2.7149436611389985e-16,1.226791230164296
Dondo,Austronesian,dond1249,0.7968409586056645,0.8033769063180826,0.0016623580872715316,-3.9317327370456407
Chibcha,,chib1270,0.7857142857142857,0.7857142857142859,2.220446049250313e-16,-1.0
Tukang Besi South,Austronesian,tuka1249,0.7166666666666667,0.7166666666666668,1.7310224853176913e-16,-0.641368343878791
Bamun,Atlantic-Congo,bamu1253,0.8737373737373738,0.8737373737373737,8.585405688235606e-17,1.2931515002796792
Fe'fe',Atlantic-Congo,fefe1239,0.8393473779498623,0.8526357933258941,0.009878066434778529,-1.3452445844306373
Kosraean,Austronesian,kosr1238,0.8365384615384616,0.8365384615384616,6.070798581388955e-17,0.0
Kom (Cameroon),Atlantic-Congo,komc1235,0.8106661414565828,0.8162062915791316,0.004474098926748169,-1.238271708617645
Äiwoo,Austronesian,ayiw1239,0.7621527777777778,0.7412256944444444,0.018387956230019962,1.1380864230668584
Hehe,Atlantic-Congo,hehe1240,0.7816761363636364,0.8066744554924242,0.014575828645973078,-1.7150530330702118
Bahonsuai,Austronesian,baho1237,0.625,0.625,0.0,
Yugambal,Pama-Nyungan,yuga1244,0.7978052954797141,0.7914992927615021,0.006801720740046966,0.9271187335116142
Yugumbir,Pama-Nyungan,yugu1249,0.7579365079365079,0.8135506365740741,0.014673096699520171,-3.790210735773646
El Nayar Cora,Uto-Aztecan,elna1235,0.9134199134199134,0.9134199134199132,1.3197185182107075e-16,0.8412574418751145
Anambé,Tupian,anam1249,0.8958333333333333,0.8958333333333335,2.220446049250313e-16,-1.0
Berik,Tor-Orya,beri1254,0.8125,0.8125,0.0,
Tsaangi,Atlantic-Congo,tsaa1242,,,,
Old-Middle Welsh,Indo-European,oldw1239,0.7883333333333333,0.8502166666666667,0.020243455732655912,-3.0569550056369943
Gilbertese,Austronesian,gilb1244,0.8666666666666667,0.8666666666666669,2.220446049250313e-16,-1.0
Menominee,Algic,meno1252,0.6625000000000001,0.6624999999999998,2.7577367830154344e-16,1.2077545233427118
Meadow Mari,Uralic,gras1239,0.7,0.6999999999999998,1.1102230246251565e-16,1.0
Eastern Yiddish,Indo-European,east2295,0.7689827533577533,0.7610466260302199,0.010784311285763818,0.7358956095796125
Savosavo,Savosavo,savo1255,0.8946428571428572,0.8946311011904762,0.005137452980647703,0.002288284179980455
Dadibi,Teberan,dadi1250,0.6527777777777777,0.6586319444444444,0.015518892806853762,-0.37722837186434344
Gogo,Atlantic-Congo,gogo1263,0.765432098765432,0.8589120370370371,0.023924820998372093,-3.907236684360806
Eipomek,Nuclear Trans New Guinea,eipo1242,0.7935515873015873,0.8306521031746031,0.024806289296700135,-1.4956092557523786
German,Indo-European,stan1295,0.865079365079365,0.9267928240740739,0.010662887895787898,-5.787687125463192
Erave,Nuclear Trans New Guinea,erav1244,0.7833333333333333,0.7799057291666667,0.006031588194857445,0.5682755612508562
Awiakay,Arafundi,awia1234,0.8461354617604618,0.8235339811808562,0.014664625678813445,1.5412245136443465
Gigatl,Nakh-Daghestanian,giga1238,0.8722222222222222,0.8211437500000001,0.01275547553615895,4.004434964217995
Eastern Mari,Uralic,east2328,0.7276785714285714,0.7276785714285712,2.220446049250313e-16,1.0
Tübatulabal,Uto-Aztecan,tuba1278,0.8333333333333333,0.8333333333333335,2.220446049250313e-16,-1.0
Umbu-Ungu,Nuclear Trans New Guinea,umbu1258,0.8333333333333334,0.8497847222222221,0.010067861465611306,-1.634049986194347
Suundi,Atlantic-Congo,suun1239,0.85,0.8558166666666667,0.03869355306446842,-0.15032650676910905
Ignaciano,Arawakan,igna1246,0.7852678571428572,0.8905526041666666,0.020229814683641746,-5.204434576899257
Zinza,Atlantic-Congo,zinz1238,0.7395833333333334,0.7395833333333335,2.1970076613023145e-16,-0.5053341616328514
Taumako,Austronesian,taum1237,0.7426316738816738,0.7486729662698413,0.014494824082838394,-0.4167896315016474
Mongolian,,mong1331,0.8354166666666667,0.8354166666666669,2.220446049250313e-16,-1.0
Yerukula,Dravidian,yeru1240,0.6625,0.6624999999999998,2.220446049250313e-16,1.0
Chavacano,Indo-European,chav1241,0.7196428571428571,0.7862074404761904,0.018074273547840615,-3.6828358914201518
Belarusian,Indo-European,bela1254,0.876984126984127,0.8930023809523809,0.00565514240883863,-2.8325111571405244
Teko,Tupian,emer1243,0.9087301587301587,0.9116869047619047,0.020542197040554367,-0.14393523856814353
West Kewa,Nuclear Trans New Guinea,west2599,0.7208333333333334,0.6953625000000001,0.008523621436680158,2.9882642633239582
Chemehuevi,Uto-Aztecan,chem1251,0.8833333333333334,0.8923,0.01569063768975345,-0.571466045164125
Dzongkha,Sino-Tibetan,dzon1239,0.74375,0.7437500000000002,2.220446049250313e-16,-1.0
Romanian,Indo-European,roma1327,0.8361111111111112,0.8535319444444445,0.027325225021099162,-0.6375366834081596
Buin,,buin1247,0.7691964285714286,0.8249912946428571,0.015037286378024341,-3.710434493883672
Thao,Austronesian,thao1240,0.8148148148148149,0.8148148148148148,1.1102230246251565e-16,1.0
Kaonde,Atlantic-Congo,kaon1241,0.7166666666666667,0.7166666666666668,1.1102230246251565e-16,-1.0
Arikara,,arik1262,0.5808531746031746,0.5808531746031746,6.492669298735907e-17,0.0
Nyangumarta,Pama-Nyungan,nyan1301,0.7582792207792208,0.7521916294642857,0.018935286731234756,0.32149454092465773
Old English (ca. 450-1100),Indo-European,olde1238,0.7583333333333333,0.8352125,0.016840550742346746,-4.565121880090813
Takuu,Austronesian,taku1257,0.8683333333333334,0.8817083333333332,0.004481559438409769,-2.9844522166475542
Waia (Bungku),Austronesian,waia1242,0.7083333333333334,0.7083333333333334,0.0,
Kayabí,Tupian,kaya1329,0.816810966810967,0.8156569715007216,0.009240419986868954,0.12488559090228389
Tsonga,Atlantic-Congo,tson1249,0.8341853408029879,0.8056837243230625,0.015188891536593063,1.8764777147337826
Batak Toba,Austronesian,bata1289,0.71875,0.7354097718253968,0.010282619372237652,-1.620187543883712
Mafea,Austronesian,mafe1237,0.6653061224489796,0.67728537414966,0.014985550906339594,-0.7993868077023837
Bali (Democratic Republic of Congo),Atlantic-Congo,bali1274,0.625,0.625,0.0,
Kui (India),Dravidian,kuii1252,0.8183333333333334,0.8332213095238095,0.01991295694146137,-0.747652708447202
Forest Enets,Uralic,fore1265,0.9791666666666667,0.9791666666666665,2.220446049250313e-16,1.0
Bwaidoga,Austronesian,bwai1243,0.7625,0.7624999999999998,1.1102230246251565e-16,1.0
Yombe,Atlantic-Congo,yomb1244,0.4979166666666667,0.6726862499999999,0.030868498221735343,-5.661745578872162
Ulawa,Austronesian,ulaw1237,0.8354166666666667,0.8571192708333334,0.017207701503924838,-1.261214588230545
Maquiritari,Cariban,maqu1238,0.8093055555555555,0.8230606944444445,0.00956697540212723,-1.4377729962418995
Torres Strait Creole,Indo-European,torr1261,0.7916666666666666,0.7967375,0.011861769676617026,-0.4274938286257096
Yalic,Nuclear Trans New Guinea,yali1257,0.9583333333333334,0.9583333333333336,2.220446049250313e-16,-1.0
Portuguese,Indo-European,port1283,0.7,0.70005,0.018430545298498364,-0.002712887719283502
Monumbo,Bogia,nucl1458,0.8235119047619048,0.8235119047619045,2.7119910298563906e-16,1.2281268769726867
Judeo-Tat,Indo-European,jude1256,0.7673611111111112,0.780845486111111,0.008100403288988249,-1.6646547732173589
Urdu,Indo-European,urdu1245,0.7700422262922263,0.8670387731481481,0.01277300512555081,-7.593870502869549
Shina (Nakh-Daghestan),Nakh-Daghestanian,shin1265,0.734006734006734,0.7234220880681818,0.008907671905400216,1.1882617647979794
Eyak,,eyak1241,0.9115646258503404,0.9115646258503404,2.0189581988482816e-16,0.0
Tasiko,Austronesian,tasi1237,0.78125,0.8054066220238094,0.017812111930961612,-1.3561907828470112
Gumatj,Pama-Nyungan,guma1253,0.7351190476190477,0.7440104166666668,0.013618970285498763,-0.6528664694339251
Tenharim-Parintintin-Diahoi,Tupian,tenh1241,0.7635101010101012,0.7761591382575757,0.009808643430457639,-1.2895806986108678
Central Aymara,,cent2142,0.8155906593406594,0.6298841575091575,0.03179633150643597,5.840500870168393
Iowa-Oto,,iowa1245,0.47537185037185037,0.4753718503718503,5.976156364145512e-17,0.9288771552950318
Bende,Atlantic-Congo,bend1258,0.8892994042994042,0.8363787075887076,0.01319706143864586,4.010036397627531
Takia,Austronesian,taki1248,0.74375,0.7802572916666666,0.015907064859885287,-2.2950363243146934
Ibanag,Austronesian,iban1267,0.8154761904761906,0.820375744047619,0.0034555204801997867,-1.4178916315220869
Northern Kankanay,Austronesian,nort2877,0.7976190476190477,0.7976190476190476,1.1102230246251565e-16,1.0
Hindi,Indo-European,hind1269,0.8895733895733896,0.9268954178922929,0.006392434235981146,-5.838468874474844
Peoria,Algic,peor1238,0.6176136363636364,0.6176136363636363,1.0956950716934101e-16,1.013259120449719
Burmese,Sino-Tibetan,nucl1310,0.815625,0.8156250000000003,2.220446049250313e-16,-1.0
Aklanon,Austronesian,akla1241,0.8299603174603174,0.8760917658730158,0.014505971950178964,-3.180169420645358
Flinders Island,Pama-Nyungan,flin1247,,,,
Midob,,mido1240,0.5,0.7449817708333333,0.022932442733071077,-10.682759516065113
Lunda,Atlantic-Congo,lund1266,0.740203373015873,0.7976909598214286,0.017326460520804367,-3.3179071245698792
Tlingit,,tlin1245,0.6458333333333333,0.6458333333333333,0.0,
Chipewyan,,chip1261,0.7265211640211641,0.765874007936508,0.007665151969911443,-5.133993959913431
Keyagana,Nuclear Trans New Guinea,keya1238,0.865625,0.7964739583333333,0.023299612328938433,2.967905246250819
Western Shoshoni,Uto-Aztecan,west2622,,,,
Tirax,Austronesian,maee1241,0.9375,0.9375,0.0,
Biri,Pama-Nyungan,biri1256,0.8397222222222223,0.773026388888889,0.019047282126443157,3.5015931874469435
Highland Puebla Nahuatl,Uto-Aztecan,high1278,0.8187500000000001,0.7954223684210525,0.004610977352479953,5.059151194139159
Luba-Katanga,Atlantic-Congo,luba1250,0.8562500000000001,0.8562499999999997,2.8887141192996264e-16,1.1529936630361317
Oto,,otoo1241,0.6677686896436896,0.6677686896436897,1.1102230246251565e-16,-1.0
Budukh,Nakh-Daghestanian,budu1248,0.8639009139009138,0.8385404040404042,0.007847417891462056,3.2317012055776617
Ifugaw,Austronesian,ifug1247,0.8333333333333334,0.8333333333333335,1.1102230246251565e-16,-1.0
Atampaya,Pama-Nyungan,atam1239,0.7767857142857143,0.7767857142857141,2.0162090298917486e-16,1.1012975422342643
Crow,,crow1244,0.8088068181818182,0.8088068181818181,1.0968194384045366e-16,1.012220412723645
Wathawurrung,Pama-Nyungan,wath1238,0.7633928571428572,0.7633928571428572,8.720729421554322e-17,0.0
Zigula,Atlantic-Congo,zigu1242,0.7833333333333333,0.7754729166666666,0.0058420585787460205,1.3454874785514248
Malecite,Algic,male1293,0.6558129370629371,0.655812937062937,1.1102230246251565e-16,1.0
Cinta Larga,Tupian,cint1239,0.78,0.8367716666666668,0.021767539607304164,-2.6080883595873585
Niuafo'ou,Austronesian,niua1240,0.7777777777777777,0.7777777777777778,9.374648538600172e-17,-1.1842822907480814
Waurá,Arawakan,waur1244,0.7531866281866281,0.7588771607443482,0.011445647143210811,-0.49717875158291586
Aneityum,Austronesian,anei1239,0.7773809523809523,0.7806220238095238,0.014037715624814165,-0.23088310913225651
Puluwatese,Austronesian,pulu1242,0.8166666666666668,0.7852802083333333,0.038084932255252245,0.8241174783501146
Tahitian,Austronesian,tahi1242,0.5052083333333334,0.4880302083333333,0.008657022064947395,1.9842995514075115
Kumbainggar,Pama-Nyungan,kumb1268,0.8925925925925926,0.8391171296296295,0.017353565959201105,3.081525900134069
Kaurna,Pama-Nyungan,kaur1267,0.7841269841269842,0.7604375,0.01791257020110982,1.3225061429496308
East Futuna,Austronesian,east2447,0.5738455988455988,0.6155373015873016,0.010699735613097968,-3.8965170962417326
Common Delaware,Algic,comm1246,0.7263888888888889,0.7263888888888892,3.299062791418367e-16,-1.009580382204097
Lower Grand Valley Dani,Nuclear Trans New Guinea,lowe1415,0.7416666666666667,0.7416666666666669,2.220446049250313e-16,-1.0
Winnebago-Chiwere,,winn1245,0.6519097222222222,0.6519097222222222,0.0,
Pampanga,Austronesian,pamp1243,0.8039215686274509,0.8520256684491978,0.007723942593227294,-6.2279204229102865
South Saami,Uralic,sout2674,0.8605769230769231,0.8605769230769232,1.1102230246251565e-16,-1.0
Whitesands,Austronesian,whit1269,0.9452020202020203,0.9298869318181818,0.01072531981815022,1.4279376879672208
Kombai,Nuclear Trans New Guinea,komb1274,0.825,0.8249999999999997,2.220446049250313e-16,1.0
Ngalkbun,,ngal1292,0.8472222222222222,0.8472222222222222,7.643625500567854e-17,0.0
Riuk Bekati',Austronesian,beka1241,0.5833333333333333,0.5833333333333333,0.0,
North Slavey,,nort2942,0.8772727272727271,0.850821185064935,0.0048192457956854244,5.488730670569585
Birhor,Austroasiatic,birh1242,0.8600000000000001,0.8765125,0.01004644682213567,-1.6436159263409815
Asu (Tanzania),Atlantic-Congo,asut1235,0.9434434778184778,0.8979467001170126,0.011777278053753228,3.863097864702797
Bushoong,Atlantic-Congo,bush1247,0.7244949494949494,0.7665695707070707,0.02091598733054159,-2.0116010087022644
Venda,Atlantic-Congo,vend1245,0.8139880952380952,0.8354322916666667,0.005767063082273282,-3.718391167678796
Central Cagayan Agta,Austronesian,cent2084,0.797470238095238,0.7929027281746033,0.01329605891507106,0.34352359220200507
Kashmiri,Indo-European,kash1277,0.7957070707070709,0.880083080808081,0.012890958351520461,-6.545363641723197
Warázu,Tupian,paus1244,0.7244047619047621,0.7021229166666667,0.012678289564131551,1.7574803860872128
Wajarri,Pama-Nyungan,waja1257,0.8633333333333333,0.8588775,0.008629028487546493,0.516377172675236
Woleaian,Austronesian,wole1240,0.7,0.6999999999999998,1.1102230246251565e-16,1.0
Mali,,mali1284,0.875,0.875,0.0,
Malayalam,Dravidian,mala1464,0.7733901515151516,0.7733901515151514,1.1102230246251565e-16,1.0
S'gaw Karen,Sino-Tibetan,sgaw1245,0.5779380341880341,0.5779380341880339,2.394069237615407e-16,0.9274777915203365
Aniwa,Austronesian,aniw1237,0.7063330675172781,0.7080173524483557,0.011157495702650257,-0.1509554631222102
Temi,Atlantic-Congo,temi1247,0.8650793650793651,0.8650793650793653,2.638970003411226e-16,-0.8414063238233425
Waropen,Austronesian,waro1242,0.9,0.7914333333333332,0.035169446967502925,3.0869597343109767
Galibi Carib,Cariban,gali1262,0.8796296296296297,0.7989265432098767,0.03313816537613792,2.435351670912523
Tetum,Austronesian,tetu1245,0.7299127640036732,0.7551701101928374,0.012029496602831367,-2.099617882864642
Bannock,Uto-Aztecan,bann1248,0.6492063492063491,0.649206349206349,1.5230706153739353e-16,0.7289373279337945
Ida'an,Austronesian,idaa1241,0.6305555555555555,0.6541156249999999,0.004653210373235331,-5.0631859629555604
Copper Inuit,Eskimo-Aleut,copp1244,0.7090773809523809,0.6065974702380952,0.025483426865275938,4.021433665733797
Alamblak,Sepik,alam1246,0.5249999999999999,0.5250000000000002,3.134291540417134e-16,-1.0626545204637219
Spanish,Indo-European,stan1288,0.882051282051282,0.8727012820512821,0.010572398099670177,0.8843783512362874
Sula,Austronesian,sula1245,0.9263392857142857,0.926339285714286,2.755501081972613e-16,-1.2087344460380705
Bena (Tanzania),Atlantic-Congo,bena1262,0.7735294117647059,0.7947694444444444,0.01878367004002066,-1.1307711770108984
Maithili,Indo-European,mait1250,0.8659188034188036,0.9107426014957265,0.008104475611628173,-5.530746247494466
Yami,Austronesian,yami1254,0.7305194805194806,0.7371902597402598,0.008419512665180987,-0.792299921154141
Inanwatan,,inan1242,0.7609374999999999,0.73314375,0.011887129496066321,2.3381380685048847
Kuvi,Dravidian,kuvi1243,0.7083333333333334,0.6695208333333333,0.021703004384314075,1.788346871829962
Luguru,Atlantic-Congo,lugu1238,0.8362393162393162,0.8031042521367521,0.021602614775433644,1.5338450667668784
Bilua,Bilua,bilu1245,0.7083333333333333,0.7083333333333334,1.1102230246251565e-16,-1.0
Lubuagan Kalinga,Austronesian,lubu1243,0.9,0.9000000000000002,2.220446049250313e-16,-1.0
Pendau,Austronesian,pend1242,0.7713369963369964,0.8081236340048841,0.007533920539853077,-4.882801387842232
Kuanua,Austronesian,kuan1248,0.45595238095238094,0.47250396825396823,0.008668695071949463,-1.9093516572229687
Samoan,Austronesian,samo1305,0.8429166666666668,0.8434342708333333,0.0186278293135677,-0.027786606692255543
Nganasan,Uralic,ngan1291,0.7791666666666666,0.7791666666666668,1.7732315879219998e-16,-1.2522030762222047
Western Farsi,Indo-European,west2369,0.6904161810411811,0.8425733726343101,0.021023755559324533,-7.237393488702531
Western Apache,,west2615,0.6797619047619047,0.6244730158730158,0.019074843271940152,2.8985238882785986
Araki,Austronesian,arak1252,0.8776190476190475,0.8683031349206348,0.018302704430750202,0.5089910473974065
Waimaha,,waim1255,0.7375534188034187,0.8146778159340659,0.024886776113110232,-3.0990111688278645
Tesuque,,tesu1245,0.5602272727272727,0.560227272727273,2.2535066179978846e-16,-1.4779939172464398
Kambera,Austronesian,kamb1299,0.7603084415584416,0.7938512851731603,0.013563000506730948,-2.4731137920456696
Dieri,Pama-Nyungan,dier1241,0.7493506493506494,0.7856864177489179,0.018685807246068973,-1.9445650872756703
Narrinyeri,Pama-Nyungan,narr1259,0.7345238095238094,0.7592357142857141,0.010345869000982368,-2.388577002043841
Early Irish,Indo-European,oldi1245,0.5818191311612364,0.6557842372357174,0.03309641188369668,-2.2348376112310926
West Coast Bajau,Austronesian,west2560,0.85,0.8377454861111111,0.00594467515412564,2.0614270033551234
Iraya,Austronesian,iray1237,0.8678571428571429,0.8758781746031745,0.0027100191276464426,-2.9597694216267856
Avava,Austronesian,katb1237,0.6984690656565657,0.7506350220959596,0.024240825321758887,-2.1519876384971495
Danish,Indo-European,dani1285,0.8222853535353535,0.8200512716450217,0.011234300607296945,0.19886256994767595
Jurúna,Tupian,juru1256,0.8146258503401361,0.785670493197279,0.018038113956528105,1.6052319667477213
Pagu,,pagu1249,0.7440476190476191,0.8166610119047618,0.015485352825244492,-4.689166186692701
Fore,Nuclear Trans New Guinea,fore1270,0.5555555555555556,0.5555555555555556,0.0,
Bihari,Indo-European,biha1245,0.9375,0.9375,0.0,
Tsogo,Atlantic-Congo,tsog1243,1.0,1.0,0.0,
Yidiñ,Pama-Nyungan,yidi1250,0.7826388888888889,0.8124331597222222,0.019182928051170438,-1.55316595849482
North Azerbaijani,Turkic,nort2697,0.8041666666666666,0.8719711309523809,0.019334950087673917,-3.5068342032566107
Bit,Austroasiatic,bitt1240,0.7173941336441336,0.7174665923659672,0.004922407912900789,-0.014720178237095803
Avatime,Atlantic-Congo,avat1244,0.7604166666666666,0.7604166666666665,1.1102230246251565e-16,1.0
Nyamal,Pama-Nyungan,nyam1271,0.8743303571428571,0.8481318452380953,0.019377583469684108,1.3520009832881883
Hunza,Isolate,hunz1248,,,,
Maybrat-Karon,Maybrat-Karon,maib1239,0.5572916666666666,0.5430097222222223,0.008829346857703688,1.6175539000354455
Brooke's Point Palawano,Austronesian,broo1239,0.907967032967033,0.8909983974358977,0.003677903241021334,4.613671001965554
Landawe,Austronesian,land1259,0.7071428571428571,0.7071428571428571,0.0,
Baffin Inuktitut,,baff1241,0.7125,0.7125000000000002,2.4775641099174406e-16,-0.8962214298964415
Mori Atas,Austronesian,mori1269,0.875,0.875,0.0,
Oroko,Atlantic-Congo,orok1266,,,,
Wari',,wari1268,,,,
Waru,Austronesian,waru1266,0.8125,0.8125,0.0,
Basque,,basq1248,0.8408088235294118,0.8680884582652504,0.006640463241734873,-4.108092122909123
Igbo,Atlantic-Congo,nucl1417,0.6458333333333334,0.6960897023809525,0.030326511316974603,-1.6571760768106945
Paluai,Austronesian,balu1257,0.8166666666666668,0.853890625,0.013251898735482623,-2.8089528207504513
"!Kung, Southeastern Ju, or Ju'hoan",Kxa,juho1239,0.9375,0.9375,0.0,
Iloko,Austronesian,ilok1237,0.7222222222222222,0.7323374669312169,0.005231611003633293,-1.9334856322402028
Marathi,Indo-European,mara1378,0.7669402356902356,0.8531433776871277,0.013036723258112096,-6.6123319710152
Tuamotuan,Austronesian,tuam1242,0.7444196428571428,0.741206535218254,0.00950424505085342,0.3380707906516265
Kamayurá,Tupian,kama1373,0.875,0.9499192708333334,0.014653773291239751,-5.112626580494545
Kota (Gabon),Atlantic-Congo,kota1274,0.8876984126984127,0.8182337301587301,0.04930138336121058,1.408980393729399
Banjar,Austronesian,banj1239,0.7933150183150183,0.7783544642857143,0.0037180515884394265,4.023761820793707
Sa,Austronesian,saaa1241,0.6776041666666667,0.6776041666666668,9.453208419344605e-17,-1.174440439029407
Eel River Athabaskan,,wail1244,0.8466666666666667,0.8554916666666667,0.03157328226171264,-0.2795084757691351
Ding,Atlantic-Congo,ding1239,0.88270202020202,0.8348390467171717,0.01411530830824132,3.3908556894151034
Sardinian,Indo-European,sard1257,0.7982142857142858,0.837024107142857,0.014962459294439366,-2.5938129999120196
Pwo,Sino-Tibetan,pwoo1239,0.6664169164169165,0.6664169164169166,1.1102230246251565e-16,-1.0
Northwest Maidu,,nort2951,0.8074999999999999,0.79634625,0.02038807368138294,0.5470722822718033
Mangareva,Austronesian,mang1401,0.7955026455026454,0.7883481481481481,0.007980736830259062,0.8964707779074838
Aguaruna,,agua1253,0.7247252747252748,0.7532550366300366,0.011119540695334253,-2.565732046534333
Lauje,Austronesian,lauj1238,0.8246031746031747,0.8439940476190477,0.011053826074856258,-1.7542227355992854
Mandan,,mand1446,0.8062229437229438,0.8062229437229435,3.3306690738754696e-16,1.0
Urak Lawoi',Austronesian,urak1238,0.9375,0.9375,0.0,
Kerewe,Atlantic-Congo,kere1283,0.8125,0.8125,0.0,
Jicarilla Apache,,jica1244,0.6717261904761905,0.6988409804894179,0.019073951561691973,-1.4215612284391332
Western Dani,Nuclear Trans New Guinea,west2594,0.8708333333333333,0.8738916666666666,0.004046697899385234,-0.7557602295436706
Duma,Atlantic-Congo,duma1253,,,,
Tapirapé,Tupian,tapi1254,0.5104166666666666,0.5104166666666667,1.0035089682315739e-16,-1.1063409095203591
Momu-Fas,Baibai-Fas,fass1245,0.65,0.7879760416666666,0.03469193011799049,-3.9771797417265966
Totoli,Austronesian,toto1304,0.9722222222222223,0.981058564814815,0.0031975215905875763,-2.763497397047733
Kunzakh,Nakh-Daghestanian,kunz1243,0.9463675213675214,0.9141350560897437,0.00599555732731617,5.376058224132803
Asera,Austronesian,aser1237,0.8125,0.8125,0.0,
Movima,,movi1243,0.78125,0.78125,0.0,
Soga,Atlantic-Congo,soga1242,0.752754884004884,0.7249682778159341,0.008453560287526014,3.2869708435097493
Moronene,Austronesian,moro1287,0.2222222222222222,0.2885277777777777,0.01093104086173809,-6.065804381689284
Seri,,seri1257,0.843939393939394,0.8721246212121212,0.010372729091694587,-2.7172431694273245
Ekonda Mongo,Atlantic-Congo,ekon1238,0.8034774436090226,0.7501447368421054,0.016737057609227158,3.186504343362891
Karruwali,Pama-Nyungan,karr1236,0.8666666666666667,0.8666666666666669,2.220446049250313e-16,-1.0
Kalaallisut,,kala1399,0.5463796620046619,0.5463796620046619,6.338974866624357e-17,0.0
Tolowa-Chetco,,tolo1259,0.90625,0.8945930059523811,0.021394365874448106,0.544862797805153
Wang-The,Sino-Tibetan,wang1287,0.8072916666666666,0.8072916666666665,1.1102230246251565e-16,1.0
Gurindji,Pama-Nyungan,guri1247,0.7680555555555555,0.8397917534722221,0.026128920694373555,-2.745471148837536
Ratagnon,Austronesian,rata1245,0.75,0.7676694444444445,0.004506985319109289,-3.920457510595244
Baruya,Angan,baru1267,0.6537698412698413,0.6537698412698412,9.811507648687413e-17,1.1315519126906888
Mono-Alu,Austronesian,mono1273,0.8333333333333333,0.8333333333333335,2.220446049250313e-16,-1.0
Maba (Indonesia),Austronesian,maba1278,0.6149354118104119,0.642731653069153,0.013029787995760185,-2.1332842305481767
Suku,Atlantic-Congo,suku1259,0.8369776057276056,0.9152931833791208,0.016434061214290353,-4.765442736906404
Inxokvari,Nakh-Daghestanian,inxo1238,0.9343671442936149,0.915985259552539,0.006573787252443376,2.796239676640535
Ha,Atlantic-Congo,haaa1252,0.9180934343434343,0.8870573728354979,0.014517071655533058,2.137900965454506
Malapandaram,Dravidian,mala1468,0.6540343915343915,0.6621199404761906,0.01735256459928186,-0.4659569999315121
Ancient Greek,Indo-European,anci1242,0.8516534391534392,0.887429580026455,0.008527698919095465,-4.195286584626586
Uab Meto,Austronesian,uabm1237,0.6166666666666667,0.6305583333333332,0.011846985799386468,-1.1725908093336237
Karenic,Sino-Tibetan,kare1337,0.6474658613445379,0.6474658613445377,1.7480284358576703e-16,1.2702573961051447
Padoe,Austronesian,pado1242,0.9375,0.9375,0.0,
Slave,,slav1253,0.8125,0.8125,0.0,
Barí,,bari1297,0.6614265364265365,0.6675821632071632,0.004666545285401926,-1.3190971916383267
Okanagan,Salishan,okan1243,0.8424952651515152,0.842495265151515,2.1329577473145837e-16,1.0410173628830097
Cornish,Indo-European,corn1251,0.9428571428571431,0.9044642857142858,0.015390122395450229,2.4946427426858726
Gondi,Dravidian,gond1265,0.9125000000000001,0.9124999999999998,2.4912078702495763e-16,1.3369695534647592
Kwoma,,kwom1262,0.7598958333333332,0.7780878720238095,0.019427181076465967,-0.9364219450506918
Western Mari,Uralic,west2392,0.8020833333333334,0.8020833333333335,1.717081137647121e-16,-0.6465757501398396
Kumyk,Turkic,kumy1244,0.8240740740740741,0.8527953703703703,0.004892810138292985,-5.870102351103415
Umbundu,Atlantic-Congo,umbu1257,0.7976190476190477,0.8057739955357144,0.005614995790215097,-1.4523515638030986
Tundra Nenets,Uralic,nene1249,0.5800595238095239,0.580059523809524,1.1102230246251565e-16,-1.0
Fang (Equatorial Guinea),Atlantic-Congo,fang1246,0.7822916666666666,0.8014271081349207,0.013089114671668995,-1.4619355050553708
Selkup,Uralic,selk1253,0.9678030303030303,0.9678030303030307,4.440892098500626e-16,-1.0
Hupa-Chilula,,hupa1239,0.8366071428571429,0.8366071428571431,2.220446049250313e-16,-1.0
Abui,,abui1241,0.6666666666666666,0.6666666666666665,1.1102230246251565e-16,1.0
Warlmanpa,Pama-Nyungan,warl1255,0.8735119047619048,0.8637812500000002,0.003999898965472159,2.432725137785066
Tamil,Dravidian,tami1289,0.7791170634920634,0.8299582175925926,0.015157100279046216,-3.354279721353694
Puyuma,Austronesian,puyu1239,0.6714285714285714,0.6714285714285714,0.0,
Meru,Atlantic-Congo,meru1245,0.7643803529058948,0.8160489269449627,0.027362564650881355,-1.8882942698649274
Kélé,Atlantic-Congo,kele1257,,,,
Puinave,,puin1248,0.8424107142857142,0.8424107142857142,4.7623262199374886e-17,0.0
Paiwan,Austronesian,paiw1248,0.375,0.375,0.0,
Ndumu,Atlantic-Congo,ndum1239,,,,
Prakaa,Sino-Tibetan,prak1243,0.30000000000000004,0.2999999999999999,1.6373437276842733e-16,1.0170952554312156
Doutai,Lakes Plain,dout1240,0.7777777777777777,0.7902534722222222,0.02327019789037586,-0.5361232638938684
Chihuahua Pima Bajo,Uto-Aztecan,chih1238,,,,
Neverver,Austronesian,ling1265,0.8432158119658119,0.7957197382478632,0.017399452432155932,2.7297453125692113
Yinhawangka,Pama-Nyungan,yinh1234,0.821875,0.8218750000000002,2.9099705805182633e-16,-0.7630475937165156
Duna,,duna1248,0.7361111111111112,0.7248965277777778,0.012243644401135258,0.9159514084134557
East Kewa,Nuclear Trans New Guinea,east2516,0.7916666666666666,0.7751559027777778,0.02539879503882398,0.6500609128760196
Tabasco Chontal,,taba1266,0.7469846491228069,0.7469846491228067,2.220446049250313e-16,1.0
Watam,Lower Sepik-Ramu,wata1253,0.95,0.9499999999999997,2.220446049250313e-16,1.0
Mokpwe,Atlantic-Congo,mokp1239,0.9351851851851851,0.9172281746031747,0.007095773038467159,2.530663041879012
Ngamini-Yarluyandi-Karangura,Pama-Nyungan,ngam1265,0.6692708333333334,0.6973546006944444,0.010464444601003556,-2.6837322411184434
Western Canadian Inuktitut,,west2618,0.6517857142857143,0.6517857142857142,1.1102230246251565e-16,1.0
Tajio,Austronesian,taji1246,0.7416666666666667,0.7879963913690476,0.014128259190187809,-3.279223864646914
Kinshasa Lingala,Atlantic-Congo,ling1263,0.7887913012913012,0.8191611840705592,0.015387390840155292,-1.9736863185410263
Madurese,Austronesian,nucl1460,0.9250000000000002,0.8712664682539683,0.013771077021021618,3.9019120773202705
Setaman,Nuclear Trans New Guinea,seta1246,0.7529761904761905,0.7529761904761904,1.1102230246251565e-16,1.0
Pawnee,,pawn1254,0.7589646464646465,0.7589646464646462,2.220446049250313e-16,1.0
Sakata,Atlantic-Congo,saka1287,0.8541666666666666,0.8290416666666666,0.009822955328661986,2.5577842064178884
Suruí,Tupian,suru1262,0.8916170634920636,0.9105850198412698,0.010427323979929695,-1.81906272268085
Panamint,Uto-Aztecan,pana1305,0.8126322751322751,0.7818289682539682,0.020425150574808777,1.5081067219302635
Onondaga,,onon1246,0.7020833333333333,0.7020833333333336,2.4158514241300273e-16,-1.3786729765779688
Chamalal,Nakh-Daghestanian,cham1309,0.9743589743589745,0.902202590811966,0.012656454639962126,5.701152937346158
Huarijio,Uto-Aztecan,huar1255,0.875,0.875,0.0,
Pacoh,Austroasiatic,paco1243,0.4397321428571428,0.4397321428571429,8.154661802907738e-17,-1.3614580855202114
Wayampi,Tupian,waya1270,0.8633699633699634,0.8645372252747253,0.01593957106380113,-0.07323044642103115
Lala-Bisa,Atlantic-Congo,lala1264,0.8,0.8000000000000002,1.1102230246251565e-16,-1.0
Sangu (Tanzania),Atlantic-Congo,sang1330,0.7677083333333333,0.8061060763888889,0.01997625434902854,-1.922169310855959
Bacanese Malay,Austronesian,baca1243,0.8249603174603173,0.7911166666666667,0.010986556547009833,3.0804602560264147
Tubuai,Austronesian,tubu1240,0.625,0.625,0.0,
Routa,Austronesian,rout1237,0.8958333333333334,0.8958333333333336,2.220446049250313e-16,-1.0
Yorta Yorta,Pama-Nyungan,yort1237,0.8065476190476191,0.8065476190476188,2.220446049250313e-16,1.0
Manam,Austronesian,mana1295,0.7,0.6999999999999998,1.1102230246251565e-16,1.0
Blagar,,blag1240,0.78,0.7605672916666667,0.011565664490010338,1.680206818217667
Wik-Mungkan,Pama-Nyungan,wikm1247,0.825357142857143,0.8137103571428572,0.03253856361798148,0.3579379179432966
Eudeve,Uto-Aztecan,eude1234,0.6,0.5999999999999998,2.220446049250313e-16,1.0
Wanman,Pama-Nyungan,wanm1242,0.7541666666666667,0.75216875,0.008554687167047178,0.2335464322252032
Vlax Romani,Indo-European,vlax1238,0.825,0.8249999999999997,2.220446049250313e-16,1.0
East Uvean,Austronesian,wall1257,0.7334753787878788,0.7334753787878789,1.7469704139091163e-16,-0.6355133525935684
Bunun,Austronesian,bunu1267,0.75,0.772192803030303,0.015694983164710054,-1.4140061698315944
Nanggu,Austronesian,nang1262,0.6098214285714285,0.6309620535714285,0.011376982761793783,-1.858192584328644
Toda,Dravidian,toda1252,0.8125,0.8140434027777778,0.011134981277000825,-0.13860847534298407
Margany,Pama-Nyungan,marg1253,0.7916666666666667,0.7916666666666665,2.003329692115578e-16,1.1083777463036817
Myene,Atlantic-Congo,myen1241,0.8440757691329775,0.869558032763067,0.017554351760144117,-1.451620884568638
Kodava,Dravidian,koda1255,0.699702380952381,0.7343600694444444,0.01645267515446719,-2.1065077968583874
Tucano,,tuca1252,0.6533805315055315,0.6334735736485736,0.01939428015570205,1.026434479503235
Dakaka,Austronesian,daka1243,0.9122807017543861,0.8595326754385966,0.015098706303308717,3.493546086410755
Palauan,Austronesian,pala1344,0.8991596638655462,0.8550915587068161,0.017188992677397437,2.5637398296572234
Sa'a,Austronesian,saaa1240,0.8458333333333333,0.8141791666666666,0.006787436054538151,4.663641235412075
Edopi,Lakes Plain,edop1238,0.8472222222222222,0.8417743055555557,0.01344034342224448,0.40534058509620835
Warrongo,Pama-Nyungan,waru1264,0.7341269841269841,0.7341269841269841,9.222205069512406e-17,0.0
Western Panjabi,Indo-European,west2386,0.9451178451178451,0.9743159932659933,0.007896708941553315,-3.6975084638746663
Northern Yukian,,yuki1243,,,,
Telugu,Dravidian,telu1262,0.8610119047619048,0.8807417410714286,0.012010706602741675,-1.6426873923487586
Western Tawbuid,Austronesian,west2559,0.8256944444444446,0.8372670138888889,0.004543900749681407,-2.546835875597788
Chimariko,,chim1301,0.6926406926406927,0.7064729437229437,0.01907524066584152,-0.7251416285940068
Colloquial Malay,Austronesian,mala1479,0.6488247863247864,0.6306898237179487,0.004382658493281544,4.137890879391562
Modern Ossetic,Indo-European,osse1243,0.8031639928698752,0.8602221161191749,0.014677952720507197,-3.887335266421819
Dyirbal,Pama-Nyungan,dyir1250,0.6696047008547009,0.6676790258352758,0.016171041992086865,0.11908169061507587
'Are'are,Austronesian,area1240,0.49379960317460325,0.4850274057539682,0.00870511678937035,1.0077058852727427
Munggava,Austronesian,mung1271,0.7064914252414252,0.6314028237387613,0.02030399723026801,3.6982176785724805
Southwestern Alaya-Athima,Pama-Nyungan,kunj1248,0.32261904761904764,0.31656547619047615,0.018948767864202375,0.3194704516913617
Taliabu,Austronesian,tali1262,0.90625,0.90625,0.0,
Macushi,Cariban,macu1259,0.798051948051948,0.8792349837662337,0.016629770287906676,-4.88178936382078
Nakanai,Austronesian,naka1262,0.7887205387205388,0.7887117003367002,0.0043795128013701485,0.0020181203342567963
Ritarungo,Pama-Nyungan,rita1239,0.6572222222222223,0.7671494444444444,0.023478729137531698,-4.681992009801717
Fipa,Atlantic-Congo,fipa1238,0.8920634920634921,0.8535060515873015,0.014226056339096096,2.7103393630058177
Mundurukú,Tupian,mund1330,0.8440170940170941,0.8772250763125763,0.01803517428159353,-1.841289791658615
Ende (Papua New Guinea),,ende1235,0.8908399470899471,0.911798082010582,0.010449494072249065,-2.0056602526139393
Kalamang,,kara1499,0.7926387916277622,0.7729892643168379,0.010455316030485046,1.879381479587155
Lau,Austronesian,lauu1247,0.675,0.6750000000000002,1.1102230246251565e-16,-1.0
Dari,Indo-European,dari1249,0.6708754208754208,0.8390813822751322,0.018966353448602213,-8.868650574056861
Mele-Fila,Austronesian,mele1250,0.75,0.7902093749999999,0.010477289974201862,-3.8377648322235105
Neve'ei,Austronesian,vinm1237,0.7005753968253968,0.7331438392857144,0.021291415572628893,-1.529651344656754
Russian,Indo-European,russ1263,0.7812134502923976,0.815470911001462,0.010715310843580945,-3.197057109135234
Degexit'an,,dege1248,0.84375,0.84375,0.0,
Yámana,,yama1264,0.8537457912457912,0.843546525523088,0.008488475394860279,1.201542709174705
Sundanese,Austronesian,sund1252,0.8331228956228957,0.8369063446969697,0.007525451439215109,-0.5027537689444749
Epena,,epen1239,0.8585782638414217,0.8585782638414217,8.028992906867558e-17,0.0
South Tuvaluan,Austronesian,sout2865,0.5737026862026863,0.5784174183455434,0.005845692423686061,-0.8065309977229681
Biak,Austronesian,biak1248,0.7625,0.7624999999999998,1.1102230246251565e-16,1.0
Manggarai,Austronesian,mang1405,0.859375,0.859375,0.0,
Watut,Austronesian,watu1246,0.5684343434343434,0.5543627525252525,0.012675705083815865,1.110122933284186
Tiri-Mea,Austronesian,tiri1258,0.8581349206349206,0.949438244047619,0.02199631898791419,-4.150845578429044
Hopi,Uto-Aztecan,hopi1249,0.9444444444444445,0.9652861111111111,0.012892746968071469,-1.6165419765299318
Bukat,Austronesian,buka1261,0.7083333333333334,0.77546875,0.010525344536126432,-6.378453117257674
Cubeo,,cube1242,0.7604166666666666,0.7217686631944443,0.017224292562321997,2.243807885425989
Bila,Atlantic-Congo,bila1255,0.839896214896215,0.8749066315628815,0.013139782909899783,-2.6644592918113523
Cocopa,,coco1261,0.7520562770562772,0.7529816017316018,0.011286820619368174,-0.08198275728212805
Negerhollands,Indo-European,nege1244,0.9583333333333334,0.9119770833333333,0.009212951095167309,5.031639647399894
Badimaya,Pama-Nyungan,badi1246,0.83125,0.8312500000000003,2.220446049250313e-16,-1.0
Proto-Tupi-Guarani,Tupian,tupi1239,0.7677083333333333,0.7677083333333332,1.1102230246251565e-16,1.0
Ekari,Nuclear Trans New Guinea,ekar1243,0.7104166666666667,0.7104166666666669,2.220446049250313e-16,-1.0
Amis,Austronesian,amis1246,0.625,0.625,0.0,
Mungiki,Austronesian,mung1270,0.6333333333333333,0.7311666666666667,0.029038023178643853,-3.3691457828054014
Cofán,,cofa1242,1.0,1.0,0.0,
Standard Lebanese Arabic,Afro-Asiatic,stan1323,0.7604166666666666,0.8281219907407408,0.01751529827476479,-3.865496494091726
Komi-Zyrian,Uralic,komi1268,0.8943865740740741,0.8537205439814815,0.008855514663598808,4.592170149043182
Kadar,Dravidian,kada1242,0.698015873015873,0.6980158730158729,1.1102230246251565e-16,1.0
Menui,Austronesian,menu1237,0.6833333333333333,0.6833333333333335,1.1102230246251565e-16,-1.0
Araweté,Tupian,araw1273,0.8735714285714286,0.859810476190476,0.011262850456115688,1.2218001503767095
Malua Bay,Austronesian,malu1245,0.7625811688311688,0.7928584415584415,0.03562670921516642,-0.8498475832952772
Tubar,Uto-Aztecan,tuba1279,0.8888888888888888,0.8888888888888892,3.2718632310782814e-16,-1.0179731971185753
Meta',Atlantic-Congo,meta1238,0.8683333333333334,0.8683333333333335,1.7399004924953706e-16,-0.6380957011126949
Tigak,Austronesian,tiga1245,0.5,0.5,0.0,
Puelche,,puel1244,0.8461399711399711,0.8037743777056278,0.012992934062102071,3.26066408340482
Ket,,kett1243,0.990909090909091,0.9842045454545455,0.006564362246159654,1.0213551908211373
Nyulnyul,,nyul1247,0.9207792207792207,0.8951431277056278,0.012955390452496931,1.9787974100504253
Wiyot,Algic,wiyo1248,0.6369047619047619,0.6369047619047622,3.3306690738754696e-16,-1.0
Balinese,Austronesian,bali1278,0.7624999999999998,0.7767529761904761,0.01013301493834277,-1.4065878987845757
Middle English,Indo-European,midd1317,0.5793650793650794,0.6942478174603175,0.03638297438940976,-3.1575961015622127
Wayuu,Arawakan,wayu1243,0.5708333333333333,0.5798557870370371,0.005589398131659086,-1.6142084516397999
Cotabato Manobo,Austronesian,cota1241,0.875,0.875,0.0,
Quechan,,quec1382,0.8134199134199133,0.7992062770562769,0.022802088514431513,0.6233480040497394
Tuvalu,Austronesian,tuva1244,0.6821913380736909,0.6784522967840982,0.003614317534820413,1.0345082449371639
Pangasinan,Austronesian,pang1290,0.638888888888889,0.6444060416666666,0.002156686853000667,-2.558161269496058
Vao,Austronesian,vaoo1237,0.8622023809523809,0.8622023809523809,5.484097192022683e-17,0.0
Finnish,Uralic,finn1318,,,,
Eastern Panjabi,Indo-European,panj1256,0.7929920705656001,0.8667062227668846,0.010779990413818765,-6.838053594814988
Kansa,,kans1243,0.7049013486513487,0.7049013486513489,2.287436659868693e-16,-0.9707136762325801
Potawatomi,Algic,pota1247,0.6767045454545455,0.6767045454545453,1.8144590610243363e-16,1.2237509773280753
Burmish,Sino-Tibetan,burm1266,0.82027557817999,0.8202755781799898,2.1613735616745382e-16,1.0273309938750284
Vaeakau-Taumako,Austronesian,pile1238,0.7232142857142856,0.7441327380952379,0.006654281743794268,-3.14360785827272
Maca,,maca1260,0.8035714285714286,0.829857142857143,0.013668387978542775,-1.92310273362
Tuyuca,,tuyu1244,0.5921428571428571,0.6247536904761906,0.012746382617319215,-2.558438288916836
Tupinambá,Tupian,tupi1273,0.7058673469387754,0.7348028911564626,0.018201464363854412,-1.5897371573657098
Marshallese,Austronesian,mars1254,0.5,0.5,0.0,
Usarufa,Nuclear Trans New Guinea,usar1243,0.9665178571428572,0.8734863591269841,0.031022678005106587,2.9988222809313667
Warta Thuntai,,gunt1241,0.8452380952380952,0.845238095238095,2.220446049250313e-16,1.0
Lo-Toga,Austronesian,loto1240,0.9008928571428573,0.9010354910714286,0.007429649157846741,-0.01919793593761252
Pinji,Atlantic-Congo,pinj1243,0.5357142857142857,0.5631488095238096,0.03673594211432736,-0.7468033274917486
Italian,Indo-European,ital1282,0.8005952380952381,0.8355953621031745,0.011359388886275752,-3.081162583510371
Yucatec Maya,,yuca1254,0.9688311688311689,0.8825378787878787,0.026819152572845176,3.2175994304407505
Wogeo,Austronesian,woge1237,0.8125,0.8125,0.0,
Namakura,Austronesian,nama1268,0.8704365079365081,0.8082223214285714,0.013676771968001477,4.548894041188559
Ngoni,Atlantic-Congo,ngon1269,0.8333333333333334,0.8333333333333335,1.1102230246251565e-16,-1.0
Iyojwa'ja Chorote,,iyoj1235,0.796875,0.7561205357142856,0.015853783603920823,2.5706459293184336
Prai,Austroasiatic,phai1238,0.8826282051282053,0.8976118162393163,0.0032273696749678437,-4.642669610279556
Ngaanyatjarra,Pama-Nyungan,ngaa1240,0.7977182539682538,0.7931961640211639,0.012528158928286497,0.36095406938682645
Hiw,Austronesian,hiww1237,0.6071428571428571,0.6071428571428571,7.763626957778363e-17,0.0
Malacca-Batavia Portuguese Creole,Indo-European,mala1533,0.7349747474747476,0.7652180555555556,0.011851670365797363,-2.5518181950188987
Maguindanao,Austronesian,magu1243,0.866666666666667,0.8824818181818185,0.009000325981240606,-1.7571754121034053
Karok,,karo1304,0.7142857142857143,0.7142857142857141,1.5194244775361056e-16,1.4613730936143545
Kurukh,Dravidian,kuru1302,0.7260416666666667,0.7260416666666668,1.3533796268268697e-16,-0.820333779686179
Talise,Austronesian,tali1259,0.6761363636363636,0.6761938920454545,0.002747068658466177,-0.02094174418014805
Lavatbura-Lamusong,Austronesian,lava1239,0.75,0.6994750000000001,0.09061921667370314,0.5575528221781884
Dupaninan Agta,Austronesian,dupa1235,0.8520833333333333,0.8520833333333331,2.220446049250313e-16,1.0
Central Kurdish,Indo-European,cent1972,0.6069444444444444,0.8309975694444445,0.029445373844985377,-7.609111236947562
Pokomo,Atlantic-Congo,poko1261,1.0,1.0,0.0,
Telefol,Nuclear Trans New Guinea,tele1256,0.8681547619047619,0.8488146329365079,0.012729955716859555,1.5192612919022113
Tungag,Austronesian,tung1290,0.75,0.75,0.0,
Polish,Indo-European,poli1260,0.7838113808004782,0.8170746972447522,0.01161760075005232,-2.8631829548906
Shipibo-Conibo,Pano-Tacanan,ship1254,0.8976851851851851,0.895343287037037,0.013235405496831307,0.17694192661560604
Maskelynes,Austronesian,mask1242,0.5,0.5,0.0,
Uma Juman,Austronesian,umaj1240,0.7746567056309703,0.7724880188694069,0.0013815435297762342,1.5697563738109013
Mouk,Austronesian,mouk1240,0.8125,0.8605503472222221,0.01736217626940794,-2.767530203393141
Kapingamarangi,Austronesian,kapi1249,0.49999999999999994,0.49999999999999994,0.0,
Magam,Austronesian,maga1262,0.690625,0.6906250000000002,1.1102230246251565e-16,-1.0
South Marquesan,Austronesian,sout2866,0.8047619047619048,0.804761904761905,2.220446049250313e-16,-1.0
Sumbwa,Atlantic-Congo,sumb1240,0.8229166666666666,0.8229166666666665,2.0189581988482816e-16,0.5498989653468236
Mangaia,Austronesian,mang1402,0.5791666666666666,0.5791666666666666,5.1836834957480494e-17,0.0
Eastern Armenian,Indo-European,nucl1235,0.7917989417989418,0.7985855158730157,0.011940798147207176,-0.5683517961201957
Ojibwa,Algic,ojib1241,0.7200611888111889,0.7200611888111887,9.248897469963836e-17,1.2003841844183591
Waimiri-Atroari,Cariban,waim1253,0.9125,0.9124999999999998,2.220446049250313e-16,1.0
Pitjantjatjara,Pama-Nyungan,pitj1243,0.7962636356018709,0.7467288735774029,0.015889083922747512,3.117534167816421
Wagaya,Pama-Nyungan,waga1260,0.8524305555555555,0.7625946180555555,0.038877449595991743,2.310746677921538
Gimi (Eastern Highlands),Nuclear Trans New Guinea,gimi1243,0.4722222222222222,0.48508134920634915,0.00971647850257776,-1.32343492353896
Javanese,Austronesian,java1254,0.8717948717948718,0.8593285920098419,0.004807135258202996,2.59328666980135
Chepang,Sino-Tibetan,chep1245,0.8875,0.8874999999999997,2.220446049250313e-16,1.0
West Futuna,Austronesian,west2515,0.7733134920634921,0.7625853174603174,0.010757399271648503,0.9972832961075574
Plains Cree,Algic,plai1258,0.8030303030303031,0.8030303030303029,1.672351167680212e-16,1.3277391089638109
Livonian,Uralic,livv1244,,,,
Ngarluma,Pama-Nyungan,ngar1287,0.8431412337662338,0.8431412337662338,7.082840051236419e-17,0.0
Sangu (Gabon),Atlantic-Congo,sang1333,,,,
Sira,Atlantic-Congo,sira1266,,,,
Kamba (Kenya),Atlantic-Congo,kamb1297,0.746279761904762,0.7425225694444445,0.009973459001945042,0.3767190961114631
Pohnpeian,Austronesian,pohn1238,0.9083333333333333,0.8834854166666667,0.007106479034714263,3.49651586183364
Wuvulu-Aua,Austronesian,wuvu1239,0.8020833333333334,0.8017864583333333,0.012545220937049097,0.023664389929023966
Masaaba,Atlantic-Congo,masa1299,0.8916838665290678,0.7908116793208511,0.028993018577844462,3.4791888584274586
Chirag,Nakh-Daghestanian,chir1284,0.5672558922558922,0.657705260942761,0.01598992661126476,-5.656646893122577
Talaandig-Binukid,Austronesian,binu1244,0.8363078778519956,0.8454272491635543,0.00533991814022245,-1.7077736160162966
Sarangani Blaan,Austronesian,sara1326,0.95,0.9499999999999997,2.220446049250313e-16,1.0
Southern-Coastal Tsimshian,,nucl1649,0.9642857142857143,0.8929642857142858,0.012668604608621742,5.629777767544347
Western Bukidnon Manobo,Austronesian,west2555,0.9018518518518519,0.901349537037037,0.01164457946532253,0.0431372224570905
Taje,Austronesian,taje1237,0.7713369963369964,0.8081095416157916,0.007670118184438678,-4.79426058302469
Swedish,Indo-European,swed1254,0.8798611111111111,0.8982819444444444,0.011374759909621971,-1.6194481008562693
Kwamera,Austronesian,kwam1252,0.8069444444444445,0.8428590277777778,0.012429331701856857,-2.8895023638292567
Gusii,Atlantic-Congo,gusi1247,0.9259259259259259,0.8451365740740742,0.021174065363655334,3.815486089436766
Yandruwandha,Pama-Nyungan,yand1253,0.6747767857142857,0.6947829985119048,0.01700589933097592,-1.1764278035668614
Kemtuik,Nimboranic,kemt1242,0.7798611111111112,0.8349203869047619,0.024246507053121282,-2.2708126854322637
Hano,Austronesian,hano1246,0.7933531746031747,0.8230225694444443,0.018160518943034772,-1.6337305632253933
Pima Bajo,Uto-Aztecan,pima1248,0.9791666666666666,0.9791666666666664,2.220446049250313e-16,1.0
Kiramang,,kira1248,0.7875,0.7874999999999998,2.2589696723613666e-16,0.9829463743659809
Central Melanau,Austronesian,cent2101,0.8947099673202614,0.8907008442265796,0.005050634102979251,0.7937860894173576
Anuta,Austronesian,anut1237,0.6305555555555555,0.6100421957671958,0.024830971372568383,0.8261199081007995
Shasta,,shas1239,0.7252164502164503,0.7420204004329005,0.009256885286095728,-1.8152920444731575
Atayal,Austronesian,atay1247,0.8333333333333333,0.8333333333333335,2.220446049250313e-16,-1.0
Northern Paiute,Uto-Aztecan,nort2954,0.701388888888889,0.7013888888888892,3.0797434617380487e-16,-0.7209840939145001
Carolinian,Austronesian,caro1242,,,,
Sanga (Democratic Republic of Congo),Atlantic-Congo,sang1331,0.7595238095238095,0.7728727891156463,0.013662395607199115,-0.9770599516824721
Tenetehara,Tupian,temb1276,0.5847222222222221,0.5847222222222221,0.0,
Emae,Austronesian,emae1237,0.5,0.5,0.0,
Kamang,,kama1365,0.7402988215488215,0.7715223747895624,0.015497036253178375,-2.01480804010748
Komba,Nuclear Trans New Guinea,komb1273,0.8138888888888888,0.9106361111111112,0.014958342102545657,-6.467777081108319
Kyaka,Nuclear Trans New Guinea,kyak1244,0.65625,0.6562564897486772,0.011351882480433645,-0.0005716892055934871
Indonesian,Austronesian,indo1316,0.9166666666666666,0.9409263888888888,0.008428554471461595,-2.8782779187538776
Tokelau,Austronesian,toke1240,0.5431783192652759,0.5921842802728673,0.009436348484583012,-5.193318272174527
Dehu,Austronesian,dehu1237,0.75,0.75,0.0,
Kashaya,,kash1280,0.6316964285714285,0.5976210317460317,0.020760939470883474,1.6413224879917623
Torete,Austronesian,tore1237,0.7083333333333334,0.7083333333333334,0.0,
Cruzeño,,cruz1243,0.791958041958042,0.7919580419580416,3.2953244754398605e-16,1.0107256807938136
Lakota,,lako1247,0.8112980769230769,0.8112980769230768,1.2511578073120693e-16,0.8873565094161139
Taiap,Taiap,taia1239,0.78125,0.78125,0.0,
Brulé,,brul1239,0.7723595848595849,0.7723595848595848,8.04433006106855e-17,1.3801311186847083
Sikaiana,Austronesian,sika1261,0.6777777777777777,0.6777340277777778,0.015742414261187308,0.0027791162952535827
Tolaki,Austronesian,tola1247,0.826388888888889,0.7880138888888889,0.014543304853071837,2.6386712227856846
Mudburra,Pama-Nyungan,mudb1240,0.8258928571428571,0.717317150297619,0.025783787081050745,4.211006959681014
Kikuyu,Atlantic-Congo,kiku1240,0.7787698412698413,0.7999092643467645,0.006839051334475643,-3.0909876301643466
Adnyamathanha,Pama-Nyungan,adny1235,0.7538690476190475,0.7418199404761905,0.018713349714945603,0.6438776235359867
Kilmeri,Border,kilm1241,0.7989583333333333,0.7989583333333332,1.1102230246251565e-16,1.0
Tiv,Atlantic-Congo,tivv1240,0.8265625000000001,0.7700212239583334,0.01828177714649449,3.092766944296136
Nyoro,Atlantic-Congo,nyor1246,0.8388888888888889,0.8083207589285715,0.017645557688190466,1.7323413915546337
Tohono O'odham,Uto-Aztecan,toho1245,0.875,0.875,0.0,
Yamdena,Austronesian,yamd1240,,,,
Auslan,,aust1271,0.36309523809523814,0.4089348672161172,0.00812814379811354,-5.639618375294737
Zuni,,zuni1245,0.9330357142857143,0.933035714285714,3.3306690738754696e-16,1.0
Arabana,Pama-Nyungan,arab1267,0.8392113095238096,0.8352897321428572,0.011570775062725467,0.33892088988796987
Kanum,,kanu1280,,,,
MokshaMordvin,Uralic,moks1248,0.9005952380952381,0.9005952380952384,3.135471101974448e-16,-1.0622547507384466
Kankanaey,Austronesian,kank1243,0.8333333333333334,0.8306440972222222,0.003939709706607574,0.6825975291024224
Tausug,Austronesian,taus1251,0.7782738095238096,0.7825576636904764,0.002485547144434167,-1.7235054970731538
Kamano,Nuclear Trans New Guinea,kama1370,0.8144345238095239,0.7819922619047619,0.0171838559422893,1.8879500627633798
Kannada,Dravidian,nucl1305,0.32337454212454214,0.32337454212454203,7.437251374183974e-17,1.4927867417241518
Navajo,,nava1243,0.8846638655462185,0.9231868697478992,0.013378042002165458,-2.879569685567228
Guarayu,Tupian,guar1292,0.7852891156462585,0.7836866496598641,0.015682250494733273,0.10218341984350553
Dakota,,dako1258,0.7574540043290043,0.7574540043290041,2.220446049250313e-16,1.0
Ninam,,nina1238,0.5571428571428572,0.557600892857143,0.005124395730304736,-0.0893833611594595
Huli,Nuclear Trans New Guinea,huli1244,0.7316468253968255,0.7059000496031747,0.01361007250275726,1.8917442055091755
Ganda,Atlantic-Congo,gand1255,0.7693452380952381,0.777094961734694,0.03961116804063523,-0.19564491588598779
Páez,,paez1247,0.8787878787878788,0.8787878787878788,0.0,
Lonwolwol,Austronesian,lonw1238,0.7375,0.7375000000000002,1.1102230246251565e-16,-1.0
Old Rapa,Austronesian,rapa1245,0.7529761904761905,0.7529761904761904,1.1102230246251565e-16,1.0
Jehai,Austroasiatic,jeha1242,,,,
Mori Bawah,Austronesian,mori1268,0.888888888888889,0.8599763888888888,0.011166486230576492,2.5892209422898698
Ottawa,Algic,otta1242,0.5982142857142857,0.5982142857142858,1.1102230246251565e-16,-1.0
Tokharian B,Indo-European,tokh1243,0.5416666666666666,0.5416666666666667,1.1102230246251565e-16,-1.0
Kazym Khanty,Uralic,nort2672,0.85,0.8098835714285713,0.04062539830887941,0.9874716369897242
Ponca,,ponc1241,0.6918019480519481,0.691801948051948,1.4304223057953898e-16,0.7761505257063328
Vurës,Austronesian,vure1239,0.4955357142857143,0.4955357142857144,1.1102230246251565e-16,-1.0
Yawa,Yawa-Saweru,nucl1454,0.733531746031746,0.7299363095238095,0.00857007783255919,0.4195337053155807
Lauan,Austronesian,laua1243,0.8466269841269841,0.8482918154761906,0.011729710014107355,-0.14193286510955322
Parakanã,Tupian,para1312,0.5260416666666666,0.5440679563492062,0.021022655332379712,-0.8574696867514632
Yurok,Algic,yuro1248,0.7270833333333333,0.7315210069444444,0.008179612059977318,-0.5425286160971603
Osage,,osag1243,0.7835227272727272,0.783522727272727,2.6887117062362655e-16,0.8258401390153339
Paliyan,Dravidian,pali1274,0.6259920634920635,0.6990620783730159,0.02348247801555112,-3.11168245670505
Tamambo,Austronesian,malo1243,0.7821180555555556,0.7821180555555556,0.0,
Ngadjunmaya,Pama-Nyungan,ngad1258,0.8638392857142857,0.8638392857142859,2.4578341890295973e-16,-0.9034157223303131
Sateré-Mawé,Tupian,sate1243,0.678125,0.7612125000000001,0.07157734489406081,-1.1608072375829959
Creek,,cree1270,0.46481643356643354,0.46481643356643343,1.518714489757095e-16,0.7310281373576194
Buhid,Austronesian,buhi1245,0.8068452380952381,0.7788904761904762,0.007201158341478267,3.8819812840031607
Mblafe,,mbla1238,0.6388888888888888,0.6388888888888892,2.6633785257013446e-16,-1.250542888190633
Merei,Austronesian,mere1242,,,,
Iau,Lakes Plain,iauu1242,0.8819444444444443,0.8821972222222221,0.014803228136849235,-0.01707585503924892
Gayo,Austronesian,gayo1244,0.8,0.8000000000000002,1.1102230246251565e-16,-1.0
Binongan Itneg,Austronesian,bino1237,0.9,0.9000000000000002,2.220446049250313e-16,-1.0
Mala,,mala1494,0.7656850961538462,0.765685096153846,2.220446049250313e-16,1.0
Idi,,nucl1597,0.9583333333333334,0.9583333333333336,2.220446049250313e-16,-1.0
Kwere,Atlantic-Congo,kwer1261,0.7820512820512822,0.7131615384615384,0.019265150633419326,3.5758736020594863
Thayore,Pama-Nyungan,thay1249,0.7494562728937729,0.7740708371489622,0.024808121135026458,-0.9921978420379481
Classical Nahuatl,Uto-Aztecan,clas1250,0.6527777777777778,0.6527777777777778,1.0928790940955857e-16,0.0
Old High German (ca. 750-1050),Indo-European,oldh1241,,,,
Cree,Algic,cree1272,0.7998737373737373,0.7998737373737372,2.0811870189219222e-16,0.5334566353389347
/Gwi,,gwii1239,0.8144781144781147,0.813844917929293,0.00733385184470312,0.08633887924515192
Yaqui,Uto-Aztecan,yaqu1251,0.796875,0.794315625,0.02121694096669864,0.12062884107643673
Northern Pomo,,nort2966,0.7049933862433863,0.8045236276455026,0.025006074306317263,-3.9802425675817523
Afrikaans,Indo-European,afri1274,0.8222222222222221,0.8747131944444445,0.016784600557528076,-3.1273292469673732
North Ambrym,Austronesian,nort2839,0.7182539682539684,0.7582003968253969,0.02285149385592697,-1.7480882791856354
Mangei,Austronesian,mang1407,0.7708333333333333,0.79253125,0.041219423905703184,-0.5264002892496662
Rapanui,Austronesian,rapa1244,0.7544642857142858,0.7544642857142859,1.7721886126795741e-16,-0.6264700137907351
Pitta Pitta,Pama-Nyungan,pitt1247,0.7430555555555557,0.7519649305555555,0.015000268126300882,-0.5939477164663761
Termanu,Austronesian,term1237,0.7474074074074072,0.7533023941798942,0.016069775613817033,-0.36683690638582483
Arosi,Austronesian,aros1241,0.8777777777777778,0.9281174603174603,0.015112636977783627,-3.330966171799439
Gujarati,Indo-European,guja1252,0.8025236337736338,0.8436057417119918,0.01130424103745549,-3.6342208028151965
North Muyu,Nuclear Trans New Guinea,nort2916,0.75,0.75,0.0,
Kawaiisu,Uto-Aztecan,kawa1283,0.8541666666666667,0.8541666666666665,2.220446049250313e-16,1.0
Kartujarra,Pama-Nyungan,kart1247,0.7925000000000001,0.8052135416666667,0.01629131549999834,-0.7803876652359905
Yuwaalaraay-Gamilaraay,Pama-Nyungan,gami1243,0.8816964285714286,0.8181958705357143,0.014713933625684586,4.315675172332433
Shanghainese,Sino-Tibetan,shan1293,0.7837301587301587,0.7837301587301586,7.056687937132857e-17,1.5732919388188815
Sinhala,Indo-European,sinh1246,0.7413194444444445,0.7890181795634922,0.014530335195854735,-3.2827002595683625
Rahambuu,Austronesian,raha1237,0.8125,0.8125,0.0,
Bario,Austronesian,bari1288,0.5238095238095237,0.5238095238095236,1.1102230246251565e-16,1.0
Gela,Austronesian,gela1263,0.890625,0.958953125,0.0191581297507579,-3.5665342018730657
Alangan,Austronesian,alan1249,0.8118055555555556,0.7995194444444443,0.008749369906766547,1.4042281035128534
Meyah,,meya1236,0.8452380952380952,0.845238095238095,2.220446049250313e-16,1.0
Lelepa,Austronesian,lele1267,0.737962962962963,0.738762962962963,0.01564201074031085,-0.051144319824448205
Sawai,Austronesian,sawa1247,0.8765734265734265,0.874099256993007,0.004817182858042008,0.5136133822051386
Touo,Touo,touo1238,0.5815476190476191,0.6356254133597884,0.018201344549405647,-2.9710878866877546
Gwich'in,,gwic1235,0.8061011904761904,0.8061011904761908,3.0797434617380487e-16,-1.0814761408717501
Rundi,Atlantic-Congo,rund1242,0.7291414141414141,0.8260229797979798,0.020396958365735286,-4.749804550237078
Wersing,,wers1238,0.7166666666666667,0.7166666666666668,1.1102230246251565e-16,-1.0
Bemba (Zambia),Atlantic-Congo,bemb1257,0.7722222222222223,0.7659144841269842,0.008349936971529096,0.7554234381344064
Southeastern Tepehuan,Uto-Aztecan,sout2976,0.8952380952380953,0.8531313095238096,0.012542682903999137,3.3570796644201457
Lingua Geral Paulista,Tupian,tupi1274,0.6988343253968256,0.6969742311507937,0.006934679615984101,0.2682307401403827
Aghul,Nakh-Daghestanian,aghu1253,0.8229166666666666,0.7977482638888889,0.005983539372081169,4.206273446651325
Dhuwal-Dhuwala,Pama-Nyungan,dhuw1248,0.8074999999999999,0.800234375,0.016643459591647997,0.4365453564501613
Czech,Indo-European,czec1258,0.7657407407407408,0.742062037037037,0.010099435795877992,2.344557080442862
Panare,Cariban,enap1235,0.8583333333333334,0.8405128472222223,0.013408140977712094,1.3290795600026497
Phende,Atlantic-Congo,phen1239,0.8999999999999999,0.9028849206349207,0.004093734823912775,-0.7047160500159961
Vera'a,Austronesian,vera1241,0.74375,0.7437500000000002,2.220446049250313e-16,-1.0
Luiseno-Juaneño,Uto-Aztecan,luis1253,0.925,0.8844113095238095,0.01926187881679047,2.1072030855478947
Kala Lagaw Ya,Pama-Nyungan,kala1377,0.8202380952380951,0.820292857142857,0.00704876386070428,-0.007769008274945212
Itonama,,iton1250,0.7041666666666667,0.7734572916666667,0.012847160055217462,-5.393458531082889
Kayardild-Yangkaal,,kaya1318,0.7514880952380952,0.751488095238095,2.220446049250313e-16,1.0
Central Subanen,Austronesian,cent2089,0.6428571428571428,0.6428571428571427,1.1102230246251565e-16,1.0
Nage,Austronesian,nage1237,0.8500000000000001,0.8499999999999998,3.3306690738754696e-16,1.0
Atsugewi,,atsu1245,0.8651190476190476,0.8609786904761906,0.008389658001395885,0.49350726122186483
Māngarongaro,Austronesian,penr1237,0.6469246031746031,0.673227058531746,0.012772302486512432,-2.0593354553666696
Kabaena,Austronesian,kaba1285,0.6666666666666666,0.6666666666666665,1.1102230246251565e-16,1.0
Amharic,Afro-Asiatic,amha1245,0.6617229992229993,0.7679376286907538,0.013786819432016087,-7.704070542992702
Bilibil,Austronesian,bilb1241,0.6592592592592592,0.6781450396825396,0.011028045036110852,-1.7125229686168046
Godoberi,Nakh-Daghestanian,ghod1238,0.8834498834498835,0.8115498251748252,0.012187561380921474,5.8994622490772715
Naasioi,South Bougainville,naas1242,0.84375,0.84375,0.0,
Bunganditj,Pama-Nyungan,bung1264,0.6999999999999998,0.713568287037037,0.011065242841461632,-1.2262077960184106
Galela,North Halmahera,gale1259,0.5915614478114478,0.600103345959596,0.01258482279828015,-0.6787460010414728
Korowai,Nuclear Trans New Guinea,koro1312,0.875,0.875,0.0,
Northern Ojibwa,Algic,nort2961,0.5706632653061224,0.6062806122448979,0.022679248773200166,-1.570481778076536
Church Slavic,Indo-European,chur1257,0.8392857142857143,0.7964776785714286,0.01267720124149327,3.3767733822961126
Buli,Austronesian,buli1256,0.8015782828282828,0.8179781250000001,0.008559827825485818,-1.9159079488595347
Wawonii,Austronesian,wawo1239,0.6972222222222223,0.7117618055555556,0.0073296968243076405,-1.983654124017152
Duungidjawu,Pama-Nyungan,duun1241,0.8483333333333333,0.8540336111111112,0.009713113030210977,-0.5868641454133386
North Saami,Uralic,nort2671,0.7586429773929773,0.79723379253848,0.027904923594684994,-1.3829392872035353
Sika,Austronesian,sika1262,0.9375,0.9375,0.0,
Waffa,Nuclear Trans New Guinea,waff1241,0.8520833333333333,0.8520833333333331,2.220446049250313e-16,1.0
Imbongu,Nuclear Trans New Guinea,imbo1238,0.4921875,0.4921875,0.0,
Minigir,Austronesian,mini1251,0.5381944444444445,0.5811927083333334,0.00883432692516564,-4.867180516763888
Futuna-Aniwa,Austronesian,futu1245,0.7951388888888888,0.780939236111111,0.009701189271339698,1.4637022720222501
Choctaw,,choc1276,0.65,0.6500000000000002,2.220446049250313e-16,-1.0
Northern Tosk Albanian,Indo-European,tosk1239,0.9041666666666667,0.9117703125000001,0.0075673851026884,-1.00479171208455
Jingpho,Sino-Tibetan,jing1260,0.65625,0.65625,0.0,
Kalam,Nuclear Trans New Guinea,kala1397,0.8428571428571429,0.847280431547619,0.011523327162527816,-0.3838551685714554
Limilngan-Wulna,,limi1242,0.6864285714285714,0.7349280952380952,0.028168645822669477,-1.7217556042574302
Hungarian,Uralic,hung1274,0.9103174603174603,0.8827597718253968,0.005811582753795213,4.7418559899309995
Bulgarian,Indo-European,bulg1262,0.7991161616161616,0.829667781986532,0.011558446061220556,-2.643229047274214
Wirangu,Pama-Nyungan,wira1265,0.7720833333333333,0.8289987797619048,0.017459235556394885,-3.259904836310246
Mbuun,Atlantic-Congo,mpuo1241,0.9791666666666666,0.9320128472222222,0.008980741455260075,5.250548596611266
Huichol,Uto-Aztecan,huic1243,0.8571428571428572,0.8571428571428575,3.3306690738754696e-16,-1.0
Luburua,Austronesian,lubu1242,0.5415674603174603,0.6852542162698412,0.035014169937339884,-4.103674489771358
Western Pantar,,lamm1241,0.7203373015873016,0.7480275710978835,0.019164141259198235,-1.4449000941950072
Colombian Sign Language,,colo1249,0.5833333333333334,0.5833333333333334,0.0,
Hunzib,Nakh-Daghestanian,hunz1247,0.9084821428571429,0.897780505952381,0.003201723533349895,3.3424612691543034
Balochic,Indo-European,balo1260,0.8253968253968255,0.8790416666666667,0.009490865848225056,-5.652259986360855
Bardic,,bard1254,0.875,0.875,0.0,
Teguima,Uto-Aztecan,opat1246,0.8189153439153438,0.7407378720238094,0.01607458904816932,4.863419628163858
Lipan Apache,,lipa1241,0.6780753968253969,0.6803553240740742,0.015432731518801387,-0.14773322829466232
Batlux,Nakh-Daghestanian,batl1238,0.8257575757575758,0.8174292929292929,0.008288065178965133,1.0048524774418817
Nsong,Atlantic-Congo,song1299,0.9570707070707072,0.9113666351010101,0.00989949447236051,4.616808676170616
Southeast Ambrym,Austronesian,sout2859,0.8145833333333332,0.7956890625,0.02318080653030432,0.8150825472199447
Yanomám,,yano1262,0.5714285714285714,0.5714285714285712,2.220446049250313e-16,1.0
Upper Michigan-Wisconsin Chippewa,Algic,uppe1274,0.6277777777777778,0.627777777777778,2.220446049250313e-16,-1.0
Chipaya,,chip1262,0.8080357142857143,0.808035714285714,3.3306690738754696e-16,1.0
Ingush,Nakh-Daghestanian,ingu1240,0.775,0.8209073743386244,0.010450602364195502,-4.392796964116274
Kwasio,Atlantic-Congo,kwas1243,0.7984848484848485,0.7609763257575758,0.007563095419627403,4.959414187732215
Chamorro,Austronesian,cham1312,0.8527777777777777,0.8659090277777778,0.013832223275826443,-0.9493231665041553
Hinuq,Nakh-Daghestanian,hinu1240,0.9047283734783734,0.8778316164448977,0.006198884310728389,4.338967414979109
Farafi,Austronesian,butm1237,0.8416666666666666,0.8728145833333333,0.011633248082006156,-2.6774909678789602
Mekeo,Austronesian,meke1243,0.5,0.5,0.0,
Bau-Jagoi Bidayuh,Austronesian,baub1235,,,,
Suki,,suki1245,0.721875,0.7218750000000002,1.1102230246251565e-16,-1.0
Kalkutung,Pama-Nyungan,kalk1246,0.813128306878307,0.8117101190476189,0.015269152949013548,0.09287927335744282
Sukuma,Atlantic-Congo,suku1261,0.9,0.9000000000000002,2.220446049250313e-16,-1.0
Hausa,Afro-Asiatic,haus1257,0.822564935064935,0.8155648553992305,0.007597490949559476,0.9213672924625685
Mattole-Bear River,,matt1238,0.9166666666666667,0.8384027777777777,0.04626433503237301,1.691667865411329
Western Keres,,west2632,0.7950553327391563,0.7950553327391565,2.220446049250313e-16,-1.0
Kaiwá,Tupian,kaiw1246,0.5129261363636364,0.5129261363636363,1.1102230246251565e-16,1.0
Buru (Indonesia),Austronesian,buru1303,0.75,0.75,0.0,
Iban,Austronesian,iban1264,0.8439153439153438,0.8831626984126985,0.007652548999309773,-5.1286642530344535
Kuku-Yalanji,Pama-Nyungan,kuku1273,0.779265873015873,0.7666199156746031,0.009445072011054871,1.33889475130191
Kukatja,Pama-Nyungan,kuka1246,0.7662698412698412,0.7404623015873015,0.006520078261833855,3.958164096527421
Ma'anyan,Austronesian,maan1238,0.7833333333333335,0.7804166666666668,0.008594293613558323,0.33937247176026986
Cupeño,Uto-Aztecan,cupe1243,0.8475000000000001,0.834251875,0.013170169825043489,1.0059190713553627
Ancux,Nakh-Daghestanian,ancu1238,0.8638528138528138,0.8340983766233766,0.008033176508331106,3.703944161886547
Baure,Arawakan,baur1253,0.8,0.96065,0.028118321429274548,-5.713356695351808
Tuscarora,,tusc1257,0.5589285714285714,0.5589285714285716,1.1102230246251565e-16,-1.0
Yabem,Austronesian,yabe1254,0.8432514245014243,0.8468365155677655,0.009322098747822317,-0.38457982084546016
Hoti,,yuwa1244,0.7260416666666667,0.7260416666666669,2.220446049250313e-16,-1.0
Kiput,Austronesian,kipu1237,0.65,0.771365277777778,0.019801570609217393,-6.129073302967385
Kazym-Berezover-Suryskarer Khanty,Uralic,khan1273,0.951388888888889,0.8482135416666667,0.017707904321464473,5.826513705360332
Kawi,Austronesian,kawi1241,,,,
Mosetén-Chimané,,mose1249,0.8845982142857143,0.8845982142857145,2.0873964420257313e-16,-1.0637395008182837
Nuclear Miami,Algic,nucl1653,0.5097222222222222,0.5097222222222221,1.1102230246251565e-16,1.0
Shona,Atlantic-Congo,shon1251,,,,
Loloda-Laba,North Halmahera,lolo1264,0.730952380952381,0.7309523809523809,9.621221172337122e-17,1.1539315069663538
Barok,Austronesian,baro1253,0.8,0.8200562499999999,0.02404692596648271,-0.8340463154398553
Weda,Austronesian,weda1240,0.8345170454545455,0.8060291114267677,0.010549308578144043,2.700455088288806
Northwest Sahaptin,,yaki1237,0.765625,0.765625,0.0,
Mashco Piro,Arawakan,mash1270,0.5714285714285714,0.5827261904761903,0.001859545149563538,-6.075474451518781
Korafe,Nuclear Trans New Guinea,kora1295,0.8116605616605616,0.8219533157814408,0.011348414331888285,-0.9069772939076886
Tiale,Austronesian,tial1239,,,,
Neme,,neme1244,0.8125,0.8125,0.0,
North Efate,Austronesian,nort2836,0.8392857142857143,0.839285714285714,3.3306690738754696e-16,1.0
Nen,,nenn1238,0.8541666666666666,0.8541666666666665,1.1102230246251565e-16,1.0
Cha'palaa,,chac1249,0.7827380952380953,0.7827380952380952,6.897693335176788e-17,1.609556949949126
Haya,Atlantic-Congo,haya1250,0.8078703703703703,0.8365719163359788,0.020441867408041946,-1.404056948061268
Mocoví,,moco1246,0.7370129870129869,0.7251483360389611,0.0065271161517905995,1.817747792150278
Toba,,toba1269,0.808531746031746,0.7694499007936507,0.009399959871138744,4.157660859605437
Yaka (Central African Republic),Atlantic-Congo,yaka1272,0.8724094087730453,0.8597485378258106,0.01017784326987848,1.243964031623945
Kariyarra,Pama-Nyungan,kari1304,0.7150297619047619,0.7712092013888889,0.021605865830527062,-2.6001938512804608
Kazakh,Turkic,kaza1248,0.9201388888888888,0.9201388888888892,3.3306690738754696e-16,-1.0
Piegan,Algic,pieg1239,0.7137626262626262,0.7137626262626263,1.0968194384045366e-16,-1.012220412723645
Kosarek Yale,Nuclear Trans New Guinea,kosa1249,0.8065476190476191,0.8065476190476188,2.1459206728645999e-16,1.0347288589592778
Onobasulu,Bosavi,onob1238,0.6513888888888889,0.6784027777777778,0.009810044809615637,-2.7536967886640378
Siwai,South Bougainville,siwa1245,0.9027777777777778,0.902777777777778,2.163938314644239e-16,-1.0261133758867633
Wangganguru,Pama-Nyungan,wang1290,0.8886363636363637,0.8576932359307359,0.015412022217136013,2.0077266480464426
Irish,Indo-European,iris1253,0.7659046606415028,0.7495032617845118,0.007290611769788555,2.24966016225915
Yakan,Austronesian,yaka1277,0.8666666666666667,0.8738916666666666,0.007072594801218452,-1.0215486964918756
Kuman,Nuclear Trans New Guinea,kuma1280,0.8244172494172495,0.8244172494172497,2.2941624510965736e-16,-0.9678678369916546
Kodi-Gaura,Austronesian,kodi1247,0.826388888888889,0.8263888888888892,2.7822109252321575e-16,-0.7980868844676222
Ahin-Kayapa Kalanguya,Austronesian,ahin1234,0.725,0.7517546875,0.005707602385340904,-4.687552792520248
Nambo,,namb1293,0.8229166666666666,0.8229166666666665,1.1102230246251565e-16,1.0
Lenakel,Austronesian,lena1238,0.7023809523809523,0.7023809523809524,1.0145033081663849e-16,-1.0943513103291655
Modern Greek,Indo-European,mode1248,0.8732804232804233,0.8577787698412699,0.005988311154655701,2.588651965270951
Yaka-Pelende-Lonzo,Atlantic-Congo,yaka1269,0.8512175324675324,0.8672842532467533,0.020574611816901418,-0.7809003116171828
Larevat,Austronesian,lare1249,0.7043650793650793,0.7812953373015873,0.026980744574388735,-2.851302258334762
Batanga,Atlantic-Congo,bata1285,0.6844179069604767,0.779105087230779,0.012933835926832069,-7.3208892401261805
Mbyá Guaraní,Tupian,mbya1239,0.75,0.75,0.0,
Tehuelche,,tehu1242,0.8386904761904761,0.8844106398809523,0.00896066267788853,-5.102319475020073
Yadhaykenu,Pama-Nyungan,yadh1237,0.8363095238095238,0.8363095238095238,0.0,
Bannoni,Austronesian,bann1247,0.5238095238095237,0.5238095238095236,1.1102230246251565e-16,1.0
Iwam,Sepik,iwam1256,0.9177083333333333,0.9177083333333335,1.1102230246251565e-16,-1.0
Algonquin,Algic,algo1255,0.4847222222222222,0.4847222222222223,7.330835502736468e-17,-0.7572281660192283
Ganggalida,,gang1267,0.680787037037037,0.6810825176366844,0.025796061551586782,-0.01145448498238564
Sirionó,Tupian,siri1273,0.8454545454545453,0.8975416666666665,0.014442887654945823,-3.606420160326069
Uripiv-Wala-Rano-Atchin,Austronesian,urip1239,0.39107142857142857,0.46290714285714285,0.03703431195702658,-1.9397070038474082
Polci,Afro-Asiatic,polc1243,0.74375,0.7526489583333333,0.004565976961869095,-1.9489713609265573
Paraguayan Guaraní,Tupian,para1311,0.6926379176379178,0.7030596157314908,0.011042089825166418,-0.9438157322195027
Central Tarahumara,Uto-Aztecan,cent2131,0.8526785714285714,0.8582283163265306,0.024128526817229056,-0.2300076146379735
Southern Cook Island Maori,Austronesian,raro1241,0.7929315476190476,0.8118914806547618,0.01064236798890376,-1.7815520996344725
Yao,Atlantic-Congo,yaoo1241,,,,
Kulisusu,Austronesian,kuli1254,0.9416666666666668,0.8554937499999999,0.0189552688686271,4.546119459655451
Kuuku-Ya'u,Pama-Nyungan,kuuk1238,0.8061224489795917,0.805579081632653,0.01386122966357382,0.03920051540352454
Teiwa,,teiw1235,0.7186688311688312,0.7237539953102454,0.010708391162610166,-0.47487657708749015
Albanian,Indo-European,alba1267,0.8754960317460317,0.8911828042328042,0.008516406307524196,-1.8419474036734536
Cheke Holo,Austronesian,chek1238,0.5277777777777778,0.5277777777777778,0.0,
Dampelas,Austronesian,damp1237,0.8386243386243386,0.8253310185185184,0.006567295296165207,2.0241696933564803
Yir-Yoront,Pama-Nyungan,yiry1245,0.7357142857142858,0.7555049603174603,0.017236232677574,-1.1482018706398698
Herero,Atlantic-Congo,here1253,0.8530844155844157,0.8460716089466088,0.009604873320158167,0.7301300500329159
Koya,Dravidian,koya1251,0.9003246753246752,0.9088279220779221,0.015230309419465191,-0.5583108339466332
Suzhou,Sino-Tibetan,suzh1234,0.8377976190476191,0.8377976190476188,2.1067926302872334e-16,1.0539461821392382
English,Indo-European,stan1293,0.7817460317460316,0.8800853174603175,0.018518868737240138,-5.310221002675638
Yuracaré,,yura1255,0.8187500000000001,0.8187499999999998,3.3306690738754696e-16,1.0
Gupapuyngu,Pama-Nyungan,gupa1247,0.8761093073593074,0.8340008658008657,0.02008789437979363,2.0962098247986813
Shoshoni,Uto-Aztecan,shos1248,0.7625,0.7624999999999998,1.1102230246251565e-16,1.0
Makonde,Atlantic-Congo,mako1251,0.7977272727272728,0.7977272727272726,2.220446049250313e-16,1.0
Walloon,Indo-European,wall1255,0.9404761904761906,0.9737946428571429,0.00876951441025229,-3.799349749856194
Agob-Ende-Kawam,Pahoturi,agob1244,0.8125,0.8125,0.0,
Car Nicobarese,Austroasiatic,carn1240,,,,
Ura (Vanuatu),Austronesian,urav1235,0.9,0.9000000000000002,2.220446049250313e-16,-1.0
Mekongga,Austronesian,meko1237,0.8125,0.8125,0.0,
Maranao,Austronesian,mara1404,0.8541666666666666,0.8736267361111111,0.00890192034542137,-2.1860529738904684
Mahasu Pahari,Indo-European,maha1287,0.8833333333333333,0.8833333333333331,2.4158514241300273e-16,0.9191153177186459
Nalik,Austronesian,nali1244,0.7157142857142856,0.7761225892857143,0.01450819863972802,-4.163735627799561
Sougb,,mani1235,0.5604437229437229,0.5604437229437228,1.159106867033638e-16,0.9578262852211513
Sanapaná,,sana1298,0.586111111111111,0.5816319444444443,0.008581251433060754,0.5219712651012576
Mapudungun,,mapu1245,0.7536976911976913,0.7264951524170273,0.020651181743249772,1.3172388446755878
Paakantyi,Pama-Nyungan,darl1243,0.7790178571428572,0.7683108258928572,0.01206464994716863,0.8874713561426466
Sinitic,Sino-Tibetan,sini1245,0.7169642857142857,0.7169642857142855,2.220446049250313e-16,1.0
Varisi,Austronesian,vari1239,0.53125,0.53125,0.0,
Kumaoni,Indo-European,kuma1273,0.91875,0.9187499999999997,2.220446049250313e-16,1.0
Ute,Uto-Aztecan,utee1244,0.9040178571428572,0.9040178571428575,3.3306690738754696e-16,-1.0
Lozi,Atlantic-Congo,lozi1239,0.8574656337814233,0.8501069672286777,0.005608108204071241,1.312147748398196
French,Indo-European,stan1290,0.8924603174603174,0.8778394841269842,0.008730595630752366,1.674666191368805
Murriny Patha,,murr1258,0.888888888888889,0.9015472222222222,0.010584983102676667,-1.1958765744399018
Nese,Austronesian,nese1235,0.8634615384615385,0.8899124999999999,0.012035447483033757,-2.197754722103106
Seneca,,sene1264,0.7678571428571428,0.7678571428571427,1.36155173506899e-16,0.8154100913168029
Muna,Austronesian,muna1247,0.7869769119769119,0.7514187071608946,0.009608369602108792,3.7007532275000243
Casiguran-Nagtipunan Agta,Austronesian,casi1235,0.7029761904761905,0.7045986607142857,0.0096055084767641,-0.1689103957401034
Mota,Austronesian,mota1237,0.6789835164835165,0.7226573946886446,0.03052358270220953,-1.4308241149544574
Maklew,,makl1246,0.65,0.6500000000000002,2.220446049250313e-16,-1.0
Marwari (India),Indo-European,marw1260,0.6771265771265773,0.8322090303215304,0.02476937065754032,-6.261057470499061
Southwestern Tepehuan,Uto-Aztecan,sout2977,,,,
Chuukese,Austronesian,chuu1238,0.8368055555555556,0.8368055555555556,0.0,
Lamogai,Austronesian,lamo1244,0.9041666666666667,0.9041666666666668,9.979663786127904e-17,-1.1124853987249619
Chickasaw,,chic1270,0.7321338383838384,0.7321338383838383,1.1381816716994832e-16,0.9754356903036577
Mi'kmaq,Algic,mikm1235,0.7409455128205128,0.740945512820513,2.220446049250313e-16,-1.0
Sanskrit,Indo-European,sans1269,0.7292929292929292,0.7901859638047137,0.01866518560932279,-3.26238569421833
Saaroa,Austronesian,saar1237,0.7909303324599378,0.7883833408094099,0.0031181274494613462,0.8168337221007287
Acehnese,Austronesian,achi1257,0.8625,0.8625000000000003,2.220446049250313e-16,-1.0
Daakie,Austronesian,port1286,0.9307760141093474,0.90607848324515,0.008773251163928223,2.8150944732715417
Fijian,Austronesian,fiji1243,0.6019345238095238,0.613571552579365,0.009412530546142198,-1.2363337056696952
Bats,Nakh-Daghestanian,bats1242,0.9189743589743589,0.9276205769230769,0.012493952159397309,-0.6920322599614538
Guajá,Tupian,guaj1256,0.8444444444444444,0.8348632936507936,0.024859355397028507,0.38541428933415167
Macedonian,Indo-European,mace1250,0.8388888888888889,0.8300180555555555,0.007339674470341977,1.2086140017760303
Mbere,Atlantic-Congo,mber1257,0.8507936507936509,0.8341732804232805,0.015157756820279754,1.0964927441066832
Cherokee,,cher1273,0.6778934607059607,0.6778934607059608,7.229248575812843e-17,-1.535737792084878
Nunamiut,Eskimo-Aleut,nort2944,0.6218915343915343,0.6006768435846561,0.007193247664701611,2.9492507134130816
Tombulu,Austronesian,tomb1243,0.8270202020202021,0.8316495422979798,0.004371473370472163,-1.0589885572785067
Pashto,Indo-European,pash1269,0.8053668689698101,0.8215935739573607,0.009880641134266272,-1.6422724767602344
Wulguru,Pama-Nyungan,wulg1239,0.8107142857142856,0.8493251984126985,0.013772139976408642,-2.8035521541715727
Binja,Atlantic-Congo,binj1250,,,,
Serbian-Croatian-Bosnian,Indo-European,sout1528,0.7678075396825396,0.7914906994047619,0.015108037254094205,-1.5675867966108121
Yanyuwa,Pama-Nyungan,yany1243,0.7375,0.7886587053571429,0.016090195631370475,-3.1794955468037043
Bera,Atlantic-Congo,bera1259,0.7311507936507936,0.7035820932539683,0.010369722352965445,2.6585765229231515
Akhvakh,Nakh-Daghestanian,akhv1239,0.8958874458874458,0.8143487283549784,0.01371182781705094,5.94659724585167
Yalarnnga,Pama-Nyungan,yala1262,0.9027777777777778,0.8224238591269841,0.01619855982236142,4.960559428244264
Tok Pisin,Indo-European,tokp1240,0.7009523809523809,0.7650061904761905,0.014603162076426654,-4.386297240870131
Yavitero,Arawakan,yavi1244,0.7847222222222223,0.8396631944444444,0.009186256555857307,-5.9807792094801435
Angaité,,anga1316,0.42857142857142855,0.42857142857142855,0.0,
Muruwari,Pama-Nyungan,muru1266,0.7875850340136054,0.8028249433106576,0.024697828100606743,-0.6170546347222255
Yele,Yele,yele1255,0.8799603174603173,0.906406994047619,0.013575691470185669,-1.9480905739043
Lewo,Austronesian,lewo1242,0.5791666666666666,0.5791666666666666,7.065416064076987e-17,0.0
Wangkumara,Pama-Nyungan,wong1246,0.5711805555555555,0.5711805555555556,2.1065000811460205e-17,-5.2704627669473
Adang,,adan1251,0.5923611111111111,0.7487875,0.031926885789476146,-4.8995191676493155
Southwest Tanna,Austronesian,sout2869,0.925,0.9078148437499999,0.016301282343124838,1.0542211274101456
Bali,Atlantic-Congo,bali1275,0.625,0.625,0.0,
Hewa,Sepik,hewa1241,0.7125,0.768413888888889,0.012600622091124445,-4.4373911450192
Old Norse,Indo-European,oldn1244,0.6968864468864469,0.7714388354700854,0.02092689337056786,-3.562515814625931
Marind,,nucl1622,0.828174603174603,0.8173655753968253,0.008058261879603216,1.3413597050174215
Lake Miwok,,lake1258,,,,
Siona-Tetete,,sion1247,0.7999999999999999,0.791500462962963,0.004131801636706349,2.05710190961935
Wappo,,wapp1239,0.875,0.8448229166666666,0.05404070992310386,0.5584138953073197
Cusco Quechua,,cusc1236,0.7094017094017093,0.7824551709401709,0.02131509164206824,-3.4273116327719944
Ayoreo,,ayor1240,0.7815145502645503,0.787749751984127,0.010260390654376148,-0.6076963275191993
Songoora,Atlantic-Congo,song1300,0.9104308390022677,0.910430839002268,3.0546268830361724e-16,-0.7269123641848139
Gros Ventre,Algic,gros1243,0.6229166666666667,0.6229166666666668,1.3964116692770757e-16,-0.795054244426302
Sawi,Nuclear Trans New Guinea,sawi1257,0.8,0.8000000000000002,1.1102230246251565e-16,-1.0
Solu-Khumbu Sherpa,Sino-Tibetan,sher1255,1.0,1.0,0.0,
Manange,Sino-Tibetan,mana1288,0.7356902356902357,0.763239668510502,0.013482603622719585,-2.043331806761906
To'abaita,Austronesian,toab1237,0.8042328042328042,0.7745522486772488,0.004730564073558969,6.274210663682155
Roviana,Austronesian,rovi1238,0.46891534391534395,0.5723389744786802,0.026897780255768798,-3.8450619188605675
Pirriya,Pama-Nyungan,pirr1240,0.7430555555555556,0.7430555555555556,0.0,
Aché,Tupian,ache1246,0.9708333333333333,0.9627,0.007366073929773498,1.1041612412357937
Serbian Standard,Indo-European,serb1264,0.8152777777777778,0.784609375,0.013915518633168297,2.2038993720778848
Bezhta,Nakh-Daghestanian,bezh1248,0.9339285714285714,0.9079451388888888,0.006854975826799982,3.790448456156279
Maragus,Austronesian,mara1399,0.8428571428571429,0.842857142857143,1.1102230246251565e-16,-1.0
Hittite,Indo-European,hitt1242,0.8333333333333334,0.6849217171717172,0.031550229462474315,4.703978978604138
Cebuano,Austronesian,cebu1242,0.951388888888889,0.929142361111111,0.008076818053706863,2.754367825280879
Veps,Uralic,veps1250,1.0,1.0,0.0,
Japanesic,,japa1256,0.84375,0.84375,0.0,
Atta,Austronesian,atta1244,0.875,0.875,0.0,
Hanunoo,Austronesian,hanu1241,0.9027777777777777,0.8213868055555557,0.013068658300095702,6.22795166521616
Lithuanian,Indo-European,lith1251,0.9490740740740741,0.9334107060185186,0.0102680442717208,1.5254480445408585
Ibaloi,Austronesian,ibal1244,0.8232323232323232,0.8216676136363638,0.0022547627328557344,0.6939575384846314
Laurentian,,laur1250,0.6194852941176471,0.6194852941176471,0.0,
Bungku,Austronesian,bung1269,0.8333333333333334,0.8430390624999999,0.0034482941802323006,-2.8146465061785193
Serrano,Uto-Aztecan,serr1255,0.9416666666666667,0.8977283333333332,0.020456592322389486,2.1478813597533275
Lamba,Atlantic-Congo,lamb1271,0.8593253968253969,0.7997667658730159,0.014451050376202586,4.1214049776243105
Archi,Nakh-Daghestanian,arch1244,0.9211940836940838,0.8994727678571428,0.008601614939892907,2.525260196919658
Seki,Atlantic-Congo,seki1238,1.0,1.0,0.0,
Mwotlap,Austronesian,motl1237,0.8166666666666665,0.8169805555555556,0.010571755113170168,-0.029691275055928865
Yagwoia,Angan,yagw1240,0.5053571428571428,0.505357142857143,1.1102230246251565e-16,-1.0
Alyawarr,Pama-Nyungan,alya1239,0.4791666666666667,0.48705295138888893,0.020075558426571924,-0.3928301546911888
Cayubaba,,cayu1262,0.9156565656565656,0.9241961399711399,0.0033583359029516055,-2.542799339121785
Eastern Bolivian Guaraní,Tupian,east2555,0.760185185185185,0.8074731481481481,0.015848686655321312,-2.983714928018079
Bayungu,Pama-Nyungan,bayu1240,0.83125,0.8761302083333332,0.017090882954514983,-2.6259736523136707
Emau,Austronesian,emau1237,0.9099999999999999,0.9251433333333333,0.011175522483435747,-1.3550447735914541
Tikopia,Austronesian,tiko1237,0.636904761904762,0.6368461309523811,0.016375216405867327,0.003580468857797357
Atchin,Austronesian,atch1238,0.761111111111111,0.8135999999999999,0.014534756131510073,-3.611267255808828
Dogrib,,dogr1252,0.75,0.75,0.0,
Indonesian Bajau,Austronesian,indo1317,0.8083333333333335,0.8443059027777778,0.009043907859020978,-3.9775470963653192
Catalan,Indo-European,stan1289,0.8476190476190476,0.9143577380952381,0.013148660318230521,-5.075702684604135
Wiradhuri,Pama-Nyungan,wira1262,0.7570165945165946,0.7550293109668109,0.008057333875811827,0.2466428201206312
Pipil,Uto-Aztecan,pipi1250,,,,
Xibe,,xibe1242,0.8292297979797979,0.8431986922799423,0.012287211566935692,-1.1368644727933228
Amanab,Border,aman1265,0.7869227994227995,0.7965958927068302,0.01658549746773382,-0.5832259962566169
Tagalog,Austronesian,taga1270,0.8755952380952381,0.8593232142857143,0.009069296380309786,1.7941881185900703
Karitiâna,Tupian,kari1311,0.9032738095238095,0.9260359375,0.01723234703066369,-1.3208954030282094
Pukapuka,Austronesian,puka1242,0.635309829059829,0.6484632478632478,0.007030671257462018,-1.8708624428227096
Mbala,Atlantic-Congo,mbal1257,0.8800595238095239,0.9303724950396824,0.013084934709230002,-3.8451067848789644
Lisu,Sino-Tibetan,lisu1250,0.8291666666666666,0.8291666666666664,2.220446049250313e-16,1.0
Balangao,Austronesian,bala1310,0.775,0.7750000000000002,2.220446049250313e-16,-1.0
Kiowa Apache,,kiow1264,0.6898989898989899,0.6898989898989902,3.3306690738754696e-16,-1.0
Sonsorol,Austronesian,sons1242,0.6826636904761905,0.7412463541666666,0.010971608074677635,-5.339478341892687
Ukrainian,Indo-European,ukra1253,0.742062165775401,0.7889768549465241,0.011464890068443447,-4.092031313955079
Kodeoha,Austronesian,kode1237,0.8125,0.8125,0.0,
Kaure-Narau,Kaure-Narau,kaur1271,0.9583333333333333,0.9583333333333335,2.220446049250313e-16,-1.0
Nama (Papua New Guinea),,nama1266,0.803298611111111,0.8187149305555557,0.014333578939641801,-1.0755387408380168
Jingulu,,djin1251,0.7326388888888888,0.7326388888888892,3.3306690738754696e-16,-1.0
Trumai,,trum1247,0.728125,0.7281250000000002,2.508465330496313e-16,-0.8851810795451521
Brunei-Sabah Malay,Austronesian,saba1263,0.7319444444444444,0.775840625,0.01226240120408439,-3.5797377548643987
Western Armenian,Indo-European,homs1234,0.768452380952381,0.790431746031746,0.013107279102223812,-1.6768823573487477
Dandami Maria,Dravidian,dand1238,0.861904761904762,0.8654962053571428,0.009981508111267703,-0.3598097013342701
Qawasqar,,qawa1238,0.6901041666666667,0.6963157986111111,0.01776144859521793,-0.34972552554732605
Sosva Mansi,Uralic,nort2677,0.9375,0.9375,0.0,
Dutch,Indo-European,dutc1256,0.9055555555555556,0.9182416666666666,0.015291663134523755,-0.8296096375854517
Ngarinman,Pama-Nyungan,ngar1235,0.7802579365079365,0.8067163938492062,0.009883155329822908,-2.677126530778083
Loniu,Austronesian,loni1238,0.9583333333333334,0.98578125,0.009174801078300756,-2.991663408548826
Mussau-Emira,Austronesian,muss1246,0.6416666666666666,0.6416666666666664,2.220446049250313e-16,1.0
Marquesan,Austronesian,marq1246,0.861904761904762,0.8619047619047622,2.3616716789057353e-16,-0.9402009894445369
Selk'nam,,onaa1245,0.7951388888888888,0.8069493055555557,0.009227359863061491,-1.2799345470361134
Turkish,Turkic,nucl1301,0.8659722222222221,0.9014361111111111,0.010775439053957647,-3.2911780866937055
Shawnee,Algic,shaw1249,0.5243506493506493,0.5243506493506496,2.220446049250313e-16,-1.0
Tooro,Atlantic-Congo,toor1238,0.5818783068783069,0.6830468832671956,0.025653041293954123,-3.9437264077040273
Central Sama,Austronesian,cent2092,0.7833333333333332,0.8656125,0.013624810212179147,-6.0389220389373115
Mayo,Uto-Aztecan,mayo1264,0.8,0.8000000000000002,1.2803716525534355e-16,-0.8671099695241199
Southern Paiute,Uto-Aztecan,sout2969,0.7037698412698413,0.7385801587301587,0.02699936826220804,-1.289301183725939
Elamite,,elam1244,0.675,0.7347937499999999,0.014146983722246239,-4.226607676516497
Icari,Nakh-Daghestanian,icar1234,0.8674242424242425,0.8612019886363637,0.009499997312838848,0.6549742682000309
Xârâcùù,Austronesian,xara1244,0.892857142857143,0.8928571428571429,9.842864416543363e-17,1.1279470869873538
Lengua,,leng1262,0.5940476190476189,0.594047619047619,1.1102230246251565e-16,-1.0
Nehan,Austronesian,neha1247,0.7446709744503862,0.7392623718805704,0.01506992106034215,0.35890052430659464
Seke (Vanuatu),Austronesian,seke1241,0.7604166666666666,0.7699312500000001,0.01728394795094088,-0.5504866920647893
Tidore,,tido1248,0.875,0.875,0.0,
Marra,Other,mara1385,0.6990740740740741,0.6990740740740744,3.3306690738754696e-16,-1.0
Kiai,Austronesian,fort1240,0.6392857142857143,0.6250740079365079,0.01388558048889814,1.0234866565765137
Zabana,Austronesian,zaba1237,0.75,0.75,0.0,
North Northern Paiute,Uto-Aztecan,nort1551,0.8041666666666667,0.8041666666666669,2.2494006201417627e-16,-0.987127872806568
Skolt Saami,Uralic,skol1241,,,,
Wapishana,Arawakan,wapi1253,0.8393429487179488,0.8405841823107448,0.0039064062135537704,-0.31774309299668474
Northern Emberá,,nort2972,0.8748572505925448,0.8712990892991812,0.0025393153268845237,1.4012286129620262
Zulu,Atlantic-Congo,zulu1248,0.7678571428571428,0.744775892857143,0.010381869953622907,2.223226654071629
Yansi,Atlantic-Congo,yans1239,0.8718181818181818,0.8621536363636363,0.023975035897386948,0.40310869589141596
Miami,Algic,miam1252,0.6176136363636364,0.6176136363636363,1.0945695500078611e-16,1.0143010324169743
Andalal-Gxdatl,Nakh-Daghestanian,anda1281,0.9405303030303033,0.8531823863636364,0.014732724712218696,5.928836544011727
Olal,Austronesian,olal1237,0.6671626984126984,0.6942080853174603,0.012211342505402978,-2.2147758850261954
Tulambatu,Austronesian,tula1253,0.7428571428571429,0.7428571428571431,2.220446049250313e-16,-1.0
Luvale,Atlantic-Congo,luva1239,0.732390873015873,0.8155418154761905,0.01640744809382873,-5.06787783114138
Māori,Austronesian,maor1246,0.8077628968253968,0.8091399305555556,0.006300471537255752,-0.21856042393273356
Norwegian Bokmål,Indo-European,norw1259,0.7986111111111112,0.8425850694444446,0.013597059848756695,-3.2340784568477385
Nuclear Woleaian,Austronesian,nucl1479,0.7928571428571428,0.7931178571428572,0.004798950246604742,-0.05432735750883169
Nuu-chah-nulth,,nuuc1236,0.8064102564102563,0.8064102564102563,9.678699938266252e-17,0.0
Western Low Navarrese,,west1508,0.8227772227772228,0.8666567786380287,0.00974189334397851,-4.5042123036512205
Moselle Franconian,Indo-European,luxe1241,0.8571428571428571,0.8820320767195766,0.006386187144064296,-3.8973520529934755
Owa,Austronesian,owaa1237,0.7336538461538462,0.7336538461538461,1.1102230246251565e-16,1.0
Movono,Austronesian,tang1347,0.6495535714285714,0.6495535714285712,2.220446049250313e-16,1.0
Punu,Atlantic-Congo,punu1239,0.5,0.6509000000000001,0.057012630179636516,-2.64678194155473
Southern Tepehuan,Uto-Aztecan,sout2975,0.9285714285714286,0.9285714285714288,2.220446049250313e-16,-1.0
Spokane,Salishan,spok1245,0.7327641108891109,0.723912627997003,0.014626435545910008,0.6051701977781627
Rotokas,,roto1249,0.7082341269841269,0.7377457589285714,0.01406184496736565,-2.098702696049793
Odia,Indo-European,oriy1255,0.7765093673022061,0.8352461395914399,0.0068808030831496265,-8.53632513231981
Mangole,Austronesian,mang1408,0.7004349816849818,0.7338617996586747,0.014035378736527413,-2.381611397966686
Kimaama,Kolopom,kima1246,0.65625,0.6564487847222221,0.011537779576700309,-0.01722902755254173
Achuar,Chicham,achu1249,,,,
Umiray Dumaget Agta,Austronesian,umir1236,0.8125,0.8125,0.0,
Northern Tepehuan,Uto-Aztecan,nort2959,1.0,1.0,0.0,
Assiniboine,,assi1247,0.6793154761904762,0.6793154761904762,3.9565083834082107e-17,0.0
Nengone,Austronesian,neng1238,0.7545634920634922,0.7394088624338626,0.016194114287513186,0.9358109594987138
Meriam,,meri1244,0.9047619047619047,0.9138809523809523,0.008410518398285037,-1.0842432282066143
Estonian,Uralic,esto1258,,,,
Dobu,Austronesian,dobu1241,0.4835164835164836,0.5324926739926741,0.015478497996471004,-3.164143606657232
Kwaio,Austronesian,kwai1243,0.80625,0.8062500000000002,2.9321240205258407e-16,-0.757282445662753
Nimboran,Nimboranic,nucl1633,0.8316643323996266,0.8271888849984439,0.010056592897858242,0.4450262078457807
Yulparija,Pama-Nyungan,yulp1239,0.8366567460317461,0.7767441964285715,0.023585422618594108,2.540236423660315
Wangkajunga,Pama-Nyungan,wang1288,0.6666666666666666,0.667218253968254,0.007104162718360928,-0.07764283047201836
Bukusu,Atlantic-Congo,buku1249,0.8909722222222222,0.7568417162698413,0.032909398429526,4.075750768875807
Hidatsa,,hida1246,0.7410714285714286,0.7410714285714288,2.268498360458454e-16,-0.9788175684647927
Slaveyic,,hare1243,0.7583145698470776,0.7583145698470778,2.2901293466866275e-16,-0.9695723311274393
Mortlockese,Austronesian,mort1237,0.5641534391534392,0.6257752324353887,0.01102472860041546,-5.589415895428693
Latin,Indo-European,lati1261,0.8447288822288822,0.8944786750286751,0.013198798473114556,-3.7692667935745265
Nyawaygi,Pama-Nyungan,nyaw1247,0.8020833333333333,0.8020833333333335,2.220446049250313e-16,-1.0
Giryama,Atlantic-Congo,giry1241,0.8448593073593077,0.8782988095238095,0.017028048152145415,-1.9637894998722218
Icelandic,Indo-European,icel1247,0.829861111111111,0.8369742739898991,0.009447054737332462,-0.7529503190744263
Japanese,,nucl1643,0.8041666666666666,0.8461888888888889,0.008517010937449932,-4.933916667577289
I'saka,Sko,kris1246,0.75,0.75,0.0,
Northern Mansi,Uralic,mans1258,0.8347222222222221,0.8926680555555555,0.01931635184728916,-2.999833187521143
Cogui,,cogu1240,0.5044642857142857,0.5046071428571429,0.004994945007062912,-0.02860034347830068
Merlav,Austronesian,merl1237,0.8839285714285714,0.8969821428571426,0.00951031596183205,-1.3725696896884805
Bafia,Atlantic-Congo,bafi1243,0.9166666666666666,0.9166666666666664,2.220446049250313e-16,1.0
Fordata,Austronesian,ford1242,0.7,0.6333999999999999,0.09425730740902796,0.7065765173090565
Matukar,Austronesian,matu1261,0.9812500000000001,0.9703958333333335,0.00623466869608963,1.74093720063655
Modole,North Halmahera,modo1249,0.7961038961038961,0.7797508658008657,0.004437250680975434,3.6853969898846253
Oceanic,Austronesian,ocea1241,0.6464285714285714,0.6464285714285716,2.1919525430222537e-16,-1.0129991437628356
Erzya,Uralic,erzy1239,0.5681547619047619,0.6185021081349206,0.020387659099013477,-2.4695010832604565
Kadai,Austronesian,kada1286,0.75,0.75,0.0,
Tonsea,Austronesian,tons1240,0.9223484848484849,0.9158440656565657,0.0037574835838795236,1.731057247947695
Mungaka,Atlantic-Congo,mung1266,0.859375,0.859375,0.0,
Huron-Wyandot,,wyan1247,0.6077651515151515,0.6077651515151514,6.240994087105631e-17,1.7789201674120503
Satawalese,Austronesian,sata1237,0.8541666666666667,0.8541666666666665,2.220446049250313e-16,1.0
Sie,Austronesian,siee1239,0.8081632653061226,0.8615714285714287,0.021613208434708372,-2.4710890762307454
Cocama-Cocamilla,Tupian,coca1259,0.8020833333333334,0.7883444444444444,0.012644851195920633,1.0865204086641433
Ngiyambaa,Pama-Nyungan,wang1291,0.6451884920634919,0.6677523809523809,0.008762744759713791,-2.5749795877457373
Isnag,Austronesian,isna1241,0.875,0.863875,0.00454898747382724,2.445599172125255
Bandjalangic,Pama-Nyungan,band1339,0.78234126984127,0.8168246031746033,0.009084921588244458,-3.795666588686184
Ems-Weser Frisian,Indo-European,sate1242,0.8722222222222221,0.8524048611111111,0.011948978286007363,1.6584983784193292
Foi,East Kutubu,foii1241,0.6458333333333333,0.6448958333333332,0.016096699433079086,0.05824175346614546
Kutenai,,kute1249,0.5921378968253967,0.592148189484127,0.013780531749681217,-0.0007468985172101541
Kunza,,kunz1244,0.8373015873015874,0.8373015873015871,3.3306690738754696e-16,1.0
Waorani,,waor1240,0.662121212121212,0.6418405303030302,0.006695726083883963,3.028899564305001
Ossetic,Indo-European,osse1245,0.7916666666666666,0.7916666666666665,1.1102230246251565e-16,1.0
Itbayat,Austronesian,ivat1242,0.7208333333333332,0.728849255952381,0.005471848431864915,-1.4649387165711085
O'du,Austroasiatic,oduu1239,0.8888888888888888,0.8415044270833333,0.01564479813392678,3.028767862641782
Rade,Austronesian,rade1240,0.7585227272727273,0.7585227272727273,0.0,
Chenchu,Dravidian,chen1255,0.6790476190476191,0.7346748809523809,0.022274136135334115,-2.497392561793613
Malgana,Pama-Nyungan,malg1242,0.825,0.8249999999999997,2.220446049250313e-16,1.0
Mongo,Atlantic-Congo,mong1338,0.7845328282828282,0.712847601010101,0.018459057346003383,3.883471724965844
Ampibabo,Austronesian,ampi1237,0.811111111111111,0.8395125152625154,0.010905383320590139,-2.6043471665760234
Balaesang,Austronesian,bala1314,0.5297619047619048,0.5297619047619048,0.0,
Nguna,Austronesian,ngun1274,0.7410714285714286,0.855759375,0.028988285753000997,-3.956354901624301
Tetela,Atlantic-Congo,tete1250,0.8685064935064937,0.8449126262626264,0.006604208439004487,3.5725503611487723
Hawaiian,Austronesian,hawa1245,0.5424663299663299,0.5526438552188553,0.008733461632014964,-1.1653483671602527
Yau (Morobe Province),Nuclear Trans New Guinea,yaum1237,0.7291666666666666,0.7291666666666665,1.1102230246251565e-16,1.0
Komo (Democratic Republic of Congo),Atlantic-Congo,komo1260,0.8664682539682539,0.7532465277777777,0.018987458925477107,5.962974120700105
Ili'uun,Austronesian,iliu1237,0.7458333333333332,0.6581479166666668,0.013465020107413711,6.51208954514577
Patani,Austronesian,pata1260,0.8607112794612796,0.8675333543771044,0.007213371510197005,-0.9457539939792389
Bengali,Indo-European,beng1280,0.7208527583527583,0.8424333758255633,0.012354545645229973,-9.840962263128363
Ketengban,Nuclear Trans New Guinea,kete1254,0.9077380952380952,0.907738095238095,2.220446049250313e-16,1.0
Latvian,Indo-European,latv1249,0.8178571428571427,0.7980116898148147,0.009846002464490085,2.0155848136237253
Mescalero-Chiricahua Apache,,mesc1238,0.6555555555555556,0.6678016203703704,0.006301305158907606,-1.9434171978647365
Jamaican Creole English,Indo-European,jama1262,0.9432198236546063,0.9254505802168846,0.00881330451147058,2.0161839880370502
Old Aramaic-Sam'alian,Afro-Asiatic,olda1245,0.5615384615384615,0.6160216346153846,0.015176737577945425,-3.5899133655771376
Breton,Indo-European,bret1244,0.9326923076923078,0.9234615193833945,0.0032925484617399524,2.8035390871772634
Wambayan,,wamb1258,0.7445436507936507,0.7439482886904761,0.02226755475716608,0.026736752628079674
Sake,Atlantic-Congo,sake1247,0.75,0.810125,0.05236798879086345,-1.1481250547947315
Konawe,Austronesian,kona1243,0.8125,0.8125,0.0,
Minangkabau,Austronesian,mina1268,0.7694444444444445,0.7694444444444444,1.1102230246251565e-16,1.0
Welsh,Indo-European,wels1247,0.8190476190476191,0.8789628637566137,0.012377999705105289,-4.840462605947761
Lalomerui,Austronesian,lalo1239,0.8125,0.8125,0.0,
Njebi,Atlantic-Congo,njeb1242,0.9733333333333334,0.8993685714285714,0.034041497032025574,2.1727822908368974
East Ambae,Austronesian,east2443,0.6571428571428571,0.6571428571428573,1.1102230246251565e-16,-1.0
Dehong,Tai-Kadai,deho1238,0.8333333333333333,0.8333333333333335,2.220446049250313e-16,-1.0
South Slavey,,sout2959,0.8704184704184704,0.8440746482683983,0.008350587541214961,3.154726780606777
Karadjeri,Pama-Nyungan,kara1476,0.7361111111111112,0.6424174933862434,0.017639698168188157,5.311520459790915
Bagvalal,Nakh-Daghestanian,bagv1239,0.8409090909090909,0.7900448457792209,0.008770337357087711,5.799576807471877
Kriol (Roper River),Indo-European,krio1252,0.854591836734694,0.8555229591836734,0.0052593365559362665,-0.1770418072843139
Bierebo,Austronesian,bier1244,0.3125,0.3125,0.0,
Munsee,Algic,muns1251,0.6493999421631,0.6493999421631002,1.1102230246251565e-16,-1.0
Luba-Lulua,Atlantic-Congo,luba1249,0.6736111111111112,0.6552676091269841,0.009193445205029016,1.9952805042110595
Tanala,Austronesian,tana1285,0.6429876373626374,0.6603141758241757,0.011937867358039887,-1.4513931125117816
Woiwurrung-Thagungwurrung,Pama-Nyungan,woiw1237,0.6666666666666666,0.6666666666666665,1.369675085642109e-16,0.810574008582977
Rejang,Austronesian,reja1240,0.79375,0.8611875,0.011657799829942195,-5.78475363994429
Blood,Algic,bloo1239,0.6108630952380952,0.6108630952380952,7.447602459741819e-17,0.0
Muduapa,Austronesian,mudu1242,0.6884920634920635,0.7019571428571428,0.013049357839837333,-1.0318576232136796
Comanche,Uto-Aztecan,coma1245,0.7716666666666667,0.7843470833333334,0.015022075832799835,-0.8441188027409422
Numbami,Austronesian,numb1247,0.8106398809523809,0.8464832589285716,0.014934158622012039,-2.400093562911518
Djinang,Pama-Nyungan,djin1253,0.901751893939394,0.8967220643939395,0.010239405386346165,0.49122281574685733
