language,family,code,true_value,simulated_mean,sd,z
Pawnee,,pawn1254,0.9161616161616162,0.9286635101010101,0.010478698657656804,-1.1930769600153337
Hawaiian,Austronesian,hawa1245,0.9349537037037038,0.9233142255892257,0.010246996391139315,1.135891696472427
Chenchu,Dravidian,chen1255,0.9023809523809524,0.9109911309523809,0.016745923286235222,-0.5141656523952857
Kodeoha,Austronesian,kode1237,1.0,0.983703125,0.011515434191092189,1.4152201931392654
Tuscarora,,tusc1257,0.9154761904761906,0.919082142857143,0.010410017197386687,-0.34639254792563035
Elamite,,elam1244,0.94375,0.9054,0.01904342579401674,2.013818333676559
Murriny Patha,,murr1258,0.9125,0.9331090277777778,0.01311799252602351,-1.5710504284015712
Daakie,Austronesian,port1286,0.90189594356261,0.924847442680776,0.014430005698739628,-1.5905398512885296
Paluai,Austronesian,balu1257,0.9604166666666667,0.9448003472222222,0.01497659397094301,1.0427150174961468
Japanese,,nucl1643,0.9569444444444445,0.9395875000000001,0.013877564202497658,1.250719808690958
Mattole-Bear River,,matt1238,0.861111111111111,0.9131770833333333,0.04787978842035794,-1.0874311257416571
Komi-Zyrian,Uralic,komi1268,0.9276620370370372,0.9246923611111111,0.010620129332118724,0.27962709615454995
Sake,Atlantic-Congo,sake1247,0.90625,0.905796875,0.019740497862500202,0.022954081662794716
Tenetehara,Tupian,temb1276,0.8937499999999999,0.9046236111111111,0.012130396772107888,-0.8963936889610646
Hopi,Uto-Aztecan,hopi1249,0.9569444444444445,0.9485347222222221,0.016013110405574273,0.525177308419411
Wirangu,Pama-Nyungan,wira1265,0.9321428571428573,0.932850505952381,0.014399766673455678,-0.049143074715796965
Tetela,Atlantic-Congo,tete1250,0.9172619047619045,0.9115046356421356,0.009082429390691251,0.633890875680207
Malua Bay,Austronesian,malu1245,0.9085531655844156,0.9433579748376624,0.015933483531094344,-2.1843816630132946
Miani,Nuclear Trans New Guinea,mian1254,0.9331845238095238,0.9295848214285716,0.01383155818242568,0.2602528459538249
Aklanon,Austronesian,akla1241,0.9161044973544973,0.9361520502645502,0.013982686443968103,-1.4337411476963404
Letemboi-Repanbitip,Austronesian,lete1241,0.9071969696969697,0.920371212121212,0.010474026644981368,-1.2578011180212814
Lakota,,lako1247,0.8678170787545788,0.8914155792124542,0.014932017052196192,-1.5803960292427148
Odia,Indo-European,oriy1255,0.916087219827629,0.9169475594950659,0.00804656114753194,-0.10692016771671613
Ifugaw,Austronesian,ifug1247,0.8958333333333334,0.8851041666666667,0.018701035603380066,0.5737204556055423
Roviana,Austronesian,rovi1238,0.9145171957671957,0.9097621770930594,0.008792542792193946,0.540801311579379
Western Panjabi,Indo-European,west2386,0.9496001683501684,0.9352202861952862,0.012368643585523925,1.1626078523042067
Ende (Papua New Guinea),,ende1235,0.9451554232804232,0.9378663359788358,0.013165838127719116,0.5536364058920854
Kannada,Dravidian,nucl1305,0.9156364468864469,0.918438553113553,0.01568283509290572,-0.17867344842347752
Eipomek,Nuclear Trans New Guinea,eipo1242,0.9423710317460319,0.9405537896825397,0.012720498937932987,0.14285933848656884
Polci,Afro-Asiatic,polc1243,0.9510416666666667,0.9359916666666667,0.015815704138476848,0.9515858331837395
Larevat,Austronesian,lare1249,0.9503968253968254,0.9244022321428571,0.01625389487378646,1.5992839535274181
Yalic,Nuclear Trans New Guinea,yali1257,0.9270833333333334,0.9534479166666666,0.021577940828122238,-1.2218303657118497
Erave,Nuclear Trans New Guinea,erav1244,0.9390624999999999,0.94753125,0.015912446266383922,-0.5322091813055119
Tzeltal,,tzel1254,0.9149183006535946,0.9188897222222222,0.014860833181609554,-0.2672408417545726
Modole,North Halmahera,modo1249,0.9519480519480521,0.9351700216450217,0.013136274812209373,1.2772289361239775
Ninam,,nina1238,0.9629464285714286,0.9443232142857143,0.012632866436928153,1.4741875392013422
Inanwatan,,inan1242,0.90625,0.90738359375,0.014190898181106212,-0.07988174783110372
Kilivila,Austronesian,kili1267,0.9104166666666667,0.9193093750000001,0.014123349484135886,-0.629645845932101
East Ambae,Austronesian,east2443,0.9785714285714285,0.9519714285714286,0.020539532564281576,1.2950635520429314
Ngulu,Atlantic-Congo,ngul1246,0.9138888888888889,0.9205,0.01334131705420197,-0.4955366163814309
Rennell-Bellona,Austronesian,renn1242,0.9393090569561158,0.9257939425770307,0.013269714659923191,1.0184932174843966
Satawalese,Austronesian,sata1237,0.9088541666666667,0.9179869791666667,0.02491739159319437,-0.36652361728321514
Temi,Atlantic-Congo,temi1247,0.8835978835978836,0.8835978835978833,3.3306690738754696e-16,1.0
Irish,Indo-European,iris1253,0.9006817074251284,0.8987312073586745,0.00940009279245747,0.20749795874557528
Menominee,Algic,meno1252,0.8890625,0.9149390625,0.015665282371452607,-1.6518414342250096
Madurese,Austronesian,nucl1460,0.9019841269841269,0.9369530257936508,0.012978459800379117,-2.694379714340405
North Tanna,Austronesian,nort2847,0.9223214285714286,0.9163567460317461,0.017578274622204123,0.3393212740087806
Waimiri-Atroari,Cariban,waim1253,0.8875,0.93809375,0.02245131451468936,-2.253487205254628
Watut,Austronesian,watu1246,0.9630050505050506,0.9461997474747474,0.011631393652927249,1.4448228244836152
Maskelynes,Austronesian,mask1242,0.925,0.9429500000000001,0.021279038982059312,-0.8435531329743765
Avava,Austronesian,katb1237,0.9314472853535354,0.9259185606060606,0.01542665170296502,0.35838786367440717
Bwaidoga,Austronesian,bwai1243,0.8916666666666666,0.8916666666666668,1.566162308693318e-16,-1.4177624100166717
Nsong,Atlantic-Congo,song1299,0.923611111111111,0.9278330176767677,0.013879666772285693,-0.3041792454330966
Chimariko,,chim1301,0.9399350649350648,0.9298993506493506,0.012502036480724432,0.8027263639157721
Wagaya,Pama-Nyungan,waga1260,0.8871527777777778,0.9204947916666666,0.014070398694776805,-2.3696566538136534
Yindjibarndi,Pama-Nyungan,yind1247,0.8987599206349206,0.926835193452381,0.016447584654869143,-1.706954145948047
Southwestern Alaya-Athima,Pama-Nyungan,kunj1248,0.9619047619047618,0.9439464285714285,0.011702191722056724,1.534612810990335
Chirag,Nakh-Daghestanian,chir1284,0.9526515151515151,0.929683195045695,0.011104707891284163,2.068340773182111
Paama,Austronesian,paam1238,0.9540381493506493,0.935159632034632,0.012158485153086025,1.552703077589039
Mangaia,Austronesian,mang1402,0.8947916666666667,0.8969541666666666,0.014878421641946948,-0.14534471814558533
Tohono O'odham,Uto-Aztecan,toho1245,0.96875,0.938125,0.031243749374874962,0.9801960588196075
Shipibo-Conibo,Pano-Tacanan,ship1254,0.9300925925925926,0.9401322916666667,0.012842688217599582,-0.7817443594336986
Korafe,Nuclear Trans New Guinea,kora1295,0.950339590964591,0.9391978403540905,0.013203074867781096,0.8438754397802615
Wangganguru,Pama-Nyungan,wang1290,0.9261498917748918,0.9349639475108226,0.013444194936289545,-0.6556030894895172
Urdu,Indo-European,urdu1245,0.9045253357753359,0.9211325727513229,0.009009202551190582,-1.8433637030163461
Woiwurrung-Thagungwurrung,Pama-Nyungan,woiw1237,0.9155505952380952,0.9172544642857143,0.022054441224172053,-0.0772574117974764
Sanga (Democratic Republic of Congo),Atlantic-Congo,sang1331,0.9380952380952381,0.9286275510204082,0.019781208080830642,0.4786202660698345
Martu Wangka,Pama-Nyungan,mart1256,0.9492559523809524,0.9291082837301587,0.013776579574976626,1.4624579737766898
Avá-Canoeiro,Tupian,avac1239,0.95,0.9499999999999997,2.220446049250313e-16,1.0
Eel River Athabaskan,,wail1244,0.9399999999999998,0.95549125,0.016560070361624216,-0.9354579818633568
Bininj Kun-Wok,,gunw1252,0.9609375,0.9441432291666668,0.01311047243908299,1.2809813613786027
Old-Middle Welsh,Indo-European,oldw1239,0.9308333333333334,0.9274454166666667,0.0176548301494001,0.19189743758491112
Yao,Atlantic-Congo,yaoo1241,,,,
Jingulu,,djin1251,0.9401041666666667,0.9208152777777777,0.016412654158655643,1.175244948344721
Kashaya,,kash1280,0.9388640873015873,0.9228656994047619,0.012159069475340784,1.315757585666481
Badimaya,Pama-Nyungan,badi1246,1.0,0.9597562499999999,0.022833277353185653,1.7625043211059408
Northwest Maidu,,nort2951,0.9475,0.9457220833333333,0.01678719807683324,0.10590907777041617
Maranao,Austronesian,mara1404,0.921875,0.9367274305555556,0.013477297042291718,-1.1020333312346493
Northern Kankanay,Austronesian,nort2877,0.9209449404761905,0.93640625,0.011708422674500892,-1.3205288153358041
Bihari,Indo-European,biha1245,0.91875,0.9454499999999999,0.024942133028271682,-1.0704778123721712
Momu-Fas,Baibai-Fas,fass1245,0.978125,0.9568152777777778,0.014840602801515373,1.4359067827114367
Tomadino,Austronesian,toma1248,0.953125,0.9508124999999997,0.01217777389687186,0.18989513350993414
Nyamal,Pama-Nyungan,nyam1271,0.9412946428571429,0.9342018973214286,0.014584108706714723,0.4863338362562243
Warrnambool,Pama-Nyungan,warr1257,0.9399801587301587,0.923328373015873,0.017543494247307997,0.9491715549677847
Ahin-Kayapa Kalanguya,Austronesian,ahin1234,0.9333333333333332,0.9217770833333334,0.010297460132731041,1.1222427521974716
Meta',Atlantic-Congo,meta1238,0.9416666666666667,0.9304352777777778,0.01699605870933711,0.6608231402918537
Tonsea,Austronesian,tons1240,0.9261363636363636,0.9275498737373736,0.013277871279750006,-0.1064560780285406
Kambera,Austronesian,kamb1299,0.9283008658008658,0.9293962121212122,0.011131119911054308,-0.0984039637609662
Wik-Mungkan,Pama-Nyungan,wikm1247,0.9692857142857143,0.9500178571428572,0.018985021956096575,1.0148978066717305
Potawatomi,Algic,pota1247,0.8852272727272728,0.9050738636363638,0.011246485619575674,-1.7646926853795084
Taliabu,Austronesian,tali1262,0.903125,0.937390625,0.018601436173972585,-1.8420956682874339
Vili,Atlantic-Congo,vili1238,,,,
Magam,Austronesian,maga1262,0.9463541666666666,0.9451916666666665,0.01721237291165865,0.06753862503249955
French,Indo-European,stan1290,0.9217757936507937,0.9273502976190476,0.012343558998493572,-0.4516123728119505
Bo-Ung,Nuclear Trans New Guinea,boun1245,0.925,0.937125,0.016091049530717345,-0.7535244967616108
Ma'anyan,Austronesian,maan1238,0.9166666666666666,0.9338451388888889,0.013590223325701398,-1.2640316358697992
Loniu,Austronesian,loni1238,0.9114583333333334,0.9393989583333333,0.027974397532703157,-0.9987927342255097
Yidiñ,Pama-Nyungan,yidi1250,0.9162946428571429,0.9342958581349207,0.013899322065427192,-1.2951146245149259
Shoshoni,Uto-Aztecan,shos1248,0.909375,0.9403906250000003,0.020317156918092036,-1.526573089189531
Minigir,Austronesian,mini1251,0.9486607142857143,0.9464632936507937,0.011418372822868453,0.19244604016779193
Tausug,Austronesian,taus1251,0.9226190476190478,0.918766369047619,0.011555440788025163,0.3334081877189229
Muna,Austronesian,muna1247,0.9365530303030303,0.9330527710137086,0.012510812749715236,0.2797787289559824
Arosi,Austronesian,aros1241,0.8928571428571429,0.9242246031746033,0.0254635783324253,-1.231855943731094
Nambo,,namb1293,0.9322916666666666,0.9568541666666667,0.01844907828546819,-1.33136732469433
Casiguran-Nagtipunan Agta,Austronesian,casi1235,0.9316964285714286,0.9319510416666666,0.012478967813786808,-0.02040337783039246
Comanche,Uto-Aztecan,coma1245,0.9233333333333335,0.9435154166666666,0.01670567326601456,-1.2080975733190524
Sindhi,Indo-European,sind1272,0.9362103174603176,0.9424443452380953,0.012322044034404329,-0.505924809258245
Bilibil,Austronesian,bilb1241,0.9439814814814814,0.9248444444444445,0.012917043251797324,1.4815338668448104
Maybrat-Karon,Maybrat-Karon,maib1239,0.9520833333333334,0.9422586805555555,0.012707735523090145,0.7731238000607068
Middle English,Indo-European,midd1317,0.9390873015873016,0.9285843253968253,0.016722170870968913,0.6280868836659412
Ukrainian,Indo-European,ukra1253,0.8990328375668448,0.9013495780414439,0.0098587685356422,-0.23499288640598495
Waiwai,Cariban,waiw1244,0.9505208333333334,0.9373738839285713,0.011857899761134003,1.1087080907744782
Olal,Austronesian,olal1237,0.9298115079365079,0.9416416170634921,0.015877666262524036,-0.7450785859447602
Vao,Austronesian,vaoo1237,0.9049107142857142,0.9152916666666666,0.015795794427588616,-0.6571972323735246
Yalarnnga,Pama-Nyungan,yala1262,0.9171626984126986,0.9322568948412698,0.013925699129714053,-1.0839094172560353
Eastern Panjabi,Indo-European,panj1256,0.9167908956511898,0.9089591998415528,0.008088049555029772,0.9683046272591874
Menui,Austronesian,menu1237,0.9166666666666666,0.940375,0.01694629998947655,-1.399027123800235
Hausa,Afro-Asiatic,haus1257,0.912529310966811,0.9185726806758057,0.010776463650472688,-0.5607934017138898
Tlingit,,tlin1245,0.9464285714285715,0.94403125,0.020544752960374262,0.11668777099414913
Kanum,,kanu1280,,,,
Nese,Austronesian,nese1235,0.9322802197802199,0.9235797161172161,0.014583900213750852,0.5965827752167604
Pumé,,pume1238,0.9145998677248676,0.9228835400132275,0.012505384478052592,-0.6624084451700033
Choctaw,,choc1276,0.8942708333333333,0.9023479166666666,0.011509143217640775,-0.7017970999746523
Tsogo,Atlantic-Congo,tsog1243,0.9229166666666666,0.9409395833333333,0.017143592780905065,-1.051291692295737
Standard Lebanese Arabic,Afro-Asiatic,stan1323,0.9108796296296297,0.9256458333333334,0.011823323763408762,-1.2489046226918614
Tucano,,tuca1252,0.9241131553631554,0.9167791453627392,0.009664015479756826,0.7588988258326723
Kómnjo,,komn1238,0.9440476190476191,0.943772123015873,0.012859682384948142,0.02142323764299241
Ili'uun,Austronesian,iliu1237,0.93125,0.9468677083333334,0.013748222383515531,-1.1359801942147412
Pirriya,Pama-Nyungan,pirr1240,0.9357638888888888,0.9267361111111111,0.013830606882143494,0.652739091979643
Konawe,Austronesian,kona1243,0.9322916666666666,0.9509062499999998,0.01710564790074223,-1.0882127026901747
Peoria,Algic,peor1238,0.9329545454545455,0.9120892045454545,0.014921240707928619,1.3983650098214604
Mouk,Austronesian,mouk1240,0.9378472222222222,0.9428614583333333,0.014032703854365117,-0.35732501470494693
Maguindanao,Austronesian,magu1243,0.9340909090909093,0.9345829545454546,0.013757832307838547,-0.03576475156372876
O'du,Austroasiatic,oduu1239,0.9340277777777778,0.9267548177083333,0.012750125263958991,0.5704226365526818
Laiwui,Austronesian,laiw1239,0.94375,0.9577562500000001,0.00994598497824627,-1.4082315658664675
Lavatbura-Lamusong,Austronesian,lava1239,0.9583333333333334,0.9398208333333334,0.025883939344161312,0.7152118444511744
Western Dani,Nuclear Trans New Guinea,west2594,0.925,0.9274208333333334,0.01280186821761227,-0.18910000416992548
Gane,Austronesian,gane1237,0.900520440548014,0.8978616606177727,0.008334247470435749,0.31901859642070424
West Futuna,Austronesian,west2515,0.9418402777777777,0.9364945436507937,0.011755629495431913,0.4547382281026558
Seki,Atlantic-Congo,seki1238,0.9125,0.9565874999999998,0.02978902639815542,-1.4799913031978043
Mohegan-Montauk-Narragansett,Algic,mohe1244,0.9093118686868686,0.904810542929293,0.016104257639203635,0.2795115340565467
Uripiv-Wala-Rano-Atchin,Austronesian,urip1239,0.9526785714285715,0.9398339285714284,0.014483400785402573,0.8868526838039866
Telefol,Nuclear Trans New Guinea,tele1256,0.9401041666666666,0.9212469494047618,0.012610894697040876,1.495311610708289
North Saami,Uralic,nort2671,0.914960618085618,0.9248374368686868,0.011918351755392654,-0.8287067696755852
Rade,Austronesian,rade1240,0.943844696969697,0.9522863636363638,0.005616233910133465,-1.5030831695658813
Warázu,Tupian,paus1244,0.9244047619047618,0.937686607142857,0.015529309797280226,-0.8552759531155291
Dhuwal,Pama-Nyungan,dhuw1249,0.9155092592592592,0.9146757605820105,0.012142393026180075,0.06864369119428046
Kosraean,Austronesian,kosr1238,0.9278846153846154,0.9134134615384616,0.014860280619448532,0.9738143051763484
Acehnese,Austronesian,achi1257,0.9791666666666667,0.978075,0.008826408449143468,0.12368186595450956
Hano,Austronesian,hano1246,0.9235615079365079,0.9288307539682539,0.014812803112128198,-0.35572241066457383
Galela,North Halmahera,gale1259,0.9430765993265994,0.9330750000000001,0.011778129468806483,0.8491670390521502
Manam,Austronesian,mana1295,0.9624999999999999,0.9371124999999999,0.016182740613072885,1.5688010212245045
El Nayar Cora,Uto-Aztecan,elna1235,0.9145021645021644,0.9373409090909091,0.013784598981623047,-1.6568305410401987
Sukuma,Atlantic-Congo,suku1261,0.925,0.9430125,0.013208182833001632,-1.3637379363794397
Lauan,Austronesian,laua1243,0.933531746031746,0.9282765873015872,0.012450816258033355,0.42207343046831475
Waropen,Austronesian,waro1242,0.9291666666666667,0.9290041666666667,0.02791028502929821,0.005822226459865011
Cogui,,cogu1240,0.9508928571428572,0.9623630952380952,0.007548433465899779,-1.5195521225768251
Burmish,Sino-Tibetan,burm1266,0.8817578714177979,0.9059655920060331,0.017014585696240765,-1.4227628589030923
Cheyenne,Algic,chey1247,0.9268465909090909,0.9220369318181821,0.013427992203807556,0.3581815522312417
Northeast Maidu,,nort2952,0.9577380952380953,0.9446593253968254,0.013142935787316947,0.9951178376669092
South Efate,Austronesian,sout2856,0.8932291666666666,0.9023919890873017,0.012920126590806423,-0.7091898331054305
Tungag,Austronesian,tung1290,0.9791666666666666,0.9895624999999999,0.010416645833312518,-0.9980019960059803
Uma Juman,Austronesian,umaj1240,0.9144183634992459,0.9000423497203368,0.008900493210775665,1.6151929380165462
Cha'palaa,,chac1249,0.9010416666666667,0.9212113095238096,0.017010047144821426,-1.185748792194461
Palauan,Austronesian,pala1344,0.917454481792717,0.9084728320494865,0.012550220625052205,0.7156567212294093
Mayo,Uto-Aztecan,mayo1264,1.0,1.0,0.0,
Northern Ojibwa,Algic,nort2961,0.9478316326530613,0.938597193877551,0.012747100548937676,0.7244344500192875
Kerewe,Atlantic-Congo,kere1283,0.859375,0.88453125,0.03424656403841851,-0.7345627424631325
Panamint,Uto-Aztecan,pana1305,0.9072420634920636,0.9226521660052911,0.012322207240682998,-1.2505959534870916
Hid,Nakh-Daghestanian,hidd1238,0.9204326923076923,0.9129625076312577,0.010950280622593272,0.6821911633042202
Meriam,,meri1244,0.9422619047619047,0.9276466765873016,0.013074804015539994,1.1178162332094836
Banjar,Austronesian,banj1239,0.9117559523809523,0.9031219665750916,0.009543681662464382,0.9046808256208373
Nehan,Austronesian,neha1247,0.9326426024955436,0.9391535873440284,0.014862752365959377,-0.4380739642407748
Atsugewi,,atsu1245,0.9517857142857145,0.9412053571428571,0.016958257857643468,0.6239059006930077
Cusco Quechua,,cusc1236,0.9304273504273505,0.9318957264957264,0.014224276155312647,-0.10323028408215229
Wersing,,wers1238,0.91875,0.9259041666666668,0.022710210549319976,-0.31501983000686073
Woleaian,Austronesian,wole1240,0.975,0.949325,0.020004233926846558,1.2834782923400545
Tsaangi,Atlantic-Congo,tsaa1242,,,,
Warumungu,Pama-Nyungan,waru1265,0.9189608134920635,0.9344902033730159,0.014893254597260267,-1.0427129798619827
Serbian Standard,Indo-European,serb1264,0.8795138888888889,0.9195375000000001,0.014003159159103535,-2.858184403702332
Ganggalida,,gang1267,0.9271274250440916,0.9290670965608465,0.011950664136135982,-0.1623065877058485
Prai,Austroasiatic,phai1238,0.935758547008547,0.9269255021367522,0.009692762185877751,0.9113031664662592
Tenharim-Parintintin-Diahoi,Tupian,tenh1241,0.9213541666666667,0.9229032670454547,0.010633744526463278,-0.14567778781339527
Tokharian A,Indo-European,tokh1242,0.9375,0.9431145833333334,0.01855944547913691,-0.3025189162922406
Bamun,Atlantic-Congo,bamu1253,0.9107744107744109,0.9250353535353536,0.02416406498584727,-0.5901715116763356
Kazakh,Turkic,kaza1248,0.9652777777777778,0.9493611111111112,0.013506428510569017,1.178451183761237
Pitjantjatjara,Pama-Nyungan,pitj1243,0.9423295930648873,0.9177223798600637,0.014183050821439652,1.7349732095457486
Aghul,Nakh-Daghestanian,aghu1253,0.9105902777777777,0.9332717013888889,0.014000537545785141,-1.6200394832653757
Duungidjawu,Pama-Nyungan,duun1241,0.9138888888888888,0.9234202777777778,0.013810911746013467,-0.6901346604897604
Sardinian,Indo-European,sard1257,0.932514880952381,0.9310521577380952,0.01265049242984386,0.11562579262409066
Akkadian,Afro-Asiatic,akka1240,0.94375,0.93816875,0.01357171489947016,0.41124132368989524
Common Delaware,Algic,comm1246,0.9414930555555555,0.9157697916666666,0.013801644869869846,1.8637824789308233
Upper Michigan-Wisconsin Chippewa,Algic,uppe1274,0.8861111111111111,0.91134375,0.013734011028513383,-1.8372374127633275
Lithuanian,Indo-European,lith1251,0.9412615740740741,0.918309837962963,0.012238845739420409,1.8753186860739075
Mangareva,Austronesian,mang1401,0.9313492063492065,0.9332359126984127,0.011662773455941104,-0.16177167089231914
Nyangumarta,Pama-Nyungan,nyan1301,0.9304788961038961,0.9330544778138529,0.011377698987657914,-0.22637105382649378
Godoberi,Nakh-Daghestanian,ghod1238,0.9194930069930072,0.9125318327505827,0.010863275187869415,0.6407988495217123
Lalomerui,Austronesian,lalo1239,1.0,1.0,0.0,
Pukapuka,Austronesian,puka1242,0.9111645299145299,0.9126676014957266,0.010187950012703065,-0.14753425167207648
Kabaena,Austronesian,kaba1285,0.9583333333333334,0.9684895833333335,0.010439428256680967,-0.972874160373711
Avestan,Indo-European,aves1237,0.921875,0.8984020833333334,0.014774577275866663,1.588736938349373
Tooro,Atlantic-Congo,toor1238,0.941426917989418,0.9285137483465608,0.012813458891803504,1.0077817201347208
Tidore,,tido1248,0.9486607142857143,0.9496517857142858,0.017117620002232107,-0.05789773510816528
Dehong,Tai-Kadai,deho1238,0.9635416666666666,0.9496770833333332,0.02168178308815825,0.6394577086653772
Ritarungo,Pama-Nyungan,rita1239,0.9252777777777779,0.9366536111111111,0.014054679350708596,-0.8093982829113575
Malecite,Algic,male1293,0.8996212121212122,0.9045138403263404,0.0059322890556132825,-0.824745416020942
Huli,Nuclear Trans New Guinea,huli1244,0.9281994047619048,0.9376163194444445,0.012202214697437387,-0.7717381570508963
Waorani,,waor1240,0.9371212121212124,0.9483602272727274,0.012549899020360997,-0.8955462616297412
Baure,Arawakan,baur1253,0.95,0.9553625,0.019601335254262643,-0.2735783011942455
Malapandaram,Dravidian,mala1468,0.9478670634920635,0.9399972552910053,0.016883578083866164,0.4661220602627201
Macushi,Cariban,macu1259,0.9444805194805195,0.9495483766233765,0.013404086178072198,-0.3780830021182345
Yadhaykenu,Pama-Nyungan,yadh1237,0.96875,0.9597752976190477,0.014400121543873047,0.6232379604303323
Takuu,Austronesian,taku1257,0.9164583333333333,0.9299327083333334,0.01590853941584476,-0.8469900754421109
Isnag,Austronesian,isna1241,0.90625,0.9195720486111111,0.012650121848137044,-1.0531162285265252
Kiramang,,kira1248,0.903125,0.92534375,0.013911656252492006,-1.5971319012443255
Kayardild-Yangkaal,,kaya1318,0.9564732142857143,0.9363024553571427,0.01498970232563494,1.345641060134739
Matukar,Austronesian,matu1261,0.9527777777777778,0.9567611111111111,0.015691468252713836,-0.2538534488411759
Kwamera,Austronesian,kwam1252,0.9347222222222223,0.9328895833333334,0.012687115693109274,0.1444488198278445
Chickasaw,,chic1270,0.9347695707070707,0.9502246054292928,0.011956720313555377,-1.2925814367925514
Tamambo,Austronesian,malo1243,0.9046717171717171,0.9028503787878789,0.012470545267862827,0.1460512226784436
Kei,Austronesian,keii1239,0.95,0.9094,0.04697488690779358,0.8642915964799065
Mandan,,mand1446,0.9162878787878788,0.9011519300144301,0.014483083378747333,1.0450777902486839
Wiyot,Algic,wiyo1248,0.8943452380952381,0.9207440476190477,0.016804140458543348,-1.5709705348474534
Tahitian,Austronesian,tahi1242,0.9078124999999999,0.9012364583333333,0.011454356838408567,0.5741083292093633
Woods Cree,Algic,wood1236,0.8977272727272727,0.9217851957070706,0.013662726201272646,-1.7608435260568267
Panare,Cariban,enap1235,0.9565972222222222,0.9477878472222223,0.012743875612237337,0.6912634168792948
Muruwari,Pama-Nyungan,muru1266,0.9148100907029478,0.9283868905895692,0.017309237583434077,-0.7843672964322348
Gayo,Austronesian,gayo1244,0.95625,0.9569291666666668,0.021765571932016343,-0.031203713313306385
Yuwaalaraay-Gamilaraay,Pama-Nyungan,gami1243,0.9363839285714286,0.9427801339285713,0.011696254929446502,-0.5468592635613302
Paicî,Austronesian,paic1239,0.9636408730158731,0.9484777777777778,0.01389459904727572,1.0912941918297618
Tupinambá,Tupian,tupi1273,0.9451955782312924,0.9277451530612245,0.018444444222272097,0.9461074001349469
Agob-Ende-Kawam,Pahoturi,agob1244,0.9583333333333334,0.9583333333333336,2.220446049250313e-16,-1.0
Cocama-Cocamilla,Tupian,coca1259,0.9336805555555556,0.9329463541666666,0.01284188909458802,0.05717238199778861
Romanian,Indo-European,roma1327,0.9270833333333334,0.9378621527777777,0.01324781398936144,-0.813630041386467
Waurá,Arawakan,waur1244,0.9031272546897547,0.9212315791847042,0.011582921082595161,-1.5630188935806155
Northern Tepehuan,Uto-Aztecan,nort2959,0.9270833333333334,0.9264270833333335,0.017912520717015264,0.03663638470360769
Dondo,Austronesian,dond1249,0.8946078431372548,0.8962209967320262,0.008588404665007827,-0.1878292485848827
Icelandic,Indo-European,icel1247,0.9201388888888888,0.9186608270202021,0.010286562038160963,0.14368861658573706
Binja,Atlantic-Congo,binj1250,,,,
Wolio,Austronesian,woli1241,0.9427083333333333,0.9428385416666666,0.01815339535193951,-0.007172671051832431
Boano (Sulawesi),Austronesian,boan1243,0.9020337301587302,0.9041622474747476,0.010578001270892751,-0.20122112500348896
Sunwadia,Austronesian,mari1426,0.9583333333333334,0.9489097222222221,0.012918675172395835,0.729456464022508
Kyaka,Nuclear Trans New Guinea,kyak1244,0.9114996693121693,0.9290212880291006,0.01080066424246716,-1.6222723272924229
Navajo,,nava1243,0.9097689075630251,0.9250699229691877,0.013704629800386699,-1.1164851315962459
Church Slavic,Indo-European,chur1257,0.9047619047619048,0.9068973214285714,0.015442225707575748,-0.13828425429755278
Yámana,,yama1264,0.915738486050986,0.9145305811087061,0.011845233645309776,0.10197392288316133
Rotuman,Austronesian,rotu1241,0.9226161858974358,0.9277479987026861,0.010507717733124838,-0.48838510279664693
Kaurna,Pama-Nyungan,kaur1267,0.9230158730158731,0.9343813492063492,0.01230654698086408,-0.9235308822327443
Kuvi,Dravidian,kuvi1243,0.9791666666666666,0.95775,0.017326971989742854,1.236030547019109
Neverver,Austronesian,ling1265,0.9146278490028491,0.9291535701566952,0.010108072837885439,-1.437041599008185
Tetum,Austronesian,tetu1245,0.9393939393939393,0.9507250918273645,0.01785324507384499,-0.6346830722682084
Yagwoia,Angan,yagw1240,0.871875,0.9178669642857142,0.020550312726498533,-2.2380177322756794
Pokomo,Atlantic-Congo,poko1261,0.9,0.9000000000000002,2.842474503437688e-16,-0.7811665668645069
Wulguru,Pama-Nyungan,wulg1239,0.938095238095238,0.9352486111111111,0.013286546892172596,0.2142488192928342
Kwoma,,kwom1262,0.9418154761904761,0.9329419890873016,0.012575439296747133,0.7056204474280092
West Coast Bajau,Austronesian,west2560,0.9270833333333334,0.9473545138888889,0.01408288919263917,-1.4394191616696712
Saaroa,Austronesian,saar1237,0.9002635613655351,0.9155566508007709,0.011697716222404482,-1.307356850215354
Tok Pisin,Indo-European,tokp1240,0.9454761904761906,0.9355442857142857,0.015851872790779546,0.6265445662472064
Mono-Alu,Austronesian,mono1273,1.0,0.9360833333333333,0.052685584682466355,1.2131718201836348
Cayubaba,,cayu1262,0.914520202020202,0.9208013708513708,0.020028990322993576,-0.31360386768762527
Weda,Austronesian,weda1240,0.9261837121212121,0.9290025962752525,0.010882938733794924,-0.2590186550703347
Ketengban,Nuclear Trans New Guinea,kete1254,0.9116071428571428,0.9007479166666666,0.031548093312641315,0.3442118064905336
Paakantyi,Pama-Nyungan,darl1243,0.95703125,0.9259079241071428,0.013776154236562744,2.2592172937679496
Naman,Austronesian,litz1237,0.9269593253968254,0.9270373759920635,0.014485800811748117,-0.005388075968491365
Lala-Bisa,Atlantic-Congo,lala1264,0.9,0.9189625000000001,0.009267812241840027,-2.0460600091133587
Trumai,,trum1247,0.9286458333333334,0.9295249999999999,0.019325125210712654,-0.04549345254328217
Southwestern Tepehuan,Uto-Aztecan,sout2977,,,,
Cofán,,cofa1242,0.9375,0.9299583333333333,0.03482942063351998,0.21653149921789216
Western Mari,Uralic,west2392,0.9427083333333334,0.9479375,0.005208291666499981,-1.0040080320963793
Takia,Austronesian,taki1248,0.9489583333333332,0.9472024305555555,0.014510465069147703,0.121009407307773
Ha,Atlantic-Congo,haaa1252,0.9287436868686868,0.9222420202020202,0.012467150196628949,0.5215038372141088
Balangao,Austronesian,bala1310,0.9541666666666666,0.9542541666666666,0.004219578622327118,-0.020736667765124246
Batlux,Nakh-Daghestanian,batl1238,0.9185606060606061,0.9267163825757575,0.013190815041666637,-0.6182920834981973
Southeastern Tepehuan,Uto-Aztecan,sout2976,0.9092261904761905,0.9306226785714287,0.015731891796525645,-1.360070891153953
Western Bukidnon Manobo,Austronesian,west2555,0.9342592592592592,0.9281092592592592,0.01277382138158408,0.48145342073331293
Xibe,,xibe1242,0.9280438311688313,0.9265787833694084,0.01051379548597044,0.13934528224159076
Pima Bajo,Uto-Aztecan,pima1248,0.9291666666666667,0.9584208333333334,0.020389462743589454,-1.4347688820719096
Maithili,Indo-European,mait1250,0.90357905982906,0.9205032585470087,0.009701763154349086,-1.7444456691732324
Setaman,Nuclear Trans New Guinea,seta1246,0.90625,0.9122008928571429,0.020325387231848128,-0.29278127837182666
Danish,Indo-European,dani1285,0.9099852693602694,0.9138683787277537,0.009685881355950653,-0.4009040813925241
Punu,Atlantic-Congo,punu1239,0.9,0.907275,0.0315467807390865,-0.230609901535414
Oceanic,Austronesian,ocea1241,0.9392857142857143,0.9431857142857143,0.012189268448357427,-0.3199535736310378
Alyawarr,Pama-Nyungan,alya1239,0.9505208333333333,0.9224302703373016,0.01258164446776028,2.232662277813686
Kamayurá,Tupian,kama1373,0.9652033730158731,0.9579735615079364,0.013157254030988835,0.5494924313924879
Yavitero,Arawakan,yavi1244,0.9236111111111112,0.9298836805555556,0.021238410780282723,-0.2953408100698263
Meyah,,meya1236,0.9732142857142858,0.9688303571428571,0.004463562441410182,0.9821591226678663
Sinhala,Indo-European,sinh1246,0.9295138888888889,0.918375173611111,0.012171690979872071,0.9151329339692905
Ekari,Nuclear Trans New Guinea,ekar1243,0.9270833333333333,0.9396541666666667,0.011897793183565122,-1.0565684862212932
Itbayat,Austronesian,ivat1242,0.9385416666666666,0.9365917410714287,0.011118503548548044,0.1753766221077941
Kiput,Austronesian,kipu1237,0.9350694444444443,0.9087005208333333,0.010771326080710249,2.4480665995557946
Shanghainese,Sino-Tibetan,shan1293,0.9226190476190478,0.9198293650793651,0.009704828139458607,0.28745305940454585
Central Kurdish,Indo-European,cent1972,0.9296875,0.9336069444444445,0.014352788949767709,-0.27307894362286356
Jingpho,Sino-Tibetan,jing1260,0.984375,0.9738281249999999,0.012610594736544955,0.8363503244962494
Kawi,Austronesian,kawi1241,,,,
Malacca-Batavia Portuguese Creole,Indo-European,mala1533,0.9209595959595959,0.9368232007575759,0.012986352973566588,-1.2215596503706607
Port Sandwich,Austronesian,port1285,0.9505411255411257,0.9249346042846044,0.01548460643388119,1.653675950103116
Warlpiri,Pama-Nyungan,warl1254,0.9222883597883597,0.9336810102513228,0.010818437635612781,-1.0530772415288605
Kodava,Dravidian,koda1255,0.9523933531746032,0.9257819816468255,0.014276458570340114,1.8640036950805041
Akhvakh,Nakh-Daghestanian,akhv1239,0.9459415584415586,0.9333044913419912,0.009453648725465946,1.3367396511704541
Southern-Coastal Tsimshian,,nucl1649,0.9308035714285714,0.9354166666666668,0.02688521120545256,-0.17158486138877016
Yurok,Algic,yuro1248,0.9519097222222221,0.9452746527777778,0.013204280046634936,0.502493844496678
Eastern Armenian,Indo-European,nucl1235,0.9366732804232805,0.9213001984126984,0.011352313858278937,1.3541804959321926
North Northern Paiute,Uto-Aztecan,nort1551,0.9072916666666667,0.932346875,0.016801027135381317,-1.4912902724006372
Kadar,Dravidian,kada1242,0.9293650793650794,0.9418878968253968,0.015601436345260329,-0.8026708043533284
Nage,Austronesian,nage1237,0.93125,0.9301624999999999,0.01417210618609667,0.07673524215243359
Wappo,,wapp1239,1.0,0.9593541666666666,0.03689382170311327,1.1016975595646548
Iwam,Sepik,iwam1256,0.9020833333333333,0.9174270833333334,0.0184530772238068,-0.8315008826931437
Assamese,Indo-European,assa1263,0.9239583333333333,0.935165625,0.014839744306008384,-0.7552213458374087
Wuvulu-Aua,Austronesian,wuvu1239,0.9479166666666666,0.954171875,0.014247051923056357,-0.4390528206899011
Wapishana,Arawakan,wapi1253,0.936832264957265,0.9296249332264958,0.011438909784515233,0.6300715598374396
Waffa,Nuclear Trans New Guinea,waff1241,0.9625,0.9432062499999999,0.015863578431732285,1.2162293698757383
Western Tawbuid,Austronesian,west2559,0.9397569444444445,0.94078125,0.01457931698992607,-0.07025744458833824
Riantana,,rian1263,,,,
Tswana,Atlantic-Congo,tswa1253,0.9176312229437229,0.9127955776515152,0.012174681434454574,0.39718865074553295
Shawnee,Algic,shaw1249,0.8847402597402597,0.8939910714285715,0.01517855549863738,-0.6094658802770947
Paiwan,Austronesian,paiw1248,0.9739583333333334,0.9606354166666666,0.014587644452060183,0.9133014387929623
Vlax Romani,Indo-European,vlax1238,0.940625,0.9239875,0.016387347443988624,1.015264981527149
Zabana,Austronesian,zaba1237,0.921875,0.94653125,0.02325930173473615,-1.0600597679670516
Nivaclé,,niva1238,0.9366666666666668,0.9207377083333333,0.012659263734117016,1.258284736607903
Toda,Dravidian,toda1252,0.9140625,0.9320555555555555,0.012516747557778516,-1.4375184505797407
Venda,Atlantic-Congo,vend1245,0.9397321428571429,0.9434040178571429,0.014607812738567904,-0.25136377811754235
Dehu,Austronesian,dehu1237,0.9285714285714286,0.9211964285714287,0.027953308144555794,0.2638328158463874
Mafea,Austronesian,mafe1237,0.9421768707482993,0.9415108843537414,0.014775751507657406,0.0450729287246538
Ngaanyatjarra,Pama-Nyungan,ngaa1240,0.9165013227513228,0.9214513640873015,0.012375635420118176,-0.3999828023320594
Miami,Algic,miam1252,0.9289772727272727,0.922527840909091,0.009809915353522939,0.6574401088859113
Usarufa,Nuclear Trans New Guinea,usar1243,0.9330357142857143,0.9387837301587301,0.013543072525721365,-0.4244248018386508
Ponca,,ponc1241,0.9390827922077922,0.925717288961039,0.018505007341820527,0.7222641418005689
Bila,Atlantic-Congo,bila1255,0.9305173992673993,0.9270210813492064,0.013143903916278,0.2660030034047145
Gumatj,Pama-Nyungan,guma1253,0.904265873015873,0.9361180555555555,0.013587596211608318,-2.3442102667482962
Tubar,Uto-Aztecan,tuba1279,0.9444444444444445,0.9316388888888888,0.025975994972566818,0.4929765180921713
Mongo,Atlantic-Congo,mong1338,0.9132215007215008,0.9241283414502164,0.010904963728879329,-1.0001721234369003
Atta,Austronesian,atta1244,0.953125,0.961578125,0.014509552012704423,-0.5825903510045297
Rahambuu,Austronesian,raha1237,0.953125,0.9654999999999998,0.02102169018735967,-0.5886776890775834
Kickapoo,Algic,kick1244,0.9034988038277512,0.9166733851674642,0.015543480906119985,-0.847595298587576
Guajá,Tupian,guaj1256,0.9202546296296297,0.9276785631613756,0.011015267088729276,-0.6739676370936186
Fipa,Atlantic-Congo,fipa1238,0.9132936507936508,0.9222119543650793,0.012289934051691476,-0.7256591885618049
Ngoni,Atlantic-Congo,ngon1269,0.875,0.9612708333333333,0.027410832395950498,-3.1473262864530303
Luburua,Austronesian,lubu1242,0.9404761904761906,0.9371934523809524,0.017957710200110194,0.18280382402083836
Maragus,Austronesian,mara1399,0.9035714285714286,0.9509464285714285,0.030204400400793068,-1.5684800681809274
Brulé,,brul1239,0.9105883699633699,0.9138871756715508,0.01033080841258849,-0.31931728635690704
Mussau-Emira,Austronesian,muss1246,0.9520833333333334,0.9427479166666667,0.01513934681710578,0.6166327239507271
Futuna-Aniwa,Austronesian,futu1245,0.9396701388888888,0.9245199652777776,0.014041312887713788,1.0789712993553282
Spokane,Salishan,spok1245,0.8761207542457543,0.8899380369630369,0.010917277309657813,-1.26563449158329
Kui (India),Dravidian,kuii1252,0.93125,0.9313751488095238,0.014567130180253653,-0.00859117808210361
Kashmiri,Indo-European,kash1277,0.9111531986531988,0.9244106902356902,0.010663918113124882,-1.2432101823976374
Ket,,kett1243,0.9386363636363636,0.9333318181818181,0.015642499310047304,0.3391111196110684
Welsh,Indo-European,wels1247,0.9173611111111111,0.9341698082010582,0.010945906062545247,-1.5356149590451196
Iyojwa'ja Chorote,,iyoj1235,0.921875,0.9159620535714286,0.028737467373634404,0.20575739510004096
Kwaio,Austronesian,kwai1243,0.9125,0.9073875,0.024120770354613474,0.21195425870891055
Blood,Algic,bloo1239,0.9310019841269841,0.9244617063492064,0.013261591769526532,0.493174416121479
Veps,Uralic,veps1250,0.94375,0.9588374999999999,0.026099721622078662,-0.5780712997044719
Tokelau,Austronesian,toke1240,0.9260577586664539,0.9213918206189943,0.011362311557289898,0.4106504230176674
Māori,Austronesian,maor1246,0.9100446428571428,0.9176372767857144,0.010935415083759446,-0.6943160246242179
North Slavey,,nort2942,0.9050324675324675,0.9145906385281386,0.012056672362284186,-0.7927702361367228
Hidatsa,,hida1246,0.939781746031746,0.9278799603174602,0.010816370075359969,1.100349343759829
Old Rapa,Austronesian,rapa1245,0.9185267857142858,0.9059226190476191,0.020022823260420274,0.6294899826430467
Moselle Franconian,Indo-European,luxe1241,0.9421296296296297,0.9319120370370371,0.013117738922867155,0.7789141598771289
Dandami Maria,Dravidian,dand1238,0.9380952380952381,0.9360159226190476,0.015013993283231535,0.1384918347148018
Shi,Atlantic-Congo,shii1238,0.921790449134199,0.9199567494137807,0.014413205119072054,0.12722359150997878
Shasta,,shas1239,0.9387987012987012,0.9327130952380953,0.015489602549329804,0.3928832932430044
Cruzeño,,cruz1243,0.8981643356643356,0.9006256555944055,0.00494258971411786,-0.4979818419966135
Batak Toba,Austronesian,bata1289,0.9372767857142857,0.9274950148809523,0.01120576513926246,0.872923063420303
Tuvalu,Austronesian,tuva1244,0.9018335218702865,0.9006588482748868,0.007357057392765674,0.15966622695573457
Mescalero-Chiricahua Apache,,mesc1238,0.9275462962962964,0.9307400462962964,0.011856638281806244,-0.2693638722959724
Tasiko,Austronesian,tasi1237,0.9390624999999999,0.9349790178571429,0.0182936559833553,0.22321848331314617
Huron-Wyandot,,wyan1247,0.9134469696969696,0.9202493371212122,0.014150041616501454,-0.48073126628191654
Thao,Austronesian,thao1240,0.9120370370370371,0.9396944444444445,0.01474762250956063,-1.8753807530317235
I'saka,Sko,kris1246,0.9125,0.919525,0.015633277807292997,-0.4493619371826722
Korowai,Nuclear Trans New Guinea,koro1312,0.9785714285714286,0.9577755952380952,0.01375725214594627,1.511626966832994
Kota (Gabon),Atlantic-Congo,kota1274,0.9097222222222222,0.9264882936507935,0.019254308070541553,-0.8707698748324728
Mali,,mali1284,0.90625,0.9165104166666667,0.01307187910889249,-0.7849228547169429
Old Russian,Indo-European,oldr1238,0.9196428571428572,0.9299946293290042,0.013237098632532314,-0.7820272760305546
Meru,Atlantic-Congo,meru1245,0.9197872633365086,0.9128357937405732,0.009721244036344617,0.7150802479544883
Kuku-Yalanji,Pama-Nyungan,kuku1273,0.9066716269841271,0.9186247271825398,0.012510377921784511,-0.9554547650873653
Mashco Piro,Arawakan,mash1270,0.8928571428571429,0.9529583333333335,0.041390920476627395,-1.4520380263137291
Niuafo'ou,Austronesian,niua1240,0.9305555555555556,0.9285138888888889,0.00941878663452287,0.21676535905202024
Bats,Nakh-Daghestanian,bats1242,0.9405769230769231,0.9396415705128205,0.014539606306079634,0.06433135426173729
Wichí Lhamtés Güisnay,,wich1264,0.9288194444444444,0.9265590277777779,0.016924082355063062,0.1335621405783522
Buli,Austronesian,buli1256,0.9124368686868687,0.9154262415824915,0.011999246979492206,-0.24913004130442112
Grass Koiari,Koiarian,gras1249,0.9345238095238092,0.9542278138528139,0.011170939249000492,-1.7638628131262686
Mairasi,Mairasic,nucl1594,0.9652777777777778,0.9440520833333333,0.013623873958877358,1.5579778929629422
S'gaw Karen,Sino-Tibetan,sgaw1245,0.8894497863247863,0.898843563034188,0.008784638365791589,-1.0693413113033925
Amharic,Afro-Asiatic,amha1245,0.9187305749805749,0.9107264423076924,0.009684950895197943,0.8264505168375331
Gogo,Atlantic-Congo,gogo1263,0.9561728395061727,0.9352435185185185,0.014751437478875973,1.4187987453849804
Kadai,Austronesian,kada1286,0.96875,0.92996875,0.023777102134984823,1.6310334951599745
Sa,Austronesian,saaa1241,0.9359375,0.93454375,0.020406294027517584,0.06830000577863478
Sie,Austronesian,siee1239,0.9353741496598639,0.95625,0.014155847495030419,-1.474715685335328
Padoe,Austronesian,pado1242,0.953125,0.9609375,0.011587810136086974,-0.674199862463242
Colloquial Malay,Austronesian,mala1479,0.931837606837607,0.9214870993589743,0.009612838852770547,1.0767378541511168
Herero,Atlantic-Congo,here1253,0.934163059163059,0.9348443813131312,0.012030324535888329,-0.056633729874844746
Luiseno-Juaneño,Uto-Aztecan,luis1253,0.962202380952381,0.9463800595238094,0.013287317061619463,1.1907837643367796
Central Cagayan Agta,Austronesian,cent2084,0.9258184523809524,0.9186084573412698,0.012296113812445154,0.5863637202499844
Masaaba,Atlantic-Congo,masa1299,0.9021306329549363,0.9158174249963144,0.011681846648563603,-1.1716291484669454
Mokpwe,Atlantic-Congo,mokp1239,0.917989417989418,0.9224155423280422,0.011967289326536144,-0.36985187019835586
Wangkumara,Pama-Nyungan,wong1246,0.9425843253968254,0.9450656001984127,0.011557008058800482,-0.21469871691383632
Tiv,Atlantic-Congo,tivv1240,0.9091974431818182,0.9229348603219697,0.01470534509898178,-0.9341784941247473
Teiwa,,teiw1235,0.9345328282828284,0.9332340187590187,0.011935099958406272,0.10882267667099689
Bagvalal,Nakh-Daghestanian,bagv1239,0.9206123737373737,0.9150359397546898,0.010642552410605442,0.5239752427365955
Indonesian Bajau,Austronesian,indo1317,0.9232638888888888,0.934538888888889,0.013557074638812965,-0.8316690953165304
Modern Greek,Indo-European,mode1248,0.9322420634920636,0.9091093915343915,0.011219108016512673,2.0618993884027708
Erzya,Uralic,erzy1239,0.9461061507936508,0.9314303323412698,0.011667999716924721,1.2577835797418933
Berik,Tor-Orya,beri1254,0.984375,0.9486718750000002,0.027518526252497184,1.29742140521642
Marathi,Indo-European,mara1378,0.9262338934213935,0.9212082042378917,0.010434098641343072,0.4816601180660168
Lau,Austronesian,lauu1247,0.95,0.9424125,0.025435429891197032,0.29830437434933754
East Kewa,Nuclear Trans New Guinea,east2516,0.9145833333333332,0.9435993055555555,0.017291895511091684,-1.6780099210991843
Southeast Babar,Austronesian,sout2883,0.9427083333333334,0.907984375,0.016344369909371704,2.124521075200521
Ancient Greek,Indo-European,anci1242,0.9302910052910053,0.9176246610449735,0.012433873538391663,1.0186965636189151
Iloko,Austronesian,ilok1237,0.9348958333333334,0.9207724454365079,0.012052816135264877,1.1717915330594275
Taiap,Taiap,taia1239,0.890625,0.929578125,0.02188588456881227,-1.7798286780470756
Tehuelche,,tehu1242,0.9467261904761904,0.9348276785714286,0.011193658951671362,1.0629689502006197
Neve'ei,Austronesian,vinm1237,0.9409424603174603,0.9320608531746032,0.012672016150235877,0.7008835087928613
Mele-Fila,Austronesian,mele1250,0.9444444444444445,0.9372840277777778,0.013024856397012934,0.5497501429888256
Idi,,nucl1597,0.9520833333333334,0.9299562499999999,0.011005317330663887,2.010581128059
Degexit'an,,dege1248,0.9192708333333334,0.9234140625000001,0.010387889612273892,-0.398851867059821
Kombai,Nuclear Trans New Guinea,komb1274,0.95625,0.951959375,0.015794663544513254,0.2716502942850257
Siwai,South Bougainville,siwa1245,0.9347222222222222,0.941101388888889,0.018045582234841956,-0.35350295621661787
Epena,,epen1239,0.9076106459330144,0.9023659357911824,0.014054109919607554,0.3731798151453824
Eyak,,eyak1241,0.941496598639456,0.9452455782312926,0.008394537949678203,-0.44659749164399626
Norwegian Bokmål,Indo-European,norw1259,0.9270833333333334,0.9347732638888889,0.012943722555089809,-0.5941050206249728
Araki,Austronesian,arak1252,0.9484920634920634,0.9369519841269841,0.0141322027490921,0.8165803710833864
Southwest Tanna,Austronesian,sout2869,0.9328125,0.9331882812500001,0.014101673714069764,-0.026647989282655805
Hoti,,yuwa1244,0.9171875,0.9293250000000001,0.019086531300457225,-0.6359196340567793
Tiri-Mea,Austronesian,tiri1258,0.9253472222222223,0.9264059523809524,0.018368135235521967,-0.057639501514697496
Moronene,Austronesian,moro1287,0.9479166666666666,0.9445000000000001,0.012585665178225387,0.2714728715791462
Hupa-Chilula,,hupa1239,0.8943452380952381,0.9210650297619047,0.015111028489864821,-1.768231175302723
Sa'a,Austronesian,saaa1240,0.9651041666666667,0.9543177083333333,0.01680242479375084,0.6419584355077763
Yanyuwa,Pama-Nyungan,yany1243,0.9107886904761904,0.9154518601190476,0.012117694862190696,-0.38482316116137527
Hanunoo,Austronesian,hanu1241,0.940972222222222,0.9493534722222223,0.012306649668409223,-0.6810342559368323
Onondaga,,onon1246,0.8979166666666667,0.9188343749999999,0.01966302598606885,-1.0638092198094669
Onobasulu,Bosavi,onob1238,0.9652777777777777,0.9514694444444445,0.014041840860552665,0.983370590114331
Tajio,Austronesian,taji1246,0.8994791666666666,0.9029336681547618,0.009101462445421819,-0.37955455058026405
Kimaama,Kolopom,kima1246,0.9088541666666666,0.9237083333333334,0.013073200712570048,-1.136230292279094
Igbo,Atlantic-Congo,nucl1417,0.9599404761904762,0.9158522023809523,0.016946884821559,2.6015562313515517
Midob,,mido1240,0.9154513888888889,0.9193736979166667,0.013967811566319944,-0.28081056285406286
Southern Kiwai,Kiwaian,sout2949,0.9208333333333334,0.909609375,0.007153632087263828,1.568987361443459
Balaesang,Austronesian,bala1314,0.9598214285714286,0.950654761904762,0.02312944279195271,0.39632025505845564
Tonga (Nyasa),Atlantic-Congo,tong1321,0.9111111111111111,0.9095666666666666,0.013335608602164475,0.1158135703078286
Wayampi,Tupian,waya1270,0.9675824175824175,0.9459112637362639,0.014887515402273921,1.4556595416078317
Sanapaná,,sana1298,0.9315972222222223,0.9371434027777777,0.012004121907939432,-0.4620230116029767
Waia (Bungku),Austronesian,waia1242,0.9583333333333334,0.937875,0.015396608573174665,1.3287558254210396
Mala,,mala1494,0.9371480082417583,0.949802395260989,0.007136704381663399,-1.7731415429990496
Archi,Nakh-Daghestanian,arch1244,0.9133973665223665,0.9102999000420875,0.01066060692314135,0.29055254570499156
Eudeve,Uto-Aztecan,eude1234,0.9375,0.9370625,0.021381121199553568,0.02046197652203171
Mohawk,,moha1258,0.9047619047619048,0.9112745535714285,0.007130600494574769,-0.913338058201242
Sula,Austronesian,sula1245,0.9508928571428572,0.9345859375000003,0.013420993463944148,1.215030741700745
Mangole,Austronesian,mang1408,0.9257383241758242,0.9238246978715728,0.01051121033449705,0.18205575222588946
Old English (ca. 450-1100),Indo-European,olde1238,0.9375,0.9271708333333334,0.015992259834501123,0.6458853703954235
Dampelas,Austronesian,damp1237,0.9110449735449736,0.9065185681216931,0.010454477781224134,0.4329633213635782
English,Indo-European,stan1293,0.9533730158730158,0.9405128968253968,0.013459239184206306,0.9554863296217833
Amanab,Border,aman1265,0.9235472282347281,0.9190856879810005,0.012844421521584723,0.34735236976068373
Lozi,Atlantic-Congo,lozi1239,0.9182947900053162,0.9208791097060833,0.012208442387060245,-0.21168299925846715
Russian,Indo-European,russ1263,0.9220257675438596,0.913757862755848,0.007877042946051295,1.0496203771690973
Yugumbir,Pama-Nyungan,yugu1249,0.933614417989418,0.9334925595238096,0.011201233528573573,0.01087902196642565
Niuean,Austronesian,niue1239,0.9421717171717171,0.930059311868687,0.009276278135336059,1.3057397726023816
Merlav,Austronesian,merl1237,0.9732142857142857,0.9478214285714285,0.018766285444587995,1.3531104606628617
Hunza,Isolate,hunz1248,,,,
Mudburra,Pama-Nyungan,mudb1240,0.9271453373015872,0.9240176711309525,0.013017870793781758,0.24025942645926004
Nyakyusa-Ngonde,Atlantic-Congo,nyak1260,0.8936940374440375,0.9148942250457877,0.013845573320884342,-1.5311888580137205
Lunda,Atlantic-Congo,lund1266,0.935001240079365,0.9135554005456349,0.01715283156808025,1.2502798414716996
Karruwali,Pama-Nyungan,karr1236,0.9083333333333334,0.9075083333333335,0.03247990725048333,0.025400318838277713
Aneityum,Austronesian,anei1239,0.9541666666666666,0.9379416666666666,0.012557569188909155,1.2920494210240916
Nuclear Miami,Algic,nucl1653,0.9493055555555555,0.9403006944444445,0.014506143450973308,0.620761895919814
Northern Haida,,nort2938,0.9791666666666667,0.9662864583333333,0.009145440327072388,1.4083748701749663
Meskwaki,Algic,mesk1242,0.9243686868686869,0.9170980113636364,0.008017419688312185,0.9068597862788274
Estonian,Uralic,esto1258,,,,
Selk'nam,,onaa1245,0.9427083333333334,0.9440798611111111,0.012603025947003103,-0.10882527605236365
Bario,Austronesian,bari1288,0.9136904761904763,0.9425357142857143,0.011445430273679546,-2.5202406030616302
Djinang,Pama-Nyungan,djin1253,0.9243607954545455,0.9355603693181818,0.014531732793402424,-0.770697756617227
Omaha-Ponca,,omah1247,0.8890637140637141,0.899752331002331,0.011217403900196652,-0.952860130001159
Sika,Austronesian,sika1262,0.96875,0.9583541666666665,0.013347957474834879,0.7788332674068618
Kriol (Roper River),Indo-European,krio1252,0.9719387755102041,0.9565994897959184,0.012256805169340966,1.2514913554027354
Ura (Vanuatu),Austronesian,urav1235,0.8666666666666667,0.8786333333333335,0.01554988388666901,-0.7695663037668
Kodi-Gaura,Austronesian,kodi1247,0.9583333333333334,0.9541527777777778,0.01671520132235665,0.2501050077072066
Shona,Atlantic-Congo,shon1251,,,,
Slovenian,Indo-European,slov1268,0.9143518518518517,0.9251809027777776,0.011091580799801468,-0.9763307071720319
Malgana,Pama-Nyungan,malg1242,0.9515625,0.9584281250000002,0.01302273815233861,-0.5272028754388559
Flinders Island,Pama-Nyungan,flin1247,,,,
Ingush,Nakh-Daghestanian,ingu1240,0.9065972222222222,0.9163299603174603,0.008963911869680033,-1.085769052254808
Nanggu,Austronesian,nang1262,0.9629464285714286,0.9504544642857142,0.014852281221873723,0.841080511411059
Zuni,,zuni1245,0.9486607142857143,0.9397678571428569,0.008271510686120911,1.075118860425223
Koroni,Austronesian,koro1311,0.9312499999999999,0.913,0.03230083203262724,0.5650009257212153
Marind,,nucl1622,0.9404761904761906,0.9394829365079366,0.01233257180852585,0.08053907844001688
Pwo,Sino-Tibetan,pwoo1239,0.9157769314019314,0.9074454972111222,0.015093844860504942,0.5519756077929144
Fijian,Austronesian,fiji1243,0.9378720238095237,0.944834201388889,0.012314772673952704,-0.5653516929379556
Yugambal,Pama-Nyungan,yuga1244,0.927906976744186,0.9162619123124937,0.01220037280444755,0.9544843111226253
Kikuyu,Atlantic-Congo,kiku1240,0.9097794566544567,0.9235006868131868,0.008742778103859693,-1.5694359385230785
Jicarilla Apache,,jica1244,0.9212632275132275,0.9257543733465607,0.011867901952392505,-0.37842795224878134
Kinshasa Lingala,Atlantic-Congo,ling1263,0.9124915593665595,0.9294013684232434,0.011256412218100706,-1.50223790041132
Atchin,Austronesian,atch1238,0.9366666666666666,0.9348305555555556,0.015544718199082567,0.11811800558850939
Western Keres,,west2632,0.9206495098039216,0.9206495098039214,2.220446049250313e-16,1.0
Nengone,Austronesian,neng1238,0.9181216931216931,0.9137932275132276,0.01627177236236259,0.2660107032026525
Old Prussian,Indo-European,prus1238,0.9520089285714286,0.9151540178571429,0.02085995470416668,1.7667780796726325
Slovak,Indo-European,slov1269,0.9069444444444444,0.9226258680555557,0.011737016852325506,-1.336065527417575
Soga,Atlantic-Congo,soga1242,0.9182959401709402,0.925282139041514,0.010631160524955434,-0.6571435784620626
Yerukula,Dravidian,yeru1240,0.9625,0.9337062500000001,0.016172754303792333,1.780386287897055
Northern Tosk Albanian,Indo-European,tosk1239,0.9284722222222223,0.9281237847222222,0.01206501663757012,0.02887998503997053
Solu-Khumbu Sherpa,Sino-Tibetan,sher1255,0.96875,0.92353125,0.036298337922520636,1.24575263188414
Yaka-Pelende-Lonzo,Atlantic-Congo,yaka1269,0.9367965367965367,0.9365179112554113,0.013992623865692524,0.019912315502783995
Kilmeri,Border,kilm1241,0.9072916666666666,0.9198072916666665,0.012530551856071957,-0.9988087630741654
Tocantins Asurini,Tupian,toca1235,0.9243750000000001,0.9194504861111111,0.010210883900708971,0.48228086194839637
Pilagá,,pila1245,0.9183582621082621,0.9156689814814816,0.010677569195082075,0.25186262693752187
Fordata,Austronesian,ford1242,1.0,0.9636,0.0481148625686492,0.7565229963624086
Tesuque,,tesu1245,0.9079545454545455,0.924675,0.012646287796872335,-1.3221630579678765
Bezhta,Nakh-Daghestanian,bezh1248,0.9390211640211641,0.9378808531746032,0.01260766094973041,0.0904458686752072
Wayuu,Arawakan,wayu1243,0.924537037037037,0.9212642361111111,0.010762594985826586,0.30409031745930837
Landawe,Austronesian,land1259,0.9267857142857143,0.92525,0.01822517181688835,0.08426336394212963
Laurentian,,laur1250,0.946078431372549,0.9258023897058824,0.011568678725266235,1.7526670199928136
Nakanai,Austronesian,naka1262,0.9067760942760943,0.9192756734006732,0.009162018070652957,-1.3642823042028849
Mono (USA),Uto-Aztecan,mono1275,0.9107142857142858,0.9436369047619049,0.022181736699979363,-1.4842218845582857
Sawi,Nuclear Trans New Guinea,sawi1257,0.9125,0.9439500000000001,0.02547592000301459,-1.23449908761994
Adnyamathanha,Pama-Nyungan,adny1235,0.9267113095238095,0.9426767113095237,0.01310771014633043,-1.2180160842344951
Keyagana,Nuclear Trans New Guinea,keya1238,0.921875,0.9250177083333333,0.014994816487185664,-0.2095863151122262
Ngadjunmaya,Pama-Nyungan,ngad1258,0.8970734126984127,0.9224961557539683,0.013486483644612567,-1.885053489514384
Marquesan,Austronesian,marq1246,0.9482142857142857,0.9461321428571429,0.01756631220679188,0.11853044808902836
Buru (Indonesia),Austronesian,buru1303,0.984375,0.9658802083333332,0.017235884390436322,1.0730399002286761
Southeast Ambrym,Austronesian,sout2859,0.9404513888888889,0.9407678819444445,0.015087700226596924,-0.020976891825943634
Western Shoshoni,Uto-Aztecan,west2622,,,,
Avar,Nakh-Daghestanian,avar1256,0.9285248316498317,0.9162870317760944,0.01159287063081742,1.055631539715923
Sonsorol,Austronesian,sons1242,0.9223958333333333,0.9192705915178572,0.014219438802031989,0.21978657941335406
Maca,,maca1260,1.0,0.9557857142857143,0.06525525929925609,0.6775589613631294
Gwich'in,,gwic1235,0.9622519841269841,0.954535689484127,0.006076478495806324,1.2698629063169484
Cornish,Indo-European,corn1251,0.9172619047619047,0.9399244047619049,0.016285105884886752,-1.3916090051973118
Wanman,Pama-Nyungan,wanm1242,0.92578125,0.9300760416666667,0.015349458339327934,-0.27980086148464905
Binongan Itneg,Austronesian,bino1237,0.925,0.9375875,0.015756699963824877,-0.7988665157614899
Fe'fe',Atlantic-Congo,fefe1239,0.9203569860091599,0.9222199869031934,0.012474946663618576,-0.1493393875155107
Pohnpeian,Austronesian,pohn1238,0.9458333333333334,0.9287171875000001,0.01147302834926498,1.4918594561330327
Dakaka,Austronesian,daka1243,0.9342105263157895,0.9305895467836258,0.014199669081267394,0.2550045012626787
Ratagnon,Austronesian,rata1245,0.9486111111111111,0.9415597222222223,0.01256929642331505,0.5610010816364406
Seri,,seri1257,0.9011363636363636,0.9072200757575758,0.011371886392855055,-0.5349782710663167
Unua,Austronesian,unua1237,0.9570578231292517,0.9445201955782313,0.012588133479031193,0.9959878143892474
Ems-Weser Frisian,Indo-European,sate1242,0.9187500000000001,0.939570138888889,0.013146598905776045,-1.5836901268617414
Baruya,Angan,baru1267,0.9404761904761905,0.9365491071428571,0.016687470120408016,0.23533125782383962
Gusii,Atlantic-Congo,gusi1247,0.9351851851851851,0.9177997685185185,0.0164016537751511,1.0599794938365252
Mblafe,,mbla1238,0.9583333333333334,0.9583333333333337,2.883375519062826e-16,-1.1551284429847786
Myene,Atlantic-Congo,myen1241,0.9075442228760305,0.9163938796266026,0.011463453838801383,-0.7719886933742258
Klon,Timor-Alor-Pantar,kelo1247,,,,
South Saami,Uralic,sout2674,0.9086538461538461,0.8783798076923076,0.026505006231611644,1.142200767545253
Rejang,Austronesian,reja1240,0.9640625,0.9589703125000001,0.017048150946175768,0.29869441654270623
Tanala,Austronesian,tana1285,0.8753434065934066,0.8967812477106226,0.011252224320381348,-1.9052091841419563
Numbami,Austronesian,numb1247,0.9241071428571429,0.9283224206349208,0.014122514658119565,-0.2984792637729243
Sarangani Blaan,Austronesian,sara1326,0.9375,0.9372874999999999,0.009343371647858142,0.022743395854190707
Yanomám,,yano1262,0.9821428571428572,0.9553928571428572,0.017349902958030104,1.5417953670812479
Savosavo,Savosavo,savo1255,0.9235119047619049,0.944785863095238,0.01436502312557162,-1.4809553835985612
Arabana,Pama-Nyungan,arab1267,0.9240327380952381,0.91760390625,0.016779007024839067,0.38314733617556174
Breton,Indo-European,bret1244,0.8987713675213675,0.9056650736416362,0.010429471624176767,-0.6609832567441086
Cherokee,,cher1273,0.8828712953712954,0.9021240275349651,0.007814297551202203,-2.4637828336480188
Kukatja,Pama-Nyungan,kuka1246,0.9415674603174603,0.9326792162698414,0.013024852179400026,0.6824065198740954
Yaka (Central African Republic),Atlantic-Congo,yaka1272,0.9515019071837255,0.9370096948506041,0.012184794634352765,1.1893686162147754
Monumbo,Bogia,nucl1458,0.9577380952380953,0.9397046626984127,0.01809570618406294,0.996558650778979
Catalan,Indo-European,stan1289,0.9403769841269841,0.939156498015873,0.01394379356183,0.08752898597495894
Patani,Austronesian,pata1260,0.9318602693602696,0.9320219381313132,0.01145904972561603,-0.014108392485828954
Bayungu,Pama-Nyungan,bayu1240,0.9416666666666667,0.9320906250000001,0.01820730090393953,0.5259451533859483
Central Melanau,Austronesian,cent2101,0.9438912717864923,0.926964494825708,0.014875223553309586,1.1379174840715813
Lewo,Austronesian,lewo1242,0.940625,0.9448604166666668,0.014687856230904567,-0.2883618003936488
Tubuai,Austronesian,tubu1240,0.9156249999999999,0.9160729166666668,0.00910067987196256,-0.04921793459045031
Colombian Sign Language,,colo1249,0.96875,0.9539791666666667,0.012224729461900856,1.2082748644350394
Zigula,Atlantic-Congo,zigu1242,0.9645833333333333,0.9487791666666667,0.019383354381616546,0.815347351934891
Dari,Indo-European,dari1249,0.9316528379028379,0.9238492544492545,0.010720294773705308,0.7279262014999854
Eastern Pahari,Indo-European,east1436,0.953125,0.929375,0.0190872448684106,1.2442864417434236
Abui,,abui1241,0.9166666666666667,0.929546875,0.017114959768379935,-0.7525701788168717
Dieri,Pama-Nyungan,dier1241,0.9454545454545454,0.9433063311688311,0.014429820971725828,0.14887324589290404
Imbongu,Nuclear Trans New Guinea,imbo1238,0.9140625,0.9153854166666665,0.01337840688697024,-0.09888446941727778
Dakota,,dako1258,0.920305735930736,0.9135857413419912,0.01906733621896436,0.3524348924031152
Piegan,Algic,pieg1239,0.9139520202020202,0.9094380681818182,0.011620862575179993,0.3884351949779493
Forest Enets,Uralic,fore1265,0.9359375,0.9486625000000001,0.008169040896376179,-1.557710404613712
Walloon,Indo-European,wall1255,0.9533730158730158,0.9374524305555556,0.011736595530727482,1.3564909241166794
Yucatec Maya,,yuca1254,0.8965367965367964,0.9150036796536797,0.024819992970922227,-0.7440325683620491
Edopi,Lakes Plain,edop1238,0.9201388888888888,0.9381597222222222,0.01536096355665519,-1.1731577427983537
Ignaciano,Arawakan,igna1246,0.9283482142857143,0.9273430803571429,0.023462084366221016,0.04284077718255104
Western Armenian,Indo-European,homs1234,0.9185267857142857,0.917394494047619,0.012854969957935395,0.08808201577847825
Sawai,Austronesian,sawa1247,0.9555069930069929,0.9317507867132867,0.011449577885136774,2.074854333673319
Manggarai,Austronesian,mang1405,0.9375,0.9334479166666667,0.027193643542783044,0.14900847423988084
Kom (Cameroon),Atlantic-Congo,komc1235,0.9144443714985995,0.9104963388480393,0.007481717553219208,0.5276906836534427
Kumaoni,Indo-European,kuma1273,0.971875,0.980034375,0.012073051974723506,-0.6758336679973443
Komo (Democratic Republic of Congo),Atlantic-Congo,komo1260,0.921031746031746,0.9438837549603174,0.012673682616919051,-1.8031072435145692
Suruí,Tupian,suru1262,0.9383680555555555,0.935368005952381,0.012747790788324654,0.2353387855974324
Assiniboine,,assi1247,0.9293154761904762,0.9371797619047619,0.02286579314551476,-0.34393233876640694
Talaandig-Binukid,Austronesian,binu1244,0.8978454228913787,0.9071784797786636,0.008138711700733776,-1.1467486784724739
Western Apache,,west2615,0.9411706349206349,0.9332800595238095,0.01300551295637207,0.6067100485228737
Huichol,Uto-Aztecan,huic1243,0.886904761904762,0.8869047619047624,4.440892098500626e-16,-1.0
Hiligaynon,Austronesian,hili1240,0.9244791666666666,0.9327864583333333,0.012305865519006576,-0.6750676458990987
Southern Paiute,Uto-Aztecan,sout2969,0.9515873015873016,0.9390036706349207,0.01915020540088748,0.6571016179177768
Bilua,Bilua,bilu1245,0.9010416666666667,0.9267291666666667,0.016160423515318045,-1.589531361950475
Wawonii,Austronesian,wawo1239,0.9347222222222223,0.9352486111111111,0.012931805569726522,-0.04070498013990142
Nepali,Indo-European,nepa1254,0.90530303030303,0.9312931818181818,0.012827801278939985,-2.026079992197961
Wajarri,Pama-Nyungan,waja1257,0.9383333333333332,0.9445383333333334,0.014839911556340206,-0.4181291766088122
Central Tarahumara,Uto-Aztecan,cent2131,0.9616071428571429,0.9370830357142856,0.018302643722045566,1.3399215717299853
Itonama,,iton1250,0.9114583333333333,0.930203125,0.016080006098790907,-1.1657204326605464
Ute,Uto-Aztecan,utee1244,0.9408482142857143,0.9531607142857144,0.010748119941199421,-1.1455491813786052
Adang,,adan1251,0.9194444444444444,0.9275675843253969,0.011889893249052276,-0.6831970406126195
Bukat,Austronesian,buka1261,0.9375,0.9568541666666668,0.014077291603461545,-1.3748501637848916
Suki,,suki1245,0.9223958333333333,0.9082255208333333,0.02632233209328966,0.5383380336430158
Creek,,cree1270,0.931097027972028,0.9350460737179487,0.012220844445239932,-0.323140169537046
Tsonga,Atlantic-Congo,tson1249,0.9033409197012139,0.91877622840803,0.01049740633473848,-1.4703926107668026
Nhanda,Pama-Nyungan,nhan1238,0.9457638888888887,0.9316829166666667,0.013142489310984886,1.0714083069828138
Cinta Larga,Tupian,cint1239,0.95,0.94251875,0.015031546543621377,0.49770327878701587
Atampaya,Pama-Nyungan,atam1239,0.9315476190476191,0.9376398809523809,0.015245037423007899,-0.3996226270699334
Mungaka,Atlantic-Congo,mung1266,0.9557291666666666,0.957265625,0.008859488290476898,-0.173425177951296
Gela,Austronesian,gela1263,0.9453125,0.9577890625,0.01743184096961201,-0.7157340708735053
Tokharian B,Indo-European,tokh1243,0.9375,0.9274895833333334,0.01328882137126916,0.7532960513947012
Cheke Holo,Austronesian,chek1238,0.9543650793650794,0.9450168650793651,0.011568246071423132,0.8080926207825976
Xârâcùù,Austronesian,xara1244,0.9336734693877552,0.9226615646258506,0.01136652239444505,0.9688015718234326
Tetun Dili,Austronesian,tetu1246,0.90625,0.9061,0.013612126946219676,0.01101958574090738
Huasteca Nahuatl,Uto-Aztecan,huas1257,1.0,0.959,0.04166133299195626,0.984125976187946
Bierebo,Austronesian,bier1244,0.953125,0.96559375,0.015606989620038838,-0.7989208875996548
Sangu (Gabon),Atlantic-Congo,sang1333,,,,
Western Pantar,,lamm1241,0.9323412698412699,0.9333804894179895,0.01259784409878527,-0.08249185881096925
Wambayan,,wamb1258,0.9219990079365079,0.9309854290674604,0.014236089035817936,-0.6312422680374292
Tulambatu,Austronesian,tula1253,0.9785714285714286,0.9602321428571429,0.023221777637223506,0.7897451263545259
Guugu Yimidhirr,Pama-Nyungan,gugu1255,0.9342096560846561,0.9223975859788359,0.013088126409862906,0.9025027521829935
Kansa,,kans1243,0.883537296037296,0.8735249146686647,0.01637232369694302,0.6115430866115137
Tongva,Uto-Aztecan,tong1329,0.9795454545454546,0.9481909090909092,0.02143719144913377,1.462623755026099
Teguima,Uto-Aztecan,opat1246,0.9491732804232805,0.9305186673280424,0.011627677855204405,1.604328338601891
Sangtam Naga,Sino-Tibetan,sang1321,0.9875,0.9504458333333334,0.026979142857132356,1.373437505516257
Wangkajunga,Pama-Nyungan,wang1288,0.9482142857142857,0.9282789682539683,0.013067505091290751,1.5255641624814764
Kankanaey,Austronesian,kank1243,0.923611111111111,0.9224913194444446,0.010713504249200938,0.10452151234736706
Fore,Nuclear Trans New Guinea,fore1270,0.9097222222222221,0.9196874999999999,0.013076547470567324,-0.7620725424816922
Nalik,Austronesian,nali1244,0.8994642857142857,0.9288033630952381,0.014269083019648465,-2.056129138820809
Nyulnyul,,nyul1247,0.946590909090909,0.930595670995671,0.01494113514338061,1.0705503927072404
Hindi,Indo-European,hind1269,0.9213307525807526,0.9271290068727569,0.008909043811613684,-0.6508279019175776
Tuamotuan,Austronesian,tuam1242,0.9325396825396826,0.9256132936507936,0.01533792340944584,0.4515858310143445
Chipaya,,chip1262,0.9508928571428572,0.963323660714286,0.00857597274215414,-1.4494919637893318
Fang (Equatorial Guinea),Atlantic-Congo,fang1246,0.9332837301587302,0.9281987847222222,0.012587396097428774,0.40397119445115104
Kurukh,Dravidian,kuru1302,0.9640625,0.9585197916666667,0.012571085158992948,0.44090929806233103
Nyoro,Atlantic-Congo,nyor1246,0.9359953703703704,0.9187701967592593,0.012348679148014659,1.3949000864501724
Yandruwandha,Pama-Nyungan,yand1253,0.9541294642857143,0.9391900669642858,0.014654321732890541,1.0194533458275452
Ngarluma,Pama-Nyungan,ngar1287,0.9225852272727273,0.9352224025974026,0.014089863208536979,-0.8968983685390601
Chibcha,,chib1270,0.9488095238095238,0.9308943452380954,0.015665613246965044,1.1435989315578883
Yaqui,Uto-Aztecan,yaqu1251,0.959375,0.9376760416666667,0.01970523724249435,1.1011772183356123
/Gwi,,gwii1239,0.937510521885522,0.9157583491161616,0.010565748137956577,2.0587442067843247
Bemba (Zambia),Atlantic-Congo,bemb1257,0.892857142857143,0.9195994047619048,0.013218012932749672,-2.023168084402741
Kamano,Nuclear Trans New Guinea,kama1370,0.9421130952380953,0.9128580357142857,0.02326081606415347,1.25769704051328
Gothic,Indo-European,goth1244,0.9032738095238095,0.9195079365079365,0.01880121302316969,-0.8634616800586655
Sikaiana,Austronesian,sika1261,0.9347222222222222,0.9358177083333333,0.014779496554279353,-0.07412201810040038
Gimi (Eastern Highlands),Nuclear Trans New Guinea,gimi1243,0.9435185185185184,0.9560555555555554,0.01892988100875807,-0.6622882114914852
Chuukese,Austronesian,chuu1238,0.9632936507936508,0.9413700396825396,0.010865943604428455,2.0176444779426372
Nen,,nenn1238,0.9166666666666666,0.9347916666666665,0.019274774371787946,-0.9403482318594085
Eastern Yiddish,Indo-European,east2295,0.930552693833944,0.9196220161782662,0.008586403658568926,1.2730216386658413
Macedonian,Indo-European,mace1250,0.914699074074074,0.9198259837962962,0.011771236961008031,-0.43554553690533643
Mbyá Guaraní,Tupian,mbya1239,0.970486111111111,0.9717204861111112,0.015633057239718046,-0.07895928359195234
Araweté,Tupian,araw1273,0.9572619047619048,0.9404583333333335,0.01513590525322048,1.1101794803449858
Yakan,Austronesian,yaka1277,0.9083333333333335,0.9156604166666666,0.010149000831704781,-0.7219512004022889
Buhid,Austronesian,buhi1245,0.9115327380952382,0.9364338541666667,0.013145548723826155,-1.894262201949436
Guarayu,Tupian,guar1292,0.9061791383219955,0.8935745464852609,0.014104978936888895,0.893627129337262
Nuu-chah-nulth,,nuuc1236,0.9064102564102564,0.9093974358974359,0.021348448325132732,-0.13992489953767884
Hunzib,Nakh-Daghestanian,hunz1247,0.9605654761904762,0.9365839533730159,0.011916878309721973,2.012399740450127
Shina (Nakh-Daghestan),Nakh-Daghestanian,shin1265,0.8957807239057237,0.9052756628787879,0.00859254867821919,-1.1050200969047084
Kunimaipa,Goilalan,kuni1267,0.9354166666666667,0.94553125,0.010417494758751313,-0.9709228147042284
Northern Paiute,Uto-Aztecan,nort2954,0.951388888888889,0.9443715277777778,0.010852324322032912,0.6466228710898541
Rundi,Atlantic-Congo,rund1242,0.9191919191919193,0.9146312941919191,0.01023751126700144,0.44548180520205777
Northern Yukian,,yuki1243,,,,
Muduapa,Austronesian,mudu1242,0.9227182539682539,0.9131878968253968,0.013427481017400959,0.7097650803234435
Maklew,,makl1246,0.94375,0.9640718750000002,0.009904816043691832,-2.051716549843734
Mbala,Atlantic-Congo,mbal1257,0.9226438492063492,0.9451694940476191,0.012106805642209076,-1.8605770594628697
Uab Meto,Austronesian,uabm1237,0.9583333333333334,0.9529749999999999,0.014056065811994171,0.3812114573881085
Bindal-Mount Elliot,Pama-Nyungan,bind1236,0.9125000000000001,0.9025083333333332,0.01183626430837783,0.844157109570005
Margany,Pama-Nyungan,marg1253,0.9583333333333334,0.9557473958333335,0.011303688622075694,0.22876935011724145
Torete,Austronesian,tore1237,0.96875,0.9665260416666668,0.011002622349590506,0.2021298434746323
Emau,Austronesian,emau1237,0.9221428571428572,0.9284972619047619,0.012363000877164718,-0.513985627360243
Tirax,Austronesian,maee1241,0.94375,0.9534406249999999,0.013197270891528123,-0.7342900725195213
Namakura,Austronesian,nama1268,0.9387400793650794,0.9276606646825396,0.014727938904266796,0.7522719067859537
Ngiyambaa,Pama-Nyungan,wang1291,0.9375496031746033,0.9286315228174603,0.012301887168899217,0.7249359577682608
Kayabí,Tupian,kaya1329,0.9166486291486292,0.9311309072871574,0.00979193743741452,-1.4790002725295321
Bontok,Austronesian,bont1247,0.9527777777777778,0.9384645833333334,0.013713012805243032,1.0437673068439015
Ndumu,Atlantic-Congo,ndum1239,,,,
Dogrib,,dogr1252,0.9624999999999999,0.9435760416666666,0.014002925932776305,1.3514288673796684
Avatime,Atlantic-Congo,avat1244,1.0,0.9690416666666666,0.02477156047432889,1.249753053119765
Dupaninan Agta,Austronesian,dupa1235,0.9416666666666667,0.9409791666666665,0.012537288133803066,0.054836420178183104
Kaure-Narau,Kaure-Narau,kaur1271,0.9635416666666667,0.9395770833333333,0.015127925423010476,1.584128865209888
Nyawaygi,Pama-Nyungan,nyaw1247,0.9565972222222222,0.9225034722222222,0.022790778757079955,1.4959449329658738
Kumbainggar,Pama-Nyungan,kumb1268,0.9333333333333333,0.9320328703703703,0.016343369768269136,0.07957128679104541
Cocopa,,coco1261,0.9343434343434344,0.92933658008658,0.01319558432935897,0.3794340691464892
Sakata,Atlantic-Congo,saka1287,0.9583333333333334,0.9536458333333334,0.02150354258604847,0.21798733772551562
Yamdena,Austronesian,yamd1240,,,,
Zinza,Atlantic-Congo,zinz1238,0.9427083333333333,0.9491380208333332,0.01536741163449748,-0.41839755795740424
Ibanag,Austronesian,iban1267,0.9315476190476191,0.9273229166666667,0.013095075672017615,0.3226176378636755
Kunzakh,Nakh-Daghestanian,kunz1243,0.9370325854700855,0.9332905582264958,0.00997500570898601,0.3751403610946032
"!Kung, Southeastern Ju, or Ju'hoan",Kxa,juho1239,0.9270833333333333,0.9421927083333335,0.018013003326638393,-0.8388037644813965
Mocoví,,moco1246,0.9494385822510824,0.9330118709415586,0.011045542438271093,1.4871801363605077
Ga'dang,Austronesian,gada1258,0.9104166666666668,0.9308727430555557,0.011341642067214778,-1.803625636187301
Dadibi,Teberan,dadi1250,0.9427083333333334,0.9524635416666666,0.0155210507340914,-0.6285146863096236
Gondi,Dravidian,gond1265,0.9020833333333333,0.9001875,0.014438552150213823,0.13130356240776145
Munsee,Algic,muns1251,0.9085915911573806,0.8979686676627466,0.008243470545451744,1.2886469886757954
Ancux,Nakh-Daghestanian,ancu1238,0.9188852813852814,0.9206586309523809,0.010683384938695537,-0.16599135735307907
German,Indo-European,stan1295,0.9274140211640213,0.9331258267195767,0.012272709310004471,-0.4654070597842028
Barok,Austronesian,baro1253,0.9375,0.9304124999999999,0.019620962960568457,0.3612208031911395
Sirionó,Tupian,siri1273,0.9343434343434344,0.9373275252525254,0.013374609718470902,-0.2231161111916308
Kaiwá,Tupian,kaiw1246,0.8749684343434343,0.8938058080808081,0.015579432543918357,-1.2091180910646995
Winnebago-Chiwere,,winn1245,0.9418402777777777,0.9315824652777779,0.020805926543865257,0.4930235852930265
Luba-Lulua,Atlantic-Congo,luba1249,0.9236111111111112,0.9301183035714287,0.011292783486377887,-0.5762257346177684
Sira,Atlantic-Congo,sira1266,,,,
Budza,Atlantic-Congo,budz1238,0.95,0.9306625000000002,0.011317788818934525,1.7085934637381093
Luguru,Atlantic-Congo,lugu1238,0.9251923076923078,0.9249107264957265,0.012087265485329998,0.023295690569800905
Kamang,,kama1365,0.9243265993265993,0.9188176820286195,0.01147736051394559,0.4799812022360232
South Marquesan,Austronesian,sout2866,0.9467261904761904,0.9470574404761906,0.01281477335550338,-0.025849072067892557
Suzhou,Sino-Tibetan,suzh1234,0.8995535714285714,0.8939479166666666,0.015976572683114414,0.35086716488508046
Inxokvari,Nakh-Daghestanian,inxo1238,0.9092775892408245,0.9069724437531423,0.009938638106849987,0.2319377627899898
Lauje,Austronesian,lauj1238,0.923015873015873,0.9142073412698413,0.00884238155707182,0.9961718671806172
Lubuagan Kalinga,Austronesian,lubu1243,0.9416666666666667,0.9451583333333333,0.014355213435465777,-0.24323335089119685
Asera,Austronesian,aser1237,0.984375,0.983859375,0.01066526149395199,0.04834621263551934
Awetí,Tupian,awet1244,0.951686507936508,0.954012962962963,0.017565159267426907,-0.1324471353225486
Djambarrpuyngu,Pama-Nyungan,djam1256,0.9051339285714286,0.9190102475649351,0.01416915421931831,-0.9793329071531625
Komba,Nuclear Trans New Guinea,komb1273,0.94375,0.9425083333333333,0.01474969684769031,0.08418252113846882
Middle High German,Indo-European,midd1343,0.9183902517235851,0.9215900272566939,0.012600924132291554,-0.2539318148030859
Western Low Navarrese,,west1508,0.9044275169275169,0.9129529695998446,0.010537403312246675,-0.809065802997155
Warta Thuntai,,gunt1241,0.9330357142857143,0.9271041666666667,0.012379020925924118,0.47916128864648244
Touo,Touo,touo1238,0.9322916666666666,0.929011044973545,0.010003757809592418,0.32793893610417796
Kumyk,Turkic,kumy1244,0.9263888888888889,0.9135708333333333,0.010505271626808022,1.2201546053169787
Mori Atas,Austronesian,mori1269,0.96875,0.952875,0.011999186170320053,1.3230063918223665
Northern Pomo,,nort2966,0.948098544973545,0.9402991898148148,0.019222410158743233,0.40574283319944143
Au,Nuclear Torricelli,auuu1241,0.9404761904761905,0.9246741071428571,0.010580539124247031,1.4935045509278706
Jaru,Pama-Nyungan,jaru1254,0.9416666666666668,0.9504190476190476,0.012410027444737518,-0.7052668490344314
Proto-Tupi-Guarani,Tupian,tupi1239,0.9317708333333333,0.9315208333333334,0.012717611025988073,0.01965778002559637
Crow,,crow1244,0.9183441558441559,0.9164478625541126,0.00963646025374555,0.1967831797268296
Lo-Toga,Austronesian,loto1240,0.9413690476190476,0.9353216517857144,0.01190366165651384,0.508028202399724
Giryama,Atlantic-Congo,giry1241,0.9284451659451659,0.9332417388167387,0.011694487341909292,-0.4101567457671597
Kalkutung,Pama-Nyungan,kalk1246,0.9296130952380951,0.929273189484127,0.012197271505584018,0.027867359828181865
Lamba,Atlantic-Congo,lamb1271,0.9376488095238095,0.9259630952380952,0.01247602979968176,0.936653284205235
Icari,Nakh-Daghestanian,icar1234,0.9286931818181818,0.9160573863636364,0.008934648959113797,1.4142464368067031
North Ambrym,Austronesian,nort2839,0.9186507936507936,0.9303948412698412,0.01505527053725244,-0.7800622107711948
Mapudungun,,mapu1245,0.9068474927849928,0.920516774891775,0.013042401711438174,-1.0480647973596957
Brooke's Point Palawano,Austronesian,broo1239,0.9162087912087913,0.9207950244200245,0.025320958363820784,-0.18112399796786985
Luvale,Atlantic-Congo,luva1239,0.9390376984126985,0.9326770585317461,0.015921698899121692,0.39949504894249993
Gilbertese,Austronesian,gilb1244,0.9083333333333333,0.9083666666666667,0.01121904382933077,-0.00297113852485217
Negerhollands,Indo-European,nege1244,0.93125,0.9380625,0.023518711153155368,-0.28966298176956035
Samoan,Austronesian,samo1305,0.9147817460317459,0.9273562748015872,0.011888009480712758,-1.0577488847264456
Awiakay,Arafundi,awia1234,0.912073112073112,0.9251156114718615,0.010870107810064476,-1.1998500499391185
Asu (Tanzania),Atlantic-Congo,asut1235,0.9039345492470493,0.9226626271876274,0.010772093335133615,-1.7385736790355957
Munggava,Austronesian,mung1271,0.9209072177822178,0.9080641548555611,0.01574884632919973,0.8154923007182155
North Efate,Austronesian,nort2836,0.9642857142857143,0.9610178571428571,0.01130811238059851,0.2889834335626046
Yawa,Yawa-Saweru,nucl1454,0.9407738095238095,0.9349957341269842,0.013358189976177227,0.4325492755477959
Burmese,Sino-Tibetan,nucl1310,0.940625,0.9547562500000001,0.016764544757836407,-0.8429247679627291
Czech,Indo-European,czec1258,0.9206018518518521,0.9127819444444444,0.010957298796008387,0.713671092939108
Old Norse,Indo-European,oldn1244,0.8992101648351649,0.8993491491147743,0.01293023676931532,-0.010748780713680916
West Kewa,Nuclear Trans New Guinea,west2599,0.9744791666666667,0.9509401041666667,0.01591255345215285,1.479276256370738
Cimbala-Cizali,Atlantic-Congo,sans1272,0.9103070175438596,0.9112066801619433,0.00921581337999955,-0.09762161851456268
Sougb,,mani1235,0.911679292929293,0.9098620445526695,0.01358441257568562,0.13377452771686962
Cayuga,,cayu1261,0.9229166666666666,0.9297798611111111,0.007735478698218117,-0.8872359051322123
Shila,Atlantic-Congo,shil1264,0.892361111111111,0.9062251984126984,0.01341288093793106,-1.0336397799804768
Tomini,Austronesian,tomi1243,0.9026960784313726,0.8940598544973546,0.008579577336410987,1.0066024928018986
Tabla,Sentanic,tabl1243,0.9184027777777777,0.9407809027777778,0.013764615018791766,-1.6257719499927177
Kiowa Apache,,kiow1264,0.9320075757575759,0.919479356060606,0.014152273235174345,0.8852443341633578
East Uvean,Austronesian,wall1257,0.917282196969697,0.8950779356060606,0.01733799211762544,1.280670865057322
Portuguese,Indo-European,port1283,0.9125,0.9354625,0.01882663920486075,-1.2196813116847447
Kosarek Yale,Nuclear Trans New Guinea,kosa1249,0.9561011904761905,0.9478928571428571,0.017872032730658738,0.45928370079875214
Zulu,Atlantic-Congo,zulu1248,0.9295634920634921,0.9334180555555556,0.01290068272939442,-0.29878755821820124
Gros Ventre,Algic,gros1243,0.9229166666666666,0.9254885416666667,0.015401211249207255,-0.16699173580470783
Taje,Austronesian,taje1237,0.9149267399267399,0.904840928978429,0.009327161474413306,1.0813376584053684
Albanian,Indo-European,alba1267,0.9477513227513228,0.9248340443121693,0.01210782711954114,1.8927655815440805
'Are'are,Austronesian,area1240,0.9401041666666666,0.9415672743055555,0.013599116592732613,-0.10758843259501077
Duma,Atlantic-Congo,duma1253,,,,
Indonesian,Austronesian,indo1316,0.9420138888888889,0.9308826388888889,0.014235249957016369,0.7819497398086493
Mahasu Pahari,Indo-European,maha1287,0.9677083333333334,0.972994791666667,0.010651996697199668,-0.49628801844478637
Pacoh,Austroasiatic,paco1243,0.9508928571428572,0.9375859375,0.01147433632775981,1.1597114868128686
Paraguayan Guaraní,Tupian,para1311,0.9212693556443554,0.9210301975801974,0.009243488144278639,0.02587314014201483
Vurës,Austronesian,vure1239,0.9676339285714286,0.952034598214286,0.009756052132021752,1.5989388070141342
Udmurt,Uralic,udmu1245,0.9468749999999999,0.9491375,0.018701975998540895,-0.12097652142086877
Tagalog,Austronesian,taga1270,0.9303571428571429,0.9388803571428573,0.014182029972309588,-0.6009869040155766
Mekongga,Austronesian,meko1237,0.9114583333333333,0.955890625,0.02722072472983976,-1.6322964251557712
Kemtuik,Nimboranic,kemt1242,0.9404017857142858,0.9408823495370371,0.013845442157201104,-0.03470917124169679
Emae,Austronesian,emae1237,0.9791666666666667,0.968625,0.010415916639664742,1.0120728718702656
Lenakel,Austronesian,lena1238,0.9404761904761905,0.9464008928571429,0.027134107218983395,-0.2183488969486874
Bungku,Austronesian,bung1269,0.9487847222222223,0.9185451388888889,0.014148110038109795,2.1373585059685807
Whitesands,Austronesian,whit1269,0.9503787878787878,0.9330464962121213,0.018242206993224826,0.9501203266196755
Balinese,Austronesian,bali1278,0.947420634920635,0.9284947916666666,0.012916854103493221,1.465205312557499
Paliyan,Dravidian,pali1274,0.9165178571428572,0.9296466517857143,0.018495394248698775,-0.7098412970451151
Mungiki,Austronesian,mung1270,0.7861111111111112,0.8825749999999999,0.038344651207626965,-2.5157065157943457
Bende,Atlantic-Congo,bend1258,0.9067858067858069,0.9130296398971399,0.01580829613258222,-0.394971922272127
Seneca,,sene1264,0.9732142857142858,0.9685357142857142,0.013761080878287733,0.33998575184261176
Isirawa,Greater Kwerba,isir1237,0.9302248677248678,0.9327353918650795,0.013625605107066901,-0.18425046964773767
Tiale,Austronesian,tial1239,,,,
Brunei-Sabah Malay,Austronesian,saba1263,0.9427083333333334,0.9373722222222223,0.014666892622417707,0.36382015253558775
Iau,Lakes Plain,iauu1242,0.9579861111111111,0.9519010416666667,0.01535589787073598,0.396269205204917
Maba (Indonesia),Austronesian,maba1278,0.9347537878787878,0.9242181453962705,0.009382546677648622,1.1228979555855223
Nogai,Turkic,noga1249,0.9180555555555556,0.9436152777777779,0.015895382256596834,-1.6079967005269447
Tapirapé,Tupian,tapi1254,0.906344696969697,0.9020397727272728,0.021811566083869163,0.1973688741959689
Nguna,Austronesian,ngun1274,0.9524553571428573,0.9452479910714287,0.013115045497337847,0.549549452412626
Amis,Austronesian,amis1246,0.9375,0.937171875,0.016818184157612708,0.01951013242125117
Birhor,Austroasiatic,birh1242,0.9358333333333334,0.9526641666666666,0.01502258001864749,-1.1203690253232912
East Futuna,Austronesian,east2447,0.9272862554112553,0.904633724146224,0.011094195509253592,2.041836313965892
Northern Mansi,Uralic,mans1258,0.9364583333333333,0.9318145833333333,0.015039228715812269,0.3087758081049396
Central Subanen,Austronesian,cent2089,0.9285714285714286,0.9200535714285716,0.01516775875375939,0.5615765177400278
Taumako,Austronesian,taum1237,0.9404491341991342,0.9371926316738818,0.011610286630211459,0.2804842489227276
Serbian-Croatian-Bosnian,Indo-European,sout1528,0.9232762896825396,0.9254105406746033,0.011980782593956725,-0.17813953098023863
Eastern Bolivian Guaraní,Tupian,east2555,0.9197337962962964,0.9337777777777778,0.01391856368828661,-1.009010828703567
Pipil,Uto-Aztecan,pipi1250,,,,
Achuar,Chicham,achu1249,,,,
Hinuq,Nakh-Daghestanian,hinu1240,0.9128099909349908,0.9111157781743718,0.010808682304375799,0.15674554149242578
Jamaican Creole English,Indo-European,jama1262,0.9107143762035067,0.9208953531975271,0.010881289315558788,-0.9356406854712516
Tuyuca,,tuyu1244,0.9322619047619046,0.9381063095238095,0.012546089831252404,-0.4658347613091679
Wathawurrung,Pama-Nyungan,wath1238,0.946875,0.9401560267857144,0.013904169614436244,0.483234411015061
Central Sama,Austronesian,cent2092,0.9375,0.9467947916666667,0.014629282930267622,-0.6353552467999644
Classical Nahuatl,Uto-Aztecan,clas1250,0.9201388888888888,0.9206006944444446,0.018734983377126428,-0.024649370979403645
Kagulu,Atlantic-Congo,kagu1239,0.9260416666666667,0.9133704861111112,0.015461076671912126,0.8195535682566669
Yuracaré,,yura1255,0.959375,0.9453468749999999,0.02161946257679353,0.6488655742561306
Yorta Yorta,Pama-Nyungan,yort1237,0.9434523809523809,0.9378303571428571,0.012768231415870756,0.4403134331146055
Gujarati,Indo-European,guja1252,0.9042844308469308,0.921425615530303,0.009363162670614487,-1.8307045692123256
Bulgarian,Indo-European,bulg1262,0.9321127946127946,0.9193701178451179,0.010791024004034646,1.1808589030023806
Netsilik,Eskimo-Aleut,nets1241,0.9628364389233954,0.9333941511387163,0.013777838384007791,2.136930842421073
Mekeo,Austronesian,meke1243,0.9156249999999999,0.9235781250000002,0.014285719691684243,-0.5567185393277648
Ngalkbun,,ngal1292,0.93125,0.9408527777777778,0.011211061212861109,-0.8565449421292625
Haya,Atlantic-Congo,haya1250,0.9233796296296296,0.9231637979497355,0.011539537425600963,0.01870366826102654
Bena (Tanzania),Atlantic-Congo,bena1262,0.9473856209150326,0.9254963235294117,0.014556446483828563,1.5037528156297486
Cebuano,Austronesian,cebu1242,0.9496527777777777,0.9443446180555556,0.01377470464854542,0.385355610712323
Central Tagbanwa,Austronesian,cent2090,0.943452380952381,0.9304238095238095,0.01444874061785929,0.9017098287768834
Termanu,Austronesian,term1237,0.9310185185185185,0.9256432936507937,0.015139550667951567,0.35504520481598145
Kulisusu,Austronesian,kuli1254,0.9736111111111111,0.9456159722222223,0.012813620302572094,2.184795415177811
Movima,,movi1243,0.8828125,0.9142890625,0.02168466159154539,-1.4515588526533583
Selkup,Uralic,selk1253,0.9145021645021645,0.9238714826839828,0.010715247702807124,-0.8743911892362296
Bit,Austroasiatic,bitt1240,0.9324842171717173,0.9223090321484071,0.011367347630241892,0.8951239422149738
Mbere,Atlantic-Congo,mber1257,0.935978835978836,0.9081010582010582,0.0219187854747142,1.27186690202055
Ngamini-Yarluyandi-Karangura,Pama-Nyungan,ngam1265,0.9340277777777778,0.9292209201388889,0.015822627591954023,0.3037964213562874
Duna,,duna1248,0.939236111111111,0.9370486111111112,0.014328039908635683,0.15267266241221628
Baffin Inuktitut,,baff1241,0.9068181818181819,0.9030460227272726,0.014989587025730984,0.251651969092542
Bali,Atlantic-Congo,bali1275,0.9375,0.9381875,0.018155039761730076,-0.03786827288856552
Finnish,Uralic,finn1318,,,,
Bunganditj,Pama-Nyungan,bung1264,0.9106481481481481,0.9138766203703703,0.010266500400218094,-0.3144666728064063
Wogeo,Austronesian,woge1237,0.984375,0.9761875,0.014451427265152741,0.5665530365808804
Tolowa-Chetco,,tolo1259,1.0,0.9697321428571429,0.019874195770533967,1.5229726773514545
Parakanã,Tupian,para1312,0.9270833333333334,0.9277212301587301,0.029725035877137984,-0.021459917762028307
Yulparija,Pama-Nyungan,yulp1239,0.901438492063492,0.9304942212301587,0.012159017805755045,-2.3896444294138743
Yau (Morobe Province),Nuclear Trans New Guinea,yaum1237,0.96875,0.96915625,0.02041634512927081,-0.01989827255700208
Latin,Indo-European,lati1261,0.9303196803196804,0.9189931663244163,0.01019538601995148,1.110945085659246
Chavacano,Indo-European,chav1241,0.9211309523809524,0.9368494047619047,0.013829545356195568,-1.1365848967631083
Osage,,osag1243,0.9193181818181818,0.9318869318181819,0.008175035837077408,-1.5374550338966444
Thayore,Pama-Nyungan,thay1249,0.951890644078144,0.9138426854395605,0.012218536690343649,3.1139537902810406
Oroko,Atlantic-Congo,orok1266,,,,
Prakaa,Sino-Tibetan,prak1243,0.9722222222222223,0.9792777777777776,0.006943555498659359,-1.0161300729745049
Yir-Yoront,Pama-Nyungan,yiry1245,0.9144345238095237,0.9321135416666667,0.01573143514979561,-1.1238019728525965
Luangiua,Austronesian,onto1237,0.9222222222222222,0.9379234375,0.01303585739591508,-1.2044635654497056
Marwari (India),Indo-European,marw1260,0.9266687016687016,0.9126820665445666,0.01091762811820552,1.2811056552486717
Rapanui,Austronesian,rapa1244,0.8660714285714286,0.8679888392857144,0.011085431138300508,-0.17296672455625442
Tabasco Chontal,,taba1266,0.9040570175438597,0.9163739491959065,0.01301067635607691,-0.9466788132266433
Andalal-Gxdatl,Nakh-Daghestanian,anda1281,0.9107954545454545,0.9212260732323233,0.011226236919671163,-0.9291286796728604
Maquiritari,Cariban,maqu1238,0.9229166666666666,0.9302206944444444,0.013703898992211468,-0.5329890261106737
Ekonda Mongo,Atlantic-Congo,ekon1238,0.9219924812030075,0.9292075501253132,0.014818734659677403,-0.4868883267029758
Copper Inuit,Eskimo-Aleut,copp1244,0.8924851190476191,0.9118645833333334,0.024458904852647116,-0.79232755523872
Old High German (ca. 750-1050),Indo-European,oldh1241,,,,
Yami,Austronesian,yami1254,0.9204545454545454,0.9272700487012987,0.013731505579951214,-0.4963405656481188
Tukang Besi South,Austronesian,tuka1249,0.925,0.9493833333333334,0.02536815589145836,-0.9611787879915764
Turkish,Turkic,nucl1301,0.9385416666666666,0.9435003472222222,0.014704596854998005,-0.33721975545831906
Kalamang,,kara1499,0.9158839577497666,0.9243482546490819,0.010888689998578269,-0.7773475873057687
Serrano,Uto-Aztecan,serr1255,0.9604166666666666,0.9419866666666666,0.01675856008465857,1.0997364873173965
Barí,,bari1297,0.9188797313797314,0.9183440806878307,0.011378374666193741,0.04707620443297828
Sumbwa,Atlantic-Congo,sumb1240,0.9322916666666667,0.9100234375,0.011869801665108417,1.8760405434679446
Tigak,Austronesian,tiga1245,0.925,0.9372125,0.008143929871382705,-1.4995831487834852
Loloda-Laba,North Halmahera,lolo1264,0.8739087301587302,0.8864305555555556,0.016664112970458857,-0.7514246584275677
Totoli,Austronesian,toto1304,0.9474537037037036,0.9443914351851852,0.009780722801851778,0.3130922510081415
Budukh,Nakh-Daghestanian,budu1248,0.9429112554112553,0.9395483886483886,0.012343201713139145,0.2724468773192744
Mundurukú,Tupian,mund1330,0.9127747252747253,0.9303805097680099,0.015890242315384835,-1.1079619897450421
Pinji,Atlantic-Congo,pinj1243,0.9166666666666667,0.9212916666666667,0.017092530086285244,-0.27058603826656485
Bunun,Austronesian,bunu1267,0.9444444444444444,0.9026198863636364,0.017504268813997227,2.3893918977845634
Gupapuyngu,Pama-Nyungan,gupa1247,0.9142586580086579,0.9326712391774892,0.01340640442441114,-1.3734168078134803
Owa,Austronesian,owaa1237,0.9538461538461538,0.9361826923076924,0.014441433830983471,1.2231099588300742
Pagu,,pagu1249,0.9227678571428571,0.927343005952381,0.010710934883389575,-0.4271474767920503
Pendau,Austronesian,pend1242,0.890224358974359,0.9036720187220187,0.010286490169693591,-1.3073127496179082
Umiray Dumaget Agta,Austronesian,umir1236,0.9375,0.937609375,0.02502416312755284,-0.004370775535727701
Spanish,Indo-European,stan1288,0.9333333333333332,0.936025,0.012703777823524809,-0.21187923026191
Central Aymara,,cent2142,0.9183980082417582,0.9318184380723443,0.021954330072013258,-0.61128851513871
Puyuma,Austronesian,puyu1239,0.9232142857142858,0.9201607142857142,0.00892176526300503,0.3422609022491856
Kiai,Austronesian,fort1240,0.9773809523809524,0.9408569444444445,0.016093237259356925,2.2695252265216013
Digo,Atlantic-Congo,digo1243,0.9201073232323234,0.9225489583333333,0.011682797156592956,-0.20899405067835417
Gigatl,Nakh-Daghestanian,giga1238,0.9388888888888888,0.9260840277777777,0.012432597578239163,1.0299425385989758
Ottawa,Algic,otta1242,0.9196428571428572,0.9350982142857145,0.012743409723865357,-1.2128117574304387
Hewa,Sepik,hewa1241,0.9145833333333334,0.94215625,0.014247733653300843,-1.9352493061434133
Puluwatese,Austronesian,pulu1242,0.9458333333333334,0.9412406249999999,0.013010734375290855,0.35299378196942116
Bahonsuai,Austronesian,baho1237,0.9583333333333333,0.9578541666666668,0.013347502237206101,0.035899350916068794
Jurúna,Tupian,juru1256,0.9564625850340136,0.9447885204081633,0.015729954583434028,0.7421550115691256
Andi,Nakh-Daghestanian,andi1255,0.903030303030303,0.9191655303030304,0.011529695633969406,-1.3994495418585862
Wiradhuri,Pama-Nyungan,wira1262,0.9248737373737373,0.9191996933621934,0.010658059680529668,0.5323711990381669
Äiwoo,Austronesian,ayiw1239,0.9565972222222223,0.9367795138888889,0.013119622350516709,1.510539541753875
Chamalal,Nakh-Daghestanian,cham1309,0.9391597985347985,0.9267622386294262,0.0123237388062979,1.0059901544681111
Anuta,Austronesian,anut1237,0.9437500000000001,0.9379553902116402,0.012010790216418375,0.48245033706765045
Kunza,,kunz1244,0.8700396825396824,0.8762648809523809,0.009881737982331945,-0.6299699935202454
Kapingamarangi,Austronesian,kapi1249,0.9523809523809524,0.9382232142857142,0.012291324724287914,1.151848023936936
Māngarongaro,Austronesian,penr1237,0.8975694444444444,0.9232358134920635,0.013013423027787421,-1.9722996011744165
Kala Lagaw Ya,Pama-Nyungan,kala1377,0.9434523809523809,0.9388338293650793,0.011910134772592614,0.3877833186178337
Chokwe,Atlantic-Congo,chok1245,0.9245936355311356,0.9194123340201465,0.01181636008438314,0.43848541124240287
Bannoni,Austronesian,bann1247,0.9523809523809524,0.9412380952380952,0.010809130473229654,1.0308745158044026
Big Nambas,Austronesian,bign1238,0.9048534798534799,0.921558121838479,0.013791651207794024,-1.2112140695349713
Mi'kmaq,Algic,mikm1235,0.908522206959707,0.8851670730311355,0.020565536429037738,1.135644285728182
Lengua,,leng1262,0.9449404761904763,0.9448613095238095,0.013458540138151199,0.005882262552557677
Polish,Indo-European,poli1260,0.9180737842771945,0.909658307147323,0.0086843303727895,0.9690415689665226
Umbu-Ungu,Nuclear Trans New Guinea,umbu1258,0.951388888888889,0.9413368055555555,0.02065781824793365,0.48659946624997
Bafia,Atlantic-Congo,bafi1243,0.9458333333333334,0.9289958333333332,0.01937357476836831,0.8690961890776684
Lonwolwol,Austronesian,lonw1238,0.98125,0.9523375,0.014652383551832094,1.973228444213424
Yansi,Atlantic-Congo,yans1239,0.8990909090909092,0.9224681818181818,0.021036445646889716,-1.1112748379491102
Yombe,Atlantic-Congo,yomb1244,0.9243749999999998,0.9231941666666666,0.01035044319367801,0.11408529192783094
Lake Miwok,,lake1258,,,,
Blagar,,blag1240,0.9308333333333334,0.9295629166666668,0.014228758528797712,0.08928513784919462
Lardil,,lard1243,0.9643353174603174,0.9381760416666667,0.011525814759128183,2.26962486733818
Mortlockese,Austronesian,mort1237,0.896288029100529,0.9045052941849817,0.009112577166603937,-0.9017498490512262
Arikara,,arik1262,0.9209325396825396,0.9309575396825395,0.009120937705610628,-1.0991194462202158
Karenic,Sino-Tibetan,kare1337,0.9071450455182073,0.888534331232493,0.010618617305569629,1.752649497590675
Tadyawan,Austronesian,tady1237,0.9253472222222223,0.9266770833333333,0.011873685660694468,-0.11200070046600982
Iowa-Oto,,iowa1245,0.8893765956265957,0.8988831508769011,0.013367736501312705,-0.7111566905415795
Ngarinman,Pama-Nyungan,ngar1235,0.9270833333333333,0.9282473958333334,0.012982486600654083,-0.08966406327286103
Lamaholot,Austronesian,lama1277,,,,
Early Irish,Indo-European,oldi1245,0.9235110345307714,0.9087071324143692,0.012324215787197024,1.2012043907719667
Mota,Austronesian,mota1237,0.9456158424908425,0.9325152243589744,0.015386667541195049,0.8514266066250912
Ibaloi,Austronesian,ibal1244,0.9602272727272728,0.9320369949494948,0.009633397125569768,2.926307034820879
Kawaiisu,Uto-Aztecan,kawa1283,0.9427083333333334,0.9426927083333334,0.010226109894173257,0.001527951504693546
Pintupi-Luritja,Pama-Nyungan,pint1250,0.9171006944444444,0.9376822916666665,0.012858138661634558,-1.6006669210709614
Seke (Vanuatu),Austronesian,seke1241,0.9656250000000001,0.9555229166666667,0.012367825326168357,0.8168035258356208
Kuot,,kuot1243,0.8965277777777777,0.9311295634920636,0.018130655075390245,-1.9084685892708197
Puinave,,puin1248,0.9512896825396825,0.9444937996031746,0.010406113852829883,0.6530663639298738
Lower Grand Valley Dani,Nuclear Trans New Guinea,lowe1415,0.9416666666666667,0.9500875,0.015692664046015613,-0.5366095462593798
Bukusu,Atlantic-Congo,buku1249,0.9723710317460318,0.9462430307539682,0.01327608465293392,1.9680501951521892
Kariyarra,Pama-Nyungan,kari1304,0.910689484126984,0.9335664682539682,0.01344422335675338,-1.7016218430715402
North Marquesan,Austronesian,nort2845,0.9118119975262833,0.9378993506493507,0.014883077064425047,-1.7528198644770785
Ganda,Atlantic-Congo,gand1255,0.9318877551020408,0.932315837585034,0.014482277424913119,-0.029559058318879387
Phende,Atlantic-Congo,phen1239,0.9632936507936507,0.9538303571428571,0.012549089447732186,0.7541020159437729
Teko,Tupian,emer1243,0.9293650793650794,0.9341767857142858,0.02844464125031011,-0.1691603809260171
Mongolian,,mong1331,0.9479166666666667,0.9189583333333334,0.026017488776248616,1.1130333746802417
Biak,Austronesian,biak1248,0.9359375,0.9370359374999999,0.02041828171094093,-0.053796764857610486
Chipewyan,,chip1261,0.9369212962962964,0.9338687996031746,0.012801139350369545,0.23845507884684325
Northwest Sahaptin,,yaki1237,0.90625,0.92609375,0.01462503338671403,-1.3568345093849092
Nganasan,Uralic,ngan1291,0.975,0.940625,0.023723303709409622,1.4489971726140916
Northern Kurdish,Indo-European,nort2641,0.9298363095238095,0.9385345734126985,0.012813840065495286,-0.6788178910014239
Northern Gondi,Dravidian,nort2702,0.9140625,0.9216354166666667,0.01892703173722558,-0.40011116226810867
Nahavaq,Austronesian,sout2857,0.89375,0.9135604166666667,0.01970264177418715,-1.0054700731868687
Ute-Southern Paiute,Uto-Aztecan,utes1238,0.944207702020202,0.9424829545454545,0.01303496021228853,0.13231704943153627
MokshaMordvin,Uralic,moks1248,0.9279761904761905,0.934369642857143,0.020643496644883685,-0.3097078218353585
Ingrian,Uralic,ingr1248,0.9306382275132274,0.9221744378306878,0.012015531382848067,0.7044041093864215
Highland Puebla Nahuatl,Uto-Aztecan,high1278,0.9057291666666667,0.8959461896929825,0.013871843776504685,0.7052398463608763
Nama (Papua New Guinea),,nama1266,0.9565972222222223,0.9515319444444444,0.01168128143800802,0.43362346885134595
Belarusian,Indo-European,bela1254,0.9129464285714285,0.9035604497354498,0.0084271321283171,1.1137809035222845
Western Farsi,Indo-European,west2369,0.9349671162171163,0.9235685510669884,0.008885368339786948,1.2828466659156124
Kazym Khanty,Uralic,nort2672,0.94375,0.9226705357142857,0.021957840935291004,0.9599971303114331
Chemehuevi,Uto-Aztecan,chem1251,0.9083333333333333,0.9372208333333333,0.019613678174370482,-1.47282420682051
Tombulu,Austronesian,tomb1243,0.9319365530303031,0.9186868686868686,0.007268817505728746,1.8228115278712278
Hittite,Indo-European,hitt1242,0.9187499999999998,0.9063088804713805,0.014991327908176534,0.8298877594314887
Gurindji,Pama-Nyungan,guri1247,0.9436631944444445,0.9339875,0.016037489005527972,0.6033172924458045
Marra,Other,mara1385,0.9019764957264957,0.9008842592592593,0.009683414577740256,0.11279455800097812
Biri,Pama-Nyungan,biri1256,0.95375,0.9441365277777778,0.01426099851097716,0.6741093349685431
Bengali,Indo-European,beng1280,0.9345473970473971,0.924134031419969,0.009365687866378671,1.111863407792015
Tikopia,Austronesian,tiko1237,0.925793650793651,0.9274242063492064,0.012645241445078607,-0.12894617810481296
Karitiâna,Tupian,kari1311,0.9159970238095237,0.9257165922619048,0.027014561924711036,-0.35978997103374477
Karok,,karo1304,0.9505208333333334,0.9424598214285714,0.01528690955380014,0.5273146855741073
Livonian,Uralic,livv1244,,,,
Warrongo,Pama-Nyungan,waru1264,0.9231150793650793,0.9187517857142857,0.013790665887914402,0.31639470394373015
Mwotlap,Austronesian,motl1237,0.9444444444444443,0.9401291666666666,0.013919414440975227,0.31001862873445696
Cotabato Manobo,Austronesian,cota1241,0.9375,0.94140625,0.00827535167304085,-0.4720343200308506
Minangkabau,Austronesian,mina1268,0.9416666666666668,0.9217138888888889,0.01841134727099932,1.0837217659354286
Dutch,Indo-European,dutc1256,0.9524305555555556,0.94410625,0.013266158019254149,0.6274842756639749
Makonde,Atlantic-Congo,mako1251,0.9213541666666667,0.9189621212121213,0.011282457593985365,0.21201457524826867
Narrinyeri,Pama-Nyungan,narr1259,0.9264880952380953,0.9212101190476192,0.017479826311407803,0.30194671825952574
Dhuwal-Dhuwala,Pama-Nyungan,dhuw1248,0.9237499999999998,0.9205518750000001,0.01413053572541228,0.22632722935254518
Bushoong,Atlantic-Congo,bush1247,0.9529356060606059,0.937843529040404,0.013061571460982498,1.1554564521799617
Turung,Tai-Kadai,turu1249,0.9479166666666666,0.9281093749999999,0.02019980154412106,0.9805686270433399
Modern Ossetic,Indo-European,osse1243,0.898269459298871,0.9095133222986164,0.007798344987767293,-1.4418268257409463
Duala,Atlantic-Congo,dual1243,0.9206845238095237,0.911282693452381,0.010714805462250954,0.8774616011710192
Mori Bawah,Austronesian,mori1268,0.9444444444444445,0.9308152777777777,0.014591005323232282,0.9340800283970833
Yabem,Austronesian,yabe1254,0.9191550925925926,0.9220751500814002,0.01155203999404221,-0.25277418450018363
Latvian,Indo-European,latv1249,0.9076554232804233,0.9177326058201059,0.010438292512965294,-0.9654052640473364
Ampibabo,Austronesian,ampi1237,0.9158730158730158,0.9054508547008547,0.008718765918936286,1.1953711418636912
Plains Cree,Algic,plai1258,0.9242424242424242,0.9171483585858584,0.01165077789497247,0.6088920173842647
Okanagan,Salishan,okan1243,0.9172348484848485,0.9038802556818182,0.007463646001866713,1.7892853974706497
Iraya,Austronesian,iray1237,0.9400793650793652,0.9487498015873016,0.0123390660497884,-0.7026817485983963
Songoora,Atlantic-Congo,song1300,0.9761904761904763,0.962952380952381,0.01014438471245327,1.3049677839843905
Ding,Atlantic-Congo,ding1239,0.9469381313131313,0.9312114583333334,0.01240377875555693,1.2678937031791468
Marshallese,Austronesian,mars1254,0.96875,0.976515625,0.007812359373734352,-0.9940178924830982
Pashto,Indo-European,pash1269,0.9159128929349518,0.9224602719907407,0.00997594919448052,-0.656316399386974
Merei,Austronesian,mere1242,,,,
Urak Lawoi',Austronesian,urak1238,0.9635416666666666,0.9613072916666666,0.012492357689845503,0.1788593518912957
South Tuvaluan,Austronesian,sout2865,0.9174488705738706,0.9282412450396825,0.011617700913718793,-0.9289595717744579
Quechan,,quec1382,0.9215367965367964,0.9169412157287159,0.014577634641580775,0.31524873006298626
Trinitario,Arawakan,trin1274,0.984375,0.945875,0.024229856324377987,1.5889487533306008
Auslan,,aust1271,0.9320054945054945,0.9272870879120879,0.009152775791352387,0.5155164619966542
Luba-Katanga,Atlantic-Congo,luba1250,0.93125,0.9177687499999999,0.009047799139615847,1.4900032363641198
Swedish,Indo-European,swed1254,0.9020833333333332,0.9250098958333333,0.012573925103730598,-1.8233417418080429
Kalam,Nuclear Trans New Guinea,kala1397,0.910689484126984,0.9439964037698412,0.013667346937485484,-2.4369703787577186
Cupeño,Uto-Aztecan,cupe1243,0.9670833333333333,0.944181875,0.014760271363375613,1.551560792449813
Wipi,,wipi1242,0.9613095238095238,0.9590677083333333,0.013473032812970754,0.16639278678459626
Huarijio,Uto-Aztecan,huar1255,0.9375,0.9570249999999999,0.013063283469327298,-1.4946471953888754
Gunya,Pama-Nyungan,guny1241,0.9375,0.9434895833333332,0.0157024987782819,-0.3814414137460337
Hiw,Austronesian,hiww1237,0.9246031746031746,0.9415734126984125,0.016636368317254575,-1.0200686695327037
Motu,Austronesian,motu1246,0.9345238095238095,0.9443035714285716,0.006359377393975174,-1.5378489589291104
Toba,,toba1269,0.9392113095238095,0.9418009672619048,0.012015995834883358,-0.21551752960643505
Lahnda,Indo-European,lahn1241,0.9414583333333333,0.9388650297619048,0.01456840619596625,0.1780087359279253
Waru,Austronesian,waru1266,0.984375,0.9816302083333331,0.013796943815104604,0.19894200508825127
Ayoreo,,ayor1240,0.9418485449735451,0.9207250578703704,0.012038430619308151,1.7546711669621813
Kazym-Berezover-Suryskarer Khanty,Uralic,khan1273,0.9604166666666667,0.9379413194444444,0.014224892085927709,1.5800012461575415
Naasioi,South Bougainville,naas1242,0.984375,0.9765989583333333,0.011425083148782652,0.6806113850904637
Nuclear Woleaian,Austronesian,nucl1479,0.9205357142857143,0.9389312500000001,0.015656890695269682,-1.1749162763104355
Frisian,Indo-European,fris1239,0.9367559523809524,0.945193998015873,0.013835767946891734,-0.6098718674171035
Oto,,otoo1241,0.9173982267732268,0.903738604104229,0.008002192443472105,1.7069850251028147
Kaonde,Atlantic-Congo,kaon1241,0.9291666666666667,0.9408666666666666,0.012320683264783285,-0.9496226587889426
Puelche,,puel1244,0.9150523088023088,0.9219217081529583,0.010303611808524205,-0.6666981907224397
Movono,Austronesian,tang1347,0.9419642857142857,0.9275189732142858,0.01602819049597226,0.9012441238223301
Dobu,Austronesian,dobu1241,0.913003663003663,0.9304578754578754,0.015227877667681893,-1.1462012524079748
Italian,Indo-European,ital1282,0.908358134920635,0.9294300595238096,0.01374542265631624,-1.533013944354178
Japanesic,,japa1256,0.9210069444444444,0.9411085069444444,0.009600017517764592,-2.0939089395204236
Aché,Tupian,ache1246,0.9583333333333334,0.9421559027777778,0.015503228111024538,1.0434878748930725
Kélé,Atlantic-Congo,kele1257,,,,
Lipan Apache,,lipa1241,0.9288194444444443,0.9267523974867724,0.011400709804428078,0.18130861965007253
Talise,Austronesian,tali1259,0.9121685606060607,0.9143932291666668,0.011151677425746798,-0.19949183209602409
Slaveyic,,hare1243,0.901098836663852,0.9067985739750446,0.013923302570229858,-0.4093667635564755
Algonquin,Algic,algo1255,0.8972222222222221,0.9138256944444445,0.01578157229838348,-1.0520797236358426
Malayalam,Dravidian,mala1464,0.9068655303030303,0.9287543087121213,0.015500390857204904,-1.4121436427467002
Kartujarra,Pama-Nyungan,kart1247,0.91375,0.9348233333333333,0.01394461218635276,-1.511216880879436
Bandjalangic,Pama-Nyungan,band1339,0.9295634920634921,0.9325953373015873,0.010977220993394807,-0.276194242597421
Aguaruna,,agua1253,0.941735347985348,0.9165260531135532,0.009717767483849784,2.594144685360171
Sogeram,Nuclear Trans New Guinea,soge1235,0.90625,0.9406362500000001,0.016546804780304267,-2.078120244757475
Kwere,Atlantic-Congo,kwer1261,0.9314102564102563,0.9208698717948718,0.01581467226635368,0.6664940276890597
Langi,Atlantic-Congo,lang1320,0.9237590061453698,0.9201805997033271,0.012169358908567398,0.29405053042879775
Kuanua,Austronesian,kuan1248,0.9199404761904763,0.934498015873016,0.0117113624253392,-1.2430269983825613
Lamogai,Austronesian,lamo1244,0.9385416666666666,0.9284864583333333,0.013279537920694104,0.7571956489287027
Njebi,Atlantic-Congo,njeb1242,0.8723809523809525,0.9054371428571428,0.025007931966168042,-1.3218282311752283
Sosva Mansi,Uralic,nort2677,0.921875,0.897296875,0.02727299327373831,0.9011891270353063
Southern Tepehuan,Uto-Aztecan,sout2975,0.9482142857142857,0.9122580357142858,0.026471476078204038,1.3583016637899314
Eastern Mari,Uralic,east2328,0.9211309523809523,0.9475684523809523,0.021305722384726465,-1.2408638168942059
Sateré-Mawé,Tupian,sate1243,0.9333333333333333,0.9448156249999999,0.02108464234963811,-0.5445808127195322
Balochic,Indo-European,balo1260,0.9533730158730158,0.9263878968253969,0.014711204423174732,1.8343242518681162
Hehe,Atlantic-Congo,hehe1240,0.8990056818181817,0.9096280421401515,0.013442735826182477,-0.7901933400551179
Nunamiut,Eskimo-Aleut,nort2944,0.9334160052910052,0.928899578373016,0.01320443580674097,0.3420386136970416
Waimaha,,waim1255,0.9420138888888889,0.9274536515567765,0.011873141511533094,1.2263171729208477
Siona-Tetete,,sion1247,0.9430555555555555,0.9354231481481481,0.014115237409487672,0.5407211502002272
Cahuilla,Uto-Aztecan,cahu1264,0.9507002801120448,0.957804761904762,0.015384816459795315,-0.46178528104532207
Lisu,Sino-Tibetan,lisu1250,0.9125,0.92990625,0.0178598876238766,-0.9746001971888069
South Slavey,,sout2959,0.9283549783549784,0.9265171446608947,0.012866603746995673,0.1428375140963493
Wiwirano,Austronesian,wiwi1237,0.96875,0.97421875,0.01595612677847709,-0.34273668515699646
Lingua Geral Paulista,Tupian,tupi1274,0.9300595238095237,0.9342050347222223,0.012061834500709972,-0.3436882600614805
Tundra Nenets,Uralic,nene1249,0.9270089285714286,0.9454400297619048,0.014312433973937708,-1.287768469293091
Angaité,,anga1316,0.9285714285714286,0.9273928571428571,0.02106570745577385,0.055947393698778505
Alamblak,Sepik,alam1246,0.9446428571428571,0.95245625,0.010273717233038809,-0.7605224749632129
Bau-Jagoi Bidayuh,Austronesian,baub1235,,,,
Koya,Dravidian,koya1251,0.9625,0.9402103896103895,0.015488884337917811,1.4390713948998952
Yinhawangka,Pama-Nyungan,yinh1234,0.9375,0.9238796875000002,0.014296227017419434,0.9527207761463207
Umbundu,Atlantic-Congo,umbu1257,0.9170386904761905,0.9245946800595238,0.015139764048868397,-0.4990823872118489
Dharumbal,Pama-Nyungan,dhar1248,0.925,0.9263135416666668,0.011589419629663523,-0.11333972784147839
Northern Emberá,,nort2972,0.9310641564318036,0.9205571070575665,0.0113184527382306,0.9283114589282307
Skolt Saami,Uralic,skol1241,,,,
Manange,Sino-Tibetan,mana1288,0.9257154882154883,0.9249627775773608,0.011435954347692056,0.06581966097822424
Pangasinan,Austronesian,pang1290,0.9244444444444444,0.9289730555555555,0.011503467308078247,-0.39367357596008845
Chihuahua Pima Bajo,Uto-Aztecan,chih1238,,,,
North Muyu,Nuclear Trans New Guinea,nort2916,0.9416666666666667,0.9516916666666666,0.014168605259516525,-0.7075502363414727
Javanese,Austronesian,java1254,0.9174679487179488,0.9175406282375034,0.008807554963926776,-0.008251951858632783
Qawasqar,,qawa1238,0.9403645833333334,0.9319562499999999,0.012411635641733296,0.6774557017337024
Slave,,slav1253,0.9496527777777777,0.9517248263888889,0.011385806312109857,-0.18198523269339256
Old Aramaic-Sam'alian,Afro-Asiatic,olda1245,0.8876602564102565,0.9064701923076923,0.012249938702398664,-1.5355126547492577
Chepang,Sino-Tibetan,chep1245,0.9468749999999999,0.9564609375,0.012392188879082035,-0.7735467554227781
Tonga (Tonga Islands),Austronesian,tong1325,0.9216645622895623,0.9190623526936027,0.011812488443052802,0.22029309137567885
Anambé,Tupian,anam1249,0.8583333333333334,0.8583333333333336,2.220446049250313e-16,-1.0
Aniwa,Austronesian,aniw1237,0.9061262293992558,0.9181359632509305,0.010859862341699862,-1.105882696648883
Rakahanga-Manihiki,Austronesian,raka1237,0.9208333333333334,0.9260583333333334,0.014054771950598606,-0.3717598562513494
Galibi Carib,Cariban,gali1262,0.9518518518518518,0.9454981481481481,0.01583687240547382,0.4011968740436158
Limilngan-Wulna,,limi1242,0.9247619047619049,0.9155560714285714,0.014750356830592887,0.6241091953952034
Mangei,Austronesian,mang1407,0.9427083333333334,0.9439895833333333,0.017982696882080224,-0.07124904614705858
Ojibwa,Algic,ojib1241,0.9066142191142192,0.9002577578671329,0.018221601836818604,0.3488420669055809
Suundi,Atlantic-Congo,suun1239,0.9291666666666668,0.9327970238095239,0.019667005349542528,-0.1845912521166591
Pampanga,Austronesian,pamp1243,0.9253267973856208,0.9314882650029708,0.012421718948073632,-0.4960237502640848
Páez,,paez1247,0.9090909090909091,0.9178465909090907,0.008755014427989113,-1.000076229479463
Mbuun,Atlantic-Congo,mpuo1241,0.9315972222222223,0.9381149305555556,0.01493468353384095,-0.4364142245508346
Chamorro,Austronesian,cham1312,0.9354166666666668,0.9362888888888887,0.013616893329633499,-0.06405442130649466
Sangu (Tanzania),Atlantic-Congo,sang1330,0.8868055555555556,0.9258843750000001,0.017158005666284514,-2.2775851811982064
Vera'a,Austronesian,vera1241,0.975,0.9625750000000001,0.016629999248346353,0.747143749945474
Batanga,Atlantic-Congo,bata1285,0.8818587093838642,0.9044860636350913,0.006409992673985276,-3.530012497995416
Watam,Lower Sepik-Ramu,wata1253,0.9333333333333333,0.9427249999999999,0.016491519285176014,-0.5694846244462515
Buin,,buin1247,0.9507440476190476,0.943139955357143,0.01636585955476944,0.46463140151343807
Iban,Austronesian,iban1264,0.9229497354497355,0.9275046296296295,0.01026638957212265,-0.4436704985618735
Kalaallisut,,kala1399,0.8896076146076146,0.9022558760683762,0.01586120481747888,-0.7974338397561918
Basque,,basq1248,0.8888991013071896,0.9005642293028322,0.009117225854197854,-1.2794602417654903
Warlmanpa,Pama-Nyungan,warl1255,0.9342137896825397,0.9420210813492063,0.01272291014596728,-0.6136403996487584
Bannock,Uto-Aztecan,bann1248,0.9156746031746033,0.9182234126984127,0.013728051557500133,-0.18566433212562625
Meadow Mari,Uralic,gras1239,0.95,0.962675,0.008060358242658954,-1.572510751807324
Umpila,Pama-Nyungan,umpi1239,0.9454365079365079,0.9410053571428572,0.017411792928872127,0.2544913560454216
Foi,East Kutubu,foii1241,0.9375,0.961109375,0.02179605733233364,-1.0831947558229449
Kuman,Nuclear Trans New Guinea,kuma1280,0.9138184731934731,0.902798921911422,0.012172979677946033,0.9052468313912825
Rotokas,,roto1249,0.9163690476190475,0.9165618799603175,0.013260487796622068,-0.014541873890876763
Tajik,Indo-European,taji1245,0.9249999999999999,0.9373250000000001,0.012498774939969077,-0.9860966422066508
Neme,,neme1244,0.9583333333333333,0.9583333333333335,2.220446049250313e-16,-1.0
Kwasio,Atlantic-Congo,kwas1243,0.950094696969697,0.9434088068181818,0.01330030835997314,0.5026868528579445
Pitta Pitta,Pama-Nyungan,pitt1247,0.923611111111111,0.9411003472222224,0.012120894878882935,-1.4428997434489026
Cubeo,,cube1242,0.9366319444444444,0.9304578993055557,0.01393141530186602,0.44317429386099616
Wang-The,Sino-Tibetan,wang1287,0.8854166666666667,0.9217239583333334,0.02412203977142844,-1.505150145290415
Oneida,,onei1249,0.9510416666666667,0.9543791666666667,0.006297422863538877,-0.5299787027680183
Judeo-Tat,Indo-European,jude1256,0.8965277777777777,0.9170489583333333,0.009542717872053517,-2.150454496370816
Torres Strait Creole,Indo-European,torr1261,0.8989583333333333,0.9222427083333334,0.011173077635346763,-2.0839714678378756
Madak linkage,Austronesian,mada1284,0.9303418803418803,0.9368346153846153,0.016134647790999837,-0.4024094685448799
Varisi,Austronesian,vari1239,0.9635416666666667,0.957515625,0.015073470064420669,0.3997779967660262
Suku,Atlantic-Congo,suku1259,0.911338141025641,0.9200141186938061,0.012569352233502055,-0.6902485909369565
Kamba (Kenya),Atlantic-Congo,kamb1297,0.9208829365079364,0.9368391617063492,0.011972042923545296,-1.3327905103841409
To'abaita,Austronesian,toab1237,0.921957671957672,0.9212172619047619,0.011435727770987305,0.06474533739675678
North Azerbaijani,Turkic,nort2697,0.908581349206349,0.9188736607142858,0.012773099853462519,-0.805780243324937
Tübatulabal,Uto-Aztecan,tuba1278,0.9613095238095238,0.9420922619047619,0.011261706163933995,1.7064254407831974
Kutenai,,kute1249,0.9476686507936508,0.9332811259920634,0.013934145900122994,1.0325372580934762
Jehai,Austroasiatic,jeha1242,,,,
Nimboran,Nimboranic,nucl1633,0.93651279956427,0.9310730440787427,0.012119770160075139,0.44883322156115923
Telugu,Dravidian,telu1262,0.9163690476190477,0.9275900297619049,0.013580163404552705,-0.8262774024571283
Car Nicobarese,Austroasiatic,carn1240,,,,
Bardic,,bard1254,0.975,0.9559999999999998,0.011508149286483894,1.6510039561543812
Bera,Atlantic-Congo,bera1259,0.9362599206349206,0.9426044146825397,0.013295893480035155,-0.4771769612283619
Cree,Algic,cree1272,0.9221906565656566,0.931409090909091,0.011173004625273916,-0.8250631457344798
Yelmek,,yelm1242,0.9468749999999999,0.9515062499999999,0.012219379779166404,-0.37900859812018345
Doutai,Lakes Plain,dout1240,0.9652777777777777,0.9434704861111111,0.01674211429548671,1.3025410818360834
Kuuku-Ya'u,Pama-Nyungan,kuuk1238,0.9214285714285715,0.9230905612244898,0.01785932525840333,-0.09306005528603872
Sinitic,Sino-Tibetan,sini1245,0.9254464285714286,0.9184406250000001,0.00852858105501961,0.8214500778303652
Yele,Yele,yele1255,0.9496031746031747,0.9403439484126984,0.013667855388391178,0.6774454314420534
Karadjeri,Pama-Nyungan,kara1476,0.9241071428571429,0.9321238425925926,0.013329049547812059,-0.6014457149921575
Wari',,wari1268,,,,
Carolinian,Austronesian,caro1242,,,,
Afrikaans,Indo-European,afri1274,0.9371527777777778,0.9441065972222222,0.012499326134421089,-0.5563355471855976
Lelepa,Austronesian,lele1267,0.943923611111111,0.9422841435185185,0.011488808772916389,0.14270126912176886
Atayal,Austronesian,atay1247,0.9206349206349206,0.9336775793650794,0.01417191053713468,-0.9203176026255009
Bali (Democratic Republic of Congo),Atlantic-Congo,bali1274,0.875,0.875,0.0,
Tamil,Dravidian,tami1289,0.9491402116402116,0.9316410631613757,0.012472038325274305,1.40307045427965
Farafi,Austronesian,butm1237,0.9208333333333332,0.929375,0.015859900955974907,-0.5385699879449043
Mosetén-Chimané,,mose1249,0.9347470238095238,0.9058253348214285,0.01779575979476044,1.6252011333964325
Dyirbal,Pama-Nyungan,dyir1250,0.9221056721056721,0.9165459644522146,0.009359693608619098,0.5940053046541705
Tolaki,Austronesian,tola1247,0.9565972222222222,0.9484513888888889,0.012593106181656261,0.646848618270123
Riuk Bekati',Austronesian,beka1241,0.9375,0.9688333333333332,0.014701662793333592,-2.1312781944326176
Sibe,South Bougainville,sibe1248,0.9796875,0.9350031249999999,0.02182384621628083,2.0475022852142843
Ida'an,Austronesian,idaa1241,0.9631944444444445,0.9454861111111111,0.013741421987579775,1.288682739627606
Ossetic,Indo-European,osse1245,0.9583333333333334,0.9554739583333333,0.011507469221043527,0.2484799172672315
Dzongkha,Sino-Tibetan,dzon1239,0.9875,0.9631031250000001,0.019659640754840228,1.2409624013090597
Ulawa,Austronesian,ulaw1237,0.909375,0.9453244791666667,0.015522165691904179,-2.316009239961707
Routa,Austronesian,rout1237,0.9583333333333334,0.9688125,0.00791916079132689,-1.3232673186966275
Alangan,Austronesian,alan1249,0.9003472222222223,0.9333814236111111,0.013347637580568516,-2.4749099748542744
Vaeakau-Taumako,Austronesian,pile1238,0.9449404761904763,0.9323537202380954,0.011812311794195602,1.0655624548080291
Bacanese Malay,Austronesian,baca1243,0.9221230158730158,0.9177897619047619,0.010675918134326149,0.40589052049034025
Sanskrit,Indo-European,sans1269,0.9127585377585378,0.9215372760341511,0.011988356867315999,-0.7322720179899677
Moni,Nuclear Trans New Guinea,moni1261,0.9281250000000001,0.9435875000000001,0.015530675850107456,-0.9956102457635841
Southern Cook Island Maori,Austronesian,raro1241,0.8917038690476191,0.9201363839285713,0.014331487813240801,-1.983919272825501
Sundanese,Austronesian,sund1252,0.9320707070707069,0.926754271885522,0.011724905249676586,0.45343097210373046
Hungarian,Uralic,hung1274,0.9037698412698413,0.9092551835317461,0.00846089654792881,-0.6483169048140137
Western Canadian Inuktitut,,west2618,0.9285714285714286,0.9285714285714288,2.220446049250313e-16,-1.0
