random_id,condition,block,system,selectee,chosen_term,gen1,gen1_term,gen2,gen2_term,correct
1mxy428t9t,mfgb,5,0,z,hyonăo,mbs,goozăi,z,hyonăo,1
1mxy428t9t,mfgb,5,0,mbd,goozăi,mbs,goozăi,z,hyonăo,0
1mxy428t9t,mfgb,5,0,mzs,goozăi,mbs,goozăi,z,hyonăo,0
1mxy428t9t,mfgb,5,0,fzs,goozăi,mbs,goozăi,z,hyonăo,0
1mxy428t9t,mfgb,5,0,mzd,goozăi,mbs,goozăi,z,hyonăo,1
1mxy428t9t,mfgb,5,0,fbd,goozăi,mbs,goozăi,z,hyonăo,1
1mxy428t9t,mfgb,5,0,b,goozăi,mbs,goozăi,z,hyonăo,1
1mxy428t9t,mfgb,5,0,fzd,goozăi,mbs,goozăi,z,hyonăo,1
1mxy428t9t,mfgb,5,0,fbs,goozăi,mbs,goozăi,z,hyonăo,1
1mxy428t9t,mfgb,4,1,mbd,øqoç,fbd,orinoçim,mzd,øqoç,1
1mxy428t9t,mfgb,4,1,fzs,orinoçim,fbd,orinoçim,mzd,øqoç,0
1mxy428t9t,mfgb,4,1,mzd,øqoç,fbd,orinoçim,mzd,øqoç,1
1mxy428t9t,mfgb,4,1,mzs,øqoç,fbd,orinoçim,mzd,øqoç,1
1mxy428t9t,mfgb,4,1,mbs,øqoç,fbd,orinoçim,mzd,øqoç,1
1mxy428t9t,mfgb,4,1,fzd,orinoçim,fbd,orinoçim,mzd,øqoç,0
1mxy428t9t,mfgb,4,1,fbs,orinoçim,fbd,orinoçim,mzd,øqoç,0
1mxy428t9t,mfgb,7,2,fbs,ktot,fbs,ktot,fzs,tsåvvses,0
1mxy428t9t,mfgb,7,2,fbd,ktot,fbs,ktot,fzs,tsåvvses,1
1mxy428t9t,mfgb,7,2,mbs,tsåvvses,fbs,ktot,fzs,tsåvvses,1
1mxy428t9t,mfgb,7,2,mbd,ktot,fbs,ktot,fzs,tsåvvses,1
1mxy428t9t,mfgb,7,2,fzd,ktot,fbs,ktot,fzs,tsåvvses,1
1mxy428t9t,mfgb,7,2,mzs,tsåvvses,fbs,ktot,fzs,tsåvvses,1
1mxy428t9t,mfgb,7,2,mzd,ktot,fbs,ktot,fzs,tsåvvses,1
1mxy428t9t,mfgb,8,3,fbs,yaöpe,mbd,šïïnö,fbs,yaöpe,1
1mxy428t9t,mfgb,8,3,fzs,yaöpe,mbd,šïïnö,fbs,yaöpe,0
1mxy428t9t,mfgb,8,3,mzs,yaöpe,mbd,šïïnö,fbs,yaöpe,1
1mxy428t9t,mfgb,8,3,mzd,šïïnö,mbd,šïïnö,fbs,yaöpe,1
1mxy428t9t,mfgb,8,3,fbd,šïïnö,mbd,šïïnö,fbs,yaöpe,1
1mxy428t9t,mfgb,8,3,mbs,yaöpe,mbd,šïïnö,fbs,yaöpe,0
1mxy428t9t,mfgb,8,3,fzd,šïïnö,mbd,šïïnö,fbs,yaöpe,0
1mxy428t9t,mfgb,1,4,fzd,ozatof,fbd,ulywaf,mzs,ilug,0
1mxy428t9t,mfgb,1,4,mbd,ilug,fbd,ulywaf,mzs,ilug,1
1mxy428t9t,mfgb,1,4,mzd,ilug,fbd,ulywaf,mzs,ilug,1
1mxy428t9t,mfgb,1,4,fbs,ulywaf,fbd,ulywaf,mzs,ilug,0
1mxy428t9t,mfgb,1,4,fzs,ulywaf,fbd,ulywaf,mzs,ilug,1
1mxy428t9t,mfgb,1,4,mbs,ilug,fbd,ulywaf,mzs,ilug,1
1mxy428t9t,mfgb,1,4,mzs,ilug,fbd,ulywaf,mzs,ilug,1
1mxy428t9t,mfgb,2,5,mbd,rbāranžā,fzs,nžodo,mzs,rbāranžā,1
1mxy428t9t,mfgb,2,5,mzs,rbāranžā,fzs,nžodo,mzs,rbāranžā,1
1mxy428t9t,mfgb,2,5,fzd,vbāžo,fzs,nžodo,mzs,rbāranžā,0
1mxy428t9t,mfgb,2,5,mbs,rbāranžā,fzs,nžodo,mzs,rbāranžā,0
1mxy428t9t,mfgb,2,5,mzd,rbāranžā,fzs,nžodo,mzs,rbāranžā,0
1mxy428t9t,mfgb,2,5,fbs,nžodo,fzs,nžodo,mzs,rbāranžā,0
1mxy428t9t,mfgb,2,5,fbd,vbāžo,fzs,nžodo,mzs,rbāranžā,1
1mxy428t9t,mfgb,3,6,fbd,popingi,mbd,popingi,mzd,lepego,1
1mxy428t9t,mfgb,3,6,fbs,lepego,mbd,popingi,mzd,lepego,1
1mxy428t9t,mfgb,3,6,fzs,kawuka,mbd,popingi,mzd,lepego,0
1mxy428t9t,mfgb,3,6,mzs,lepego,mbd,popingi,mzd,lepego,0
1mxy428t9t,mfgb,3,6,fzd,pygele,mbd,popingi,mzd,lepego,0
1mxy428t9t,mfgb,3,6,mbd,popingi,mbd,popingi,mzd,lepego,0
1mxy428t9t,mfgb,3,6,mbs,popingi,mbd,popingi,mzd,lepego,1
1mxy428t9t,mfgb,6,7,mbs,morïky,mzs,morïky,fzd,kïmy,1
1mxy428t9t,mfgb,6,7,fbd,kïmy,mzs,morïky,fzd,kïmy,1
1mxy428t9t,mfgb,6,7,mbd,kïmy,mzs,morïky,fzd,kïmy,1
1mxy428t9t,mfgb,6,7,fbs,morïky,mzs,morïky,fzd,kïmy,1
1mxy428t9t,mfgb,6,7,fzs,morïky,mzs,morïky,fzd,kïmy,1
1mxy428t9t,mfgb,6,7,mzd,kïmy,mzs,morïky,fzd,kïmy,0
1mxy428t9t,mfgb,6,7,mzs,morïky,mzs,morïky,fzd,kïmy,0
qe6qdpy4b2,mfbg,1,0,mzs,vrêd,fbs,vrêd,z,rhymsvåd,0
qe6qdpy4b2,mfbg,1,0,mbs,vrêd,fbs,vrêd,z,rhymsvåd,0
qe6qdpy4b2,mfbg,1,0,mbd,vrêd,fbs,vrêd,z,rhymsvåd,0
qe6qdpy4b2,mfbg,1,0,fzd,vrêd,fbs,vrêd,z,rhymsvåd,1
qe6qdpy4b2,mfbg,1,0,fbs,vrêd,fbs,vrêd,z,rhymsvåd,1
qe6qdpy4b2,mfbg,1,0,fzs,vrêd,fbs,vrêd,z,rhymsvåd,1
qe6qdpy4b2,mfbg,1,0,mzd,vrêd,fbs,vrêd,z,rhymsvåd,1
qe6qdpy4b2,mfbg,1,0,b,rhymsvåd,fbs,vrêd,z,rhymsvåd,1
qe6qdpy4b2,mfbg,1,0,fbd,vrêd,fbs,vrêd,z,rhymsvåd,1
qe6qdpy4b2,mfbg,5,1,mbs,aweh,fzd,uquçun,mzd,aweh,1
qe6qdpy4b2,mfbg,5,1,mzd,aweh,fzd,uquçun,mzd,aweh,1
qe6qdpy4b2,mfbg,5,1,fbd,uquçun,fzd,uquçun,mzd,aweh,0
qe6qdpy4b2,mfbg,5,1,mbd,aweh,fzd,uquçun,mzd,aweh,1
qe6qdpy4b2,mfbg,5,1,fbs,uquçun,fzd,uquçun,mzd,aweh,0
qe6qdpy4b2,mfbg,5,1,mzs,aweh,fzd,uquçun,mzd,aweh,1
qe6qdpy4b2,mfbg,5,1,fzs,uquçun,fzd,uquçun,mzd,aweh,0
qe6qdpy4b2,mfbg,6,2,mzs,zuvewu,fbd,zuvewu,fzd,bybï,1
qe6qdpy4b2,mfbg,6,2,fbs,zuvewu,fbd,zuvewu,fzd,bybï,0
qe6qdpy4b2,mfbg,6,2,fbd,zuvewu,fbd,zuvewu,fzd,bybï,1
qe6qdpy4b2,mfbg,6,2,fzs,bybï,fbd,zuvewu,fzd,bybï,1
qe6qdpy4b2,mfbg,6,2,mzd,zuvewu,fbd,zuvewu,fzd,bybï,1
qe6qdpy4b2,mfbg,6,2,mbd,zuvewu,fbd,zuvewu,fzd,bybï,1
qe6qdpy4b2,mfbg,6,2,mbs,zuvewu,fbd,zuvewu,fzd,bybï,1
qe6qdpy4b2,mfbg,2,3,mzd,möïtu,mbd,möïtu,mzs,šïïnö,1
qe6qdpy4b2,mfbg,2,3,fzd,möïtu,mbd,möïtu,mzs,šïïnö,0
qe6qdpy4b2,mfbg,2,3,fzs,šïïnö,mbd,möïtu,mzs,šïïnö,0
qe6qdpy4b2,mfbg,2,3,mbs,šïïnö,mbd,möïtu,mzs,šïïnö,0
qe6qdpy4b2,mfbg,2,3,mzs,šïïnö,mbd,möïtu,mzs,šïïnö,1
qe6qdpy4b2,mfbg,2,3,fbd,möïtu,mbd,möïtu,mzs,šïïnö,1
qe6qdpy4b2,mfbg,2,3,fbs,šïïnö,mbd,möïtu,mzs,šïïnö,1
qe6qdpy4b2,mfbg,3,4,mbd,idanuluf,fbd,egezalat,fzd,idanuluf,1
qe6qdpy4b2,mfbg,3,4,mzd,idanuluf,fbd,egezalat,fzd,idanuluf,1
qe6qdpy4b2,mfbg,3,4,mzs,agivud,fbd,egezalat,fzd,idanuluf,0
qe6qdpy4b2,mfbg,3,4,fzs,agivud,fbd,egezalat,fzd,idanuluf,0
qe6qdpy4b2,mfbg,3,4,fbd,egezalat,fbd,egezalat,fzd,idanuluf,0
qe6qdpy4b2,mfbg,3,4,mbs,agivud,fbd,egezalat,fzd,idanuluf,0
qe6qdpy4b2,mfbg,3,4,fbs,idanuluf,fbd,egezalat,fzd,idanuluf,1
qe6qdpy4b2,mfbg,4,5,mzs,ngcāžo,fzd,pžicā,fbs,ngcāžo,1
qe6qdpy4b2,mfbg,4,5,fzd,pžicā,fzd,pžicā,fbs,ngcāžo,0
qe6qdpy4b2,mfbg,4,5,fzs,ngcāžo,fzd,pžicā,fbs,ngcāžo,1
qe6qdpy4b2,mfbg,4,5,mbs,ngcāžo,fzd,pžicā,fbs,ngcāžo,1
qe6qdpy4b2,mfbg,4,5,fbd,pžicā,fzd,pžicā,fbs,ngcāžo,1
qe6qdpy4b2,mfbg,4,5,mzd,pžicā,fzd,pžicā,fbs,ngcāžo,1
qe6qdpy4b2,mfbg,4,5,mbd,pžicā,fzd,pžicā,fbs,ngcāžo,1
qe6qdpy4b2,mfbg,7,6,fbd,lepego,mbs,goviku,fzd,lepego,1
qe6qdpy4b2,mfbg,7,6,mzd,goviku,mbs,goviku,fzd,lepego,1
qe6qdpy4b2,mfbg,7,6,fbs,lepego,mbs,goviku,fzd,lepego,1
qe6qdpy4b2,mfbg,7,6,fzs,goviku,mbs,goviku,fzd,lepego,1
qe6qdpy4b2,mfbg,7,6,mzs,goviku,mbs,goviku,fzd,lepego,1
qe6qdpy4b2,mfbg,7,6,mbs,goviku,mbs,goviku,fzd,lepego,0
qe6qdpy4b2,mfbg,7,6,fbs,lepego,mbs,goviku,fzd,lepego,1
qe6qdpy4b2,mfbg,7,6,fzs,lepego,mbs,goviku,fzd,lepego,1
qe6qdpy4b2,mfbg,7,6,mzs,goviku,mbs,goviku,fzd,lepego,1
qe6qdpy4b2,mfbg,7,6,mbd,goviku,mbs,goviku,fzd,lepego,0
qe6qdpy4b2,mfbg,8,7,mzs,nyumuo,mzd,nyumuo,fbd,taobyo,0
qe6qdpy4b2,mfbg,8,7,mbd,nyumuo,mzd,nyumuo,fbd,taobyo,1
qe6qdpy4b2,mfbg,8,7,mbs,nyumuo,mzd,nyumuo,fbd,taobyo,1
qe6qdpy4b2,mfbg,8,7,fzs,nyumuo,mzd,nyumuo,fbd,taobyo,1
qe6qdpy4b2,mfbg,8,7,fzs,taobyo,mzd,nyumuo,fbd,taobyo,1
qe6qdpy4b2,mfbg,8,7,fbs,taobyo,mzd,nyumuo,fbd,taobyo,1
qe6qdpy4b2,mfbg,8,7,fzd,taobyo,mzd,nyumuo,fbd,taobyo,1
qe6qdpy4b2,mfbg,8,7,mzd,nyumuo,mzd,nyumuo,fbd,taobyo,0
zmpvzne4pl,fmbg,8,0,mbs,töeqo,fbs,canšuehu,b,töeqo,0
zmpvzne4pl,fmbg,8,0,mbd,canšuehu,fbs,canšuehu,b,töeqo,0
zmpvzne4pl,fmbg,8,0,mzd,canšuehu,fbs,canšuehu,b,töeqo,0
zmpvzne4pl,fmbg,8,0,z,canšuehu,fbs,canšuehu,b,töeqo,1
zmpvzne4pl,fmbg,8,0,fzs,töeqo,fbs,canšuehu,b,töeqo,1
zmpvzne4pl,fmbg,8,0,fzd,canšuehu,fbs,canšuehu,b,töeqo,1
zmpvzne4pl,fmbg,8,0,b,töeqo,fbs,canšuehu,b,töeqo,1
zmpvzne4pl,fmbg,8,0,mzs,töeqo,fbs,canšuehu,b,töeqo,1
zmpvzne4pl,fmbg,8,0,fbd,canšuehu,fbs,canšuehu,b,töeqo,1
zmpvzne4pl,fmbg,4,1,fbd,aweh,fzd,aweh,mbd,içiqusem,0
zmpvzne4pl,fmbg,4,1,mzd,içiqusem,fzd,aweh,mbd,içiqusem,1
zmpvzne4pl,fmbg,4,1,mbs,ømenad,fzd,aweh,mbd,içiqusem,0
zmpvzne4pl,fmbg,4,1,fzs,içiqusem,fzd,aweh,mbd,içiqusem,0
zmpvzne4pl,fmbg,4,1,fzd,aweh,fzd,aweh,mbd,içiqusem,1
zmpvzne4pl,fmbg,4,1,mzs,ømenad,fzd,aweh,mbd,içiqusem,0
zmpvzne4pl,fmbg,4,1,fbs,içiqusem,fzd,aweh,mbd,içiqusem,1
zmpvzne4pl,fmbg,2,2,mzs,pžicā,mbd,nžodo,mzd,cžunge,0
zmpvzne4pl,fmbg,2,2,fbd,cžunge,mbd,nžodo,mzd,cžunge,0
zmpvzne4pl,fmbg,2,2,mbd,nžodo,mbd,nžodo,mzd,cžunge,1
zmpvzne4pl,fmbg,2,2,fzs,pžicā,mbd,nžodo,mzd,cžunge,0
zmpvzne4pl,fmbg,2,2,mbs,pžicā,mbd,nžodo,mzd,cžunge,1
zmpvzne4pl,fmbg,2,2,fzd,cžunge,mbd,nžodo,mzd,cžunge,0
zmpvzne4pl,fmbg,2,2,fbs,pžicā,mbd,nžodo,mzd,cžunge,1
zmpvzne4pl,fmbg,5,3,mbd,wupu,mbs,lepego,mzd,wupu,0
zmpvzne4pl,fmbg,5,3,fbd,wupu,mbs,lepego,mzd,wupu,1
zmpvzne4pl,fmbg,5,3,mzs,lepego,mbs,lepego,mzd,wupu,1
zmpvzne4pl,fmbg,5,3,fzs,lepego,mbs,lepego,mzd,wupu,0
zmpvzne4pl,fmbg,5,3,fbs,lepego,mbs,lepego,mzd,wupu,1
zmpvzne4pl,fmbg,5,3,fzd,wupu,mbs,lepego,mzd,wupu,0
zmpvzne4pl,fmbg,5,3,mzd,wupu,mbs,lepego,mzd,wupu,1
zmpvzne4pl,fmbg,7,4,mbd,etupol,fbd,egezalat,fzs,etupol,1
zmpvzne4pl,fmbg,7,4,fbs,etupol,fbd,egezalat,fzs,etupol,0
zmpvzne4pl,fmbg,7,4,mzs,egezalat,fbd,egezalat,fzs,etupol,1
zmpvzne4pl,fmbg,7,4,mbs,etupol,fbd,egezalat,fzs,etupol,1
zmpvzne4pl,fmbg,7,4,fzs,etupol,fbd,egezalat,fzs,etupol,1
zmpvzne4pl,fmbg,7,4,mzd,etupol,fbd,egezalat,fzs,etupol,1
zmpvzne4pl,fmbg,7,4,fzd,egezalat,fbd,egezalat,fzs,etupol,1
zmpvzne4pl,fmbg,3,5,mbs,lobowaby,fzs,lobowaby,mzs,hïlaki,1
zmpvzne4pl,fmbg,3,5,mbd,hïlaki,fzs,lobowaby,mzs,hïlaki,1
zmpvzne4pl,fmbg,3,5,fbd,hïlaki,fzs,lobowaby,mzs,hïlaki,1
zmpvzne4pl,fmbg,3,5,mzd,hïlaki,fzs,lobowaby,mzs,hïlaki,1
zmpvzne4pl,fmbg,3,5,fzd,lobowaby,fzs,lobowaby,mzs,hïlaki,0
zmpvzne4pl,fmbg,3,5,fbs,lobowaby,fzs,lobowaby,mzs,hïlaki,1
zmpvzne4pl,fmbg,3,5,mzs,hïlaki,fzs,lobowaby,mzs,hïlaki,1
zmpvzne4pl,fmbg,6,6,mzd,gêă,mbd,niuhiê,fbd,gêă,1
zmpvzne4pl,fmbg,6,6,mzs,nyumuo,mbd,niuhiê,fbd,gêă,0
zmpvzne4pl,fmbg,6,6,fzs,nyumuo,mbd,niuhiê,fbd,gêă,0
zmpvzne4pl,fmbg,6,6,mbs,nyumuo,mbd,niuhiê,fbd,gêă,0
zmpvzne4pl,fmbg,6,6,mbd,niuhiê,mbd,niuhiê,fbd,gêă,1
zmpvzne4pl,fmbg,6,6,fbs,nyumuo,mbd,niuhiê,fbd,gêă,0
zmpvzne4pl,fmbg,6,6,fzd,gêă,mbd,niuhiê,fbd,gêă,0
zmpvzne4pl,fmbg,1,7,fzs,kvurddåh,mzs,vrêd,fbd,kvurddåh,1
zmpvzne4pl,fmbg,1,7,mzd,vrêd,mzs,vrêd,fbd,kvurddåh,0
zmpvzne4pl,fmbg,1,7,fbs,kvurddåh,mzs,vrêd,fbd,kvurddåh,1
zmpvzne4pl,fmbg,1,7,mbd,vrêd,mzs,vrêd,fbd,kvurddåh,1
zmpvzne4pl,fmbg,1,7,fbd,kvurddåh,mzs,vrêd,fbd,kvurddåh,1
zmpvzne4pl,fmbg,1,7,fzd,kvurddåh,mzs,vrêd,fbd,kvurddåh,1
zmpvzne4pl,fmbg,1,7,mbs,vrêd,mzs,vrêd,fbd,kvurddåh,1
llelh1mjm8,mfbg,1,0,z,popingi,fbs,lepego,z,popingi,1
llelh1mjm8,mfbg,1,0,mzd,lepego,fbs,lepego,z,popingi,0
llelh1mjm8,mfbg,1,0,mzs,lepego,fbs,lepego,z,popingi,0
llelh1mjm8,mfbg,1,0,fzd,lepego,fbs,lepego,z,popingi,0
llelh1mjm8,mfbg,1,0,fzs,lepego,fbs,lepego,z,popingi,1
llelh1mjm8,mfbg,1,0,mbs,lepego,fbs,lepego,z,popingi,1
llelh1mjm8,mfbg,1,0,fbd,lepego,fbs,lepego,z,popingi,1
llelh1mjm8,mfbg,1,0,mzd,lepego,fbs,lepego,z,popingi,1
llelh1mjm8,mfbg,1,0,mzs,lepego,fbs,lepego,z,popingi,1
llelh1mjm8,mfbg,1,0,fzd,lepego,fbs,lepego,z,popingi,1
llelh1mjm8,mfbg,1,0,fzs,lepego,fbs,lepego,z,popingi,1
llelh1mjm8,mfbg,1,0,mbs,lepego,fbs,lepego,z,popingi,1
llelh1mjm8,mfbg,1,0,fbd,lepego,fbs,lepego,z,popingi,1
llelh1mjm8,mfbg,1,0,mbd,lepego,fbs,lepego,z,popingi,1
llelh1mjm8,mfbg,1,0,b,lepego,fbs,lepego,z,popingi,1
llelh1mjm8,mfbg,1,0,b,popingi,fbs,lepego,z,popingi,1
llelh1mjm8,mfbg,8,1,mzs,agivud,fbs,azuf,mzd,agivud,1
llelh1mjm8,mfbg,8,1,mbd,azuf,fbs,azuf,mzd,agivud,1
llelh1mjm8,mfbg,8,1,mbs,azuf,fbs,azuf,mzd,agivud,1
llelh1mjm8,mfbg,8,1,fzs,agivud,fbs,azuf,mzd,agivud,0
llelh1mjm8,mfbg,8,1,fzd,agivud,fbs,azuf,mzd,agivud,0
llelh1mjm8,mfbg,8,1,fbd,azuf,fbs,azuf,mzd,agivud,0
llelh1mjm8,mfbg,8,1,fbs,azuf,fbs,azuf,mzd,agivud,1
llelh1mjm8,mfbg,7,2,fbs,möïtu,mbd,möïtu,fzs,nuubö,0
llelh1mjm8,mfbg,7,2,mbs,möïtu,mbd,möïtu,fzs,nuubö,0
llelh1mjm8,mfbg,7,2,mzd,nuubö,mbd,möïtu,fzs,nuubö,1
llelh1mjm8,mfbg,7,2,fzd,nuubö,mbd,möïtu,fzs,nuubö,1
llelh1mjm8,mfbg,7,2,mzs,nuubö,mbd,möïtu,fzs,nuubö,1
llelh1mjm8,mfbg,7,2,fbd,möïtu,mbd,möïtu,fzs,nuubö,0
llelh1mjm8,mfbg,7,2,fzs,nuubö,mbd,möïtu,fzs,nuubö,1
llelh1mjm8,mfbg,5,3,mbd,orinoçim,mbs,orinoçim,fbs,øqoç,0
llelh1mjm8,mfbg,5,3,fbs,øqoç,mbs,orinoçim,fbs,øqoç,1
llelh1mjm8,mfbg,5,3,mzs,orinoçim,mbs,orinoçim,fbs,øqoç,1
llelh1mjm8,mfbg,5,3,mzd,orinoçim,mbs,orinoçim,fbs,øqoç,1
llelh1mjm8,mfbg,5,3,fbd,øqoç,mbs,orinoçim,fbs,øqoç,1
llelh1mjm8,mfbg,5,3,fzs,øqoç,mbs,orinoçim,fbs,øqoç,0
llelh1mjm8,mfbg,5,3,fzd,øqoç,mbs,orinoçim,fbs,øqoç,0
llelh1mjm8,mfbg,6,4,fzs,vbāžo,fbs,ngcāžo,fzs,vbāžo,1
llelh1mjm8,mfbg,6,4,mzd,vbāžo,fbs,ngcāžo,fzs,vbāžo,1
llelh1mjm8,mfbg,6,4,fbd,ngcāžo,fbs,ngcāžo,fzs,vbāžo,0
llelh1mjm8,mfbg,6,4,mbs,ngcāžo,fbs,ngcāžo,fzs,vbāžo,1
llelh1mjm8,mfbg,6,4,fzd,vbāžo,fbs,ngcāžo,fzs,vbāžo,1
llelh1mjm8,mfbg,6,4,mzs,vbāžo,fbs,ngcāžo,fzs,vbāžo,1
llelh1mjm8,mfbg,6,4,mbd,ngcāžo,fbs,ngcāžo,fzs,vbāžo,1
llelh1mjm8,mfbg,4,5,fbs,bybï,fzd,bybï,mzs,zuvewu,1
llelh1mjm8,mfbg,4,5,mzd,zuvewu,fzd,bybï,mzs,zuvewu,1
llelh1mjm8,mfbg,4,5,mbs,zuvewu,fzd,bybï,mzs,zuvewu,1
llelh1mjm8,mfbg,4,5,fzs,bybï,fzd,bybï,mzs,zuvewu,0
llelh1mjm8,mfbg,4,5,mbd,zuvewu,fzd,bybï,mzs,zuvewu,1
llelh1mjm8,mfbg,4,5,fbd,bybï,fzd,bybï,mzs,zuvewu,1
llelh1mjm8,mfbg,4,5,mzs,zuvewu,fzd,bybï,mzs,zuvewu,1
llelh1mjm8,mfbg,3,6,fbd,goozăi,mbd,baumiă,fbs,goozăi,1
llelh1mjm8,mfbg,3,6,mzd,baumiă,mbd,baumiă,fbs,goozăi,1
llelh1mjm8,mfbg,3,6,fzd,goozăi,mbd,baumiă,fbs,goozăi,1
llelh1mjm8,mfbg,3,6,mzs,baumiă,mbd,baumiă,fbs,goozăi,1
llelh1mjm8,mfbg,3,6,mbd,baumiă,mbd,baumiă,fbs,goozăi,0
llelh1mjm8,mfbg,3,6,mbs,baumiă,mbd,baumiă,fbs,goozăi,0
llelh1mjm8,mfbg,3,6,fzs,goozăi,mbd,baumiă,fbs,goozăi,1
llelh1mjm8,mfbg,2,7,fzd,rhåv,mzd,smêvskêv,fzd,rhåv,1
llelh1mjm8,mfbg,2,7,mbs,smêvskêv,mzd,smêvskêv,fzd,rhåv,1
llelh1mjm8,mfbg,2,7,fzs,rhåv,mzd,smêvskêv,fzd,rhåv,1
llelh1mjm8,mfbg,2,7,fbs,rhåv,mzd,smêvskêv,fzd,rhåv,1
llelh1mjm8,mfbg,2,7,mbd,smêvskêv,mzd,smêvskêv,fzd,rhåv,1
llelh1mjm8,mfbg,2,7,fbd,rhåv,mzd,smêvskêv,fzd,rhåv,1
llelh1mjm8,mfbg,2,7,mzs,smêvskêv,mzd,smêvskêv,fzd,rhåv,0
llelh1mjm8,mfbg,2,7,fbd,rhåv,mzd,smêvskêv,fzd,rhåv,1
llelh1mjm8,mfbg,2,7,mzs,smêvskêv,mzd,smêvskêv,fzd,rhåv,0
n82s617h3t,mfbg,7,0,b,lepego,fzd,kawuka,z,lepego,1
n82s617h3t,mfbg,7,0,mbd,kawuka,fzd,kawuka,z,lepego,0
n82s617h3t,mfbg,7,0,mzd,kawuka,fzd,kawuka,z,lepego,0
n82s617h3t,mfbg,7,0,mzs,kawuka,fzd,kawuka,z,lepego,0
n82s617h3t,mfbg,7,0,fbs,kawuka,fzd,kawuka,z,lepego,1
n82s617h3t,mfbg,7,0,mbs,kawuka,fzd,kawuka,z,lepego,1
n82s617h3t,mfbg,7,0,fzs,kawuka,fzd,kawuka,z,lepego,1
n82s617h3t,mfbg,7,0,fzd,kawuka,fzd,kawuka,z,lepego,1
n82s617h3t,mfbg,7,0,fbd,kawuka,fzd,kawuka,z,lepego,1
n82s617h3t,mfbg,2,1,fzd,nyumuo,fbs,nyumuo,mzs,gêă,0
n82s617h3t,mfbg,2,1,fbd,nyumuo,fbs,nyumuo,mzs,gêă,0
n82s617h3t,mfbg,2,1,fbs,nyumuo,fbs,nyumuo,mzs,gêă,1
n82s617h3t,mfbg,2,1,mbs,gêă,fbs,nyumuo,mzs,gêă,1
n82s617h3t,mfbg,2,1,mzd,gêă,fbs,nyumuo,mzs,gêă,1
n82s617h3t,mfbg,2,1,mbd,gêă,fbs,nyumuo,mzs,gêă,1
n82s617h3t,mfbg,2,1,fzs,nyumuo,fbs,nyumuo,mzs,gêă,1
n82s617h3t,mfbg,4,2,mbd,rhåv,mbd,rhåv,fzs,tsåvvses,0
n82s617h3t,mfbg,4,2,fbs,tsåvvses,mbd,rhåv,fzs,tsåvvses,1
n82s617h3t,mfbg,4,2,mzd,rhåv,mbd,rhåv,fzs,tsåvvses,1
n82s617h3t,mfbg,4,2,fzd,tsåvvses,mbd,rhåv,fzs,tsåvvses,1
n82s617h3t,mfbg,4,2,mzs,rhåv,mbd,rhåv,fzs,tsåvvses,1
n82s617h3t,mfbg,4,2,mbs,rhåv,mbd,rhåv,fzs,tsåvvses,1
n82s617h3t,mfbg,4,2,fbd,tsåvvses,mbd,rhåv,fzs,tsåvvses,1
n82s617h3t,mfbg,8,3,mbs,agivud,fzd,agivud,mzd,otev,0
n82s617h3t,mfbg,8,3,fbs,awupav,fzd,agivud,mzd,otev,0
n82s617h3t,mfbg,8,3,fbd,agivud,fzd,agivud,mzd,otev,1
n82s617h3t,mfbg,8,3,fzs,awupav,fzd,agivud,mzd,otev,0
n82s617h3t,mfbg,8,3,mzs,agivud,fzd,agivud,mzd,otev,1
n82s617h3t,mfbg,8,3,mbd,otev,fzd,agivud,mzd,otev,0
n82s617h3t,mfbg,8,3,fzd,agivud,fzd,agivud,mzd,otev,1
n82s617h3t,mfbg,1,4,mzs,beiguumu,fbs,yaöpe,fzs,nuubö,0
n82s617h3t,mfbg,1,4,fbs,yaöpe,fbs,yaöpe,fzs,nuubö,0
n82s617h3t,mfbg,1,4,mbd,cöahido,fbs,yaöpe,fzs,nuubö,0
n82s617h3t,mfbg,1,4,fbd,nuubö,fbs,yaöpe,fzs,nuubö,0
n82s617h3t,mfbg,1,4,fzd,nuubö,fbs,yaöpe,fzs,nuubö,0
n82s617h3t,mfbg,1,4,mbs,cöahido,fbs,yaöpe,fzs,nuubö,1
n82s617h3t,mfbg,1,4,mzd,beiguumu,fbs,yaöpe,fzs,nuubö,1
n82s617h3t,mfbg,5,5,fzd,orinoçim,fzd,orinoçim,mzd,iqur,0
n82s617h3t,mfbg,5,5,fbs,iqur,fzd,orinoçim,mzd,iqur,1
n82s617h3t,mfbg,5,5,fbd,orinoçim,fzd,orinoçim,mzd,iqur,1
n82s617h3t,mfbg,5,5,mbd,iqur,fzd,orinoçim,mzd,iqur,1
n82s617h3t,mfbg,5,5,mbs,içiqusem,fzd,orinoçim,mzd,iqur,0
n82s617h3t,mfbg,5,5,mzs,içiqusem,fzd,orinoçim,mzd,iqur,0
n82s617h3t,mfbg,5,5,fzs,adeçim,fzd,orinoçim,mzd,iqur,0
n82s617h3t,mfbg,3,6,fzd,lobowaby,mbd,bokokohï,fzd,lobowaby,1
n82s617h3t,mfbg,3,6,fbd,lobowaby,mbd,bokokohï,fzd,lobowaby,1
n82s617h3t,mfbg,3,6,fbs,lobowaby,mbd,bokokohï,fzd,lobowaby,1
n82s617h3t,mfbg,3,6,fzs,lobowaby,mbd,bokokohï,fzd,lobowaby,1
n82s617h3t,mfbg,3,6,mbs,bokokohï,mbd,bokokohï,fzd,lobowaby,0
n82s617h3t,mfbg,3,6,mzs,bokokohï,mbd,bokokohï,fzd,lobowaby,1
n82s617h3t,mfbg,3,6,mzd,bokokohï,mbd,bokokohï,fzd,lobowaby,1
n82s617h3t,mfbg,6,7,fzd,vbāžo,mzs,rbāranžā,mbs,nžodo,0
n82s617h3t,mfbg,6,7,mzd,vbāžo,mzs,rbāranžā,mbs,nžodo,0
n82s617h3t,mfbg,6,7,mbd,vbāžo,mzs,rbāranžā,mbs,nžodo,0
n82s617h3t,mfbg,6,7,fbd,vbāžo,mzs,rbāranžā,mbs,nžodo,1
n82s617h3t,mfbg,6,7,mbs,nžodo,mzs,rbāranžā,mbs,nžodo,1
n82s617h3t,mfbg,6,7,fzs,nžodo,mzs,rbāranžā,mbs,nžodo,1
n82s617h3t,mfbg,6,7,fbs,nžodo,mzs,rbāranžā,mbs,nžodo,1
uf9y22kc7h,fmbg,2,0,fbs,kïmy,mzs,ryvïri,b,męwaqïfe,0
uf9y22kc7h,fmbg,2,0,mzs,ryvïri,mzs,ryvïri,b,męwaqïfe,1
uf9y22kc7h,fmbg,2,0,mzd,męwaqïfe,mzs,ryvïri,b,męwaqïfe,1
uf9y22kc7h,fmbg,2,0,fbd,ryvïri,mzs,ryvïri,b,męwaqïfe,1
uf9y22kc7h,fmbg,2,0,z,męwaqïfe,mzs,ryvïri,b,męwaqïfe,0
uf9y22kc7h,fmbg,2,0,fzs,lobowaby,mzs,ryvïri,b,męwaqïfe,0
uf9y22kc7h,fmbg,2,0,fzd,kïmy,mzs,ryvïri,b,męwaqïfe,0
uf9y22kc7h,fmbg,2,0,mbd,męwaqïfe,mzs,ryvïri,b,męwaqïfe,0
uf9y22kc7h,fmbg,2,0,mbs,ryvïri,mzs,ryvïri,b,męwaqïfe,1
uf9y22kc7h,fmbg,8,1,fzd,awupav,fzd,awupav,mbd,ilug,0
uf9y22kc7h,fmbg,8,1,fbd,ilug,fzd,awupav,mbd,ilug,1
uf9y22kc7h,fmbg,8,1,mzs,azuf,fzd,awupav,mbd,ilug,0
uf9y22kc7h,fmbg,8,1,fzs,agivud,fzd,awupav,mbd,ilug,0
uf9y22kc7h,fmbg,8,1,fbs,azuf,fzd,awupav,mbd,ilug,0
uf9y22kc7h,fmbg,8,1,mbs,azuf,fzd,awupav,mbd,ilug,0
uf9y22kc7h,fmbg,8,1,mzd,awupav,fzd,awupav,mbd,ilug,0
uf9y22kc7h,fmbg,6,2,fzd,wupu,mbs,luge,mzd,kawuka,0
uf9y22kc7h,fmbg,6,2,fbs,lepego,mbs,luge,mzd,kawuka,0
uf9y22kc7h,fmbg,6,2,mzs,lepego,mbs,luge,mzd,kawuka,0
uf9y22kc7h,fmbg,6,2,fbd,lepego,mbs,luge,mzd,kawuka,0
uf9y22kc7h,fmbg,6,2,mzd,kawuka,mbs,luge,mzd,kawuka,0
uf9y22kc7h,fmbg,6,2,fzs,luge,mbs,luge,mzd,kawuka,0
uf9y22kc7h,fmbg,6,2,mbd,lepego,mbs,luge,mzd,kawuka,0
uf9y22kc7h,fmbg,3,3,mbs,niuhiê,mbd,qăo,fbs,baumiă,0
uf9y22kc7h,fmbg,3,3,fbd,qăo,mbd,qăo,fbs,baumiă,0
uf9y22kc7h,fmbg,3,3,fzd,huanăa,mbd,qăo,fbs,baumiă,0
uf9y22kc7h,fmbg,3,3,mzs,baumiă,mbd,qăo,fbs,baumiă,0
uf9y22kc7h,fmbg,3,3,fzs,baumiă,mbd,qăo,fbs,baumiă,0
uf9y22kc7h,fmbg,3,3,mzd,niuhiê,mbd,qăo,fbs,baumiă,0
uf9y22kc7h,fmbg,3,3,mbd,qăo,mbd,qăo,fbs,baumiă,1
uf9y22kc7h,fmbg,7,4,mzs,rhymsvåd,fbd,rhymsvåd,fzs,kvurddåh,1
uf9y22kc7h,fmbg,7,4,mzd,smêvskêv,fbd,rhymsvåd,fzs,kvurddåh,0
uf9y22kc7h,fmbg,7,4,mbd,ktåvrhus,fbd,rhymsvåd,fzs,kvurddåh,0
uf9y22kc7h,fmbg,7,4,mbs,kvurddåh,fbd,rhymsvåd,fzs,kvurddåh,0
uf9y22kc7h,fmbg,7,4,fbs,kvurddåh,fbd,rhymsvåd,fzs,kvurddåh,0
uf9y22kc7h,fmbg,7,4,fzd,smêvskêv,fbd,rhymsvåd,fzs,kvurddåh,0
uf9y22kc7h,fmbg,7,4,fzs,kvurddåh,fbd,rhymsvåd,fzs,kvurddåh,1
uf9y22kc7h,fmbg,1,5,fzd,rbāranžā,fzs,rbāranžā,mbd,žbodu,0
uf9y22kc7h,fmbg,1,5,mzd,žbodu,fzs,rbāranžā,mbd,žbodu,1
uf9y22kc7h,fmbg,1,5,mzs,žbodu,fzs,rbāranžā,mbd,žbodu,1
uf9y22kc7h,fmbg,1,5,fbd,žbodu,fzs,rbāranžā,mbd,žbodu,1
uf9y22kc7h,fmbg,1,5,fbs,rbāranžā,fzs,rbāranžā,mbd,žbodu,1
uf9y22kc7h,fmbg,1,5,mbd,žbodu,fzs,rbāranžā,mbd,žbodu,1
uf9y22kc7h,fmbg,1,5,mbs,byure,fzs,rbāranžā,mbd,žbodu,0
uf9y22kc7h,fmbg,5,6,fbs,töeqo,mbs,šïïnö,mzd,tuumïhu,0
uf9y22kc7h,fmbg,5,6,mzs,šaaqaude,mbs,šïïnö,mzd,tuumïhu,0
uf9y22kc7h,fmbg,5,6,fbd,šïïnö,mbs,šïïnö,mzd,tuumïhu,1
uf9y22kc7h,fmbg,5,6,fzs,šaaqaude,mbs,šïïnö,mzd,tuumïhu,1
uf9y22kc7h,fmbg,5,6,mbd,šïïnö,mbs,šïïnö,mzd,tuumïhu,0
uf9y22kc7h,fmbg,5,6,mzd,tuumïhu,mbs,šïïnö,mzd,tuumïhu,1
uf9y22kc7h,fmbg,5,6,fzd,tuumïhu,mbs,šïïnö,mzd,tuumïhu,1
uf9y22kc7h,fmbg,4,7,fzd,aweh,mzs,emøyeç,fbs,aweh,1
uf9y22kc7h,fmbg,4,7,fbs,aweh,mzs,emøyeç,fbs,aweh,1
uf9y22kc7h,fmbg,4,7,mbs,emøyeç,mzs,emøyeç,fbs,aweh,1
uf9y22kc7h,fmbg,4,7,fbd,aweh,mzs,emøyeç,fbs,aweh,1
uf9y22kc7h,fmbg,4,7,mzd,aweh,mzs,emøyeç,fbs,aweh,0
uf9y22kc7h,fmbg,4,7,fzs,aqinudød,mzs,emøyeç,fbs,aweh,0
uf9y22kc7h,fmbg,4,7,mbd,aweh,mzs,emøyeç,fbs,aweh,0
wh08dqfy5x,mfbg,7,0,z,pžicā,mzs,vruži,z,pžicā,1
wh08dqfy5x,mfbg,7,0,mbs,vruži,mzs,vruži,z,pžicā,0
wh08dqfy5x,mfbg,7,0,fzs,vruži,mzs,vruži,z,pžicā,0
wh08dqfy5x,mfbg,7,0,fbd,pžicā,mzs,vruži,z,pžicā,0
wh08dqfy5x,mfbg,7,0,mzd,pžicā,mzs,vruži,z,pžicā,1
wh08dqfy5x,mfbg,7,0,mbd,pžicā,mzs,vruži,z,pžicā,1
wh08dqfy5x,mfbg,7,0,fbs,vruži,mzs,vruži,z,pžicā,1
wh08dqfy5x,mfbg,7,0,b,vruži,mzs,vruži,z,pžicā,1
wh08dqfy5x,mfbg,7,0,fzd,pžicā,mzs,vruži,z,pžicā,1
wh08dqfy5x,mfbg,3,1,fzd,luge,fbd,luge,mzs,lawolu,0
wh08dqfy5x,mfbg,3,1,mbd,luge,fbd,luge,mzs,lawolu,1
wh08dqfy5x,mfbg,3,1,fbs,lawolu,fbd,luge,mzs,lawolu,0
wh08dqfy5x,mfbg,3,1,mzd,luge,fbd,luge,mzs,lawolu,1
wh08dqfy5x,mfbg,3,1,fbd,luge,fbd,luge,mzs,lawolu,1
wh08dqfy5x,mfbg,3,1,mbs,lawolu,fbd,luge,mzs,lawolu,1
wh08dqfy5x,mfbg,3,1,fzs,luge,fbd,luge,mzs,lawolu,1
wh08dqfy5x,mfbg,8,2,fbd,huanăa,fbd,huanăa,mzs,qăo,0
wh08dqfy5x,mfbg,8,2,mbs,qăo,fbd,huanăa,mzs,qăo,1
wh08dqfy5x,mfbg,8,2,mbd,huanăa,fbd,huanăa,mzs,qăo,1
wh08dqfy5x,mfbg,8,2,fbs,qăo,fbd,huanăa,mzs,qăo,1
wh08dqfy5x,mfbg,8,2,fzs,qăo,fbd,huanăa,mzs,qăo,1
wh08dqfy5x,mfbg,8,2,mzd,huanăa,fbd,huanăa,mzs,qăo,1
wh08dqfy5x,mfbg,8,2,fzd,qăo,fbd,huanăa,mzs,qăo,1
wh08dqfy5x,mfbg,2,3,fbd,yaöpe,mbd,yaöpe,mzs,tuumïhu,1
wh08dqfy5x,mfbg,2,3,fzs,tuumïhu,mbd,yaöpe,mzs,tuumïhu,0
wh08dqfy5x,mfbg,2,3,mzd,tuumïhu,mbd,yaöpe,mzs,tuumïhu,1
wh08dqfy5x,mfbg,2,3,mzs,tuumïhu,mbd,yaöpe,mzs,tuumïhu,1
wh08dqfy5x,mfbg,2,3,fbs,tuumïhu,mbd,yaöpe,mzs,tuumïhu,1
wh08dqfy5x,mfbg,2,3,mbs,tuumïhu,mbd,yaöpe,mzs,tuumïhu,0
wh08dqfy5x,mfbg,2,3,fzd,yaöpe,mbd,yaöpe,mzs,tuumïhu,0
wh08dqfy5x,mfbg,4,4,mzd,aweh,fbs,øqoç,mbs,aweh,1
wh08dqfy5x,mfbg,4,4,fbs,øqoç,fbs,øqoç,mbs,aweh,0
wh08dqfy5x,mfbg,4,4,mbd,aweh,fbs,øqoç,mbs,aweh,1
wh08dqfy5x,mfbg,4,4,mzs,aweh,fbs,øqoç,mbs,aweh,1
wh08dqfy5x,mfbg,4,4,fbd,øqoç,fbs,øqoç,mbs,aweh,1
wh08dqfy5x,mfbg,4,4,fzs,øqoç,fbs,øqoç,mbs,aweh,1
wh08dqfy5x,mfbg,4,4,fzd,øqoç,fbs,øqoç,mbs,aweh,1
wh08dqfy5x,mfbg,5,5,mzs,smêvskêv,fzd,sfêvdok,mbd,smêvskêv,1
wh08dqfy5x,mfbg,5,5,mbd,smêvskêv,fzd,sfêvdok,mbd,smêvskêv,1
wh08dqfy5x,mfbg,5,5,mbs,smêvskêv,fzd,sfêvdok,mbd,smêvskêv,1
wh08dqfy5x,mfbg,5,5,mzd,smêvskêv,fzd,sfêvdok,mbd,smêvskêv,1
wh08dqfy5x,mfbg,5,5,fbs,sfêvdok,fzd,sfêvdok,mbd,smêvskêv,1
wh08dqfy5x,mfbg,5,5,fzs,sfêvdok,fzd,sfêvdok,mbd,smêvskêv,0
wh08dqfy5x,mfbg,5,5,fbd,sfêvdok,fzd,sfêvdok,mbd,smêvskêv,1
wh08dqfy5x,mfbg,1,6,mbs,hïlaki,mbd,hïlaki,fzd,zuvewu,0
wh08dqfy5x,mfbg,1,6,fbs,zuvewu,mbd,hïlaki,fzd,zuvewu,1
wh08dqfy5x,mfbg,1,6,fzs,zuvewu,mbd,hïlaki,fzd,zuvewu,1
wh08dqfy5x,mfbg,1,6,mzs,hïlaki,mbd,hïlaki,fzd,zuvewu,1
wh08dqfy5x,mfbg,1,6,mzd,hïlaki,mbd,hïlaki,fzd,zuvewu,1
wh08dqfy5x,mfbg,1,6,fzd,zuvewu,mbd,hïlaki,fzd,zuvewu,1
wh08dqfy5x,mfbg,1,6,fbd,zuvewu,mbd,hïlaki,fzd,zuvewu,1
wh08dqfy5x,mfbg,6,7,fzs,ulywaf,mzs,ulywaf,mbd,azuf,1
wh08dqfy5x,mfbg,6,7,mbs,ulywaf,mzs,ulywaf,mbd,azuf,1
wh08dqfy5x,mfbg,6,7,fbs,ulywaf,mzs,ulywaf,mbd,azuf,1
wh08dqfy5x,mfbg,6,7,fbd,azuf,mzs,ulywaf,mbd,azuf,1
wh08dqfy5x,mfbg,6,7,fzd,azuf,mzs,ulywaf,mbd,azuf,1
wh08dqfy5x,mfbg,6,7,mzd,azuf,mzs,ulywaf,mbd,azuf,0
wh08dqfy5x,mfbg,6,7,mbd,azuf,mzs,ulywaf,mbd,azuf,1
ccehyx1t6d,fmgb,5,0,mbs,šïïnö,mzd,šïïnö,b,töeqo,0
ccehyx1t6d,fmgb,5,0,fzs,šïïnö,mzd,šïïnö,b,töeqo,0
ccehyx1t6d,fmgb,5,0,mbd,šïïnö,mzd,šïïnö,b,töeqo,0
ccehyx1t6d,fmgb,5,0,fzd,šïïnö,mzd,šïïnö,b,töeqo,1
ccehyx1t6d,fmgb,5,0,fbs,šïïnö,mzd,šïïnö,b,töeqo,1
ccehyx1t6d,fmgb,5,0,fbd,šïïnö,mzd,šïïnö,b,töeqo,1
ccehyx1t6d,fmgb,5,0,z,yaöpe,mzd,šïïnö,b,töeqo,0
ccehyx1t6d,fmgb,5,0,mzs,šïïnö,mzd,šïïnö,b,töeqo,0
ccehyx1t6d,fmgb,5,0,mzd,šïïnö,mzd,šïïnö,b,töeqo,0
ccehyx1t6d,fmgb,3,1,fbd,egezalat,fbs,egezalat,mzs,otev,0
ccehyx1t6d,fmgb,3,1,fzd,egezalat,fbs,egezalat,mzs,otev,0
ccehyx1t6d,fmgb,3,1,mbs,otev,fbs,egezalat,mzs,otev,1
ccehyx1t6d,fmgb,3,1,mzd,otev,fbs,egezalat,mzs,otev,1
ccehyx1t6d,fmgb,3,1,mzs,otev,fbs,egezalat,mzs,otev,1
ccehyx1t6d,fmgb,3,1,fzs,egezalat,fbs,egezalat,mzs,otev,0
ccehyx1t6d,fmgb,3,1,mbd,otev,fbs,egezalat,mzs,otev,1
ccehyx1t6d,fmgb,7,2,mbs,goviku,fbd,pygele,mzs,goviku,0
ccehyx1t6d,fmgb,7,2,fbs,pygele,fbd,pygele,mzs,goviku,0
ccehyx1t6d,fmgb,7,2,mbd,goviku,fbd,pygele,mzs,goviku,1
ccehyx1t6d,fmgb,7,2,fzd,pygele,fbd,pygele,mzs,goviku,1
ccehyx1t6d,fmgb,7,2,mzs,goviku,fbd,pygele,mzs,goviku,1
ccehyx1t6d,fmgb,7,2,mzd,goviku,fbd,pygele,mzs,goviku,1
ccehyx1t6d,fmgb,7,2,fzs,pygele,fbd,pygele,mzs,goviku,1
ccehyx1t6d,fmgb,6,3,fzs,nžodo,mbs,nžodo,mzd,vropcāre,0
ccehyx1t6d,fmgb,6,3,fbs,nžodo,mbs,nžodo,mzd,vropcāre,1
ccehyx1t6d,fmgb,6,3,mzs,vropcāre,mbs,nžodo,mzd,vropcāre,1
ccehyx1t6d,fmgb,6,3,mbd,nžodo,mbs,nžodo,mzd,vropcāre,0
ccehyx1t6d,fmgb,6,3,fzd,nžodo,mbs,nžodo,mzd,vropcāre,0
ccehyx1t6d,fmgb,6,3,mbs,nžodo,mbs,nžodo,mzd,vropcāre,1
ccehyx1t6d,fmgb,6,3,fbd,nžodo,mbs,nžodo,mzd,vropcāre,1
ccehyx1t6d,fmgb,2,4,mzd,qăo,fbs,gêă,mzs,qăo,1
ccehyx1t6d,fmgb,2,4,fzd,gêă,fbs,gêă,mzs,qăo,1
ccehyx1t6d,fmgb,2,4,fzs,gêă,fbs,gêă,mzs,qăo,1
ccehyx1t6d,fmgb,2,4,mzs,qăo,fbs,gêă,mzs,qăo,1
ccehyx1t6d,fmgb,2,4,mbs,qăo,fbs,gêă,mzs,qăo,1
ccehyx1t6d,fmgb,2,4,fbd,gêă,fbs,gêă,mzs,qăo,0
ccehyx1t6d,fmgb,2,4,mbd,qăo,fbs,gêă,mzs,qăo,1
ccehyx1t6d,fmgb,8,5,mzd,rhåv,fzd,rhåv,fbs,tsåvvses,1
ccehyx1t6d,fmgb,8,5,fzs,tsåvvses,fzd,rhåv,fbs,tsåvvses,0
ccehyx1t6d,fmgb,8,5,mzs,tsåvvses,fzd,rhåv,fbs,tsåvvses,1
ccehyx1t6d,fmgb,8,5,fbs,tsåvvses,fzd,rhåv,fbs,tsåvvses,1
ccehyx1t6d,fmgb,8,5,fbd,rhåv,fzd,rhåv,fbs,tsåvvses,1
ccehyx1t6d,fmgb,8,5,mbd,rhåv,fzd,rhåv,fbs,tsåvvses,1
ccehyx1t6d,fmgb,8,5,mbs,tsåvvses,fzd,rhåv,fbs,tsåvvses,1
ccehyx1t6d,fmgb,1,6,mzd,hïlaki,mbs,morïky,fbs,hïlaki,1
ccehyx1t6d,fmgb,1,6,fbd,hïlaki,mbs,morïky,fbs,hïlaki,1
ccehyx1t6d,fmgb,1,6,mbd,morïky,mbs,morïky,fbs,hïlaki,0
ccehyx1t6d,fmgb,1,6,fzd,hïlaki,mbs,morïky,fbs,hïlaki,1
ccehyx1t6d,fmgb,1,6,fzs,hïlaki,mbs,morïky,fbs,hïlaki,1
ccehyx1t6d,fmgb,1,6,mzs,morïky,mbs,morïky,fbs,hïlaki,1
ccehyx1t6d,fmgb,1,6,mbs,morïky,mbs,morïky,fbs,hïlaki,0
ccehyx1t6d,fmgb,4,7,fzd,emøyeç,mzs,iqur,fzd,emøyeç,1
ccehyx1t6d,fmgb,4,7,mbs,iqur,mzs,iqur,fzd,emøyeç,1
ccehyx1t6d,fmgb,4,7,mbd,iqur,mzs,iqur,fzd,emøyeç,1
ccehyx1t6d,fmgb,4,7,fbd,emøyeç,mzs,iqur,fzd,emøyeç,1
ccehyx1t6d,fmgb,4,7,fbs,emøyeç,mzs,iqur,fzd,emøyeç,1
ccehyx1t6d,fmgb,4,7,fzs,emøyeç,mzs,iqur,fzd,emøyeç,1
ccehyx1t6d,fmgb,4,7,mzd,iqur,mzs,iqur,fzd,emøyeç,0
96dcxvnjng,mfgb,1,0,mbd,tuumïhu,mbd,tuumïhu,b,šaaqaude,0
96dcxvnjng,mfgb,1,0,mzd,tuumïhu,mbd,tuumïhu,b,šaaqaude,1
96dcxvnjng,mfgb,1,0,mzs,tuumïhu,mbd,tuumïhu,b,šaaqaude,1
96dcxvnjng,mfgb,1,0,fzs,šaaqaude,mbd,tuumïhu,b,šaaqaude,1
96dcxvnjng,mfgb,1,0,fbs,šaaqaude,mbd,tuumïhu,b,šaaqaude,1
96dcxvnjng,mfgb,1,0,fbd,šaaqaude,mbd,tuumïhu,b,šaaqaude,1
96dcxvnjng,mfgb,1,0,mbs,tuumïhu,mbd,tuumïhu,b,šaaqaude,1
96dcxvnjng,mfgb,1,0,fzd,šaaqaude,mbd,tuumïhu,b,šaaqaude,1
96dcxvnjng,mfgb,1,0,z,tuumïhu,mbd,tuumïhu,b,šaaqaude,1
96dcxvnjng,mfgb,8,1,mbd,ulywaf,fzd,ulywaf,mzd,awupav,1
96dcxvnjng,mfgb,8,1,mzs,awupav,fzd,ulywaf,mzd,awupav,1
96dcxvnjng,mfgb,8,1,fbd,awupav,fzd,ulywaf,mzd,awupav,0
96dcxvnjng,mfgb,8,1,fbs,ulywaf,fzd,ulywaf,mzd,awupav,0
96dcxvnjng,mfgb,8,1,mbs,awupav,fzd,ulywaf,mzd,awupav,1
96dcxvnjng,mfgb,8,1,fzd,ulywaf,fzd,ulywaf,mzd,awupav,1
96dcxvnjng,mfgb,8,1,fzs,ulywaf,fzd,ulywaf,mzd,awupav,1
96dcxvnjng,mfgb,4,2,mzs,vropcāre,fbd,rbāranžā,fzd,vropcāre,1
96dcxvnjng,mfgb,4,2,fbd,rbāranžā,fbd,rbāranžā,fzd,vropcāre,0
96dcxvnjng,mfgb,4,2,fzs,vropcāre,fbd,rbāranžā,fzd,vropcāre,1
96dcxvnjng,mfgb,4,2,mbs,vropcāre,fbd,rbāranžā,fzd,vropcāre,1
96dcxvnjng,mfgb,4,2,fbs,vropcāre,fbd,rbāranžā,fzd,vropcāre,1
96dcxvnjng,mfgb,4,2,mbd,rbāranžā,fbd,rbāranžā,fzd,vropcāre,1
96dcxvnjng,mfgb,4,2,mzd,vropcāre,fbd,rbāranžā,fzd,vropcāre,1
96dcxvnjng,mfgb,5,3,fbs,wupu,mbs,wupu,mzd,ngapapu,1
96dcxvnjng,mfgb,5,3,fbd,ngapapu,mbs,wupu,mzd,ngapapu,1
96dcxvnjng,mfgb,5,3,fzd,wupu,mbs,wupu,mzd,ngapapu,0
96dcxvnjng,mfgb,5,3,mbs,wupu,mbs,wupu,mzd,ngapapu,1
96dcxvnjng,mfgb,5,3,fzs,ngapapu,mbs,wupu,mzd,ngapapu,1
96dcxvnjng,mfgb,5,3,mzs,wupu,mbs,wupu,mzd,ngapapu,1
96dcxvnjng,mfgb,5,3,mbd,ngapapu,mbs,wupu,mzd,ngapapu,1
96dcxvnjng,mfgb,7,4,fbs,adeçim,fbd,adeçim,mbs,orinoçim,0
96dcxvnjng,mfgb,7,4,fzs,adeçim,fbd,adeçim,mbs,orinoçim,1
96dcxvnjng,mfgb,7,4,fzd,adeçim,fbd,adeçim,mbs,orinoçim,1
96dcxvnjng,mfgb,7,4,mzs,adeçim,fbd,adeçim,mbs,orinoçim,1
96dcxvnjng,mfgb,7,4,mbd,adeçim,fbd,adeçim,mbs,orinoçim,1
96dcxvnjng,mfgb,7,4,fbd,adeçim,fbd,adeçim,mbs,orinoçim,0
96dcxvnjng,mfgb,7,4,mzd,adeçim,fbd,adeçim,mbs,orinoçim,1
96dcxvnjng,mfgb,3,5,mbs,kïmy,fzd,morïky,mzd,kïmy,1
96dcxvnjng,mfgb,3,5,fbd,morïky,fzd,morïky,mzd,kïmy,1
96dcxvnjng,mfgb,3,5,mbd,kïmy,fzd,morïky,mzd,kïmy,1
96dcxvnjng,mfgb,3,5,mzs,kïmy,fzd,morïky,mzd,kïmy,1
96dcxvnjng,mfgb,3,5,fzs,morïky,fzd,morïky,mzd,kïmy,0
96dcxvnjng,mfgb,3,5,mzd,kïmy,fzd,morïky,mzd,kïmy,1
96dcxvnjng,mfgb,3,5,fbs,morïky,fzd,morïky,mzd,kïmy,1
96dcxvnjng,mfgb,6,6,mzd,svik,mbs,tsåvvses,fzs,svik,1
96dcxvnjng,mfgb,6,6,mbd,svik,mbs,tsåvvses,fzs,svik,0
96dcxvnjng,mfgb,6,6,fzs,svik,mbs,tsåvvses,fzs,svik,1
96dcxvnjng,mfgb,6,6,fbs,tsåvvses,mbs,tsåvvses,fzs,svik,1
96dcxvnjng,mfgb,6,6,mzs,tsåvvses,mbs,tsåvvses,fzs,svik,1
96dcxvnjng,mfgb,6,6,fbd,svik,mbs,tsåvvses,fzs,svik,1
96dcxvnjng,mfgb,6,6,fzd,tsåvvses,mbs,tsåvvses,fzs,svik,1
96dcxvnjng,mfgb,2,7,fbs,goozăi,mzs,niuhiê,fbd,goozăi,1
96dcxvnjng,mfgb,2,7,fzs,goozăi,mzs,niuhiê,fbd,goozăi,1
96dcxvnjng,mfgb,2,7,mzd,niuhiê,mzs,niuhiê,fbd,goozăi,0
96dcxvnjng,mfgb,2,7,mzs,niuhiê,mzs,niuhiê,fbd,goozăi,1
96dcxvnjng,mfgb,2,7,mbs,niuhiê,mzs,niuhiê,fbd,goozăi,1
96dcxvnjng,mfgb,2,7,mbd,niuhiê,mzs,niuhiê,fbd,goozăi,1
96dcxvnjng,mfgb,2,7,fzd,goozăi,mzs,niuhiê,fbd,goozăi,1
sspwqxgdcc,mfgb,4,0,mbs,idanuluf,mzs,idanuluf,z,ozatof,0
sspwqxgdcc,mfgb,4,0,fzd,idanuluf,mzs,idanuluf,z,ozatof,0
sspwqxgdcc,mfgb,4,0,mzd,idanuluf,mzs,idanuluf,z,ozatof,0
sspwqxgdcc,mfgb,4,0,mbd,idanuluf,mzs,idanuluf,z,ozatof,1
sspwqxgdcc,mfgb,4,0,z,ozatof,mzs,idanuluf,z,ozatof,0
sspwqxgdcc,mfgb,4,0,fbd,idanuluf,mzs,idanuluf,z,ozatof,1
sspwqxgdcc,mfgb,4,0,fbs,idanuluf,mzs,idanuluf,z,ozatof,1
sspwqxgdcc,mfgb,4,0,fzs,idanuluf,mzs,idanuluf,z,ozatof,1
sspwqxgdcc,mfgb,4,0,b,ozatof,mzs,idanuluf,z,ozatof,1
sspwqxgdcc,mfgb,8,1,fzs,pžicā,fbd,pžicā,mzs,ngcāžo,0
sspwqxgdcc,mfgb,8,1,fbs,pžicā,fbd,pžicā,mzs,ngcāžo,0
sspwqxgdcc,mfgb,8,1,mbs,ngcāžo,fbd,pžicā,mzs,ngcāžo,1
sspwqxgdcc,mfgb,8,1,fzd,pžicā,fbd,pžicā,mzs,ngcāžo,0
sspwqxgdcc,mfgb,8,1,mzd,ngcāžo,fbd,pžicā,mzs,ngcāžo,1
sspwqxgdcc,mfgb,8,1,mzs,ngcāžo,fbd,pžicā,mzs,ngcāžo,1
sspwqxgdcc,mfgb,8,1,mbd,ngcāžo,fbd,pžicā,mzs,ngcāžo,1
sspwqxgdcc,mfgb,2,2,mbs,morïky,mbd,morïky,fzd,męwaqïfe,0
sspwqxgdcc,mfgb,2,2,mzd,męwaqïfe,mbd,morïky,fzd,męwaqïfe,1
sspwqxgdcc,mfgb,2,2,fbs,morïky,mbd,morïky,fzd,męwaqïfe,0
sspwqxgdcc,mfgb,2,2,mzs,męwaqïfe,mbd,morïky,fzd,męwaqïfe,1
sspwqxgdcc,mfgb,2,2,fzd,męwaqïfe,mbd,morïky,fzd,męwaqïfe,1
sspwqxgdcc,mfgb,2,2,fzs,męwaqïfe,mbd,morïky,fzd,męwaqïfe,1
sspwqxgdcc,mfgb,2,2,fbd,morïky,mbd,morïky,fzd,męwaqïfe,0
sspwqxgdcc,mfgb,3,3,mbd,lawolu,fzs,lawolu,fbd,goviku,0
sspwqxgdcc,mfgb,3,3,fzd,lawolu,fzs,lawolu,fbd,goviku,0
sspwqxgdcc,mfgb,3,3,fbs,goviku,fzs,lawolu,fbd,goviku,1
sspwqxgdcc,mfgb,3,3,mzs,goviku,fzs,lawolu,fbd,goviku,1
sspwqxgdcc,mfgb,3,3,mzd,goviku,fzs,lawolu,fbd,goviku,1
sspwqxgdcc,mfgb,3,3,fzs,lawolu,fzs,lawolu,fbd,goviku,1
sspwqxgdcc,mfgb,3,3,mbs,lawolu,fzs,lawolu,fbd,goviku,1
sspwqxgdcc,mfgb,1,4,mbs,orinoçim,fbs,emøyeç,mbs,orinoçim,1
sspwqxgdcc,mfgb,1,4,mzs,orinoçim,fbs,emøyeç,mbs,orinoçim,1
sspwqxgdcc,mfgb,1,4,fzd,emøyeç,fbs,emøyeç,mbs,orinoçim,1
sspwqxgdcc,mfgb,1,4,mbd,orinoçim,fbs,emøyeç,mbs,orinoçim,1
sspwqxgdcc,mfgb,1,4,fbd,emøyeç,fbs,emøyeç,mbs,orinoçim,0
sspwqxgdcc,mfgb,1,4,fzs,emøyeç,fbs,emøyeç,mbs,orinoçim,1
sspwqxgdcc,mfgb,1,4,mzd,orinoçim,fbs,emøyeç,mbs,orinoçim,1
sspwqxgdcc,mfgb,1,4,fzd,orinoçim,fbs,emøyeç,mbs,orinoçim,1
sspwqxgdcc,mfgb,1,4,mbd,orinoçim,fbs,emøyeç,mbs,orinoçim,1
sspwqxgdcc,mfgb,1,4,fbd,emøyeç,fbs,emøyeç,mbs,orinoçim,0
sspwqxgdcc,mfgb,1,4,fzs,orinoçim,fbs,emøyeç,mbs,orinoçim,1
sspwqxgdcc,mfgb,1,4,mzd,orinoçim,fbs,emøyeç,mbs,orinoçim,1
sspwqxgdcc,mfgb,6,5,fzs,tsåvvses,fzd,tsåvvses,fbs,vrêd,0
sspwqxgdcc,mfgb,6,5,mzd,vrêd,fzd,tsåvvses,fbs,vrêd,1
sspwqxgdcc,mfgb,6,5,mbd,vrêd,fzd,tsåvvses,fbs,vrêd,1
sspwqxgdcc,mfgb,6,5,mzs,vrêd,fzd,tsåvvses,fbs,vrêd,1
sspwqxgdcc,mfgb,6,5,fbs,vrêd,fzd,tsåvvses,fbs,vrêd,1
sspwqxgdcc,mfgb,6,5,fbd,vrêd,fzd,tsåvvses,fbs,vrêd,1
sspwqxgdcc,mfgb,6,5,mbs,vrêd,fzd,tsåvvses,fbs,vrêd,1
sspwqxgdcc,mfgb,5,6,fbd,baumiă,mbd,nyumuo,fzd,baumiă,1
sspwqxgdcc,mfgb,5,6,fbs,baumiă,mbd,nyumuo,fzd,baumiă,1
sspwqxgdcc,mfgb,5,6,mzd,baumiă,mbd,nyumuo,fzd,baumiă,1
sspwqxgdcc,mfgb,5,6,mbs,nyumuo,mbd,nyumuo,fzd,baumiă,0
sspwqxgdcc,mfgb,5,6,fzs,baumiă,mbd,nyumuo,fzd,baumiă,1
sspwqxgdcc,mfgb,5,6,fzd,baumiă,mbd,nyumuo,fzd,baumiă,1
sspwqxgdcc,mfgb,5,6,mzs,baumiă,mbd,nyumuo,fzd,baumiă,1
sspwqxgdcc,mfgb,7,7,fzs,möïtu,mzd,nuubö,fzd,möïtu,1
sspwqxgdcc,mfgb,7,7,fbd,möïtu,mzd,nuubö,fzd,möïtu,1
sspwqxgdcc,mfgb,7,7,mbd,möïtu,mzd,nuubö,fzd,möïtu,1
sspwqxgdcc,mfgb,7,7,mbs,möïtu,mzd,nuubö,fzd,möïtu,1
sspwqxgdcc,mfgb,7,7,fbs,möïtu,mzd,nuubö,fzd,möïtu,1
sspwqxgdcc,mfgb,7,7,mzd,nuubö,mzd,nuubö,fzd,möïtu,0
sspwqxgdcc,mfgb,7,7,mzs,nuubö,mzd,nuubö,fzd,möïtu,0
3fs5m6cp2b,mfbg,6,0,fbd,rbāranžā,mzd,rbāranžā,z,pžicā,0
3fs5m6cp2b,mfbg,6,0,mzs,ngcāžo,mzd,rbāranžā,z,pžicā,0
3fs5m6cp2b,mfbg,6,0,z,pžicā,mzd,rbāranžā,z,pžicā,1
3fs5m6cp2b,mfbg,6,0,mbd,rbāranžā,mzd,rbāranžā,z,pžicā,0
3fs5m6cp2b,mfbg,6,0,b,žbodu,mzd,rbāranžā,z,pžicā,0
3fs5m6cp2b,mfbg,6,0,fzd,rbāranžā,mzd,rbāranžā,z,pžicā,0
3fs5m6cp2b,mfbg,6,0,fbs,ngcāžo,mzd,rbāranžā,z,pžicā,0
3fs5m6cp2b,mfbg,6,0,mbs,ngcāžo,mzd,rbāranžā,z,pžicā,0
3fs5m6cp2b,mfbg,6,0,fzs,ngcāžo,mzd,rbāranžā,z,pžicā,1
3fs5m6cp2b,mfbg,7,1,fzd,huanăa,fbd,huanăa,mbs,goozăi,0
3fs5m6cp2b,mfbg,7,1,mzs,goozăi,fbd,huanăa,mbs,goozăi,1
3fs5m6cp2b,mfbg,7,1,fbs,huanăa,fbd,huanăa,mbs,goozăi,0
3fs5m6cp2b,mfbg,7,1,mbs,goozăi,fbd,huanăa,mbs,goozăi,1
3fs5m6cp2b,mfbg,7,1,mbd,goozăi,fbd,huanăa,mbs,goozăi,1
3fs5m6cp2b,mfbg,7,1,mzd,goozăi,fbd,huanăa,mbs,goozăi,1
3fs5m6cp2b,mfbg,7,1,fzs,huanăa,fbd,huanăa,mbs,goozăi,0
3fs5m6cp2b,mfbg,2,2,fbs,svik,fbd,svik,mzd,smêvskêv,0
3fs5m6cp2b,mfbg,2,2,mbs,smêvskêv,fbd,svik,mzd,smêvskêv,0
3fs5m6cp2b,mfbg,2,2,mzs,svik,fbd,svik,mzd,smêvskêv,1
3fs5m6cp2b,mfbg,2,2,fzd,svik,fbd,svik,mzd,smêvskêv,1
3fs5m6cp2b,mfbg,2,2,mzd,smêvskêv,fbd,svik,mzd,smêvskêv,1
3fs5m6cp2b,mfbg,2,2,fzs,smêvskêv,fbd,svik,mzd,smêvskêv,1
3fs5m6cp2b,mfbg,2,2,fbs,svik,fbd,svik,mzd,smêvskêv,0
3fs5m6cp2b,mfbg,2,2,mbs,smêvskêv,fbd,svik,mzd,smêvskêv,0
3fs5m6cp2b,mfbg,2,2,mzs,smêvskêv,fbd,svik,mzd,smêvskêv,1
3fs5m6cp2b,mfbg,2,2,fzd,svik,fbd,svik,mzd,smêvskêv,1
3fs5m6cp2b,mfbg,2,2,fzs,svik,fbd,svik,mzd,smêvskêv,1
3fs5m6cp2b,mfbg,2,2,mbd,smêvskêv,fbd,svik,mzd,smêvskêv,0
3fs5m6cp2b,mfbg,3,3,fzd,aweh,fzd,aweh,mzs,içiqusem,0
3fs5m6cp2b,mfbg,3,3,mbs,içiqusem,fzd,aweh,mzs,içiqusem,1
3fs5m6cp2b,mfbg,3,3,mzd,aweh,fzd,aweh,mzs,içiqusem,1
3fs5m6cp2b,mfbg,3,3,mbd,aweh,fzd,aweh,mzs,içiqusem,1
3fs5m6cp2b,mfbg,3,3,fbs,içiqusem,fzd,aweh,mzs,içiqusem,1
3fs5m6cp2b,mfbg,3,3,fzs,içiqusem,fzd,aweh,mzs,içiqusem,1
3fs5m6cp2b,mfbg,3,3,fbd,aweh,fzd,aweh,mzs,içiqusem,1
3fs5m6cp2b,mfbg,4,4,mzd,męwaqïfe,fbd,kïmy,fzs,męwaqïfe,1
3fs5m6cp2b,mfbg,4,4,fbd,kïmy,fbd,kïmy,fzs,męwaqïfe,0
3fs5m6cp2b,mfbg,4,4,mbs,męwaqïfe,fbd,kïmy,fzs,męwaqïfe,1
3fs5m6cp2b,mfbg,4,4,fbs,męwaqïfe,fbd,kïmy,fzs,męwaqïfe,1
3fs5m6cp2b,mfbg,4,4,mbd,męwaqïfe,fbd,kïmy,fzs,męwaqïfe,1
3fs5m6cp2b,mfbg,4,4,mzs,męwaqïfe,fbd,kïmy,fzs,męwaqïfe,1
3fs5m6cp2b,mfbg,4,4,fzd,męwaqïfe,fbd,kïmy,fzs,męwaqïfe,1
3fs5m6cp2b,mfbg,4,4,fbs,kïmy,fbd,kïmy,fzs,męwaqïfe,0
3fs5m6cp2b,mfbg,4,4,mbd,męwaqïfe,fbd,kïmy,fzs,męwaqïfe,1
3fs5m6cp2b,mfbg,4,4,mzs,męwaqïfe,fbd,kïmy,fzs,męwaqïfe,1
3fs5m6cp2b,mfbg,4,4,fzd,męwaqïfe,fbd,kïmy,fzs,męwaqïfe,1
3fs5m6cp2b,mfbg,1,5,fbd,awupav,fzs,ilug,mzd,awupav,1
3fs5m6cp2b,mfbg,1,5,mzd,awupav,fzs,ilug,mzd,awupav,1
3fs5m6cp2b,mfbg,1,5,fbs,awupav,fzs,ilug,mzd,awupav,1
3fs5m6cp2b,mfbg,1,5,mbd,awupav,fzs,ilug,mzd,awupav,1
3fs5m6cp2b,mfbg,1,5,mzs,awupav,fzs,ilug,mzd,awupav,1
3fs5m6cp2b,mfbg,1,5,mbs,awupav,fzs,ilug,mzd,awupav,1
3fs5m6cp2b,mfbg,1,5,fzd,ilug,fzs,ilug,mzd,awupav,0
3fs5m6cp2b,mfbg,8,6,fzd,pygele,mbd,ngapapu,fbd,goviku,0
3fs5m6cp2b,mfbg,8,6,fzd,goviku,mbd,ngapapu,fbd,goviku,0
3fs5m6cp2b,mfbg,8,6,fbs,luge,mbd,ngapapu,fbd,goviku,0
3fs5m6cp2b,mfbg,8,6,fzs,luge,mbd,ngapapu,fbd,goviku,1
3fs5m6cp2b,mfbg,8,6,mbs,pygele,mbd,ngapapu,fbd,goviku,0
3fs5m6cp2b,mfbg,8,6,mzs,luge,mbd,ngapapu,fbd,goviku,1
3fs5m6cp2b,mfbg,8,6,fbd,goviku,mbd,ngapapu,fbd,goviku,1
3fs5m6cp2b,mfbg,8,6,mzd,goviku,mbd,ngapapu,fbd,goviku,1
3fs5m6cp2b,mfbg,5,7,fbd,canšuehu,mzd,yaöpe,mbs,canšuehu,1
3fs5m6cp2b,mfbg,5,7,fzs,canšuehu,mzd,yaöpe,mbs,canšuehu,1
3fs5m6cp2b,mfbg,5,7,fzd,canšuehu,mzd,yaöpe,mbs,canšuehu,1
3fs5m6cp2b,mfbg,5,7,mbd,canšuehu,mzd,yaöpe,mbs,canšuehu,1
3fs5m6cp2b,mfbg,5,7,mzd,yaöpe,mzd,yaöpe,mbs,canšuehu,0
3fs5m6cp2b,mfbg,5,7,mzs,yaöpe,mzd,yaöpe,mbs,canšuehu,0
3fs5m6cp2b,mfbg,5,7,fbs,canšuehu,mzd,yaöpe,mbs,canšuehu,1
9r62k0regr,mfgb,2,0,fbd,popingi,mzs,ngapapu,z,kawuka,0
9r62k0regr,mfgb,2,0,fzs,ngapapu,mzs,ngapapu,z,kawuka,1
9r62k0regr,mfgb,2,0,fbs,lepego,mzs,ngapapu,z,kawuka,0
9r62k0regr,mfgb,2,0,z,kawuka,mzs,ngapapu,z,kawuka,0
9r62k0regr,mfgb,2,0,fzd,popingi,mzs,ngapapu,z,kawuka,0
9r62k0regr,mfgb,2,0,mbd,popingi,mzs,ngapapu,z,kawuka,0
9r62k0regr,mfgb,2,0,mbs,lepego,mzs,ngapapu,z,kawuka,0
9r62k0regr,mfgb,2,0,mzd,popingi,mzs,ngapapu,z,kawuka,1
9r62k0regr,mfgb,2,0,b,kawuka,mzs,ngapapu,z,kawuka,1
9r62k0regr,mfgb,3,1,fzs,sfêvdok,fzs,sfêvdok,mbs,vrêd,0
9r62k0regr,mfgb,3,1,fbs,rhåv,fzs,sfêvdok,mbs,vrêd,0
9r62k0regr,mfgb,3,1,mbd,rhymsvåd,fzs,sfêvdok,mbs,vrêd,0
9r62k0regr,mfgb,3,1,fzd,rhymsvåd,fzs,sfêvdok,mbs,vrêd,0
9r62k0regr,mfgb,3,1,mzs,rhåv,fzs,sfêvdok,mbs,vrêd,1
9r62k0regr,mfgb,3,1,mzd,rhymsvåd,fzs,sfêvdok,mbs,vrêd,1
9r62k0regr,mfgb,3,1,fbd,rhymsvåd,fzs,sfêvdok,mbs,vrêd,0
9r62k0regr,mfgb,8,2,fzs,morïky,mbs,hïlaki,fzd,męwaqïfe,0
9r62k0regr,mfgb,8,2,mzd,męwaqïfe,mbs,hïlaki,fzd,męwaqïfe,1
9r62k0regr,mfgb,8,2,mzs,morïky,mbs,hïlaki,fzd,męwaqïfe,1
9r62k0regr,mfgb,8,2,fbd,bokokohï,mbs,hïlaki,fzd,męwaqïfe,0
9r62k0regr,mfgb,8,2,mbs,hïlaki,mbs,hïlaki,fzd,męwaqïfe,1
9r62k0regr,mfgb,8,2,mbd,bokokohï,mbs,hïlaki,fzd,męwaqïfe,1
9r62k0regr,mfgb,8,2,fbs,hïlaki,mbs,hïlaki,fzd,męwaqïfe,1
9r62k0regr,mfgb,6,3,fzs,azuf,mbd,ilug,mzd,ulywaf,0
9r62k0regr,mfgb,6,3,fbd,agivud,mbd,ilug,mzd,ulywaf,0
9r62k0regr,mfgb,6,3,mbd,ilug,mbd,ilug,mzd,ulywaf,0
9r62k0regr,mfgb,6,3,fbs,ulywaf,mbd,ilug,mzd,ulywaf,0
9r62k0regr,mfgb,6,3,mbs,ulywaf,mbd,ilug,mzd,ulywaf,0
9r62k0regr,mfgb,6,3,mzs,azuf,mbd,ilug,mzd,ulywaf,0
9r62k0regr,mfgb,6,3,fzd,ulywaf,mbd,ilug,mzd,ulywaf,0
9r62k0regr,mfgb,1,4,fbs,ømenad,fbd,ømenad,fzs,içiqusem,0
9r62k0regr,mfgb,1,4,mbd,içiqusem,fbd,ømenad,fzs,içiqusem,1
9r62k0regr,mfgb,1,4,fbd,ømenad,fbd,ømenad,fzs,içiqusem,1
9r62k0regr,mfgb,1,4,mbs,içiqusem,fbd,ømenad,fzs,içiqusem,1
9r62k0regr,mfgb,1,4,mzs,ømenad,fbd,ømenad,fzs,içiqusem,1
9r62k0regr,mfgb,1,4,fzd,içiqusem,fbd,ømenad,fzs,içiqusem,1
9r62k0regr,mfgb,1,4,mzd,ømenad,fbd,ømenad,fzs,içiqusem,1
9r62k0regr,mfgb,7,5,fzd,vbāžo,fzs,ngcāžo,mbd,pžicā,0
9r62k0regr,mfgb,7,5,mbs,pžicā,fzs,ngcāžo,mbd,pžicā,0
9r62k0regr,mfgb,7,5,mzd,vbāžo,fzs,ngcāžo,mbd,pžicā,0
9r62k0regr,mfgb,7,5,mzs,ngcāžo,fzs,ngcāžo,mbd,pžicā,1
9r62k0regr,mfgb,7,5,fbs,pžicā,fzs,ngcāžo,mbd,pžicā,1
9r62k0regr,mfgb,7,5,mbd,pžicā,fzs,ngcāžo,mbd,pžicā,1
9r62k0regr,mfgb,7,5,fbd,pžicā,fzs,ngcāžo,mbd,pžicā,1
9r62k0regr,mfgb,4,6,mzd,canšuehu,mbs,canšuehu,fzs,šaaqaude,1
9r62k0regr,mfgb,4,6,fbd,beiguumu,mbs,canšuehu,fzs,šaaqaude,0
9r62k0regr,mfgb,4,6,fbs,canšuehu,mbs,canšuehu,fzs,šaaqaude,0
9r62k0regr,mfgb,4,6,fzd,canšuehu,mbs,canšuehu,fzs,šaaqaude,1
9r62k0regr,mfgb,4,6,mzs,šaaqaude,mbs,canšuehu,fzs,šaaqaude,1
9r62k0regr,mfgb,4,6,fzs,šaaqaude,mbs,canšuehu,fzs,šaaqaude,1
9r62k0regr,mfgb,4,6,mbd,canšuehu,mbs,canšuehu,fzs,šaaqaude,0
9r62k0regr,mfgb,5,7,mbd,nyumuo,mzd,qăo,fbd,nyumuo,1
9r62k0regr,mfgb,5,7,fzd,niuhiê,mzd,qăo,fbd,nyumuo,0
9r62k0regr,mfgb,5,7,mbs,qăo,mzd,qăo,fbd,nyumuo,0
9r62k0regr,mfgb,5,7,mzs,hyonăo,mzd,qăo,fbd,nyumuo,0
9r62k0regr,mfgb,5,7,fzs,qăo,mzd,qăo,fbd,nyumuo,0
9r62k0regr,mfgb,5,7,fbd,nyumuo,mzd,qăo,fbd,nyumuo,0
9r62k0regr,mfgb,5,7,fbs,hyonăo,mzd,qăo,fbd,nyumuo,0
kbnum3y523,fmgb,6,0,mbd,pygele,mzs,pygele,z,wupu,0
kbnum3y523,fmgb,6,0,mbs,pygele,mzs,pygele,z,wupu,0
kbnum3y523,fmgb,6,0,b,wupu,mzs,pygele,z,wupu,1
kbnum3y523,fmgb,6,0,fzd,pygele,mzs,pygele,z,wupu,0
kbnum3y523,fmgb,6,0,z,wupu,mzs,pygele,z,wupu,1
kbnum3y523,fmgb,6,0,mzd,pygele,mzs,pygele,z,wupu,1
kbnum3y523,fmgb,6,0,fbs,pygele,mzs,pygele,z,wupu,1
kbnum3y523,fmgb,6,0,fzs,pygele,mzs,pygele,z,wupu,1
kbnum3y523,fmgb,6,0,fbd,pygele,mzs,pygele,z,wupu,1
kbnum3y523,fmgb,2,1,fbd,awupav,fzs,awupav,mzd,agivud,0
kbnum3y523,fmgb,2,1,fbs,awupav,fzs,awupav,mzd,agivud,0
kbnum3y523,fmgb,2,1,mbs,agivud,fzs,awupav,mzd,agivud,1
kbnum3y523,fmgb,2,1,mzd,agivud,fzs,awupav,mzd,agivud,1
kbnum3y523,fmgb,2,1,mzs,agivud,fzs,awupav,mzd,agivud,1
kbnum3y523,fmgb,2,1,mbd,agivud,fzs,awupav,mzd,agivud,1
kbnum3y523,fmgb,2,1,fzd,awupav,fzs,awupav,mzd,agivud,0
kbnum3y523,fmgb,1,2,mzd,ktot,mbd,ktot,fzd,tsåvvses,1
kbnum3y523,fmgb,1,2,mbd,ktot,mbd,ktot,fzd,tsåvvses,0
kbnum3y523,fmgb,1,2,mbs,ktot,mbd,ktot,fzd,tsåvvses,1
kbnum3y523,fmgb,1,2,fzs,tsåvvses,mbd,ktot,fzd,tsåvvses,1
kbnum3y523,fmgb,1,2,mzs,ktot,mbd,ktot,fzd,tsåvvses,1
kbnum3y523,fmgb,1,2,fbd,tsåvvses,mbd,ktot,fzd,tsåvvses,1
kbnum3y523,fmgb,1,2,fbs,tsåvvses,mbd,ktot,fzd,tsåvvses,1
kbnum3y523,fmgb,7,3,fzs,męwaqïfe,fzd,kïmy,fbs,męwaqïfe,0
kbnum3y523,fmgb,7,3,mbs,męwaqïfe,fzd,kïmy,fbs,męwaqïfe,0
kbnum3y523,fmgb,7,3,mbd,kïmy,fzd,kïmy,fbs,męwaqïfe,1
kbnum3y523,fmgb,7,3,mzs,męwaqïfe,fzd,kïmy,fbs,męwaqïfe,1
kbnum3y523,fmgb,7,3,mzd,kïmy,fzd,kïmy,fbs,męwaqïfe,1
kbnum3y523,fmgb,7,3,fbd,kïmy,fzd,kïmy,fbs,męwaqïfe,1
kbnum3y523,fmgb,7,3,fzd,kïmy,fzd,kïmy,fbs,męwaqïfe,1
kbnum3y523,fmgb,8,4,fzs,canšuehu,fbs,šïïnö,mbd,canšuehu,1
kbnum3y523,fmgb,8,4,mbs,canšuehu,fbs,šïïnö,mbd,canšuehu,1
kbnum3y523,fmgb,8,4,fbd,šïïnö,fbs,šïïnö,mbd,canšuehu,0
kbnum3y523,fmgb,8,4,fzd,canšuehu,fbs,šïïnö,mbd,canšuehu,1
kbnum3y523,fmgb,8,4,fbs,šïïnö,fbs,šïïnö,mbd,canšuehu,1
kbnum3y523,fmgb,8,4,mzs,canšuehu,fbs,šïïnö,mbd,canšuehu,1
kbnum3y523,fmgb,8,4,mzd,canšuehu,fbs,šïïnö,mbd,canšuehu,1
kbnum3y523,fmgb,4,5,mbs,baumiă,fzd,gêă,fbs,baumiă,1
kbnum3y523,fmgb,4,5,fzs,gêă,fzd,gêă,fbs,baumiă,0
kbnum3y523,fmgb,4,5,mbd,baumiă,fzd,gêă,fbs,baumiă,1
kbnum3y523,fmgb,4,5,fzd,gêă,fzd,gêă,fbs,baumiă,1
kbnum3y523,fmgb,4,5,mzd,baumiă,fzd,gêă,fbs,baumiă,1
kbnum3y523,fmgb,4,5,fbd,baumiă,fzd,gêă,fbs,baumiă,1
kbnum3y523,fmgb,4,5,mzs,baumiă,fzd,gêă,fbs,baumiă,1
kbnum3y523,fmgb,5,6,fbd,vbāžo,mbd,vruži,mzd,vbāžo,1
kbnum3y523,fmgb,5,6,mzs,vbāžo,mbd,vruži,mzd,vbāžo,1
kbnum3y523,fmgb,5,6,fbs,vbāžo,mbd,vruži,mzd,vbāžo,1
kbnum3y523,fmgb,5,6,fzs,vbāžo,mbd,vruži,mzd,vbāžo,1
kbnum3y523,fmgb,5,6,fzd,vbāžo,mbd,vruži,mzd,vbāžo,1
kbnum3y523,fmgb,5,6,mbs,vruži,mbd,vruži,mzd,vbāžo,0
kbnum3y523,fmgb,5,6,mzd,vbāžo,mbd,vruži,mzd,vbāžo,1
kbnum3y523,fmgb,3,7,fbs,uquçun,mzs,orinoçim,mbs,uquçun,1
kbnum3y523,fmgb,3,7,mzs,orinoçim,mzs,orinoçim,mbs,uquçun,0
kbnum3y523,fmgb,3,7,fbd,uquçun,mzs,orinoçim,mbs,uquçun,1
kbnum3y523,fmgb,3,7,fzs,orinoçim,mzs,orinoçim,mbs,uquçun,1
kbnum3y523,fmgb,3,7,mzd,orinoçim,mzs,orinoçim,mbs,uquçun,1
kbnum3y523,fmgb,3,7,mbd,orinoçim,mzs,orinoçim,mbs,uquçun,1
kbnum3y523,fmgb,3,7,fzd,uquçun,mzs,orinoçim,mbs,uquçun,1
kbnum3y523,fmgb,3,7,fbd,uquçun,mzs,orinoçim,mbs,uquçun,1
kbnum3y523,fmgb,3,7,fzs,uquçun,mzs,orinoçim,mbs,uquçun,1
kbnum3y523,fmgb,3,7,mzd,orinoçim,mzs,orinoçim,mbs,uquçun,0
kbnum3y523,fmgb,3,7,mbd,orinoçim,mzs,orinoçim,mbs,uquçun,1
kbnum3y523,fmgb,3,7,fzd,uquçun,mzs,orinoçim,mbs,uquçun,1
xxzu4htn68,mfbg,7,0,mbs,powisunge,mbd,powisunge,b,popingi,0
xxzu4htn68,mfbg,7,0,mzd,wupu,mbd,powisunge,b,popingi,0
xxzu4htn68,mfbg,7,0,fzs,pygele,mbd,powisunge,b,popingi,0
xxzu4htn68,mfbg,7,0,fzd,pygele,mbd,powisunge,b,popingi,1
xxzu4htn68,mfbg,7,0,mzs,wupu,mbd,powisunge,b,popingi,1
xxzu4htn68,mfbg,7,0,z,popingi,mbd,powisunge,b,popingi,0
xxzu4htn68,mfbg,7,0,fbs,pygele,mbd,powisunge,b,popingi,1
xxzu4htn68,mfbg,7,0,fbd,pygele,mbd,powisunge,b,popingi,1
xxzu4htn68,mfbg,7,0,b,popingi,mbd,powisunge,b,popingi,1
xxzu4htn68,mfbg,6,1,mbd,øqoç,fbs,adeçim,mzs,ømenad,0
xxzu4htn68,mfbg,6,1,mzd,øqoç,fbs,adeçim,mzs,ømenad,1
xxzu4htn68,mfbg,6,1,fzs,adeçim,fbs,adeçim,mzs,ømenad,0
xxzu4htn68,mfbg,6,1,fbd,orinoçim,fbs,adeçim,mzs,ømenad,0
xxzu4htn68,mfbg,6,1,mzs,ømenad,fbs,adeçim,mzs,ømenad,0
xxzu4htn68,mfbg,6,1,fzd,orinoçim,fbs,adeçim,mzs,ømenad,0
xxzu4htn68,mfbg,6,1,mbs,ømenad,fbs,adeçim,mzs,ømenad,0
xxzu4htn68,mfbg,1,2,mzs,vropcāre,fbs,rbāranžā,fzs,vropcāre,1
xxzu4htn68,mfbg,1,2,mbs,rbāranžā,fbs,rbāranžā,fzs,vropcāre,0
xxzu4htn68,mfbg,1,2,mbd,pžicā,fbs,rbāranžā,fzs,vropcāre,0
xxzu4htn68,mfbg,1,2,fbs,rbāranžā,fbs,rbāranžā,fzs,vropcāre,1
xxzu4htn68,mfbg,1,2,mzd,cžunge,fbs,rbāranžā,fzs,vropcāre,0
xxzu4htn68,mfbg,1,2,fzd,cžunge,fbs,rbāranžā,fzs,vropcāre,0
xxzu4htn68,mfbg,1,2,fbd,pžicā,fbs,rbāranžā,fzs,vropcāre,0
xxzu4htn68,mfbg,5,3,mbd,niuhiê,mbd,niuhiê,fbd,nyumuo,0
xxzu4htn68,mfbg,5,3,fzd,niuhiê,mbd,niuhiê,fbd,nyumuo,1
xxzu4htn68,mfbg,5,3,mzd,nyumuo,mbd,niuhiê,fbd,nyumuo,1
xxzu4htn68,mfbg,5,3,mbs,goozăi,mbd,niuhiê,fbd,nyumuo,0
xxzu4htn68,mfbg,5,3,mzs,hyonăo,mbd,niuhiê,fbd,nyumuo,0
xxzu4htn68,mfbg,5,3,fzs,goozăi,mbd,niuhiê,fbd,nyumuo,0
xxzu4htn68,mfbg,5,3,fbs,hyonăo,mbd,niuhiê,fbd,nyumuo,0
xxzu4htn68,mfbg,3,4,mbs,töeqo,fbs,nuubö,fzs,töeqo,1
xxzu4htn68,mfbg,3,4,mbd,töeqo,fbs,nuubö,fzs,töeqo,1
xxzu4htn68,mfbg,3,4,fzd,yaöpe,fbs,nuubö,fzs,töeqo,0
xxzu4htn68,mfbg,3,4,mzs,töeqo,fbs,nuubö,fzs,töeqo,0
xxzu4htn68,mfbg,3,4,mzd,töeqo,fbs,nuubö,fzs,töeqo,0
xxzu4htn68,mfbg,3,4,fzs,töeqo,fbs,nuubö,fzs,töeqo,1
xxzu4htn68,mfbg,3,4,fbd,yaöpe,fbs,nuubö,fzs,töeqo,0
xxzu4htn68,mfbg,4,5,mbd,tsåvvses,fzd,rhåv,mzs,sfêvdok,0
xxzu4htn68,mfbg,4,5,fbd,tsåvvses,fzd,rhåv,mzs,sfêvdok,1
xxzu4htn68,mfbg,4,5,fzs,rhåv,fzd,rhåv,mzs,sfêvdok,0
xxzu4htn68,mfbg,4,5,mbs,sfêvdok,fzd,rhåv,mzs,sfêvdok,1
xxzu4htn68,mfbg,4,5,fzd,rhåv,fzd,rhåv,mzs,sfêvdok,1
xxzu4htn68,mfbg,4,5,mzd,tsåvvses,fzd,rhåv,mzs,sfêvdok,1
xxzu4htn68,mfbg,4,5,fbs,rhåv,fzd,rhåv,mzs,sfêvdok,1
xxzu4htn68,mfbg,8,6,fbd,agivud,mbd,azuf,fzd,agivud,1
xxzu4htn68,mfbg,8,6,fzd,agivud,mbd,azuf,fzd,agivud,1
xxzu4htn68,mfbg,8,6,fbs,ilug,mbd,azuf,fzd,agivud,0
xxzu4htn68,mfbg,8,6,fzs,ilug,mbd,azuf,fzd,agivud,0
xxzu4htn68,mfbg,8,6,mbs,awupav,mbd,azuf,fzd,agivud,0
xxzu4htn68,mfbg,8,6,mzd,azuf,mbd,azuf,fzd,agivud,0
xxzu4htn68,mfbg,8,6,mzs,awupav,mbd,azuf,fzd,agivud,0
xxzu4htn68,mfbg,2,7,fbd,bybï,mzs,lobowaby,mbd,bybï,1
xxzu4htn68,mfbg,2,7,fzd,bybï,mzs,lobowaby,mbd,bybï,1
xxzu4htn68,mfbg,2,7,mbd,bybï,mzs,lobowaby,mbd,bybï,1
xxzu4htn68,mfbg,2,7,fbd,bokokohï,mzs,lobowaby,mbd,bybï,0
xxzu4htn68,mfbg,2,7,fzd,bokokohï,mzs,lobowaby,mbd,bybï,1
xxzu4htn68,mfbg,2,7,fbs,zuvewu,mzs,lobowaby,mbd,bybï,0
xxzu4htn68,mfbg,2,7,mbs,lobowaby,mzs,lobowaby,mbd,bybï,0
xxzu4htn68,mfbg,2,7,fzs,zuvewu,mzs,lobowaby,mbd,bybï,1
xxzu4htn68,mfbg,2,7,mzd,bybï,mzs,lobowaby,mbd,bybï,0
9drp8p96ut,mfbg,7,0,fbs,bybï,mbd,bybï,z,bokokohï,0
9drp8p96ut,mfbg,7,0,b,bybï,mbd,bybï,z,bokokohï,1
9drp8p96ut,mfbg,7,0,mbd,bybï,mbd,bybï,z,bokokohï,1
9drp8p96ut,mfbg,7,0,mbs,bybï,mbd,bybï,z,bokokohï,1
9drp8p96ut,mfbg,7,0,mzd,bybï,mbd,bybï,z,bokokohï,1
9drp8p96ut,mfbg,7,0,fbd,bybï,mbd,bybï,z,bokokohï,1
9drp8p96ut,mfbg,7,0,fzs,bybï,mbd,bybï,z,bokokohï,1
9drp8p96ut,mfbg,7,0,mzs,bybï,mbd,bybï,z,bokokohï,1
9drp8p96ut,mfbg,7,0,fzd,bybï,mbd,bybï,z,bokokohï,1
9drp8p96ut,mfbg,3,1,mzd,hyonăo,fzs,nyumuo,mbd,hyonăo,1
9drp8p96ut,mfbg,3,1,fbs,nyumuo,fzs,nyumuo,mbd,hyonăo,0
9drp8p96ut,mfbg,3,1,mbs,hyonăo,fzs,nyumuo,mbd,hyonăo,1
9drp8p96ut,mfbg,3,1,mbd,hyonăo,fzs,nyumuo,mbd,hyonăo,1
9drp8p96ut,mfbg,3,1,fzd,nyumuo,fzs,nyumuo,mbd,hyonăo,0
9drp8p96ut,mfbg,3,1,fbd,nyumuo,fzs,nyumuo,mbd,hyonăo,0
9drp8p96ut,mfbg,3,1,mzs,hyonăo,fzs,nyumuo,mbd,hyonăo,1
9drp8p96ut,mfbg,6,2,mbd,šaaqaude,mbs,šaaqaude,fzs,töeqo,0
9drp8p96ut,mfbg,6,2,mzd,töeqo,mbs,šaaqaude,fzs,töeqo,1
9drp8p96ut,mfbg,6,2,mbs,šaaqaude,mbs,šaaqaude,fzs,töeqo,1
9drp8p96ut,mfbg,6,2,mzs,töeqo,mbs,šaaqaude,fzs,töeqo,1
9drp8p96ut,mfbg,6,2,fzd,töeqo,mbs,šaaqaude,fzs,töeqo,1
9drp8p96ut,mfbg,6,2,fbd,šaaqaude,mbs,šaaqaude,fzs,töeqo,1
9drp8p96ut,mfbg,6,2,fbs,šaaqaude,mbs,šaaqaude,fzs,töeqo,1
9drp8p96ut,mfbg,1,3,fzd,øqoç,mbd,orinoçim,fbd,øqoç,0
9drp8p96ut,mfbg,1,3,mbs,øqoç,mbd,orinoçim,fbd,øqoç,0
9drp8p96ut,mfbg,1,3,mzd,orinoçim,mbd,orinoçim,fbd,øqoç,1
9drp8p96ut,mfbg,1,3,fzs,orinoçim,mbd,orinoçim,fbd,øqoç,0
9drp8p96ut,mfbg,1,3,mzs,øqoç,mbd,orinoçim,fbd,øqoç,1
9drp8p96ut,mfbg,1,3,fbs,orinoçim,mbd,orinoçim,fbd,øqoç,1
9drp8p96ut,mfbg,1,3,mbd,orinoçim,mbd,orinoçim,fbd,øqoç,1
9drp8p96ut,mfbg,2,4,mbs,etupol,fbs,awupav,mbs,etupol,1
9drp8p96ut,mfbg,2,4,mzd,etupol,fbs,awupav,mbs,etupol,1
9drp8p96ut,mfbg,2,4,mzs,etupol,fbs,awupav,mbs,etupol,1
9drp8p96ut,mfbg,2,4,fzs,awupav,fbs,awupav,mbs,etupol,1
9drp8p96ut,mfbg,2,4,fbd,etupol,fbs,awupav,mbs,etupol,0
9drp8p96ut,mfbg,2,4,mbd,etupol,fbs,awupav,mbs,etupol,1
9drp8p96ut,mfbg,2,4,fzd,etupol,fbs,awupav,mbs,etupol,1
9drp8p96ut,mfbg,5,5,fbs,rbāranžā,fzd,pžicā,mbd,rbāranžā,1
9drp8p96ut,mfbg,5,5,mzs,rbāranžā,fzd,pžicā,mbd,rbāranžā,1
9drp8p96ut,mfbg,5,5,mzd,rbāranžā,fzd,pžicā,mbd,rbāranžā,1
9drp8p96ut,mfbg,5,5,mbs,rbāranžā,fzd,pžicā,mbd,rbāranžā,1
9drp8p96ut,mfbg,5,5,fzd,pžicā,fzd,pžicā,mbd,rbāranžā,0
9drp8p96ut,mfbg,5,5,fbd,rbāranžā,fzd,pžicā,mbd,rbāranžā,1
9drp8p96ut,mfbg,5,5,fzs,pžicā,fzd,pžicā,mbd,rbāranžā,0
9drp8p96ut,mfbg,8,6,mzd,sfêvdok,mbd,kvurddåh,fbs,sfêvdok,1
9drp8p96ut,mfbg,8,6,mzs,sfêvdok,mbd,kvurddåh,fbs,sfêvdok,1
9drp8p96ut,mfbg,8,6,fzd,sfêvdok,mbd,kvurddåh,fbs,sfêvdok,1
9drp8p96ut,mfbg,8,6,mbs,kvurddåh,mbd,kvurddåh,fbs,sfêvdok,0
9drp8p96ut,mfbg,8,6,fzs,sfêvdok,mbd,kvurddåh,fbs,sfêvdok,1
9drp8p96ut,mfbg,8,6,fbs,sfêvdok,mbd,kvurddåh,fbs,sfêvdok,1
9drp8p96ut,mfbg,8,6,fbd,sfêvdok,mbd,kvurddåh,fbs,sfêvdok,1
9drp8p96ut,mfbg,4,7,fzd,pygele,mzs,goviku,mbs,pygele,1
9drp8p96ut,mfbg,4,7,mbd,pygele,mzs,goviku,mbs,pygele,1
9drp8p96ut,mfbg,4,7,fbs,pygele,mzs,goviku,mbs,pygele,1
9drp8p96ut,mfbg,4,7,mzd,goviku,mzs,goviku,mbs,pygele,0
9drp8p96ut,mfbg,4,7,mbs,pygele,mzs,goviku,mbs,pygele,1
9drp8p96ut,mfbg,4,7,fbd,pygele,mzs,goviku,mbs,pygele,1
9drp8p96ut,mfbg,4,7,fzs,pygele,mzs,goviku,mbs,pygele,1
rxzy9xwpkp,fmbg,7,0,fbd,baumiă,mbs,baumiă,b,nyumuo,0
rxzy9xwpkp,fmbg,7,0,fbs,baumiă,mbs,baumiă,b,nyumuo,0
rxzy9xwpkp,fmbg,7,0,mzs,baumiă,mbs,baumiă,b,nyumuo,0
rxzy9xwpkp,fmbg,7,0,fzd,baumiă,mbs,baumiă,b,nyumuo,1
rxzy9xwpkp,fmbg,7,0,fzs,baumiă,mbs,baumiă,b,nyumuo,1
rxzy9xwpkp,fmbg,7,0,mbd,baumiă,mbs,baumiă,b,nyumuo,1
rxzy9xwpkp,fmbg,7,0,z,baumiă,mbs,baumiă,b,nyumuo,1
rxzy9xwpkp,fmbg,7,0,mzd,baumiă,mbs,baumiă,b,nyumuo,1
rxzy9xwpkp,fmbg,7,0,mbs,baumiă,mbs,baumiă,b,nyumuo,1
rxzy9xwpkp,fmbg,4,1,fzd,uquçun,fbs,uquçun,mbs,orinoçim,0
rxzy9xwpkp,fmbg,4,1,mbd,orinoçim,fbs,uquçun,mbs,orinoçim,1
rxzy9xwpkp,fmbg,4,1,mbs,orinoçim,fbs,uquçun,mbs,orinoçim,1
rxzy9xwpkp,fmbg,4,1,mzd,orinoçim,fbs,uquçun,mbs,orinoçim,1
rxzy9xwpkp,fmbg,4,1,fzs,uquçun,fbs,uquçun,mbs,orinoçim,0
rxzy9xwpkp,fmbg,4,1,mzs,orinoçim,fbs,uquçun,mbs,orinoçim,1
rxzy9xwpkp,fmbg,4,1,fbd,uquçun,fbs,uquçun,mbs,orinoçim,0
rxzy9xwpkp,fmbg,3,2,mzs,morïky,mbs,morïky,fzd,kïmy,1
rxzy9xwpkp,fmbg,3,2,fbs,morïky,mbs,morïky,fzd,kïmy,0
rxzy9xwpkp,fmbg,3,2,fzd,kïmy,mbs,morïky,fzd,kïmy,1
rxzy9xwpkp,fmbg,3,2,fbd,kïmy,mbs,morïky,fzd,kïmy,0
rxzy9xwpkp,fmbg,3,2,mbd,kïmy,mbs,morïky,fzd,kïmy,0
rxzy9xwpkp,fmbg,3,2,mzd,kïmy,mbs,morïky,fzd,kïmy,1
rxzy9xwpkp,fmbg,3,2,mbd,hïlaki,mbs,morïky,fzd,kïmy,0
rxzy9xwpkp,fmbg,3,2,mzd,hïlaki,mbs,morïky,fzd,kïmy,0
rxzy9xwpkp,fmbg,3,2,fzs,hïlaki,mbs,morïky,fzd,kïmy,0
rxzy9xwpkp,fmbg,8,3,mbd,agivud,mbs,etupol,fbs,idanuluf,0
rxzy9xwpkp,fmbg,8,3,mzd,agivud,mbs,etupol,fbs,idanuluf,0
rxzy9xwpkp,fmbg,8,3,fbd,egezalat,mbs,etupol,fbs,idanuluf,0
rxzy9xwpkp,fmbg,8,3,fzd,egezalat,mbs,etupol,fbs,idanuluf,0
rxzy9xwpkp,fmbg,8,3,mbs,etupol,mbs,etupol,fbs,idanuluf,1
rxzy9xwpkp,fmbg,8,3,mzs,etupol,mbs,etupol,fbs,idanuluf,0
rxzy9xwpkp,fmbg,8,3,fzs,idanuluf,mbs,etupol,fbs,idanuluf,1
rxzy9xwpkp,fmbg,1,4,fzd,rhymsvåd,fbd,smêvskêv,fzd,rhymsvåd,1
rxzy9xwpkp,fmbg,1,4,fzs,rhymsvåd,fbd,smêvskêv,fzd,rhymsvåd,1
rxzy9xwpkp,fmbg,1,4,mbd,rhymsvåd,fbd,smêvskêv,fzd,rhymsvåd,1
rxzy9xwpkp,fmbg,1,4,fbs,smêvskêv,fbd,smêvskêv,fzd,rhymsvåd,0
rxzy9xwpkp,fmbg,1,4,mbs,rhymsvåd,fbd,smêvskêv,fzd,rhymsvåd,1
rxzy9xwpkp,fmbg,1,4,mzs,rhymsvåd,fbd,smêvskêv,fzd,rhymsvåd,1
rxzy9xwpkp,fmbg,1,4,mzd,rhymsvåd,fbd,smêvskêv,fzd,rhymsvåd,1
rxzy9xwpkp,fmbg,5,5,fbs,pžicā,fzd,pžicā,mbd,vropcāre,1
rxzy9xwpkp,fmbg,5,5,mzs,vropcāre,fzd,pžicā,mbd,vropcāre,1
rxzy9xwpkp,fmbg,5,5,mbs,pžicā,fzd,pžicā,mbd,vropcāre,1
rxzy9xwpkp,fmbg,5,5,fbd,vropcāre,fzd,pžicā,mbd,vropcāre,1
rxzy9xwpkp,fmbg,5,5,mbd,vropcāre,fzd,pžicā,mbd,vropcāre,1
rxzy9xwpkp,fmbg,5,5,mzd,pžicā,fzd,pžicā,mbd,vropcāre,1
rxzy9xwpkp,fmbg,5,5,fzs,pžicā,fzd,pžicā,mbd,vropcāre,0
rxzy9xwpkp,fmbg,5,5,mzd,vropcāre,fzd,pžicā,mbd,vropcāre,1
rxzy9xwpkp,fmbg,5,5,fzs,pžicā,fzd,pžicā,mbd,vropcāre,0
rxzy9xwpkp,fmbg,2,6,fbs,goviku,mbd,luge,fzs,goviku,1
rxzy9xwpkp,fmbg,2,6,mbs,luge,mbd,luge,fzs,goviku,0
rxzy9xwpkp,fmbg,2,6,fzd,goviku,mbd,luge,fzs,goviku,1
rxzy9xwpkp,fmbg,2,6,mbd,luge,mbd,luge,fzs,goviku,1
rxzy9xwpkp,fmbg,2,6,mzs,wupu,mbd,luge,fzs,goviku,0
rxzy9xwpkp,fmbg,2,6,fbd,wupu,mbd,luge,fzs,goviku,0
rxzy9xwpkp,fmbg,2,6,mzs,goviku,mbd,luge,fzs,goviku,0
rxzy9xwpkp,fmbg,2,6,fbd,goviku,mbd,luge,fzs,goviku,0
rxzy9xwpkp,fmbg,2,6,mzs,luge,mbd,luge,fzs,goviku,0
rxzy9xwpkp,fmbg,2,6,fbd,luge,mbd,luge,fzs,goviku,0
rxzy9xwpkp,fmbg,2,6,fbd,wupu,mbd,luge,fzs,goviku,0
rxzy9xwpkp,fmbg,2,6,fbd,goviku,mbd,luge,fzs,goviku,0
rxzy9xwpkp,fmbg,2,6,mzd,wupu,mbd,luge,fzs,goviku,1
rxzy9xwpkp,fmbg,6,7,fbs,tuumïhu,mzs,tuumïhu,mbs,cöahido,1
rxzy9xwpkp,fmbg,6,7,fbs,cöahido,mzs,tuumïhu,mbs,cöahido,1
rxzy9xwpkp,fmbg,6,7,fbd,töeqo,mzs,tuumïhu,mbs,cöahido,0
rxzy9xwpkp,fmbg,6,7,mzd,töeqo,mzs,tuumïhu,mbs,cöahido,0
rxzy9xwpkp,fmbg,6,7,fzd,töeqo,mzs,tuumïhu,mbs,cöahido,0
rxzy9xwpkp,fmbg,6,7,mbs,cöahido,mzs,tuumïhu,mbs,cöahido,1
rxzy9xwpkp,fmbg,6,7,mbd,töeqo,mzs,tuumïhu,mbs,cöahido,1
rxzy9xwpkp,fmbg,6,7,fbs,tuumïhu,mzs,tuumïhu,mbs,cöahido,1
rxzy9xwpkp,fmbg,6,7,fbs,töeqo,mzs,tuumïhu,mbs,cöahido,1
rxzy9xwpkp,fmbg,6,7,fbs,cöahido,mzs,tuumïhu,mbs,cöahido,1
rxzy9xwpkp,fmbg,6,7,fbd,töeqo,mzs,tuumïhu,mbs,cöahido,1
rxzy9xwpkp,fmbg,6,7,mzd,töeqo,mzs,tuumïhu,mbs,cöahido,0
rxzy9xwpkp,fmbg,6,7,fzd,töeqo,mzs,tuumïhu,mbs,cöahido,1
rxzy9xwpkp,fmbg,6,7,mbd,töeqo,mzs,tuumïhu,mbs,cöahido,1
rxzy9xwpkp,fmbg,6,7,fzs,cöahido,mzs,tuumïhu,mbs,cöahido,1
3efko77scp,fmgb,7,0,mbs,lawolu,mzd,lawolu,z,powisunge,0
3efko77scp,fmgb,7,0,mzs,lawolu,mzd,lawolu,z,powisunge,0
3efko77scp,fmgb,7,0,b,powisunge,mzd,lawolu,z,powisunge,1
3efko77scp,fmgb,7,0,fbd,lawolu,mzd,lawolu,z,powisunge,0
3efko77scp,fmgb,7,0,fbs,lawolu,mzd,lawolu,z,powisunge,1
3efko77scp,fmgb,7,0,fzd,lawolu,mzd,lawolu,z,powisunge,1
3efko77scp,fmgb,7,0,fzs,lawolu,mzd,lawolu,z,powisunge,1
3efko77scp,fmgb,7,0,mbd,lawolu,mzd,lawolu,z,powisunge,1
3efko77scp,fmgb,7,0,z,powisunge,mzd,lawolu,z,powisunge,1
3efko77scp,fmgb,3,1,fzd,žbodu,fzs,nžodo,mzd,žbodu,0
3efko77scp,fmgb,3,1,mbs,nžodo,fzs,nžodo,mzd,žbodu,1
3efko77scp,fmgb,3,1,fbd,žbodu,fzs,nžodo,mzd,žbodu,0
3efko77scp,fmgb,3,1,mzs,nžodo,fzs,nžodo,mzd,žbodu,1
3efko77scp,fmgb,3,1,fbs,nžodo,fzs,nžodo,mzd,žbodu,0
3efko77scp,fmgb,3,1,mzd,žbodu,fzs,nžodo,mzd,žbodu,1
3efko77scp,fmgb,3,1,mbd,žbodu,fzs,nžodo,mzd,žbodu,1
3efko77scp,fmgb,6,2,mbs,möïtu,fbd,canšuehu,mzd,töeqo,0
3efko77scp,fmgb,6,2,mbd,töeqo,fbd,canšuehu,mzd,töeqo,1
3efko77scp,fmgb,6,2,fzs,yaöpe,fbd,canšuehu,mzd,töeqo,0
3efko77scp,fmgb,6,2,fbd,canšuehu,fbd,canšuehu,mzd,töeqo,0
3efko77scp,fmgb,6,2,mzs,möïtu,fbd,canšuehu,mzd,töeqo,0
3efko77scp,fmgb,6,2,fzd,canšuehu,fbd,canšuehu,mzd,töeqo,1
3efko77scp,fmgb,6,2,fbs,yaöpe,fbd,canšuehu,mzd,töeqo,0
3efko77scp,fmgb,1,3,mzs,ømenad,fzd,uquçun,mzs,ømenad,1
3efko77scp,fmgb,1,3,mbd,adeçim,fzd,uquçun,mzs,ømenad,0
3efko77scp,fmgb,1,3,fbs,ømenad,fzd,uquçun,mzs,ømenad,0
3efko77scp,fmgb,1,3,fzs,adeçim,fzd,uquçun,mzs,ømenad,0
3efko77scp,fmgb,1,3,fbd,iqur,fzd,uquçun,mzs,ømenad,0
3efko77scp,fmgb,1,3,mbs,uquçun,fzd,uquçun,mzs,ømenad,0
3efko77scp,fmgb,1,3,mzd,iqur,fzd,uquçun,mzs,ømenad,0
3efko77scp,fmgb,4,4,mbd,nyumuo,fbs,qăo,mzd,nyumuo,1
3efko77scp,fmgb,4,4,fzd,nyumuo,fbs,qăo,mzd,nyumuo,1
3efko77scp,fmgb,4,4,fbs,qăo,fbs,qăo,mzd,nyumuo,0
3efko77scp,fmgb,4,4,fbd,nyumuo,fbs,qăo,mzd,nyumuo,1
3efko77scp,fmgb,4,4,mbs,qăo,fbs,qăo,mzd,nyumuo,1
3efko77scp,fmgb,4,4,fzs,qăo,fbs,qăo,mzd,nyumuo,1
3efko77scp,fmgb,4,4,mzs,qăo,fbs,qăo,mzd,nyumuo,1
3efko77scp,fmgb,8,5,fzd,ryvïri,fzs,ryvïri,mbs,męwaqïfe,0
3efko77scp,fmgb,8,5,mbd,męwaqïfe,fzs,ryvïri,mbs,męwaqïfe,1
3efko77scp,fmgb,8,5,mzd,męwaqïfe,fzs,ryvïri,mbs,męwaqïfe,1
3efko77scp,fmgb,8,5,fbd,ryvïri,fzs,ryvïri,mbs,męwaqïfe,1
3efko77scp,fmgb,8,5,mzs,męwaqïfe,fzs,ryvïri,mbs,męwaqïfe,1
3efko77scp,fmgb,8,5,mbs,męwaqïfe,fzs,ryvïri,mbs,męwaqïfe,1
3efko77scp,fmgb,8,5,fbs,ryvïri,fzs,ryvïri,mbs,męwaqïfe,1
3efko77scp,fmgb,5,6,fbd,svik,mbs,sfêvdok,fzs,ktåvrhus,0
3efko77scp,fmgb,5,6,fbs,ktåvrhus,mbs,sfêvdok,fzs,ktåvrhus,1
3efko77scp,fmgb,5,6,mzs,sfêvdok,mbs,sfêvdok,fzs,ktåvrhus,1
3efko77scp,fmgb,5,6,mbd,rhymsvåd,mbs,sfêvdok,fzs,ktåvrhus,0
3efko77scp,fmgb,5,6,mbs,sfêvdok,mbs,sfêvdok,fzs,ktåvrhus,1
3efko77scp,fmgb,5,6,fzd,svik,mbs,sfêvdok,fzs,ktåvrhus,0
3efko77scp,fmgb,5,6,mzd,rhymsvåd,mbs,sfêvdok,fzs,ktåvrhus,0
3efko77scp,fmgb,2,7,fzs,ilug,mzd,otev,fzd,ilug,1
3efko77scp,fmgb,2,7,mzs,otev,mzd,otev,fzd,ilug,0
3efko77scp,fmgb,2,7,mbs,ilug,mzd,otev,fzd,ilug,1
3efko77scp,fmgb,2,7,mbd,ilug,mzd,otev,fzd,ilug,1
3efko77scp,fmgb,2,7,fbd,otev,mzd,otev,fzd,ilug,1
3efko77scp,fmgb,2,7,fzd,ilug,mzd,otev,fzd,ilug,1
3efko77scp,fmgb,2,7,fbs,otev,mzd,otev,fzd,ilug,1
0q8bzdvgxy,mfgb,6,0,z,möïtu,mzd,yaöpe,b,möïtu,1
0q8bzdvgxy,mfgb,6,0,fbd,yaöpe,mzd,yaöpe,b,möïtu,0
0q8bzdvgxy,mfgb,6,0,fzd,yaöpe,mzd,yaöpe,b,möïtu,0
0q8bzdvgxy,mfgb,6,0,mzd,yaöpe,mzd,yaöpe,b,möïtu,1
0q8bzdvgxy,mfgb,6,0,fzs,šaaqaude,mzd,yaöpe,b,möïtu,0
0q8bzdvgxy,mfgb,6,0,mbd,yaöpe,mzd,yaöpe,b,möïtu,0
0q8bzdvgxy,mfgb,6,0,mzs,šaaqaude,mzd,yaöpe,b,möïtu,1
0q8bzdvgxy,mfgb,6,0,mbs,šaaqaude,mzd,yaöpe,b,möïtu,1
0q8bzdvgxy,mfgb,6,0,fbs,šaaqaude,mzd,yaöpe,b,möïtu,1
0q8bzdvgxy,mfgb,7,1,fbs,byure,fzs,byure,mzs,vbāžo,0
0q8bzdvgxy,mfgb,7,1,fzd,cžunge,fzs,byure,mzs,vbāžo,0
0q8bzdvgxy,mfgb,7,1,fbd,cžunge,fzs,byure,mzs,vbāžo,1
0q8bzdvgxy,mfgb,7,1,mbs,vbāžo,fzs,byure,mzs,vbāžo,0
0q8bzdvgxy,mfgb,7,1,mzs,vbāžo,fzs,byure,mzs,vbāžo,1
0q8bzdvgxy,mfgb,7,1,mbd,rbāranžā,fzs,byure,mzs,vbāžo,0
0q8bzdvgxy,mfgb,7,1,mzd,rbāranžā,fzs,byure,mzs,vbāžo,1
0q8bzdvgxy,mfgb,2,2,mbs,baumiă,fbd,gêă,mzd,nyumuo,0
0q8bzdvgxy,mfgb,2,2,mbd,nyumuo,fbd,gêă,mzd,nyumuo,1
0q8bzdvgxy,mfgb,2,2,fzs,baumiă,fbd,gêă,mzd,nyumuo,0
0q8bzdvgxy,mfgb,2,2,fbd,gêă,fbd,gêă,mzd,nyumuo,1
0q8bzdvgxy,mfgb,2,2,mzs,baumiă,fbd,gêă,mzd,nyumuo,0
0q8bzdvgxy,mfgb,2,2,fzd,gêă,fbd,gêă,mzd,nyumuo,0
0q8bzdvgxy,mfgb,2,2,fzd,gêă,fbd,gêă,mzd,nyumuo,0
0q8bzdvgxy,mfgb,2,2,fzd,nyumuo,fbd,gêă,mzd,nyumuo,0
0q8bzdvgxy,mfgb,2,2,fbs,baumiă,fbd,gêă,mzd,nyumuo,1
0q8bzdvgxy,mfgb,5,3,fbd,zuvewu,mbs,morïky,mzd,zuvewu,1
0q8bzdvgxy,mfgb,5,3,fzd,hïlaki,mbs,morïky,mzd,zuvewu,0
0q8bzdvgxy,mfgb,5,3,fzs,morïky,mbs,morïky,mzd,zuvewu,1
0q8bzdvgxy,mfgb,5,3,fbs,ryvïri,mbs,morïky,mzd,zuvewu,0
0q8bzdvgxy,mfgb,5,3,mzs,ryvïri,mbs,morïky,mzd,zuvewu,0
0q8bzdvgxy,mfgb,5,3,mzd,zuvewu,mbs,morïky,mzd,zuvewu,1
0q8bzdvgxy,mfgb,5,3,mbd,hïlaki,mbs,morïky,mzd,zuvewu,0
0q8bzdvgxy,mfgb,3,4,fzd,içiqusem,fbs,emøyeç,mzd,içiqusem,1
0q8bzdvgxy,mfgb,3,4,fbd,emøyeç,fbs,emøyeç,mzd,içiqusem,0
0q8bzdvgxy,mfgb,3,4,fzs,içiqusem,fbs,emøyeç,mzd,içiqusem,1
0q8bzdvgxy,mfgb,3,4,mbs,içiqusem,fbs,emøyeç,mzd,içiqusem,1
0q8bzdvgxy,mfgb,3,4,mzs,içiqusem,fbs,emøyeç,mzd,içiqusem,1
0q8bzdvgxy,mfgb,3,4,mbd,içiqusem,fbs,emøyeç,mzd,içiqusem,1
0q8bzdvgxy,mfgb,3,4,fbs,emøyeç,fbs,emøyeç,mzd,içiqusem,0
0q8bzdvgxy,mfgb,4,5,mbd,etupol,fzs,ozatof,mbd,etupol,1
0q8bzdvgxy,mfgb,4,5,mbs,ozatof,fzs,ozatof,mbd,etupol,1
0q8bzdvgxy,mfgb,4,5,mbs,awupav,fzs,ozatof,mbd,etupol,0
0q8bzdvgxy,mfgb,4,5,mbs,ozatof,fzs,ozatof,mbd,etupol,0
0q8bzdvgxy,mfgb,4,5,mbs,awupav,fzs,ozatof,mbd,etupol,0
0q8bzdvgxy,mfgb,4,5,fbs,awupav,fzs,ozatof,mbd,etupol,1
0q8bzdvgxy,mfgb,4,5,mzd,etupol,fzs,ozatof,mbd,etupol,1
0q8bzdvgxy,mfgb,4,5,fbd,etupol,fzs,ozatof,mbd,etupol,1
0q8bzdvgxy,mfgb,4,5,fzd,egezalat,fzs,ozatof,mbd,etupol,0
0q8bzdvgxy,mfgb,4,5,mzs,awupav,fzs,ozatof,mbd,etupol,0
0q8bzdvgxy,mfgb,8,6,fbs,kvurddåh,mbs,kvurddåh,fzd,ktåvrhus,1
0q8bzdvgxy,mfgb,8,6,fzd,ktåvrhus,mbs,kvurddåh,fzd,ktåvrhus,1
0q8bzdvgxy,mfgb,8,6,mzs,kvurddåh,mbs,kvurddåh,fzd,ktåvrhus,1
0q8bzdvgxy,mfgb,8,6,fbd,ktåvrhus,mbs,kvurddåh,fzd,ktåvrhus,1
0q8bzdvgxy,mfgb,8,6,fzs,kvurddåh,mbs,kvurddåh,fzd,ktåvrhus,1
0q8bzdvgxy,mfgb,8,6,mbd,ktåvrhus,mbs,kvurddåh,fzd,ktåvrhus,0
0q8bzdvgxy,mfgb,8,6,mzd,ktåvrhus,mbs,kvurddåh,fzd,ktåvrhus,1
0q8bzdvgxy,mfgb,1,7,mzs,ngapapu,mzs,ngapapu,fzs,wupu,0
0q8bzdvgxy,mfgb,1,7,mbs,ngapapu,mzs,ngapapu,fzs,wupu,1
0q8bzdvgxy,mfgb,1,7,mbd,wupu,mzs,ngapapu,fzs,wupu,1
0q8bzdvgxy,mfgb,1,7,mzd,wupu,mzs,ngapapu,fzs,wupu,1
0q8bzdvgxy,mfgb,1,7,fzd,ngapapu,mzs,ngapapu,fzs,wupu,1
0q8bzdvgxy,mfgb,1,7,fbd,ngapapu,mzs,ngapapu,fzs,wupu,1
0q8bzdvgxy,mfgb,1,7,fbs,ngapapu,mzs,ngapapu,fzs,wupu,1
so2ywkynjc,fmgb,4,1,fbs,tuumïhu,fbd,tuumïhu,mzd,töeqo,0
so2ywkynjc,fmgb,4,1,mzs,töeqo,fbd,tuumïhu,mzd,töeqo,1
so2ywkynjc,fmgb,4,1,mbd,töeqo,fbd,tuumïhu,mzd,töeqo,1
so2ywkynjc,fmgb,4,1,fzd,tuumïhu,fbd,tuumïhu,mzd,töeqo,0
so2ywkynjc,fmgb,4,1,fzs,tuumïhu,fbd,tuumïhu,mzd,töeqo,0
so2ywkynjc,fmgb,4,1,fbd,tuumïhu,fbd,tuumïhu,mzd,töeqo,1
so2ywkynjc,fmgb,4,1,mbs,töeqo,fbd,tuumïhu,mzd,töeqo,1
so2ywkynjc,fmgb,8,2,fzd,agivud,mbs,azuf,fzs,agivud,1
so2ywkynjc,fmgb,8,2,fbs,azuf,mbs,azuf,fzs,agivud,0
so2ywkynjc,fmgb,8,2,mzs,agivud,mbs,azuf,fzs,agivud,1
so2ywkynjc,fmgb,8,2,fzs,agivud,mbs,azuf,fzs,agivud,1
so2ywkynjc,fmgb,8,2,fbd,azuf,mbs,azuf,fzs,agivud,0
so2ywkynjc,fmgb,8,2,mbd,azuf,mbs,azuf,fzs,agivud,0
so2ywkynjc,fmgb,8,2,mzd,agivud,mbs,azuf,fzs,agivud,1
so2ywkynjc,fmgb,6,3,fbs,nyumuo,mbd,nyumuo,fbd,nyumuo,1
so2ywkynjc,fmgb,6,3,fbd,nyumuo,mbd,nyumuo,fbd,nyumuo,1
so2ywkynjc,fmgb,6,3,fzd,nyumuo,mbd,nyumuo,fbd,nyumuo,1
so2ywkynjc,fmgb,6,3,mzs,nyumuo,mbd,nyumuo,fbd,nyumuo,1
so2ywkynjc,fmgb,6,3,mzd,nyumuo,mbd,nyumuo,fbd,nyumuo,1
so2ywkynjc,fmgb,6,3,mbs,nyumuo,mbd,nyumuo,fbd,nyumuo,1
so2ywkynjc,fmgb,6,3,fzs,nyumuo,mbd,nyumuo,fbd,nyumuo,1
so2ywkynjc,fmgb,7,4,mzs,morïky,fbd,bokokohï,mbs,morïky,1
so2ywkynjc,fmgb,7,4,mzd,bokokohï,fbd,bokokohï,mbs,morïky,1
so2ywkynjc,fmgb,7,4,fzs,morïky,fbd,bokokohï,mbs,morïky,1
so2ywkynjc,fmgb,7,4,fbs,morïky,fbd,bokokohï,mbs,morïky,0
so2ywkynjc,fmgb,7,4,mbd,bokokohï,fbd,bokokohï,mbs,morïky,1
so2ywkynjc,fmgb,7,4,fzd,bokokohï,fbd,bokokohï,mbs,morïky,1
so2ywkynjc,fmgb,7,4,mbs,morïky,fbd,bokokohï,mbs,morïky,1
so2ywkynjc,fmgb,5,5,fzs,ktåvrhus,fzd,ktåvrhus,fbs,ktot,0
so2ywkynjc,fmgb,5,5,fbd,ktot,fzd,ktåvrhus,fbs,ktot,1
so2ywkynjc,fmgb,5,5,fzd,ktåvrhus,fzd,ktåvrhus,fbs,ktot,1
so2ywkynjc,fmgb,5,5,mbs,ktot,fzd,ktåvrhus,fbs,ktot,1
so2ywkynjc,fmgb,5,5,mzd,ktot,fzd,ktåvrhus,fbs,ktot,1
so2ywkynjc,fmgb,5,5,mzs,ktot,fzd,ktåvrhus,fbs,ktot,1
so2ywkynjc,fmgb,5,5,mbd,ktot,fzd,ktåvrhus,fbs,ktot,1
so2ywkynjc,fmgb,1,6,fbd,aweh,mbs,uquçun,fzd,aweh,1
so2ywkynjc,fmgb,1,6,fzd,aweh,mbs,uquçun,fzd,aweh,1
so2ywkynjc,fmgb,1,6,fzs,aweh,mbs,uquçun,fzd,aweh,1
so2ywkynjc,fmgb,1,6,mbd,uquçun,mbs,uquçun,fzd,aweh,0
so2ywkynjc,fmgb,1,6,mzs,aweh,mbs,uquçun,fzd,aweh,1
so2ywkynjc,fmgb,1,6,fbs,aweh,mbs,uquçun,fzd,aweh,1
so2ywkynjc,fmgb,1,6,mzd,aweh,mbs,uquçun,fzd,aweh,1
so2ywkynjc,fmgb,2,7,fbd,popingi,mzs,kawuka,fzd,popingi,1
so2ywkynjc,fmgb,2,7,fzs,popingi,mzs,kawuka,fzd,popingi,1
so2ywkynjc,fmgb,2,7,fzd,popingi,mzs,kawuka,fzd,popingi,1
so2ywkynjc,fmgb,2,7,mzd,kawuka,mzs,kawuka,fzd,popingi,0
so2ywkynjc,fmgb,2,7,mbd,popingi,mzs,kawuka,fzd,popingi,1
so2ywkynjc,fmgb,2,7,mbs,popingi,mzs,kawuka,fzd,popingi,1
so2ywkynjc,fmgb,2,7,fbs,popingi,mzs,kawuka,fzd,popingi,1
q7mqc1mst0,mfgb,8,0,b,žbodu,mbs,rbāranžā,b,žbodu,1
q7mqc1mst0,mfgb,8,0,z,vbāžo,mbs,rbāranžā,b,žbodu,0
q7mqc1mst0,mfgb,8,0,fzs,rbāranžā,mbs,rbāranžā,b,žbodu,0
q7mqc1mst0,mfgb,8,0,fzd,ngcāžo,mbs,rbāranžā,b,žbodu,0
q7mqc1mst0,mfgb,8,0,fbs,rbāranžā,mbs,rbāranžā,b,žbodu,1
q7mqc1mst0,mfgb,8,0,mbd,ngcāžo,mbs,rbāranžā,b,žbodu,1
q7mqc1mst0,mfgb,8,0,mzd,ngcāžo,mbs,rbāranžā,b,žbodu,1
q7mqc1mst0,mfgb,8,0,fbd,rbāranžā,mbs,rbāranžā,b,žbodu,1
q7mqc1mst0,mfgb,8,0,fbd,ngcāžo,mbs,rbāranžā,b,žbodu,1
q7mqc1mst0,mfgb,8,0,mzs,rbāranžā,mbs,rbāranžā,b,žbodu,1
q7mqc1mst0,mfgb,5,1,fbd,morïky,fzd,morïky,mbs,hïlaki,0
q7mqc1mst0,mfgb,5,1,mbd,morïky,fzd,morïky,mbs,hïlaki,1
q7mqc1mst0,mfgb,5,1,mzd,morïky,fzd,morïky,mbs,hïlaki,1
q7mqc1mst0,mfgb,5,1,fzd,morïky,fzd,morïky,mbs,hïlaki,1
q7mqc1mst0,mfgb,5,1,fzs,hïlaki,fzd,morïky,mbs,hïlaki,1
q7mqc1mst0,mfgb,5,1,mzs,hïlaki,fzd,morïky,mbs,hïlaki,1
q7mqc1mst0,mfgb,5,1,fbs,hïlaki,fzd,morïky,mbs,hïlaki,1
q7mqc1mst0,mfgb,4,2,fbs,kawuka,mbd,lepego,fzs,kawuka,0
q7mqc1mst0,mfgb,4,2,mzs,kawuka,mbd,lepego,fzs,kawuka,1
q7mqc1mst0,mfgb,4,2,mbd,lepego,mbd,lepego,fzs,kawuka,1
q7mqc1mst0,mfgb,4,2,fzd,lepego,mbd,lepego,fzs,kawuka,1
q7mqc1mst0,mfgb,4,2,fbd,lepego,mbd,lepego,fzs,kawuka,1
q7mqc1mst0,mfgb,2,3,fzd,orinoçim,mbs,aweh,fbd,orinoçim,0
q7mqc1mst0,mfgb,2,3,mzd,orinoçim,mbs,aweh,fbd,orinoçim,1
q7mqc1mst0,mfgb,2,3,mbd,orinoçim,mbs,aweh,fbd,orinoçim,0
q7mqc1mst0,mfgb,2,3,mzs,aweh,mbs,aweh,fbd,orinoçim,1
q7mqc1mst0,mfgb,2,3,fbs,aweh,mbs,aweh,fbd,orinoçim,1
q7mqc1mst0,mfgb,2,3,fbd,orinoçim,mbs,aweh,fbd,orinoçim,1
q7mqc1mst0,mfgb,2,3,fzs,aweh,mbs,aweh,fbd,orinoçim,0
q7mqc1mst0,mfgb,3,4,fzs,yaöpe,fbd,töeqo,mzs,yaöpe,1
q7mqc1mst0,mfgb,3,4,mbd,töeqo,fbd,töeqo,mzs,yaöpe,1
q7mqc1mst0,mfgb,3,4,fbs,yaöpe,fbd,töeqo,mzs,yaöpe,0
q7mqc1mst0,mfgb,3,4,mzs,yaöpe,fbd,töeqo,mzs,yaöpe,1
q7mqc1mst0,mfgb,3,4,mbs,yaöpe,fbd,töeqo,mzs,yaöpe,1
q7mqc1mst0,mfgb,3,4,mzd,töeqo,fbd,töeqo,mzs,yaöpe,1
q7mqc1mst0,mfgb,3,4,fzd,töeqo,fbd,töeqo,mzs,yaöpe,1
q7mqc1mst0,mfgb,1,5,fbs,qăo,fzd,niuhiê,mbs,qăo,1
q7mqc1mst0,mfgb,1,5,mbd,qăo,fzd,niuhiê,mbs,qăo,1
q7mqc1mst0,mfgb,1,5,mzs,qăo,fzd,niuhiê,mbs,qăo,1
q7mqc1mst0,mfgb,1,5,fbd,qăo,fzd,niuhiê,mbs,qăo,1
q7mqc1mst0,mfgb,1,5,mzd,niuhiê,fzd,niuhiê,mbs,qăo,1
q7mqc1mst0,mfgb,1,5,mbs,qăo,fzd,niuhiê,mbs,qăo,1
q7mqc1mst0,mfgb,1,5,fzs,qăo,fzd,niuhiê,mbs,qăo,0
q7mqc1mst0,mfgb,1,5,fzs,qăo,fzd,niuhiê,mbs,qăo,0
q7mqc1mst0,mfgb,1,5,fbd,baumiă,fzd,niuhiê,mbs,qăo,0
q7mqc1mst0,mfgb,1,5,mzd,niuhiê,fzd,niuhiê,mbs,qăo,0
q7mqc1mst0,mfgb,1,5,fzs,qăo,fzd,niuhiê,mbs,qăo,0
q7mqc1mst0,mfgb,1,5,mbd,niuhiê,fzd,niuhiê,mbs,qăo,0
q7mqc1mst0,mfgb,1,5,mzs,qăo,fzd,niuhiê,mbs,qăo,1
q7mqc1mst0,mfgb,1,5,fbd,niuhiê,fzd,niuhiê,mbs,qăo,1
q7mqc1mst0,mfgb,1,5,mzd,niuhiê,fzd,niuhiê,mbs,qăo,1
q7mqc1mst0,mfgb,1,5,fzs,qăo,fzd,niuhiê,mbs,qăo,0
q7mqc1mst0,mfgb,6,6,mbs,otev,mbd,azuf,fbs,otev,0
q7mqc1mst0,mfgb,6,6,fbd,azuf,mbd,azuf,fbs,otev,1
q7mqc1mst0,mfgb,6,6,mbd,azuf,mbd,azuf,fbs,otev,1
q7mqc1mst0,mfgb,6,6,fzd,azuf,mbd,azuf,fbs,otev,1
q7mqc1mst0,mfgb,6,6,mzd,azuf,mbd,azuf,fbs,otev,1
q7mqc1mst0,mfgb,6,6,mzs,otev,mbd,azuf,fbs,otev,1
q7mqc1mst0,mfgb,6,6,fzs,otev,mbd,azuf,fbs,otev,1
q7mqc1mst0,mfgb,7,7,fzs,kvurddåh,mzd,ktåvrhus,fbd,ktot,0
q7mqc1mst0,mfgb,7,7,fzd,ktot,mzd,ktåvrhus,fbd,ktot,1
q7mqc1mst0,mfgb,7,7,mzs,tsåvvses,mzd,ktåvrhus,fbd,ktot,0
q7mqc1mst0,mfgb,7,7,mbd,ktåvrhus,mzd,ktåvrhus,fbd,ktot,0
q7mqc1mst0,mfgb,7,7,fbs,tsåvvses,mzd,ktåvrhus,fbd,ktot,0
q7mqc1mst0,mfgb,7,7,fbd,ktot,mzd,ktåvrhus,fbd,ktot,0
q7mqc1mst0,mfgb,7,7,mbs,tsåvvses,mzd,ktåvrhus,fbd,ktot,1
q7mqc1mst0,mfgb,7,7,fbs,kvurddåh,mzd,ktåvrhus,fbd,ktot,1
q7mqc1mst0,mfgb,7,7,mbs,tsåvvses,mzd,ktåvrhus,fbd,ktot,1
fmxtqnjbuc,mfgb,7,0,mzs,orinoçim,fbd,orinoçim,z,içiqusem,0
fmxtqnjbuc,mfgb,7,0,fbs,orinoçim,fbd,orinoçim,z,içiqusem,0
fmxtqnjbuc,mfgb,7,0,mbd,orinoçim,fbd,orinoçim,z,içiqusem,0
fmxtqnjbuc,mfgb,7,0,fzd,orinoçim,fbd,orinoçim,z,içiqusem,1
fmxtqnjbuc,mfgb,7,0,mbs,orinoçim,fbd,orinoçim,z,içiqusem,1
fmxtqnjbuc,mfgb,7,0,fbd,orinoçim,fbd,orinoçim,z,içiqusem,1
fmxtqnjbuc,mfgb,7,0,b,içiqusem,fbd,orinoçim,z,içiqusem,1
fmxtqnjbuc,mfgb,7,0,mzd,orinoçim,fbd,orinoçim,z,içiqusem,1
fmxtqnjbuc,mfgb,7,0,fzs,orinoçim,fbd,orinoçim,z,içiqusem,1
fmxtqnjbuc,mfgb,3,1,mbd,bybï,fbs,bokokohï,mzs,hïlaki,0
fmxtqnjbuc,mfgb,3,1,mzd,bybï,fbs,bokokohï,mzs,hïlaki,1
fmxtqnjbuc,mfgb,3,1,fzs,bokokohï,fbs,bokokohï,mzs,hïlaki,0
fmxtqnjbuc,mfgb,3,1,fzd,bybï,fbs,bokokohï,mzs,hïlaki,0
fmxtqnjbuc,mfgb,3,1,mzs,hïlaki,fbs,bokokohï,mzs,hïlaki,1
fmxtqnjbuc,mfgb,3,1,mbs,hïlaki,fbs,bokokohï,mzs,hïlaki,1
fmxtqnjbuc,mfgb,3,1,fbd,bybï,fbs,bokokohï,mzs,hïlaki,0
fmxtqnjbuc,mfgb,5,2,fbs,ozatof,fbs,ozatof,mzd,etupol,0
fmxtqnjbuc,mfgb,5,2,mbd,etupol,fbs,ozatof,mzd,etupol,1
fmxtqnjbuc,mfgb,5,2,fzs,ozatof,fbs,ozatof,mzd,etupol,1
fmxtqnjbuc,mfgb,5,2,mzs,etupol,fbs,ozatof,mzd,etupol,1
fmxtqnjbuc,mfgb,5,2,fbd,ozatof,fbs,ozatof,mzd,etupol,1
fmxtqnjbuc,mfgb,5,2,fzd,ozatof,fbs,ozatof,mzd,etupol,1
fmxtqnjbuc,mfgb,5,2,mbs,etupol,fbs,ozatof,mzd,etupol,1
fmxtqnjbuc,mfgb,4,3,fbd,ngcāžo,fzs,vruži,fbs,ngcāžo,1
fmxtqnjbuc,mfgb,4,3,fzd,vruži,fzs,vruži,fbs,ngcāžo,0
fmxtqnjbuc,mfgb,4,3,mzs,ngcāžo,fzs,vruži,fbs,ngcāžo,1
fmxtqnjbuc,mfgb,4,3,mbs,vruži,fzs,vruži,fbs,ngcāžo,0
fmxtqnjbuc,mfgb,4,3,mzd,vruži,fzs,vruži,fbs,ngcāžo,1
fmxtqnjbuc,mfgb,4,3,fbs,ngcāžo,fzs,vruži,fbs,ngcāžo,1
fmxtqnjbuc,mfgb,4,3,mbd,ngcāžo,fzs,vruži,fbs,ngcāžo,0
fmxtqnjbuc,mfgb,8,4,mzs,tsåvvses,fbs,tsåvvses,fzs,smêvskêv,1
fmxtqnjbuc,mfgb,8,4,mbd,smêvskêv,fbs,tsåvvses,fzs,smêvskêv,1
fmxtqnjbuc,mfgb,8,4,fzd,tsåvvses,fbs,tsåvvses,fzs,smêvskêv,1
fmxtqnjbuc,mfgb,8,4,fbd,smêvskêv,fbs,tsåvvses,fzs,smêvskêv,0
fmxtqnjbuc,mfgb,8,4,fzs,smêvskêv,fbs,tsåvvses,fzs,smêvskêv,1
fmxtqnjbuc,mfgb,8,4,mbs,tsåvvses,fbs,tsåvvses,fzs,smêvskêv,1
fmxtqnjbuc,mfgb,8,4,mzd,smêvskêv,fbs,tsåvvses,fzs,smêvskêv,1
fmxtqnjbuc,mfgb,6,5,mzd,cöahido,fzd,cöahido,fbs,beiguumu,1
fmxtqnjbuc,mfgb,6,5,fzs,beiguumu,fzd,cöahido,fbs,beiguumu,0
fmxtqnjbuc,mfgb,6,5,mbd,cöahido,fzd,cöahido,fbs,beiguumu,1
fmxtqnjbuc,mfgb,6,5,fzd,cöahido,fzd,cöahido,fbs,beiguumu,1
fmxtqnjbuc,mfgb,6,5,mbs,beiguumu,fzd,cöahido,fbs,beiguumu,1
fmxtqnjbuc,mfgb,6,5,mzs,beiguumu,fzd,cöahido,fbs,beiguumu,1
fmxtqnjbuc,mfgb,6,5,fbd,cöahido,fzd,cöahido,fbs,beiguumu,1
fmxtqnjbuc,mfgb,1,6,fbd,lepego,mbd,powisunge,fzd,lepego,1
fmxtqnjbuc,mfgb,1,6,mzs,powisunge,mbd,powisunge,fzd,lepego,1
fmxtqnjbuc,mfgb,1,6,mbs,powisunge,mbd,powisunge,fzd,lepego,0
fmxtqnjbuc,mfgb,1,6,fzd,lepego,mbd,powisunge,fzd,lepego,1
fmxtqnjbuc,mfgb,1,6,mzd,powisunge,mbd,powisunge,fzd,lepego,1
fmxtqnjbuc,mfgb,1,6,fbs,lepego,mbd,powisunge,fzd,lepego,1
fmxtqnjbuc,mfgb,1,6,fzs,lepego,mbd,powisunge,fzd,lepego,1
fmxtqnjbuc,mfgb,2,7,mzd,gêă,mzs,gêă,mbs,huanăa,0
fmxtqnjbuc,mfgb,2,7,mbs,huanăa,mzs,gêă,mbs,huanăa,1
fmxtqnjbuc,mfgb,2,7,fzd,huanăa,mzs,gêă,mbs,huanăa,1
fmxtqnjbuc,mfgb,2,7,mbd,huanăa,mzs,gêă,mbs,huanăa,1
fmxtqnjbuc,mfgb,2,7,fbs,huanăa,mzs,gêă,mbs,huanăa,1
fmxtqnjbuc,mfgb,2,7,fbd,huanăa,mzs,gêă,mbs,huanăa,1
fmxtqnjbuc,mfgb,2,7,fzs,huanăa,mzs,gêă,mbs,huanăa,1
m9q6e0oj7a,fmbg,5,0,mzd,vruži,fzs,ngcāžo,z,vruži,0
m9q6e0oj7a,fmbg,5,0,fbs,ngcāžo,fzs,ngcāžo,z,vruži,0
m9q6e0oj7a,fmbg,5,0,mbs,ngcāžo,fzs,ngcāžo,z,vruži,0
m9q6e0oj7a,fmbg,5,0,b,ngcāžo,fzs,ngcāžo,z,vruži,1
m9q6e0oj7a,fmbg,5,0,fzd,vruži,fzs,ngcāžo,z,vruži,1
m9q6e0oj7a,fmbg,5,0,fzs,ngcāžo,fzs,ngcāžo,z,vruži,1
m9q6e0oj7a,fmbg,5,0,fbd,vruži,fzs,ngcāžo,z,vruži,1
m9q6e0oj7a,fmbg,5,0,mbd,vruži,fzs,ngcāžo,z,vruži,1
m9q6e0oj7a,fmbg,5,0,mzs,ngcāžo,fzs,ngcāžo,z,vruži,1
m9q6e0oj7a,fmbg,1,1,mbs,šaaqaude,fbs,šaaqaude,mzd,yaöpe,1
m9q6e0oj7a,fmbg,1,1,fzd,yaöpe,fbs,šaaqaude,mzd,yaöpe,0
m9q6e0oj7a,fmbg,1,1,fbs,šaaqaude,fbs,šaaqaude,mzd,yaöpe,1
m9q6e0oj7a,fmbg,1,1,fzs,šaaqaude,fbs,šaaqaude,mzd,yaöpe,1
m9q6e0oj7a,fmbg,1,1,mzs,šaaqaude,fbs,šaaqaude,mzd,yaöpe,1
m9q6e0oj7a,fmbg,1,1,mbd,yaöpe,fbs,šaaqaude,mzd,yaöpe,1
m9q6e0oj7a,fmbg,1,1,fbd,yaöpe,fbs,šaaqaude,mzd,yaöpe,1
m9q6e0oj7a,fmbg,8,2,mbd,gêă,mbs,nyumuo,mzd,gêă,0
m9q6e0oj7a,fmbg,8,2,fbs,niuhiê,mbs,nyumuo,mzd,gêă,0
m9q6e0oj7a,fmbg,8,2,fbd,qăo,mbs,nyumuo,mzd,gêă,0
m9q6e0oj7a,fmbg,8,2,mbs,nyumuo,mbs,nyumuo,mzd,gêă,1
m9q6e0oj7a,fmbg,8,2,fzd,qăo,mbs,nyumuo,mzd,gêă,0
m9q6e0oj7a,fmbg,8,2,fzs,niuhiê,mbs,nyumuo,mzd,gêă,0
m9q6e0oj7a,fmbg,8,2,mzs,nyumuo,mbs,nyumuo,mzd,gêă,1
m9q6e0oj7a,fmbg,4,3,mbs,morïky,fzs,męwaqïfe,fbs,kïmy,0
m9q6e0oj7a,fmbg,4,3,mbs,kïmy,fzs,męwaqïfe,fbs,kïmy,0
m9q6e0oj7a,fmbg,4,3,fzd,morïky,fzs,męwaqïfe,fbs,kïmy,1
m9q6e0oj7a,fmbg,4,3,fbd,qïru,fzs,męwaqïfe,fbs,kïmy,0
m9q6e0oj7a,fmbg,4,3,mzd,morïky,fzs,męwaqïfe,fbs,kïmy,1
m9q6e0oj7a,fmbg,4,3,mbd,qïru,fzs,męwaqïfe,fbs,kïmy,0
m9q6e0oj7a,fmbg,4,3,fzs,męwaqïfe,fzs,męwaqïfe,fbs,kïmy,0
m9q6e0oj7a,fmbg,4,3,mbd,qïru,fzs,męwaqïfe,fbs,kïmy,0
m9q6e0oj7a,fmbg,4,3,mzs,męwaqïfe,fzs,męwaqïfe,fbs,kïmy,0
m9q6e0oj7a,fmbg,2,4,fzs,uquçun,fbd,emøyeç,fzd,içiqusem,0
m9q6e0oj7a,fmbg,2,4,fbs,øqoç,fbd,emøyeç,fzd,içiqusem,0
m9q6e0oj7a,fmbg,2,4,mzs,uquçun,fbd,emøyeç,fzd,içiqusem,0
m9q6e0oj7a,fmbg,2,4,mzd,içiqusem,fbd,emøyeç,fzd,içiqusem,0
m9q6e0oj7a,fmbg,2,4,mbd,emøyeç,fbd,emøyeç,fzd,içiqusem,1
m9q6e0oj7a,fmbg,2,4,mbs,øqoç,fbd,emøyeç,fzd,içiqusem,1
m9q6e0oj7a,fmbg,2,4,fbd,emøyeç,fbd,emøyeç,fzd,içiqusem,1
m9q6e0oj7a,fmbg,3,5,mzs,agivud,fzd,otev,mzd,ozatof,0
m9q6e0oj7a,fmbg,3,5,mbd,ozatof,fzd,otev,mzd,ozatof,1
m9q6e0oj7a,fmbg,3,5,fzd,otev,fzd,otev,mzd,ozatof,0
m9q6e0oj7a,fmbg,3,5,fbd,ozatof,fzd,otev,mzd,ozatof,1
m9q6e0oj7a,fmbg,3,5,fbs,egezalat,fzd,otev,mzd,ozatof,0
m9q6e0oj7a,fmbg,3,5,fbs,egezalat,fzd,otev,mzd,ozatof,0
m9q6e0oj7a,fmbg,3,5,mbs,egezalat,fzd,otev,mzd,ozatof,0
m9q6e0oj7a,fmbg,3,5,fzs,agivud,fzd,otev,mzd,ozatof,0
m9q6e0oj7a,fmbg,6,6,mzd,ktåvrhus,mbs,tsåvvses,fbs,sfêvdok,0
m9q6e0oj7a,fmbg,6,6,fzs,sfêvdok,mbs,tsåvvses,fbs,sfêvdok,1
m9q6e0oj7a,fmbg,6,6,fbs,sfêvdok,mbs,tsåvvses,fbs,sfêvdok,1
m9q6e0oj7a,fmbg,6,6,fzd,tsåvvses,mbs,tsåvvses,fbs,sfêvdok,1
m9q6e0oj7a,fmbg,6,6,fzd,rhåv,mbs,tsåvvses,fbs,sfêvdok,0
m9q6e0oj7a,fmbg,6,6,fbd,rhåv,mbs,tsåvvses,fbs,sfêvdok,0
m9q6e0oj7a,fmbg,6,6,mbd,ktåvrhus,mbs,tsåvvses,fbs,sfêvdok,0
m9q6e0oj7a,fmbg,6,6,mzs,tsåvvses,mbs,tsåvvses,fbs,sfêvdok,0
m9q6e0oj7a,fmbg,7,7,mbs,lepego,mzs,lepego,fzs,goviku,1
m9q6e0oj7a,fmbg,7,7,fbs,goviku,mzs,lepego,fzs,goviku,1
m9q6e0oj7a,fmbg,7,7,fzd,wupu,mzs,lepego,fzs,goviku,0
m9q6e0oj7a,fmbg,7,7,mbd,pygele,mzs,lepego,fzs,goviku,0
m9q6e0oj7a,fmbg,7,7,mzs,lepego,mzs,lepego,fzs,goviku,0
m9q6e0oj7a,fmbg,7,7,mzd,pygele,mzs,lepego,fzs,goviku,1
m9q6e0oj7a,fmbg,7,7,fbd,wupu,mzs,lepego,fzs,goviku,0
crh28aq5c9,mfbg,2,0,fbs,lepego,mbs,lepego,z,ngapapu,0
crh28aq5c9,mfbg,2,0,mzd,ngapapu,mbs,lepego,z,ngapapu,0
crh28aq5c9,mfbg,2,0,fzs,lepego,mbs,lepego,z,ngapapu,0
crh28aq5c9,mfbg,2,0,mzd,lepego,mbs,lepego,z,ngapapu,0
crh28aq5c9,mfbg,2,0,mzd,ngapapu,mbs,lepego,z,ngapapu,0
crh28aq5c9,mfbg,2,0,fzs,lepego,mbs,lepego,z,ngapapu,0
crh28aq5c9,mfbg,2,0,mbd,ngapapu,mbs,lepego,z,ngapapu,1
crh28aq5c9,mfbg,2,0,fbd,ngapapu,mbs,lepego,z,ngapapu,1
crh28aq5c9,mfbg,2,0,mbs,lepego,mbs,lepego,z,ngapapu,1
crh28aq5c9,mfbg,2,0,mzs,lepego,mbs,lepego,z,ngapapu,1
crh28aq5c9,mfbg,2,0,fzd,ngapapu,mbs,lepego,z,ngapapu,1
crh28aq5c9,mfbg,2,0,b,lepego,mbs,lepego,z,ngapapu,1
crh28aq5c9,mfbg,5,1,fbs,egezalat,fzs,egezalat,mbd,otev,0
crh28aq5c9,mfbg,5,1,mzd,otev,fzs,egezalat,mbd,otev,1
crh28aq5c9,mfbg,5,1,fbd,egezalat,fzs,egezalat,mbd,otev,0
crh28aq5c9,mfbg,5,1,mbs,otev,fzs,egezalat,mbd,otev,1
crh28aq5c9,mfbg,5,1,fzd,egezalat,fzs,egezalat,mbd,otev,0
crh28aq5c9,mfbg,5,1,fzs,egezalat,fzs,egezalat,mbd,otev,1
crh28aq5c9,mfbg,5,1,mzs,otev,fzs,egezalat,mbd,otev,1
crh28aq5c9,mfbg,3,2,fzd,goozăi,mbd,huanăa,mzs,goozăi,1
crh28aq5c9,mfbg,3,2,mzd,goozăi,mbd,huanăa,mzs,goozăi,1
crh28aq5c9,mfbg,3,2,fbs,huanăa,mbd,huanăa,mzs,goozăi,0
crh28aq5c9,mfbg,3,2,fzs,goozăi,mbd,huanăa,mzs,goozăi,1
crh28aq5c9,mfbg,3,2,mzs,goozăi,mbd,huanăa,mzs,goozăi,1
crh28aq5c9,mfbg,3,2,mbs,huanăa,mbd,huanăa,mzs,goozăi,0
crh28aq5c9,mfbg,3,2,fbd,huanăa,mbd,huanăa,mzs,goozăi,0
crh28aq5c9,mfbg,6,3,mbs,tsåvvses,mbd,tsåvvses,fbd,vrêd,0
crh28aq5c9,mfbg,6,3,fzs,tsåvvses,mbd,tsåvvses,fbd,vrêd,0
crh28aq5c9,mfbg,6,3,mbd,tsåvvses,mbd,tsåvvses,fbd,vrêd,1
crh28aq5c9,mfbg,6,3,fbs,vrêd,mbd,tsåvvses,fbd,vrêd,1
crh28aq5c9,mfbg,6,3,fzd,tsåvvses,mbd,tsåvvses,fbd,vrêd,1
crh28aq5c9,mfbg,6,3,mzs,vrêd,mbd,tsåvvses,fbd,vrêd,1
crh28aq5c9,mfbg,6,3,mzd,vrêd,mbd,tsåvvses,fbd,vrêd,1
crh28aq5c9,mfbg,4,4,mzs,ngcāžo,fbd,rbāranžā,fzs,ngcāžo,1
crh28aq5c9,mfbg,4,4,fzd,pžicā,fbd,rbāranžā,fzs,ngcāžo,0
crh28aq5c9,mfbg,4,4,fbd,rbāranžā,fbd,rbāranžā,fzs,ngcāžo,0
crh28aq5c9,mfbg,4,4,mbs,ngcāžo,fbd,rbāranžā,fzs,ngcāžo,0
crh28aq5c9,mfbg,4,4,mbd,pžicā,fbd,rbāranžā,fzs,ngcāžo,0
crh28aq5c9,mfbg,4,4,fbs,žbodu,fbd,rbāranžā,fzs,ngcāžo,0
crh28aq5c9,mfbg,4,4,mzd,pžicā,fbd,rbāranžā,fzs,ngcāžo,0
crh28aq5c9,mfbg,1,5,fbd,iqur,fzd,iqur,mzd,aweh,1
crh28aq5c9,mfbg,1,5,fbd,aweh,fzd,iqur,mzd,aweh,1
crh28aq5c9,mfbg,1,5,mbs,adeçim,fzd,iqur,mzd,aweh,0
crh28aq5c9,mfbg,1,5,fzs,emøyeç,fzd,iqur,mzd,aweh,0
crh28aq5c9,mfbg,1,5,mbd,aweh,fzd,iqur,mzd,aweh,0
crh28aq5c9,mfbg,1,5,fbs,adeçim,fzd,iqur,mzd,aweh,0
crh28aq5c9,mfbg,1,5,mzs,adeçim,fzd,iqur,mzd,aweh,0
crh28aq5c9,mfbg,1,5,mzd,aweh,fzd,iqur,mzd,aweh,1
crh28aq5c9,mfbg,7,6,mbs,šaaqaude,mbd,šaaqaude,mzd,nuubö,0
crh28aq5c9,mfbg,7,6,fzs,nuubö,mbd,šaaqaude,mzd,nuubö,1
crh28aq5c9,mfbg,7,6,fbd,nuubö,mbd,šaaqaude,mzd,nuubö,1
crh28aq5c9,mfbg,7,6,fbs,nuubö,mbd,šaaqaude,mzd,nuubö,1
crh28aq5c9,mfbg,7,6,mzs,nuubö,mbd,šaaqaude,mzd,nuubö,1
crh28aq5c9,mfbg,7,6,mbd,šaaqaude,mbd,šaaqaude,mzd,nuubö,0
crh28aq5c9,mfbg,7,6,fzd,nuubö,mbd,šaaqaude,mzd,nuubö,1
crh28aq5c9,mfbg,8,7,mzd,bokokohï,mzs,bokokohï,fzs,ryvïri,0
crh28aq5c9,mfbg,8,7,fbd,ryvïri,mzs,bokokohï,fzs,ryvïri,1
crh28aq5c9,mfbg,8,7,mbs,ryvïri,mzs,bokokohï,fzs,ryvïri,1
crh28aq5c9,mfbg,8,7,fbs,ryvïri,mzs,bokokohï,fzs,ryvïri,1
crh28aq5c9,mfbg,8,7,fzd,ryvïri,mzs,bokokohï,fzs,ryvïri,1
crh28aq5c9,mfbg,8,7,fzs,ryvïri,mzs,bokokohï,fzs,ryvïri,1
crh28aq5c9,mfbg,8,7,mbd,ryvïri,mzs,bokokohï,fzs,ryvïri,1
yfc8915946,mfgb,1,0,mbs,hïlaki,fzs,męwaqïfe,z,bokokohï,0
yfc8915946,mfgb,1,0,mzs,qïru,fzs,męwaqïfe,z,bokokohï,0
yfc8915946,mfgb,1,0,mbd,bokokohï,fzs,męwaqïfe,z,bokokohï,1
yfc8915946,mfgb,1,0,b,męwaqïfe,fzs,męwaqïfe,z,bokokohï,0
yfc8915946,mfgb,1,0,fzs,męwaqïfe,fzs,męwaqïfe,z,bokokohï,0
yfc8915946,mfgb,1,0,fbd,bokokohï,fzs,męwaqïfe,z,bokokohï,1
yfc8915946,mfgb,1,0,fzd,hïlaki,fzs,męwaqïfe,z,bokokohï,1
yfc8915946,mfgb,1,0,mzd,hïlaki,fzs,męwaqïfe,z,bokokohï,1
yfc8915946,mfgb,1,0,fbs,hïlaki,fzs,męwaqïfe,z,bokokohï,1
yfc8915946,mfgb,8,1,fzs,žbodu,fzs,žbodu,mbd,vruži,0
yfc8915946,mfgb,8,1,mbs,vbāžo,fzs,žbodu,mbd,vruži,0
yfc8915946,mfgb,8,1,mzs,žbodu,fzs,žbodu,mbd,vruži,1
yfc8915946,mfgb,8,1,fzd,vruži,fzs,žbodu,mbd,vruži,0
yfc8915946,mfgb,8,1,mzd,ngcāžo,fzs,žbodu,mbd,vruži,0
yfc8915946,mfgb,8,1,fbs,žbodu,fzs,žbodu,mbd,vruži,0
yfc8915946,mfgb,8,1,fbd,ngcāžo,fzs,žbodu,mbd,vruži,1
yfc8915946,mfgb,7,2,mzs,tsåvvses,mbs,sfêvdok,fzd,rhymsvåd,0
yfc8915946,mfgb,7,2,mzd,rhymsvåd,mbs,sfêvdok,fzd,rhymsvåd,1
yfc8915946,mfgb,7,2,fzd,rhymsvåd,mbs,sfêvdok,fzd,rhymsvåd,1
yfc8915946,mfgb,7,2,fbd,smêvskêv,mbs,sfêvdok,fzd,rhymsvåd,0
yfc8915946,mfgb,7,2,fzs,tsåvvses,mbs,sfêvdok,fzd,rhymsvåd,0
yfc8915946,mfgb,7,2,mbd,rhymsvåd,mbs,sfêvdok,fzd,rhymsvåd,0
yfc8915946,mfgb,7,2,fbs,sfêvdok,mbs,sfêvdok,fzd,rhymsvåd,1
yfc8915946,mfgb,2,3,fbd,nuubö,mbs,tuumïhu,mzs,šïïnö,0
yfc8915946,mfgb,2,3,mzs,šïïnö,mbs,tuumïhu,mzs,šïïnö,1
yfc8915946,mfgb,2,3,fzs,šïïnö,mbs,tuumïhu,mzs,šïïnö,0
yfc8915946,mfgb,2,3,mbd,tuumïhu,mbs,tuumïhu,mzs,šïïnö,0
yfc8915946,mfgb,2,3,mzd,tuumïhu,mbs,tuumïhu,mzs,šïïnö,1
yfc8915946,mfgb,2,3,fbs,šïïnö,mbs,tuumïhu,mzs,šïïnö,1
yfc8915946,mfgb,2,3,fzd,tuumïhu,mbs,tuumïhu,mzs,šïïnö,0
yfc8915946,mfgb,4,4,fbd,awupav,fbs,awupav,mzd,ozatof,0
yfc8915946,mfgb,4,4,fzd,otev,fbs,awupav,mzd,ozatof,0
yfc8915946,mfgb,4,4,fbs,awupav,fbs,awupav,mzd,ozatof,0
yfc8915946,mfgb,4,4,mbs,awupav,fbs,awupav,mzd,ozatof,1
yfc8915946,mfgb,4,4,fzs,ozatof,fbs,awupav,mzd,ozatof,1
yfc8915946,mfgb,4,4,mbd,agivud,fbs,awupav,mzd,ozatof,0
yfc8915946,mfgb,4,4,mzs,otev,fbs,awupav,mzd,ozatof,0
yfc8915946,mfgb,6,5,fbs,hyonăo,fzd,goozăi,mzd,qăo,0
yfc8915946,mfgb,6,5,fzs,huanăa,fzd,goozăi,mzd,qăo,0
yfc8915946,mfgb,6,5,fbd,qăo,fzd,goozăi,mzd,qăo,0
yfc8915946,mfgb,6,5,mbd,goozăi,fzd,goozăi,mzd,qăo,0
yfc8915946,mfgb,6,5,mbs,hyonăo,fzd,goozăi,mzd,qăo,1
yfc8915946,mfgb,6,5,mzs,hyonăo,fzd,goozăi,mzd,qăo,1
yfc8915946,mfgb,6,5,mzd,qăo,fzd,goozăi,mzd,qăo,1
yfc8915946,mfgb,5,6,fzd,goviku,mbd,lepego,mzd,goviku,1
yfc8915946,mfgb,5,6,mbd,lepego,mbd,lepego,mzd,goviku,0
yfc8915946,mfgb,5,6,fzs,kawuka,mbd,lepego,mzd,goviku,0
yfc8915946,mfgb,5,6,fbs,popingi,mbd,lepego,mzd,goviku,0
yfc8915946,mfgb,5,6,mbs,popingi,mbd,lepego,mzd,goviku,0
yfc8915946,mfgb,5,6,fbd,goviku,mbd,lepego,mzd,goviku,0
yfc8915946,mfgb,5,6,mzs,popingi,mbd,lepego,mzd,goviku,1
yfc8915946,mfgb,3,7,mzd,orinoçim,mzd,orinoçim,mbs,aqinudød,0
yfc8915946,mfgb,3,7,fbs,aqinudød,mzd,orinoçim,mbs,aqinudød,1
yfc8915946,mfgb,3,7,fbd,orinoçim,mzd,orinoçim,mbs,aqinudød,1
yfc8915946,mfgb,3,7,fzs,aqinudød,mzd,orinoçim,mbs,aqinudød,1
yfc8915946,mfgb,3,7,fzd,orinoçim,mzd,orinoçim,mbs,aqinudød,1
yfc8915946,mfgb,3,7,mbd,orinoçim,mzd,orinoçim,mbs,aqinudød,1
yfc8915946,mfgb,3,7,mzs,aqinudød,mzd,orinoçim,mbs,aqinudød,0
6xbr38yopd,fmgb,6,0,mbd,smêvskêv,fzs,smêvskêv,b,rhymsvåd,0
6xbr38yopd,fmgb,6,0,mzs,smêvskêv,fzs,smêvskêv,b,rhymsvåd,0
6xbr38yopd,fmgb,6,0,z,sfêvdok,fzs,smêvskêv,b,rhymsvåd,0
6xbr38yopd,fmgb,6,0,b,rhymsvåd,fzs,smêvskêv,b,rhymsvåd,1
6xbr38yopd,fmgb,6,0,mzd,smêvskêv,fzs,smêvskêv,b,rhymsvåd,0
6xbr38yopd,fmgb,6,0,mbs,smêvskêv,fzs,smêvskêv,b,rhymsvåd,0
6xbr38yopd,fmgb,6,0,fbs,smêvskêv,fzs,smêvskêv,b,rhymsvåd,0
6xbr38yopd,fmgb,6,0,fbd,smêvskêv,fzs,smêvskêv,b,rhymsvåd,0
6xbr38yopd,fmgb,6,0,fzd,smêvskêv,fzs,smêvskêv,b,rhymsvåd,0
6xbr38yopd,fmgb,1,1,fbs,ngapapu,fbs,ngapapu,mzd,kawuka,0
6xbr38yopd,fmgb,1,1,mbs,kawuka,fbs,ngapapu,mzd,kawuka,1
6xbr38yopd,fmgb,1,1,mzs,kawuka,fbs,ngapapu,mzd,kawuka,1
6xbr38yopd,fmgb,1,1,fzs,ngapapu,fbs,ngapapu,mzd,kawuka,1
6xbr38yopd,fmgb,1,1,fbd,ngapapu,fbs,ngapapu,mzd,kawuka,1
6xbr38yopd,fmgb,1,1,fzd,ngapapu,fbs,ngapapu,mzd,kawuka,1
6xbr38yopd,fmgb,1,1,mbd,kawuka,fbs,ngapapu,mzd,kawuka,1
6xbr38yopd,fmgb,4,2,mzs,içiqusem,mbd,adeçim,fzs,içiqusem,1
6xbr38yopd,fmgb,4,2,mzd,adeçim,mbd,adeçim,fzs,içiqusem,1
6xbr38yopd,fmgb,4,2,fzs,içiqusem,mbd,adeçim,fzs,içiqusem,1
6xbr38yopd,fmgb,4,2,fzd,adeçim,mbd,adeçim,fzs,içiqusem,1
6xbr38yopd,fmgb,4,2,mbs,içiqusem,mbd,adeçim,fzs,içiqusem,0
6xbr38yopd,fmgb,4,2,fbd,adeçim,mbd,adeçim,fzs,içiqusem,0
6xbr38yopd,fmgb,4,2,fbs,içiqusem,mbd,adeçim,fzs,içiqusem,0
6xbr38yopd,fmgb,3,3,mzs,yaöpe,mbs,yaöpe,fbd,canšuehu,1
6xbr38yopd,fmgb,3,3,fzd,canšuehu,mbs,yaöpe,fbd,canšuehu,0
6xbr38yopd,fmgb,3,3,fbs,yaöpe,mbs,yaöpe,fbd,canšuehu,1
6xbr38yopd,fmgb,3,3,fzs,yaöpe,mbs,yaöpe,fbd,canšuehu,0
6xbr38yopd,fmgb,3,3,mbs,yaöpe,mbs,yaöpe,fbd,canšuehu,1
6xbr38yopd,fmgb,3,3,mbd,canšuehu,mbs,yaöpe,fbd,canšuehu,1
6xbr38yopd,fmgb,3,3,mzd,canšuehu,mbs,yaöpe,fbd,canšuehu,1
6xbr38yopd,fmgb,8,4,mzd,ngcāžo,fbd,vropcāre,mzs,ngcāžo,1
6xbr38yopd,fmgb,8,4,fbs,vropcāre,fbd,vropcāre,mzs,ngcāžo,0
6xbr38yopd,fmgb,8,4,fzs,ngcāžo,fbd,vropcāre,mzs,ngcāžo,1
6xbr38yopd,fmgb,8,4,mbd,ngcāžo,fbd,vropcāre,mzs,ngcāžo,1
6xbr38yopd,fmgb,8,4,fbd,vropcāre,fbd,vropcāre,mzs,ngcāžo,1
6xbr38yopd,fmgb,8,4,mbs,ngcāžo,fbd,vropcāre,mzs,ngcāžo,1
6xbr38yopd,fmgb,8,4,fzd,ngcāžo,fbd,vropcāre,mzs,ngcāžo,1
6xbr38yopd,fmgb,7,5,mzd,idanuluf,fzd,ozatof,mbd,idanuluf,1
6xbr38yopd,fmgb,7,5,mzd,idanuluf,fzd,ozatof,mbd,idanuluf,1
6xbr38yopd,fmgb,7,5,fbd,idanuluf,fzd,ozatof,mbd,idanuluf,1
6xbr38yopd,fmgb,7,5,fzd,ozatof,fzd,ozatof,mbd,idanuluf,0
6xbr38yopd,fmgb,7,5,mbs,idanuluf,fzd,ozatof,mbd,idanuluf,1
6xbr38yopd,fmgb,7,5,fzs,ozatof,fzd,ozatof,mbd,idanuluf,1
6xbr38yopd,fmgb,7,5,mzs,idanuluf,fzd,ozatof,mbd,idanuluf,1
6xbr38yopd,fmgb,7,5,fbs,idanuluf,fzd,ozatof,mbd,idanuluf,1
6xbr38yopd,fmgb,5,6,fzs,lobowaby,mbd,hïlaki,fzd,bokokohï,0
6xbr38yopd,fmgb,5,6,mzs,kïmy,mbd,hïlaki,fzd,bokokohï,0
6xbr38yopd,fmgb,5,6,fbs,lobowaby,mbd,hïlaki,fzd,bokokohï,1
6xbr38yopd,fmgb,5,6,mzd,hïlaki,mbd,hïlaki,fzd,bokokohï,1
6xbr38yopd,fmgb,5,6,mbd,hïlaki,mbd,hïlaki,fzd,bokokohï,0
6xbr38yopd,fmgb,5,6,mbs,kïmy,mbd,hïlaki,fzd,bokokohï,1
6xbr38yopd,fmgb,5,6,fbd,bokokohï,mbd,hïlaki,fzd,bokokohï,1
6xbr38yopd,fmgb,2,7,fzd,nyumuo,mzs,huanăa,fbd,nyumuo,1
6xbr38yopd,fmgb,2,7,mzs,huanăa,mzs,huanăa,fbd,nyumuo,0
6xbr38yopd,fmgb,2,7,mbd,gêă,mzs,huanăa,fbd,nyumuo,0
6xbr38yopd,fmgb,2,7,fbs,nyumuo,mzs,huanăa,fbd,nyumuo,0
6xbr38yopd,fmgb,2,7,fzs,nyumuo,mzs,huanăa,fbd,nyumuo,1
6xbr38yopd,fmgb,2,7,mbs,huanăa,mzs,huanăa,fbd,nyumuo,1
6xbr38yopd,fmgb,2,7,mzd,gêă,mzs,huanăa,fbd,nyumuo,0
eeyykmwnln,fmbg,7,0,z,ktåvrhus,fbd,vrêd,b,ktåvrhus,1
eeyykmwnln,fmbg,7,0,fzd,vrêd,fbd,vrêd,b,ktåvrhus,0
eeyykmwnln,fmbg,7,0,mbd,vrêd,fbd,vrêd,b,ktåvrhus,0
eeyykmwnln,fmbg,7,0,b,ktåvrhus,fbd,vrêd,b,ktåvrhus,1
eeyykmwnln,fmbg,7,0,mzs,vrêd,fbd,vrêd,b,ktåvrhus,0
eeyykmwnln,fmbg,7,0,fzs,vrêd,fbd,vrêd,b,ktåvrhus,1
eeyykmwnln,fmbg,7,0,fbs,vrêd,fbd,vrêd,b,ktåvrhus,1
eeyykmwnln,fmbg,7,0,mbs,vrêd,fbd,vrêd,b,ktåvrhus,1
eeyykmwnln,fmbg,7,0,mzd,vrêd,fbd,vrêd,b,ktåvrhus,1
eeyykmwnln,fmbg,6,1,mzs,šaaqaude,fzd,töeqo,mbd,šaaqaude,1
eeyykmwnln,fmbg,6,1,fbd,töeqo,fzd,töeqo,mbd,šaaqaude,0
eeyykmwnln,fmbg,6,1,mzd,šaaqaude,fzd,töeqo,mbd,šaaqaude,1
eeyykmwnln,fmbg,6,1,fbs,töeqo,fzd,töeqo,mbd,šaaqaude,0
eeyykmwnln,fmbg,6,1,fzs,töeqo,fzd,töeqo,mbd,šaaqaude,0
eeyykmwnln,fmbg,6,1,fzd,töeqo,fzd,töeqo,mbd,šaaqaude,1
eeyykmwnln,fmbg,6,1,mbs,šaaqaude,fzd,töeqo,mbd,šaaqaude,1
eeyykmwnln,fmbg,8,2,mzs,taobyo,mbs,niuhiê,fzs,taobyo,1
eeyykmwnln,fmbg,8,2,fbd,niuhiê,mbs,niuhiê,fzs,taobyo,0
eeyykmwnln,fmbg,8,2,fbs,niuhiê,mbs,niuhiê,fzs,taobyo,0
eeyykmwnln,fmbg,8,2,mzd,taobyo,mbs,niuhiê,fzs,taobyo,1
eeyykmwnln,fmbg,8,2,fzs,taobyo,mbs,niuhiê,fzs,taobyo,1
eeyykmwnln,fmbg,8,2,mbd,niuhiê,mbs,niuhiê,fzs,taobyo,0
eeyykmwnln,fmbg,8,2,fzd,taobyo,mbs,niuhiê,fzs,taobyo,1
eeyykmwnln,fmbg,5,3,fzs,idanuluf,mbs,idanuluf,mzs,awupav,0
eeyykmwnln,fmbg,5,3,mzd,awupav,mbs,idanuluf,mzs,awupav,1
eeyykmwnln,fmbg,5,3,mbd,idanuluf,mbs,idanuluf,mzs,awupav,0
eeyykmwnln,fmbg,5,3,mbs,idanuluf,mbs,idanuluf,mzs,awupav,1
eeyykmwnln,fmbg,5,3,fzd,idanuluf,mbs,idanuluf,mzs,awupav,1
eeyykmwnln,fmbg,5,3,fbs,awupav,mbs,idanuluf,mzs,awupav,1
eeyykmwnln,fmbg,5,3,fbd,awupav,mbs,idanuluf,mzs,awupav,1
eeyykmwnln,fmbg,4,4,fbd,cžunge,fbs,cžunge,mzs,rbāranžā,0
eeyykmwnln,fmbg,4,4,mbd,rbāranžā,fbs,cžunge,mzs,rbāranžā,1
eeyykmwnln,fmbg,4,4,fzs,rbāranžā,fbs,cžunge,mzs,rbāranžā,1
eeyykmwnln,fmbg,4,4,fzd,rbāranžā,fbs,cžunge,mzs,rbāranžā,1
eeyykmwnln,fmbg,4,4,mzs,rbāranžā,fbs,cžunge,mzs,rbāranžā,1
eeyykmwnln,fmbg,4,4,mzd,rbāranžā,fbs,cžunge,mzs,rbāranžā,1
eeyykmwnln,fmbg,4,4,mbs,rbāranžā,fbs,cžunge,mzs,rbāranžā,1
eeyykmwnln,fmbg,1,5,mzs,aweh,fzd,içiqusem,mbs,aweh,1
eeyykmwnln,fmbg,1,5,mzd,içiqusem,fzd,içiqusem,mbs,aweh,1
eeyykmwnln,fmbg,1,5,fbd,içiqusem,fzd,içiqusem,mbs,aweh,1
eeyykmwnln,fmbg,1,5,mzd,aweh,fzd,içiqusem,mbs,aweh,1
eeyykmwnln,fmbg,1,5,fbd,aweh,fzd,içiqusem,mbs,aweh,1
eeyykmwnln,fmbg,1,5,fzs,içiqusem,fzd,içiqusem,mbs,aweh,0
eeyykmwnln,fmbg,1,5,fzd,içiqusem,fzd,içiqusem,mbs,aweh,1
eeyykmwnln,fmbg,1,5,mbd,aweh,fzd,içiqusem,mbs,aweh,1
eeyykmwnln,fmbg,1,5,fbs,aweh,fzd,içiqusem,mbs,aweh,1
eeyykmwnln,fmbg,2,6,mbd,goviku,mbs,goviku,fbs,lawolu,0
eeyykmwnln,fmbg,2,6,fbd,lawolu,mbs,goviku,fbs,lawolu,1
eeyykmwnln,fmbg,2,6,mzd,lawolu,mbs,goviku,fbs,lawolu,1
eeyykmwnln,fmbg,2,6,fzs,lawolu,mbs,goviku,fbs,lawolu,1
eeyykmwnln,fmbg,2,6,mzs,lawolu,mbs,goviku,fbs,lawolu,1
eeyykmwnln,fmbg,2,6,fzd,lawolu,mbs,goviku,fbs,lawolu,1
eeyykmwnln,fmbg,2,6,mbs,goviku,mbs,goviku,fbs,lawolu,0
eeyykmwnln,fmbg,3,7,fzd,męwaqïfe,mzd,qïru,fzs,męwaqïfe,1
eeyykmwnln,fmbg,3,7,mbd,męwaqïfe,mzd,qïru,fzs,męwaqïfe,1
eeyykmwnln,fmbg,3,7,mbs,męwaqïfe,mzd,qïru,fzs,męwaqïfe,1
eeyykmwnln,fmbg,3,7,fzs,męwaqïfe,mzd,qïru,fzs,męwaqïfe,1
eeyykmwnln,fmbg,3,7,fbs,męwaqïfe,mzd,qïru,fzs,męwaqïfe,1
eeyykmwnln,fmbg,3,7,mzs,qïru,mzd,qïru,fzs,męwaqïfe,0
eeyykmwnln,fmbg,3,7,fbd,męwaqïfe,mzd,qïru,fzs,męwaqïfe,1
9enmmxzrqm,mfgb,1,0,fbs,kïmy,mbs,kïmy,z,hïlaki,0
9enmmxzrqm,mfgb,1,0,fzd,hïlaki,mbs,kïmy,z,hïlaki,0
9enmmxzrqm,mfgb,1,0,mzs,kïmy,mbs,kïmy,z,hïlaki,0
9enmmxzrqm,mfgb,1,0,mzd,hïlaki,mbs,kïmy,z,hïlaki,1
9enmmxzrqm,mfgb,1,0,mbd,hïlaki,mbs,kïmy,z,hïlaki,1
9enmmxzrqm,mfgb,1,0,fzs,kïmy,mbs,kïmy,z,hïlaki,1
9enmmxzrqm,mfgb,1,0,fbd,hïlaki,mbs,kïmy,z,hïlaki,1
9enmmxzrqm,mfgb,1,0,fbs,kïmy,mbs,kïmy,z,hïlaki,1
9enmmxzrqm,mfgb,1,0,fzd,lobowaby,mbs,kïmy,z,hïlaki,0
9enmmxzrqm,mfgb,1,0,mzs,kïmy,mbs,kïmy,z,hïlaki,0
9enmmxzrqm,mfgb,1,0,mzd,lobowaby,mbs,kïmy,z,hïlaki,0
9enmmxzrqm,mfgb,1,0,mbd,lobowaby,mbs,kïmy,z,hïlaki,1
9enmmxzrqm,mfgb,1,0,fzs,kïmy,mbs,kïmy,z,hïlaki,1
9enmmxzrqm,mfgb,1,0,fbd,lobowaby,mbs,kïmy,z,hïlaki,1
9enmmxzrqm,mfgb,1,0,b,bybï,mbs,kïmy,z,hïlaki,0
9enmmxzrqm,mfgb,1,0,mbs,kïmy,mbs,kïmy,z,hïlaki,0
9enmmxzrqm,mfgb,7,1,mzd,adeçim,fzs,ømenad,mbs,içiqusem,0
9enmmxzrqm,mfgb,7,1,fbs,ømenad,fzs,ømenad,mbs,içiqusem,0
9enmmxzrqm,mfgb,7,1,mbd,adeçim,fzs,ømenad,mbs,içiqusem,0
9enmmxzrqm,mfgb,7,1,mzs,içiqusem,fzs,ømenad,mbs,içiqusem,1
9enmmxzrqm,mfgb,7,1,fzd,adeçim,fzs,ømenad,mbs,içiqusem,0
9enmmxzrqm,mfgb,7,1,fbd,adeçim,fzs,ømenad,mbs,içiqusem,0
9enmmxzrqm,mfgb,7,1,fzs,ømenad,fzs,ømenad,mbs,içiqusem,1
9enmmxzrqm,mfgb,8,2,mbd,goozăi,fbs,goozăi,fzd,gêă,0
9enmmxzrqm,mfgb,8,2,fzs,nyumuo,fbs,goozăi,fzd,gêă,0
9enmmxzrqm,mfgb,8,2,fzd,gêă,fbs,goozăi,fzd,gêă,1
9enmmxzrqm,mfgb,8,2,fbd,hyonăo,fbs,goozăi,fzd,gêă,0
9enmmxzrqm,mfgb,8,2,mzd,gêă,fbs,goozăi,fzd,gêă,0
9enmmxzrqm,mfgb,8,2,mzs,nyumuo,fbs,goozăi,fzd,gêă,0
9enmmxzrqm,mfgb,8,2,mbs,hyonăo,fbs,goozăi,fzd,gêă,0
9enmmxzrqm,mfgb,3,3,mbs,vruži,mbd,cžunge,fbd,vropcāre,0
9enmmxzrqm,mfgb,3,3,mbs,cžunge,mbd,cžunge,fbd,vropcāre,0
9enmmxzrqm,mfgb,3,3,mbs,rbāranžā,mbd,cžunge,fbd,vropcāre,0
9enmmxzrqm,mfgb,3,3,fbd,vropcāre,mbd,cžunge,fbd,vropcāre,0
9enmmxzrqm,mfgb,3,3,mzd,vropcāre,mbd,cžunge,fbd,vropcāre,1
9enmmxzrqm,mfgb,3,3,fzd,cžunge,mbd,cžunge,fbd,vropcāre,0
9enmmxzrqm,mfgb,3,3,mzs,rbāranžā,mbd,cžunge,fbd,vropcāre,1
9enmmxzrqm,mfgb,3,3,fbs,rbāranžā,mbd,cžunge,fbd,vropcāre,1
9enmmxzrqm,mfgb,3,3,fzs,rbāranžā,mbd,cžunge,fbd,vropcāre,0
9enmmxzrqm,mfgb,6,4,fbs,beiguumu,fbs,beiguumu,fzs,canšuehu,0
9enmmxzrqm,mfgb,6,4,mbs,canšuehu,fbs,beiguumu,fzs,canšuehu,1
9enmmxzrqm,mfgb,6,4,fzd,nuubö,fbs,beiguumu,fzs,canšuehu,0
9enmmxzrqm,mfgb,6,4,mbd,nuubö,fbs,beiguumu,fzs,canšuehu,0
9enmmxzrqm,mfgb,6,4,mzd,nuubö,fbs,beiguumu,fzs,canšuehu,1
9enmmxzrqm,mfgb,6,4,fbd,šaaqaude,fbs,beiguumu,fzs,canšuehu,0
9enmmxzrqm,mfgb,6,4,mzs,canšuehu,fbs,beiguumu,fzs,canšuehu,0
9enmmxzrqm,mfgb,5,5,mbd,lawolu,fzd,kawuka,fbs,goviku,0
9enmmxzrqm,mfgb,5,5,fbs,goviku,fzd,kawuka,fbs,goviku,1
9enmmxzrqm,mfgb,5,5,mbs,luge,fzd,kawuka,fbs,goviku,0
9enmmxzrqm,mfgb,5,5,fbd,lawolu,fzd,kawuka,fbs,goviku,0
9enmmxzrqm,mfgb,5,5,mzs,luge,fzd,kawuka,fbs,goviku,1
9enmmxzrqm,mfgb,5,5,mzd,lawolu,fzd,kawuka,fbs,goviku,1
9enmmxzrqm,mfgb,5,5,fzs,kawuka,fzd,kawuka,fbs,goviku,0
9enmmxzrqm,mfgb,5,5,mbs,goviku,fzd,kawuka,fbs,goviku,1
9enmmxzrqm,mfgb,5,5,fbd,luge,fzd,kawuka,fbs,goviku,1
9enmmxzrqm,mfgb,5,5,mzs,goviku,fzd,kawuka,fbs,goviku,1
9enmmxzrqm,mfgb,5,5,mzd,luge,fzd,kawuka,fbs,goviku,1
9enmmxzrqm,mfgb,5,5,fzs,lawolu,fzd,kawuka,fbs,goviku,0
9enmmxzrqm,mfgb,4,6,fzs,ilug,mbs,ilug,mzd,egezalat,1
9enmmxzrqm,mfgb,4,6,fbd,egezalat,mbs,ilug,mzd,egezalat,1
9enmmxzrqm,mfgb,4,6,mzd,egezalat,mbs,ilug,mzd,egezalat,1
9enmmxzrqm,mfgb,4,6,mzs,ilug,mbs,ilug,mzd,egezalat,1
9enmmxzrqm,mfgb,4,6,fbs,ilug,mbs,ilug,mzd,egezalat,1
9enmmxzrqm,mfgb,4,6,fzd,egezalat,mbs,ilug,mzd,egezalat,1
9enmmxzrqm,mfgb,4,6,mbd,ozatof,mbs,ilug,mzd,egezalat,0
l8kadkxbkr,mfbg,2,1,mbd,nuubö,fbs,yaöpe,mzs,möïtu,0
l8kadkxbkr,mfbg,2,1,fzd,töeqo,fbs,yaöpe,mzs,möïtu,0
l8kadkxbkr,mfbg,2,1,mbd,töeqo,fbs,yaöpe,mzs,möïtu,0
l8kadkxbkr,mfbg,2,1,fzd,nuubö,fbs,yaöpe,mzs,möïtu,0
l8kadkxbkr,mfbg,2,1,mzd,nuubö,fbs,yaöpe,mzs,möïtu,0
l8kadkxbkr,mfbg,2,1,mzs,möïtu,fbs,yaöpe,mzs,möïtu,1
l8kadkxbkr,mfbg,2,1,mbs,yaöpe,fbs,yaöpe,mzs,möïtu,1
l8kadkxbkr,mfbg,2,1,fzs,möïtu,fbs,yaöpe,mzs,möïtu,0
l8kadkxbkr,mfbg,2,1,fbd,töeqo,fbs,yaöpe,mzs,möïtu,0
l8kadkxbkr,mfbg,1,2,fzd,egezalat,mbd,agivud,mzd,egezalat,1
l8kadkxbkr,mfbg,1,2,mbd,agivud,mbd,agivud,mzd,egezalat,0
l8kadkxbkr,mfbg,1,2,fzs,ulywaf,mbd,agivud,mzd,egezalat,0
l8kadkxbkr,mfbg,1,2,fbs,ilug,mbd,agivud,mzd,egezalat,0
l8kadkxbkr,mfbg,1,2,mbs,ilug,mbd,agivud,mzd,egezalat,1
l8kadkxbkr,mfbg,1,2,fbd,agivud,mbd,agivud,mzd,egezalat,1
l8kadkxbkr,mfbg,1,2,mzs,ulywaf,mbd,agivud,mzd,egezalat,0
l8kadkxbkr,mfbg,7,3,fbd,baumiă,fzs,nyumuo,fbs,taobyo,0
l8kadkxbkr,mfbg,7,3,mbs,gêă,fzs,nyumuo,fbs,taobyo,0
l8kadkxbkr,mfbg,7,3,fbd,gêă,fzs,nyumuo,fbs,taobyo,0
l8kadkxbkr,mfbg,7,3,mbs,gêă,fzs,nyumuo,fbs,taobyo,0
l8kadkxbkr,mfbg,7,3,mbs,taobyo,fzs,nyumuo,fbs,taobyo,0
l8kadkxbkr,mfbg,7,3,mzs,nyumuo,fzs,nyumuo,fbs,taobyo,0
l8kadkxbkr,mfbg,7,3,fzd,baumiă,fzs,nyumuo,fbs,taobyo,0
l8kadkxbkr,mfbg,7,3,fbs,taobyo,fzs,nyumuo,fbs,taobyo,1
l8kadkxbkr,mfbg,7,3,mzd,baumiă,fzs,nyumuo,fbs,taobyo,1
l8kadkxbkr,mfbg,7,3,mbd,gêă,fzs,nyumuo,fbs,taobyo,0
l8kadkxbkr,mfbg,5,4,mbd,emøyeç,fbd,emøyeç,mbs,aweh,1
l8kadkxbkr,mfbg,5,4,fzs,orinoçim,fbd,emøyeç,mbs,aweh,0
l8kadkxbkr,mfbg,5,4,mbs,aweh,fbd,emøyeç,mbs,aweh,1
l8kadkxbkr,mfbg,5,4,fbs,aweh,fbd,emøyeç,mbs,aweh,0
l8kadkxbkr,mfbg,5,4,mzd,ømenad,fbd,emøyeç,mbs,aweh,0
l8kadkxbkr,mfbg,5,4,fzd,ømenad,fbd,emøyeç,mbs,aweh,0
l8kadkxbkr,mfbg,5,4,mzs,orinoçim,fbd,emøyeç,mbs,aweh,1
l8kadkxbkr,mfbg,8,5,mbs,morïky,fzs,lobowaby,mzs,morïky,1
l8kadkxbkr,mfbg,8,5,mbd,męwaqïfe,fzs,lobowaby,mzs,morïky,0
l8kadkxbkr,mfbg,8,5,fbs,lobowaby,fzs,lobowaby,mzs,morïky,0
l8kadkxbkr,mfbg,8,5,mzd,męwaqïfe,fzs,lobowaby,mzs,morïky,1
l8kadkxbkr,mfbg,8,5,fzd,ryvïri,fzs,lobowaby,mzs,morïky,0
l8kadkxbkr,mfbg,8,5,mzs,morïky,fzs,lobowaby,mzs,morïky,0
l8kadkxbkr,mfbg,8,5,fbd,ryvïri,fzs,lobowaby,mzs,morïky,0
l8kadkxbkr,mfbg,6,6,mzs,vbāžo,mbd,nžodo,mzs,vbāžo,1
l8kadkxbkr,mfbg,6,6,mzd,ngcāžo,mbd,nžodo,mzs,vbāžo,0
l8kadkxbkr,mfbg,6,6,fbs,vropcāre,mbd,nžodo,mzs,vbāžo,0
l8kadkxbkr,mfbg,6,6,fzd,ngcāžo,mbd,nžodo,mzs,vbāžo,1
l8kadkxbkr,mfbg,6,6,mbs,vropcāre,mbd,nžodo,mzs,vbāžo,0
l8kadkxbkr,mfbg,6,6,fzs,vbāžo,mbd,nžodo,mzs,vbāžo,1
l8kadkxbkr,mfbg,6,6,fbd,nžodo,mbd,nžodo,mzs,vbāžo,1
l8kadkxbkr,mfbg,6,6,mbs,vropcāre,mbd,nžodo,mzs,vbāžo,0
l8kadkxbkr,mfbg,6,6,fzs,vbāžo,mbd,nžodo,mzs,vbāžo,1
l8kadkxbkr,mfbg,6,6,fbd,nžodo,mbd,nžodo,mzs,vbāžo,1
l8kadkxbkr,mfbg,4,7,fbd,rhåv,mzs,ktot,mbd,rhåv,1
l8kadkxbkr,mfbg,4,7,fzs,ktot,mzs,ktot,mbd,rhåv,1
l8kadkxbkr,mfbg,4,7,mzd,rhymsvåd,mzs,ktot,mbd,rhåv,0
l8kadkxbkr,mfbg,4,7,fbs,smêvskêv,mzs,ktot,mbd,rhåv,0
l8kadkxbkr,mfbg,4,7,mzs,ktot,mzs,ktot,mbd,rhåv,0
l8kadkxbkr,mfbg,4,7,fzd,rhåv,mzs,ktot,mbd,rhåv,0
l8kadkxbkr,mfbg,4,7,mbs,smêvskêv,mzs,ktot,mbd,rhåv,0
4k1ad46eg9,fmbg,2,0,mbd,yaöpe,fbd,yaöpe,z,šïïnö,0
4k1ad46eg9,fmbg,2,0,mzs,yaöpe,fbd,yaöpe,z,šïïnö,0
4k1ad46eg9,fmbg,2,0,fbs,yaöpe,fbd,yaöpe,z,šïïnö,0
4k1ad46eg9,fmbg,2,0,b,šïïnö,fbd,yaöpe,z,šïïnö,1
4k1ad46eg9,fmbg,2,0,mbs,yaöpe,fbd,yaöpe,z,šïïnö,1
4k1ad46eg9,fmbg,2,0,z,šïïnö,fbd,yaöpe,z,šïïnö,1
4k1ad46eg9,fmbg,2,0,fzs,yaöpe,fbd,yaöpe,z,šïïnö,1
4k1ad46eg9,fmbg,2,0,mzd,yaöpe,fbd,yaöpe,z,šïïnö,1
4k1ad46eg9,fmbg,2,0,fzd,yaöpe,fbd,yaöpe,z,šïïnö,1
4k1ad46eg9,fmbg,4,1,fzs,baumiă,fzd,gêă,mbs,baumiă,0
4k1ad46eg9,fmbg,4,1,fbs,baumiă,fzd,gêă,mbs,baumiă,0
4k1ad46eg9,fmbg,4,1,fbd,gêă,fzd,gêă,mbs,baumiă,1
4k1ad46eg9,fmbg,4,1,mzs,baumiă,fzd,gêă,mbs,baumiă,1
4k1ad46eg9,fmbg,4,1,mzd,gêă,fzd,gêă,mbs,baumiă,1
4k1ad46eg9,fmbg,4,1,fzd,gêă,fzd,gêă,mbs,baumiă,1
4k1ad46eg9,fmbg,4,1,mbd,gêă,fzd,gêă,mbs,baumiă,1
4k1ad46eg9,fmbg,6,2,fzs,ilug,mbs,ilug,fzd,agivud,1
4k1ad46eg9,fmbg,6,2,fbs,ilug,mbs,ilug,fzd,agivud,0
4k1ad46eg9,fmbg,6,2,fbd,agivud,mbs,ilug,fzd,agivud,0
4k1ad46eg9,fmbg,6,2,fzd,agivud,mbs,ilug,fzd,agivud,1
4k1ad46eg9,fmbg,6,2,mbd,agivud,mbs,ilug,fzd,agivud,0
4k1ad46eg9,fmbg,6,2,mzs,ilug,mbs,ilug,fzd,agivud,1
4k1ad46eg9,fmbg,6,2,mzd,agivud,mbs,ilug,fzd,agivud,1
4k1ad46eg9,fmbg,5,3,fzd,kawuka,mbd,kawuka,mzs,wupu,0
4k1ad46eg9,fmbg,5,3,mbs,wupu,mbd,kawuka,mzs,wupu,0
4k1ad46eg9,fmbg,5,3,fbs,wupu,mbd,kawuka,mzs,wupu,1
4k1ad46eg9,fmbg,5,3,mbd,kawuka,mbd,kawuka,mzs,wupu,1
4k1ad46eg9,fmbg,5,3,fbd,kawuka,mbd,kawuka,mzs,wupu,1
4k1ad46eg9,fmbg,5,3,mzd,kawuka,mbd,kawuka,mzs,wupu,1
4k1ad46eg9,fmbg,5,3,fzs,wupu,mbd,kawuka,mzs,wupu,1
4k1ad46eg9,fmbg,1,4,mbd,bokokohï,fbd,bokokohï,fzd,kïmy,1
4k1ad46eg9,fmbg,1,4,mbs,bokokohï,fbd,bokokohï,fzd,kïmy,1
4k1ad46eg9,fmbg,1,4,mzs,bokokohï,fbd,bokokohï,fzd,kïmy,1
4k1ad46eg9,fmbg,1,4,mbd,bokokohï,fbd,bokokohï,fzd,kïmy,1
4k1ad46eg9,fmbg,1,4,mbs,morïky,fbd,bokokohï,fzd,kïmy,0
4k1ad46eg9,fmbg,1,4,mbd,kïmy,fbd,bokokohï,fzd,kïmy,0
4k1ad46eg9,fmbg,1,4,mbs,bokokohï,fbd,bokokohï,fzd,kïmy,0
4k1ad46eg9,fmbg,1,4,mzs,bokokohï,fbd,bokokohï,fzd,kïmy,1
4k1ad46eg9,fmbg,1,4,fbs,kïmy,fbd,bokokohï,fzd,kïmy,0
4k1ad46eg9,fmbg,1,4,mzd,kïmy,fbd,bokokohï,fzd,kïmy,1
4k1ad46eg9,fmbg,1,4,mbd,bokokohï,fbd,bokokohï,fzd,kïmy,1
4k1ad46eg9,fmbg,1,4,mbs,bokokohï,fbd,bokokohï,fzd,kïmy,1
4k1ad46eg9,fmbg,1,4,mzs,kïmy,fbd,bokokohï,fzd,kïmy,1
4k1ad46eg9,fmbg,1,4,fbs,bokokohï,fbd,bokokohï,fzd,kïmy,0
4k1ad46eg9,fmbg,1,4,mzd,kïmy,fbd,bokokohï,fzd,kïmy,1
4k1ad46eg9,fmbg,1,4,fzs,kïmy,fbd,bokokohï,fzd,kïmy,1
4k1ad46eg9,fmbg,1,4,fbd,bokokohï,fbd,bokokohï,fzd,kïmy,0
4k1ad46eg9,fmbg,3,5,fbs,kvurddåh,fzd,kvurddåh,mbd,smêvskêv,1
4k1ad46eg9,fmbg,3,5,mzs,smêvskêv,fzd,kvurddåh,mbd,smêvskêv,1
4k1ad46eg9,fmbg,3,5,fzd,kvurddåh,fzd,kvurddåh,mbd,smêvskêv,0
4k1ad46eg9,fmbg,3,5,mzd,kvurddåh,fzd,kvurddåh,mbd,smêvskêv,1
4k1ad46eg9,fmbg,3,5,fbd,smêvskêv,fzd,kvurddåh,mbd,smêvskêv,1
4k1ad46eg9,fmbg,3,5,fzs,smêvskêv,fzd,kvurddåh,mbd,smêvskêv,0
4k1ad46eg9,fmbg,3,5,mbs,kvurddåh,fzd,kvurddåh,mbd,smêvskêv,1
4k1ad46eg9,fmbg,8,6,mbd,vbāžo,mbs,ngcāžo,fbs,vbāžo,0
4k1ad46eg9,fmbg,8,6,mzs,ngcāžo,mbs,ngcāžo,fbs,vbāžo,1
4k1ad46eg9,fmbg,8,6,fbs,vbāžo,mbs,ngcāžo,fbs,vbāžo,1
4k1ad46eg9,fmbg,8,6,mbd,vbāžo,mbs,ngcāžo,fbs,vbāžo,0
4k1ad46eg9,fmbg,8,6,mzs,vbāžo,mbs,ngcāžo,fbs,vbāžo,1
4k1ad46eg9,fmbg,8,6,fzs,vbāžo,mbs,ngcāžo,fbs,vbāžo,1
4k1ad46eg9,fmbg,8,6,fzd,ngcāžo,mbs,ngcāžo,fbs,vbāžo,1
4k1ad46eg9,fmbg,8,6,fbd,ngcāžo,mbs,ngcāžo,fbs,vbāžo,1
4k1ad46eg9,fmbg,8,6,mzd,ngcāžo,mbs,ngcāžo,fbs,vbāžo,1
4k1ad46eg9,fmbg,7,7,fzs,emøyeç,mzs,emøyeç,fbs,aqinudød,1
4k1ad46eg9,fmbg,7,7,mbs,aqinudød,mzs,emøyeç,fbs,aqinudød,1
4k1ad46eg9,fmbg,7,7,mzs,emøyeç,mzs,emøyeç,fbs,aqinudød,0
4k1ad46eg9,fmbg,7,7,mzd,aqinudød,mzs,emøyeç,fbs,aqinudød,1
4k1ad46eg9,fmbg,7,7,fzd,aqinudød,mzs,emøyeç,fbs,aqinudød,1
4k1ad46eg9,fmbg,7,7,fbd,emøyeç,mzs,emøyeç,fbs,aqinudød,1
4k1ad46eg9,fmbg,7,7,mbd,emøyeç,mzs,emøyeç,fbs,aqinudød,1
chksbtwpa9,mfbg,7,0,mbs,nyumuo,fzd,nyumuo,z,nyumuo,1
chksbtwpa9,mfbg,7,0,mzs,nyumuo,fzd,nyumuo,z,nyumuo,1
chksbtwpa9,mfbg,7,0,fzs,nyumuo,fzd,nyumuo,z,nyumuo,1
chksbtwpa9,mfbg,7,0,mzd,nyumuo,fzd,nyumuo,z,nyumuo,1
chksbtwpa9,mfbg,7,0,z,nyumuo,fzd,nyumuo,z,nyumuo,1
chksbtwpa9,mfbg,7,0,mbd,nyumuo,fzd,nyumuo,z,nyumuo,1
chksbtwpa9,mfbg,7,0,fbd,nyumuo,fzd,nyumuo,z,nyumuo,1
chksbtwpa9,mfbg,7,0,b,nyumuo,fzd,nyumuo,z,nyumuo,1
chksbtwpa9,mfbg,7,0,fbs,nyumuo,fzd,nyumuo,z,nyumuo,1
chksbtwpa9,mfbg,3,1,mzs,ngcāžo,fzd,byure,mbd,ngcāžo,1
chksbtwpa9,mfbg,3,1,fzs,byure,fzd,byure,mbd,ngcāžo,0
chksbtwpa9,mfbg,3,1,mbd,ngcāžo,fzd,byure,mbd,ngcāžo,1
chksbtwpa9,mfbg,3,1,mbs,ngcāžo,fzd,byure,mbd,ngcāžo,1
chksbtwpa9,mfbg,3,1,fbs,byure,fzd,byure,mbd,ngcāžo,0
chksbtwpa9,mfbg,3,1,fbd,byure,fzd,byure,mbd,ngcāžo,0
chksbtwpa9,mfbg,3,1,mzd,ngcāžo,fzd,byure,mbd,ngcāžo,1
chksbtwpa9,mfbg,1,2,fzs,rhymsvåd,fbs,rhymsvåd,fzd,kvurddåh,1
chksbtwpa9,mfbg,1,2,mzd,kvurddåh,fbs,rhymsvåd,fzd,kvurddåh,1
chksbtwpa9,mfbg,1,2,fbd,kvurddåh,fbs,rhymsvåd,fzd,kvurddåh,0
chksbtwpa9,mfbg,1,2,mzs,rhymsvåd,fbs,rhymsvåd,fzd,kvurddåh,1
chksbtwpa9,mfbg,1,2,mbs,rhymsvåd,fbs,rhymsvåd,fzd,kvurddåh,0
chksbtwpa9,mfbg,1,2,fbs,rhymsvåd,fbs,rhymsvåd,fzd,kvurddåh,1
chksbtwpa9,mfbg,1,2,mbd,kvurddåh,fbs,rhymsvåd,fzd,kvurddåh,1
chksbtwpa9,mfbg,6,3,fbs,øqoç,mbs,ømenad,mzd,øqoç,1
chksbtwpa9,mfbg,6,3,fzd,ømenad,mbs,ømenad,mzd,øqoç,0
chksbtwpa9,mfbg,6,3,fbd,øqoç,mbs,ømenad,mzd,øqoç,1
chksbtwpa9,mfbg,6,3,mbs,ømenad,mbs,ømenad,mzd,øqoç,1
chksbtwpa9,mfbg,6,3,mzs,ømenad,mbs,ømenad,mzd,øqoç,1
chksbtwpa9,mfbg,6,3,mbd,øqoç,mbs,ømenad,mzd,øqoç,1
chksbtwpa9,mfbg,6,3,fzs,øqoç,mbs,ømenad,mzd,øqoç,1
chksbtwpa9,mfbg,5,4,mzd,šïïnö,fbd,canšuehu,mzs,šïïnö,1
chksbtwpa9,mfbg,5,4,mbd,šïïnö,fbd,canšuehu,mzs,šïïnö,1
chksbtwpa9,mfbg,5,4,fzs,canšuehu,fbd,canšuehu,mzs,šïïnö,1
chksbtwpa9,mfbg,5,4,fzd,canšuehu,fbd,canšuehu,mzs,šïïnö,1
chksbtwpa9,mfbg,5,4,mbs,šïïnö,fbd,canšuehu,mzs,šïïnö,1
chksbtwpa9,mfbg,5,4,fbs,canšuehu,fbd,canšuehu,mzs,šïïnö,0
chksbtwpa9,mfbg,5,4,mzs,šïïnö,fbd,canšuehu,mzs,šïïnö,1
chksbtwpa9,mfbg,8,5,mzd,zuvewu,fzd,qïru,mzs,zuvewu,1
chksbtwpa9,mfbg,8,5,mbs,zuvewu,fzd,qïru,mzs,zuvewu,1
chksbtwpa9,mfbg,8,5,fbs,zuvewu,fzd,qïru,mzs,zuvewu,1
chksbtwpa9,mfbg,8,5,fzd,qïru,fzd,qïru,mzs,zuvewu,0
chksbtwpa9,mfbg,8,5,fbd,qïru,fzd,qïru,mzs,zuvewu,1
chksbtwpa9,mfbg,8,5,mbd,zuvewu,fzd,qïru,mzs,zuvewu,1
chksbtwpa9,mfbg,8,5,fzs,zuvewu,fzd,qïru,mzs,zuvewu,0
chksbtwpa9,mfbg,2,6,fzd,azuf,mbd,idanuluf,fbd,azuf,1
chksbtwpa9,mfbg,2,6,mbs,azuf,mbd,idanuluf,fbd,azuf,0
chksbtwpa9,mfbg,2,6,fbs,azuf,mbd,idanuluf,fbd,azuf,1
chksbtwpa9,mfbg,2,6,mzs,idanuluf,mbd,idanuluf,fbd,azuf,1
chksbtwpa9,mfbg,2,6,fzs,azuf,mbd,idanuluf,fbd,azuf,1
chksbtwpa9,mfbg,2,6,mzd,idanuluf,mbd,idanuluf,fbd,azuf,1
chksbtwpa9,mfbg,2,6,mbd,idanuluf,mbd,idanuluf,fbd,azuf,0
chksbtwpa9,mfbg,4,7,mbs,popingi,mzd,popingi,fbs,goviku,1
chksbtwpa9,mfbg,4,7,mzd,popingi,mzd,popingi,fbs,goviku,0
chksbtwpa9,mfbg,4,7,fbd,goviku,mzd,popingi,fbs,goviku,1
chksbtwpa9,mfbg,4,7,mzs,popingi,mzd,popingi,fbs,goviku,1
chksbtwpa9,mfbg,4,7,fzs,goviku,mzd,popingi,fbs,goviku,1
chksbtwpa9,mfbg,4,7,mbd,popingi,mzd,popingi,fbs,goviku,1
chksbtwpa9,mfbg,4,7,fzd,goviku,mzd,popingi,fbs,goviku,1
172k2sma4r,fmgb,8,0,fzd,awupav,mzd,awupav,z,agivud,0
172k2sma4r,fmgb,8,0,mbd,awupav,mzd,awupav,z,agivud,0
172k2sma4r,fmgb,8,0,fbs,awupav,mzd,awupav,z,agivud,0
172k2sma4r,fmgb,8,0,b,agivud,mzd,awupav,z,agivud,1
172k2sma4r,fmgb,8,0,fbd,agivud,mzd,awupav,z,agivud,1
172k2sma4r,fmgb,8,0,fzd,awupav,mzd,awupav,z,agivud,1
172k2sma4r,fmgb,8,0,mbd,awupav,mzd,awupav,z,agivud,1
172k2sma4r,fmgb,8,0,fbs,awupav,mzd,awupav,z,agivud,1
172k2sma4r,fmgb,8,0,b,agivud,mzd,awupav,z,agivud,1
172k2sma4r,fmgb,8,0,fbd,agivud,mzd,awupav,z,agivud,1
172k2sma4r,fmgb,8,0,mbs,awupav,mzd,awupav,z,agivud,1
172k2sma4r,fmgb,8,0,mzd,awupav,mzd,awupav,z,agivud,1
172k2sma4r,fmgb,8,0,mzs,awupav,mzd,awupav,z,agivud,1
172k2sma4r,fmgb,8,0,fzd,awupav,mzd,awupav,z,agivud,1
172k2sma4r,fmgb,8,0,mbd,awupav,mzd,awupav,z,agivud,1
172k2sma4r,fmgb,8,0,fbs,awupav,mzd,awupav,z,agivud,1
172k2sma4r,fmgb,8,0,b,awupav,mzd,awupav,z,agivud,1
172k2sma4r,fmgb,8,0,fbd,awupav,mzd,awupav,z,agivud,1
172k2sma4r,fmgb,8,0,mbs,awupav,mzd,awupav,z,agivud,1
172k2sma4r,fmgb,8,0,mzs,awupav,mzd,awupav,z,agivud,1
172k2sma4r,fmgb,8,0,fzs,awupav,mzd,awupav,z,agivud,1
172k2sma4r,fmgb,8,0,b,agivud,mzd,awupav,z,agivud,1
172k2sma4r,fmgb,8,0,fbd,awupav,mzd,awupav,z,agivud,1
172k2sma4r,fmgb,8,0,mbs,awupav,mzd,awupav,z,agivud,1
172k2sma4r,fmgb,8,0,mzs,awupav,mzd,awupav,z,agivud,1
172k2sma4r,fmgb,8,0,fzs,awupav,mzd,awupav,z,agivud,1
172k2sma4r,fmgb,4,1,mbd,uquçun,fbd,adeçim,mzs,uquçun,1
172k2sma4r,fmgb,4,1,fbs,adeçim,fbd,adeçim,mzs,uquçun,0
172k2sma4r,fmgb,4,1,fzs,adeçim,fbd,adeçim,mzs,uquçun,0
172k2sma4r,fmgb,4,1,mbs,uquçun,fbd,adeçim,mzs,uquçun,1
172k2sma4r,fmgb,4,1,mzd,uquçun,fbd,adeçim,mzs,uquçun,1
172k2sma4r,fmgb,4,1,mzs,uquçun,fbd,adeçim,mzs,uquçun,1
172k2sma4r,fmgb,4,1,fzd,adeçim,fbd,adeçim,mzs,uquçun,0
172k2sma4r,fmgb,5,2,mzd,popingi,fbs,lawolu,mzs,popingi,1
172k2sma4r,fmgb,5,2,mbs,popingi,fbs,lawolu,mzs,popingi,0
172k2sma4r,fmgb,5,2,fzd,lawolu,fbs,lawolu,mzs,popingi,1
172k2sma4r,fmgb,5,2,fzs,lawolu,fbs,lawolu,mzs,popingi,1
172k2sma4r,fmgb,5,2,fbs,lawolu,fbs,lawolu,mzs,popingi,1
172k2sma4r,fmgb,5,2,fbd,lawolu,fbs,lawolu,mzs,popingi,1
172k2sma4r,fmgb,5,2,mbd,popingi,fbs,lawolu,mzs,popingi,1
172k2sma4r,fmgb,6,3,fzs,tsåvvses,mbd,kvurddåh,fbd,tsåvvses,0
172k2sma4r,fmgb,6,3,fbs,tsåvvses,mbd,kvurddåh,fbd,tsåvvses,1
172k2sma4r,fmgb,6,3,fzd,tsåvvses,mbd,kvurddåh,fbd,tsåvvses,0
172k2sma4r,fmgb,6,3,mbs,kvurddåh,mbd,kvurddåh,fbd,tsåvvses,0
172k2sma4r,fmgb,6,3,mzd,kvurddåh,mbd,kvurddåh,fbd,tsåvvses,1
172k2sma4r,fmgb,6,3,mzs,kvurddåh,mbd,kvurddåh,fbd,tsåvvses,1
172k2sma4r,fmgb,6,3,mbd,kvurddåh,mbd,kvurddåh,fbd,tsåvvses,1
172k2sma4r,fmgb,7,4,mzs,bokokohï,fbd,kïmy,fzs,bokokohï,1
172k2sma4r,fmgb,7,4,fzs,bokokohï,fbd,kïmy,fzs,bokokohï,1
172k2sma4r,fmgb,7,4,mbs,bokokohï,fbd,kïmy,fzs,bokokohï,1
172k2sma4r,fmgb,7,4,fbs,bokokohï,fbd,kïmy,fzs,bokokohï,0
172k2sma4r,fmgb,7,4,fzd,kïmy,fbd,kïmy,fzs,bokokohï,1
172k2sma4r,fmgb,7,4,mzd,kïmy,fbd,kïmy,fzs,bokokohï,1
172k2sma4r,fmgb,7,4,mbd,kïmy,fbd,kïmy,fzs,bokokohï,1
172k2sma4r,fmgb,7,4,mzs,bokokohï,fbd,kïmy,fzs,bokokohï,1
172k2sma4r,fmgb,7,4,mbs,bokokohï,fbd,kïmy,fzs,bokokohï,1
172k2sma4r,fmgb,7,4,fbs,kïmy,fbd,kïmy,fzs,bokokohï,0
172k2sma4r,fmgb,7,4,fzd,bokokohï,fbd,kïmy,fzs,bokokohï,1
172k2sma4r,fmgb,7,4,mzd,bokokohï,fbd,kïmy,fzs,bokokohï,1
172k2sma4r,fmgb,7,4,mbd,bokokohï,fbd,kïmy,fzs,bokokohï,1
172k2sma4r,fmgb,1,5,mbs,nuubö,fzs,šaaqaude,mzd,nuubö,1
172k2sma4r,fmgb,1,5,fbd,šaaqaude,fzs,šaaqaude,mzd,nuubö,1
172k2sma4r,fmgb,1,5,mbd,nuubö,fzs,šaaqaude,mzd,nuubö,1
172k2sma4r,fmgb,1,5,mzs,nuubö,fzs,šaaqaude,mzd,nuubö,1
172k2sma4r,fmgb,1,5,fbs,šaaqaude,fzs,šaaqaude,mzd,nuubö,1
172k2sma4r,fmgb,1,5,fzd,šaaqaude,fzs,šaaqaude,mzd,nuubö,0
172k2sma4r,fmgb,1,5,mzd,nuubö,fzs,šaaqaude,mzd,nuubö,1
172k2sma4r,fmgb,2,6,mzd,nyumuo,mbd,nyumuo,mzs,qăo,1
172k2sma4r,fmgb,2,6,mbd,nyumuo,mbd,nyumuo,mzs,qăo,0
172k2sma4r,fmgb,2,6,fbd,nyumuo,mbd,nyumuo,mzs,qăo,1
172k2sma4r,fmgb,2,6,mbs,qăo,mbd,nyumuo,mzs,qăo,1
172k2sma4r,fmgb,2,6,fzs,qăo,mbd,nyumuo,mzs,qăo,1
172k2sma4r,fmgb,2,6,fzd,nyumuo,mbd,nyumuo,mzs,qăo,1
172k2sma4r,fmgb,2,6,fbs,qăo,mbd,nyumuo,mzs,qăo,1
172k2sma4r,fmgb,3,7,fbs,byure,mzs,ngcāžo,fzs,byure,1
172k2sma4r,fmgb,3,7,fbd,byure,mzs,ngcāžo,fzs,byure,1
172k2sma4r,fmgb,3,7,fzs,byure,mzs,ngcāžo,fzs,byure,1
172k2sma4r,fmgb,3,7,mbd,byure,mzs,ngcāžo,fzs,byure,1
172k2sma4r,fmgb,3,7,mzd,ngcāžo,mzs,ngcāžo,fzs,byure,0
172k2sma4r,fmgb,3,7,mbs,byure,mzs,ngcāžo,fzs,byure,1
172k2sma4r,fmgb,3,7,fzd,byure,mzs,ngcāžo,fzs,byure,1
hq1zhqhwaa,mfgb,1,0,fzd,tuumïhu,fbs,tuumïhu,z,beiguumu,0
hq1zhqhwaa,mfgb,1,0,mzd,tuumïhu,fbs,tuumïhu,z,beiguumu,0
hq1zhqhwaa,mfgb,1,0,mzs,tuumïhu,fbs,tuumïhu,z,beiguumu,0
hq1zhqhwaa,mfgb,1,0,fbd,tuumïhu,fbs,tuumïhu,z,beiguumu,1
hq1zhqhwaa,mfgb,1,0,b,beiguumu,fbs,tuumïhu,z,beiguumu,1
hq1zhqhwaa,mfgb,1,0,mbd,tuumïhu,fbs,tuumïhu,z,beiguumu,1
hq1zhqhwaa,mfgb,1,0,z,beiguumu,fbs,tuumïhu,z,beiguumu,1
hq1zhqhwaa,mfgb,1,0,mbs,tuumïhu,fbs,tuumïhu,z,beiguumu,1
hq1zhqhwaa,mfgb,1,0,fzs,tuumïhu,fbs,tuumïhu,z,beiguumu,1
hq1zhqhwaa,mfgb,8,1,mbs,orinoçim,fbs,aqinudød,mzs,orinoçim,1
hq1zhqhwaa,mfgb,8,1,fbd,aqinudød,fbs,aqinudød,mzs,orinoçim,0
hq1zhqhwaa,mfgb,8,1,mbd,orinoçim,fbs,aqinudød,mzs,orinoçim,1
hq1zhqhwaa,mfgb,8,1,mzd,orinoçim,fbs,aqinudød,mzs,orinoçim,1
hq1zhqhwaa,mfgb,8,1,fzs,aqinudød,fbs,aqinudød,mzs,orinoçim,0
hq1zhqhwaa,mfgb,8,1,mzs,orinoçim,fbs,aqinudød,mzs,orinoçim,1
hq1zhqhwaa,mfgb,8,1,fzd,aqinudød,fbs,aqinudød,mzs,orinoçim,0
hq1zhqhwaa,mfgb,2,2,mzd,luge,mbs,powisunge,mzd,luge,1
hq1zhqhwaa,mfgb,2,2,mbd,luge,mbs,powisunge,mzd,luge,0
hq1zhqhwaa,mfgb,2,2,fzs,powisunge,mbs,powisunge,mzd,luge,1
hq1zhqhwaa,mfgb,2,2,fzd,luge,mbs,powisunge,mzd,luge,1
hq1zhqhwaa,mfgb,2,2,fbs,powisunge,mbs,powisunge,mzd,luge,0
hq1zhqhwaa,mfgb,2,2,fbd,luge,mbs,powisunge,mzd,luge,0
hq1zhqhwaa,mfgb,2,2,mzs,powisunge,mbs,powisunge,mzd,luge,1
hq1zhqhwaa,mfgb,5,3,mbs,kïmy,fzs,kïmy,mzd,qïru,0
hq1zhqhwaa,mfgb,5,3,mzd,qïru,fzs,kïmy,mzd,qïru,1
hq1zhqhwaa,mfgb,5,3,fzd,kïmy,fzs,kïmy,mzd,qïru,0
hq1zhqhwaa,mfgb,5,3,fbs,qïru,fzs,kïmy,mzd,qïru,1
hq1zhqhwaa,mfgb,5,3,mbd,kïmy,fzs,kïmy,mzd,qïru,0
hq1zhqhwaa,mfgb,5,3,fbd,qïru,fzs,kïmy,mzd,qïru,1
hq1zhqhwaa,mfgb,5,3,mzs,qïru,fzs,kïmy,mzd,qïru,1
hq1zhqhwaa,mfgb,7,4,mzs,huanăa,fbd,taobyo,mbd,huanăa,1
hq1zhqhwaa,mfgb,7,4,mbs,huanăa,fbd,taobyo,mbd,huanăa,1
hq1zhqhwaa,mfgb,7,4,fzs,huanăa,fbd,taobyo,mbd,huanăa,1
hq1zhqhwaa,mfgb,7,4,mzd,huanăa,fbd,taobyo,mbd,huanăa,1
hq1zhqhwaa,mfgb,7,4,fbs,taobyo,fbd,taobyo,mbd,huanăa,0
hq1zhqhwaa,mfgb,7,4,fbd,taobyo,fbd,taobyo,mbd,huanăa,0
hq1zhqhwaa,mfgb,7,4,fzd,huanăa,fbd,taobyo,mbd,huanăa,1
hq1zhqhwaa,mfgb,3,5,mzd,tsåvvses,fzs,vrêd,fbd,tsåvvses,1
hq1zhqhwaa,mfgb,3,5,fbs,vrêd,fzs,vrêd,fbd,tsåvvses,1
hq1zhqhwaa,mfgb,3,5,fzd,tsåvvses,fzs,vrêd,fbd,tsåvvses,0
hq1zhqhwaa,mfgb,3,5,fbd,tsåvvses,fzs,vrêd,fbd,tsåvvses,1
hq1zhqhwaa,mfgb,3,5,mbs,vrêd,fzs,vrêd,fbd,tsåvvses,1
hq1zhqhwaa,mfgb,3,5,mzs,vrêd,fzs,vrêd,fbd,tsåvvses,1
hq1zhqhwaa,mfgb,3,5,mbd,tsåvvses,fzs,vrêd,fbd,tsåvvses,1
hq1zhqhwaa,mfgb,4,6,fzd,etupol,mbs,otev,fzs,etupol,1
hq1zhqhwaa,mfgb,4,6,fbd,etupol,mbs,otev,fzs,etupol,1
hq1zhqhwaa,mfgb,4,6,mbd,otev,mbs,otev,fzs,etupol,0
hq1zhqhwaa,mfgb,4,6,fbs,etupol,mbs,otev,fzs,etupol,1
hq1zhqhwaa,mfgb,4,6,fzs,etupol,mbs,otev,fzs,etupol,1
hq1zhqhwaa,mfgb,4,6,mzs,etupol,mbs,otev,fzs,etupol,1
hq1zhqhwaa,mfgb,4,6,mzd,etupol,mbs,otev,fzs,etupol,1
hq1zhqhwaa,mfgb,6,7,mzd,byure,mzs,byure,mbd,vruži,0
hq1zhqhwaa,mfgb,6,7,fzd,vruži,mzs,byure,mbd,vruži,1
hq1zhqhwaa,mfgb,6,7,fzs,vruži,mzs,byure,mbd,vruži,1
hq1zhqhwaa,mfgb,6,7,mbs,vruži,mzs,byure,mbd,vruži,1
hq1zhqhwaa,mfgb,6,7,fbd,vruži,mzs,byure,mbd,vruži,1
hq1zhqhwaa,mfgb,6,7,mzs,byure,mzs,byure,mbd,vruži,0
hq1zhqhwaa,mfgb,6,7,fbs,vruži,mzs,byure,mbd,vruži,1
srcyko4mfl,fmbg,5,0,fbs,bybï,fzs,bybï,z,bokokohï,0
srcyko4mfl,fmbg,5,0,mzd,bybï,fzs,bybï,z,bokokohï,0
srcyko4mfl,fmbg,5,0,mbd,bybï,fzs,bybï,z,bokokohï,0
srcyko4mfl,fmbg,5,0,z,bokokohï,fzs,bybï,z,bokokohï,0
srcyko4mfl,fmbg,5,0,fzd,bybï,fzs,bybï,z,bokokohï,1
srcyko4mfl,fmbg,5,0,mzs,bybï,fzs,bybï,z,bokokohï,1
srcyko4mfl,fmbg,5,0,b,hïlaki,fzs,bybï,z,bokokohï,0
srcyko4mfl,fmbg,5,0,mbs,bybï,fzs,bybï,z,bokokohï,0
srcyko4mfl,fmbg,5,0,fbd,bybï,fzs,bybï,z,bokokohï,0
srcyko4mfl,fmbg,7,1,fbs,gêă,fbd,gêă,mbs,nyumuo,0
srcyko4mfl,fmbg,7,1,fzs,gêă,fbd,gêă,mbs,nyumuo,0
srcyko4mfl,fmbg,7,1,mzs,nyumuo,fbd,gêă,mbs,nyumuo,1
srcyko4mfl,fmbg,7,1,fzd,gêă,fbd,gêă,mbs,nyumuo,0
srcyko4mfl,fmbg,7,1,mzd,nyumuo,fbd,gêă,mbs,nyumuo,1
srcyko4mfl,fmbg,7,1,mbd,nyumuo,fbd,gêă,mbs,nyumuo,1
srcyko4mfl,fmbg,7,1,mbs,nyumuo,fbd,gêă,mbs,nyumuo,1
srcyko4mfl,fmbg,2,2,mbd,byure,mbs,cžunge,fzs,vruži,0
srcyko4mfl,fmbg,2,2,mbs,cžunge,mbs,cžunge,fzs,vruži,1
srcyko4mfl,fmbg,2,2,mzd,byure,mbs,cžunge,fzs,vruži,0
srcyko4mfl,fmbg,2,2,fzd,vruži,mbs,cžunge,fzs,vruži,0
srcyko4mfl,fmbg,2,2,fbs,vruži,mbs,cžunge,fzs,vruži,1
srcyko4mfl,fmbg,2,2,fbd,vruži,mbs,cžunge,fzs,vruži,1
srcyko4mfl,fmbg,2,2,mzs,cžunge,mbs,cžunge,fzs,vruži,0
srcyko4mfl,fmbg,6,3,fzd,içiqusem,mbs,içiqusem,fbd,orinoçim,0
srcyko4mfl,fmbg,6,3,mzs,orinoçim,mbs,içiqusem,fbd,orinoçim,1
srcyko4mfl,fmbg,6,3,fbs,içiqusem,mbs,içiqusem,fbd,orinoçim,1
srcyko4mfl,fmbg,6,3,fzs,orinoçim,mbs,içiqusem,fbd,orinoçim,0
srcyko4mfl,fmbg,6,3,mbs,içiqusem,mbs,içiqusem,fbd,orinoçim,1
srcyko4mfl,fmbg,6,3,mzd,içiqusem,mbs,içiqusem,fbd,orinoçim,1
srcyko4mfl,fmbg,6,3,mbd,orinoçim,mbs,içiqusem,fbd,orinoçim,1
srcyko4mfl,fmbg,8,4,mzd,idanuluf,fbd,ulywaf,mbs,idanuluf,1
srcyko4mfl,fmbg,8,4,fzs,idanuluf,fbd,ulywaf,mbs,idanuluf,1
srcyko4mfl,fmbg,8,4,mbs,idanuluf,fbd,ulywaf,mbs,idanuluf,1
srcyko4mfl,fmbg,8,4,mzs,idanuluf,fbd,ulywaf,mbs,idanuluf,1
srcyko4mfl,fmbg,8,4,mbd,idanuluf,fbd,ulywaf,mbs,idanuluf,1
srcyko4mfl,fmbg,8,4,fzd,idanuluf,fbd,ulywaf,mbs,idanuluf,1
srcyko4mfl,fmbg,8,4,fbs,ulywaf,fbd,ulywaf,mbs,idanuluf,0
srcyko4mfl,fmbg,3,5,mbs,goviku,fzs,ngapapu,fbs,goviku,1
srcyko4mfl,fmbg,3,5,mbd,goviku,fzs,ngapapu,fbs,goviku,1
srcyko4mfl,fmbg,3,5,mzs,goviku,fzs,ngapapu,fbs,goviku,1
srcyko4mfl,fmbg,3,5,fzd,goviku,fzs,ngapapu,fbs,goviku,0
srcyko4mfl,fmbg,3,5,fzd,ngapapu,fzs,ngapapu,fbs,goviku,0
srcyko4mfl,fmbg,3,5,fbd,goviku,fzs,ngapapu,fbs,goviku,1
srcyko4mfl,fmbg,3,5,fzs,ngapapu,fzs,ngapapu,fbs,goviku,0
srcyko4mfl,fmbg,3,5,mzd,goviku,fzs,ngapapu,fbs,goviku,1
srcyko4mfl,fmbg,4,6,fzd,šïïnö,mbd,yaöpe,mzs,šïïnö,1
srcyko4mfl,fmbg,4,6,mbs,yaöpe,mbd,yaöpe,mzs,šïïnö,0
srcyko4mfl,fmbg,4,6,fzs,šïïnö,mbd,yaöpe,mzs,šïïnö,1
srcyko4mfl,fmbg,4,6,fbd,šïïnö,mbd,yaöpe,mzs,šïïnö,1
srcyko4mfl,fmbg,4,6,fbs,šïïnö,mbd,yaöpe,mzs,šïïnö,1
srcyko4mfl,fmbg,4,6,mzd,šïïnö,mbd,yaöpe,mzs,šïïnö,1
srcyko4mfl,fmbg,4,6,mzs,šïïnö,mbd,yaöpe,mzs,šïïnö,1
srcyko4mfl,fmbg,1,7,mzs,kvurddåh,mzd,rhymsvåd,fbs,kvurddåh,0
srcyko4mfl,fmbg,1,7,fbs,kvurddåh,mzd,rhymsvåd,fbs,kvurddåh,1
srcyko4mfl,fmbg,1,7,fzs,kvurddåh,mzd,rhymsvåd,fbs,kvurddåh,1
srcyko4mfl,fmbg,1,7,fbd,rhymsvåd,mzd,rhymsvåd,fbs,kvurddåh,1
srcyko4mfl,fmbg,1,7,mbd,rhymsvåd,mzd,rhymsvåd,fbs,kvurddåh,1
srcyko4mfl,fmbg,1,7,fzd,rhymsvåd,mzd,rhymsvåd,fbs,kvurddåh,1
srcyko4mfl,fmbg,1,7,mbs,kvurddåh,mzd,rhymsvåd,fbs,kvurddåh,1
vfc66vqf8v,fmbg,7,0,mzs,huanăa,fzs,gêă,b,nyumuo,0
vfc66vqf8v,fmbg,7,0,fbd,huanăa,fzs,gêă,b,nyumuo,1
vfc66vqf8v,fmbg,7,0,fzd,nyumuo,fzs,gêă,b,nyumuo,1
vfc66vqf8v,fmbg,7,0,mzd,huanăa,fzs,gêă,b,nyumuo,1
vfc66vqf8v,fmbg,7,0,fzd,gêă,fzs,gêă,b,nyumuo,1
vfc66vqf8v,fmbg,7,0,mzd,huanăa,fzs,gêă,b,nyumuo,1
vfc66vqf8v,fmbg,7,0,mbd,gêă,fzs,gêă,b,nyumuo,1
vfc66vqf8v,fmbg,7,0,mbd,gêă,fzs,gêă,b,nyumuo,1
vfc66vqf8v,fmbg,7,0,z,nyumuo,fzs,gêă,b,nyumuo,0
vfc66vqf8v,fmbg,7,0,fzs,gêă,fzs,gêă,b,nyumuo,1
vfc66vqf8v,fmbg,7,0,mbs,gêă,fzs,gêă,b,nyumuo,1
vfc66vqf8v,fmbg,7,0,fbs,huanăa,fzs,gêă,b,nyumuo,1
vfc66vqf8v,fmbg,8,1,mbs,idanuluf,fbd,awupav,mzs,otev,0
vfc66vqf8v,fmbg,8,1,fbs,awupav,fbd,awupav,mzs,otev,0
vfc66vqf8v,fmbg,8,1,fbd,awupav,fbd,awupav,mzs,otev,1
vfc66vqf8v,fmbg,8,1,fzd,idanuluf,fbd,awupav,mzs,otev,1
vfc66vqf8v,fmbg,8,1,mzd,otev,fbd,awupav,mzs,otev,0
vfc66vqf8v,fmbg,8,1,fzs,idanuluf,fbd,awupav,mzs,otev,1
vfc66vqf8v,fmbg,8,1,mbd,idanuluf,fbd,awupav,mzs,otev,0
vfc66vqf8v,fmbg,5,2,fbs,nuubö,mbs,cöahido,fzd,šïïnö,0
vfc66vqf8v,fmbg,5,2,mbd,cöahido,mbs,cöahido,fzd,šïïnö,1
vfc66vqf8v,fmbg,5,2,fzd,šïïnö,mbs,cöahido,fzd,šïïnö,0
vfc66vqf8v,fmbg,5,2,mzd,nuubö,mbs,cöahido,fzd,šïïnö,1
vfc66vqf8v,fmbg,5,2,mzs,nuubö,mbs,cöahido,fzd,šïïnö,1
vfc66vqf8v,fmbg,5,2,fzs,šïïnö,mbs,cöahido,fzd,šïïnö,1
vfc66vqf8v,fmbg,5,2,fbd,nuubö,mbs,cöahido,fzd,šïïnö,0
vfc66vqf8v,fmbg,6,3,mzd,pžicā,fzd,vbāžo,fbs,pžicā,1
vfc66vqf8v,fmbg,6,3,mzd,pžicā,fzd,vbāžo,fbs,pžicā,1
vfc66vqf8v,fmbg,6,3,mbd,vbāžo,fzd,vbāžo,fbs,pžicā,0
vfc66vqf8v,fmbg,6,3,fzs,vbāžo,fzd,vbāžo,fbs,pžicā,0
vfc66vqf8v,fmbg,6,3,fbd,pžicā,fzd,vbāžo,fbs,pžicā,1
vfc66vqf8v,fmbg,6,3,mzs,pžicā,fzd,vbāžo,fbs,pžicā,1
vfc66vqf8v,fmbg,6,3,mbs,vbāžo,fzd,vbāžo,fbs,pžicā,0
vfc66vqf8v,fmbg,6,3,fbs,pžicā,fzd,vbāžo,fbs,pžicā,1
vfc66vqf8v,fmbg,2,4,fbs,orinoçim,fbd,orinoçim,fzs,aweh,0
vfc66vqf8v,fmbg,2,4,mbd,aweh,fbd,orinoçim,fzs,aweh,1
vfc66vqf8v,fmbg,2,4,fzs,aweh,fbd,orinoçim,fzs,aweh,1
vfc66vqf8v,fmbg,2,4,mzd,orinoçim,fbd,orinoçim,fzs,aweh,1
vfc66vqf8v,fmbg,2,4,fzd,aweh,fbd,orinoçim,fzs,aweh,1
vfc66vqf8v,fmbg,2,4,mzs,orinoçim,fbd,orinoçim,fzs,aweh,1
vfc66vqf8v,fmbg,2,4,mbs,aweh,fbd,orinoçim,fzs,aweh,1
vfc66vqf8v,fmbg,3,5,mzd,kawuka,fzs,luge,fbd,kawuka,1
vfc66vqf8v,fmbg,3,5,mbs,luge,fzs,luge,fbd,kawuka,1
vfc66vqf8v,fmbg,3,5,fbs,kawuka,fzs,luge,fbd,kawuka,1
vfc66vqf8v,fmbg,3,5,fzs,luge,fzs,luge,fbd,kawuka,0
vfc66vqf8v,fmbg,3,5,mzs,kawuka,fzs,luge,fbd,kawuka,1
vfc66vqf8v,fmbg,3,5,mbd,luge,fzs,luge,fbd,kawuka,1
vfc66vqf8v,fmbg,3,5,fzd,luge,fzs,luge,fbd,kawuka,0
vfc66vqf8v,fmbg,1,6,mzs,bokokohï,mbd,qïru,mzd,bokokohï,1
vfc66vqf8v,fmbg,1,6,mbs,qïru,mbd,qïru,mzd,bokokohï,0
vfc66vqf8v,fmbg,1,6,mzd,bokokohï,mbd,qïru,mzd,bokokohï,1
vfc66vqf8v,fmbg,1,6,fzs,qïru,mbd,qïru,mzd,bokokohï,1
vfc66vqf8v,fmbg,1,6,fzd,qïru,mbd,qïru,mzd,bokokohï,1
vfc66vqf8v,fmbg,1,6,fbd,bokokohï,mbd,qïru,mzd,bokokohï,1
vfc66vqf8v,fmbg,1,6,fbs,bokokohï,mbd,qïru,mzd,bokokohï,1
vfc66vqf8v,fmbg,4,7,fbd,ktåvrhus,mzd,ktåvrhus,fzd,tsåvvses,1
vfc66vqf8v,fmbg,4,7,mbs,tsåvvses,mzd,ktåvrhus,fzd,tsåvvses,1
vfc66vqf8v,fmbg,4,7,mzd,ktåvrhus,mzd,ktåvrhus,fzd,tsåvvses,0
vfc66vqf8v,fmbg,4,7,mbd,tsåvvses,mzd,ktåvrhus,fzd,tsåvvses,1
vfc66vqf8v,fmbg,4,7,fzs,tsåvvses,mzd,ktåvrhus,fzd,tsåvvses,1
vfc66vqf8v,fmbg,4,7,fbs,ktåvrhus,mzd,ktåvrhus,fzd,tsåvvses,1
vfc66vqf8v,fmbg,4,7,mzs,ktåvrhus,mzd,ktåvrhus,fzd,tsåvvses,0
by11zvzmpo,mfgb,6,0,mbs,ryvïri,fbd,ryvïri,z,kïmy,0
by11zvzmpo,mfgb,6,0,mbd,kïmy,fbd,ryvïri,z,kïmy,0
by11zvzmpo,mfgb,6,0,z,kïmy,fbd,ryvïri,z,kïmy,0
by11zvzmpo,mfgb,6,0,mzs,ryvïri,fbd,ryvïri,z,kïmy,0
by11zvzmpo,mfgb,6,0,mbs,bokokohï,fbd,ryvïri,z,kïmy,0
by11zvzmpo,mfgb,6,0,mbd,ryvïri,fbd,ryvïri,z,kïmy,1
by11zvzmpo,mfgb,6,0,mzs,bokokohï,fbd,ryvïri,z,kïmy,1
by11zvzmpo,mfgb,6,0,mzd,ryvïri,fbd,ryvïri,z,kïmy,1
by11zvzmpo,mfgb,6,0,fzd,ryvïri,fbd,ryvïri,z,kïmy,1
by11zvzmpo,mfgb,6,0,fzs,bokokohï,fbd,ryvïri,z,kïmy,1
by11zvzmpo,mfgb,6,0,b,lobowaby,fbd,ryvïri,z,kïmy,0
by11zvzmpo,mfgb,6,0,fbs,bokokohï,fbd,ryvïri,z,kïmy,0
by11zvzmpo,mfgb,8,1,mzd,nžodo,fbs,cžunge,mbs,vruži,0
by11zvzmpo,mfgb,8,1,mbs,vruži,fbs,cžunge,mbs,vruži,1
by11zvzmpo,mfgb,8,1,fbd,nžodo,fbs,cžunge,mbs,vruži,0
by11zvzmpo,mfgb,8,1,fzd,nžodo,fbs,cžunge,mbs,vruži,0
by11zvzmpo,mfgb,8,1,fzs,cžunge,fbs,cžunge,mbs,vruži,0
by11zvzmpo,mfgb,8,1,mbd,nžodo,fbs,cžunge,mbs,vruži,1
by11zvzmpo,mfgb,8,1,mzs,vruži,fbs,cžunge,mbs,vruži,1
by11zvzmpo,mfgb,5,2,fzs,egezalat,mbs,egezalat,mzd,ulywaf,1
by11zvzmpo,mfgb,5,2,fbd,ulywaf,mbs,egezalat,mzd,ulywaf,0
by11zvzmpo,mfgb,5,2,mbd,ulywaf,mbs,egezalat,mzd,ulywaf,0
by11zvzmpo,mfgb,5,2,fzd,ulywaf,mbs,egezalat,mzd,ulywaf,1
by11zvzmpo,mfgb,5,2,mzs,egezalat,mbs,egezalat,mzd,ulywaf,1
by11zvzmpo,mfgb,5,2,fbs,egezalat,mbs,egezalat,mzd,ulywaf,0
by11zvzmpo,mfgb,5,2,mzd,ulywaf,mbs,egezalat,mzd,ulywaf,1
by11zvzmpo,mfgb,1,3,mbd,šïïnö,fzs,šïïnö,fbs,beiguumu,0
by11zvzmpo,mfgb,1,3,fzd,šïïnö,fzs,šïïnö,fbs,beiguumu,0
by11zvzmpo,mfgb,1,3,mbs,beiguumu,fzs,šïïnö,fbs,beiguumu,1
by11zvzmpo,mfgb,1,3,fzs,šïïnö,fzs,šïïnö,fbs,beiguumu,1
by11zvzmpo,mfgb,1,3,mzd,šïïnö,fzs,šïïnö,fbs,beiguumu,1
by11zvzmpo,mfgb,1,3,fbd,šïïnö,fzs,šïïnö,fbs,beiguumu,1
by11zvzmpo,mfgb,1,3,mzs,beiguumu,fzs,šïïnö,fbs,beiguumu,1
by11zvzmpo,mfgb,3,4,mbd,kvurddåh,fbd,smêvskêv,mzd,kvurddåh,1
by11zvzmpo,mfgb,3,4,fzs,sfêvdok,fbd,smêvskêv,mzd,kvurddåh,0
by11zvzmpo,mfgb,3,4,fzd,kvurddåh,fbd,smêvskêv,mzd,kvurddåh,0
by11zvzmpo,mfgb,3,4,mzs,sfêvdok,fbd,smêvskêv,mzd,kvurddåh,1
by11zvzmpo,mfgb,3,4,fbd,smêvskêv,fbd,smêvskêv,mzd,kvurddåh,0
by11zvzmpo,mfgb,3,4,fbs,smêvskêv,fbd,smêvskêv,mzd,kvurddåh,1
by11zvzmpo,mfgb,3,4,mbs,sfêvdok,fbd,smêvskêv,mzd,kvurddåh,0
by11zvzmpo,mfgb,4,5,fzs,powisunge,fzs,powisunge,mbd,luge,0
by11zvzmpo,mfgb,4,5,fbd,luge,fzs,powisunge,mbd,luge,1
by11zvzmpo,mfgb,4,5,fbs,powisunge,fzs,powisunge,mbd,luge,1
by11zvzmpo,mfgb,4,5,mbs,powisunge,fzs,powisunge,mbd,luge,1
by11zvzmpo,mfgb,4,5,mzs,powisunge,fzs,powisunge,mbd,luge,1
by11zvzmpo,mfgb,4,5,fzd,luge,fzs,powisunge,mbd,luge,0
by11zvzmpo,mfgb,4,5,mzd,luge,fzs,powisunge,mbd,luge,1
by11zvzmpo,mfgb,2,6,mbd,baumiă,mbs,hyonăo,fzs,baumiă,0
by11zvzmpo,mfgb,2,6,fzs,baumiă,mbs,hyonăo,fzs,baumiă,1
by11zvzmpo,mfgb,2,6,mzd,hyonăo,mbs,hyonăo,fzs,baumiă,1
by11zvzmpo,mfgb,2,6,fbd,hyonăo,mbs,hyonăo,fzs,baumiă,1
by11zvzmpo,mfgb,2,6,fbs,baumiă,mbs,hyonăo,fzs,baumiă,1
by11zvzmpo,mfgb,2,6,mzs,baumiă,mbs,hyonăo,fzs,baumiă,1
by11zvzmpo,mfgb,2,6,fzd,hyonăo,mbs,hyonăo,fzs,baumiă,1
by11zvzmpo,mfgb,7,7,mbd,adeçim,mzs,aqinudød,fbd,adeçim,1
by11zvzmpo,mfgb,7,7,mzs,aqinudød,mzs,aqinudød,fbd,adeçim,0
by11zvzmpo,mfgb,7,7,mbs,aqinudød,mzs,aqinudød,fbd,adeçim,1
by11zvzmpo,mfgb,7,7,mzd,adeçim,mzs,aqinudød,fbd,adeçim,1
by11zvzmpo,mfgb,7,7,fbs,aqinudød,mzs,aqinudød,fbd,adeçim,1
by11zvzmpo,mfgb,7,7,fzs,aqinudød,mzs,aqinudød,fbd,adeçim,1
by11zvzmpo,mfgb,7,7,fzd,adeçim,mzs,aqinudød,fbd,adeçim,1
wa2j69ws6s,fmbg,5,0,fbd,adeçim,mzs,adeçim,z,emøyeç,0
wa2j69ws6s,fmbg,5,0,mzs,adeçim,mzs,adeçim,z,emøyeç,1
wa2j69ws6s,fmbg,5,0,mbd,adeçim,mzs,adeçim,z,emøyeç,1
wa2j69ws6s,fmbg,5,0,fzs,adeçim,mzs,adeçim,z,emøyeç,1
wa2j69ws6s,fmbg,5,0,mbs,adeçim,mzs,adeçim,z,emøyeç,1
wa2j69ws6s,fmbg,5,0,b,emøyeç,mzs,adeçim,z,emøyeç,1
wa2j69ws6s,fmbg,5,0,mzd,adeçim,mzs,adeçim,z,emøyeç,1
wa2j69ws6s,fmbg,5,0,fbs,adeçim,mzs,adeçim,z,emøyeç,1
wa2j69ws6s,fmbg,5,0,fzd,adeçim,mzs,adeçim,z,emøyeç,1
wa2j69ws6s,fmbg,2,1,mzs,morïky,fzs,bybï,mbs,morïky,1
wa2j69ws6s,fmbg,2,1,mzd,morïky,fzs,bybï,mbs,morïky,1
wa2j69ws6s,fmbg,2,1,fzd,bybï,fzs,bybï,mbs,morïky,0
wa2j69ws6s,fmbg,2,1,fbd,bybï,fzs,bybï,mbs,morïky,0
wa2j69ws6s,fmbg,2,1,mbd,morïky,fzs,bybï,mbs,morïky,1
wa2j69ws6s,fmbg,2,1,fbs,bybï,fzs,bybï,mbs,morïky,0
wa2j69ws6s,fmbg,2,1,mbs,morïky,fzs,bybï,mbs,morïky,1
wa2j69ws6s,fmbg,7,2,mbs,sfêvdok,fbs,sfêvdok,mzd,kvurddåh,0
wa2j69ws6s,fmbg,7,2,fbd,sfêvdok,fbs,sfêvdok,mzd,kvurddåh,0
wa2j69ws6s,fmbg,7,2,fzd,kvurddåh,fbs,sfêvdok,mzd,kvurddåh,1
wa2j69ws6s,fmbg,7,2,fzs,kvurddåh,fbs,sfêvdok,mzd,kvurddåh,1
wa2j69ws6s,fmbg,7,2,fbs,sfêvdok,fbs,sfêvdok,mzd,kvurddåh,1
wa2j69ws6s,fmbg,7,2,mzs,kvurddåh,fbs,sfêvdok,mzd,kvurddåh,1
wa2j69ws6s,fmbg,7,2,mbd,sfêvdok,fbs,sfêvdok,mzd,kvurddåh,1
wa2j69ws6s,fmbg,4,3,mbs,gêă,fzd,taobyo,fbd,gêă,0
wa2j69ws6s,fmbg,4,3,fzd,taobyo,fzd,taobyo,fbd,gêă,1
wa2j69ws6s,fmbg,4,3,mzd,taobyo,fzd,taobyo,fbd,gêă,1
wa2j69ws6s,fmbg,4,3,fzs,taobyo,fzd,taobyo,fbd,gêă,1
wa2j69ws6s,fmbg,4,3,mbd,gêă,fzd,taobyo,fbd,gêă,1
wa2j69ws6s,fmbg,4,3,mzs,taobyo,fzd,taobyo,fbd,gêă,1
wa2j69ws6s,fmbg,4,3,fbs,gêă,fzd,taobyo,fbd,gêă,1
wa2j69ws6s,fmbg,3,4,mbd,šïïnö,fbd,tuumïhu,mbs,šïïnö,1
wa2j69ws6s,fmbg,3,4,mzs,šïïnö,fbd,tuumïhu,mbs,šïïnö,1
wa2j69ws6s,fmbg,3,4,mbs,šïïnö,fbd,tuumïhu,mbs,šïïnö,1
wa2j69ws6s,fmbg,3,4,fzd,šïïnö,fbd,tuumïhu,mbs,šïïnö,1
wa2j69ws6s,fmbg,3,4,mzd,šïïnö,fbd,tuumïhu,mbs,šïïnö,1
wa2j69ws6s,fmbg,3,4,fzs,šïïnö,fbd,tuumïhu,mbs,šïïnö,1
wa2j69ws6s,fmbg,3,4,fbs,tuumïhu,fbd,tuumïhu,mbs,šïïnö,0
wa2j69ws6s,fmbg,8,5,fbs,žbodu,fzd,pžicā,mzd,žbodu,1
wa2j69ws6s,fmbg,8,5,fbs,žbodu,fzd,pžicā,mzd,žbodu,1
wa2j69ws6s,fmbg,8,5,mbs,žbodu,fzd,pžicā,mzd,žbodu,1
wa2j69ws6s,fmbg,8,5,mbd,žbodu,fzd,pžicā,mzd,žbodu,1
wa2j69ws6s,fmbg,8,5,mzd,žbodu,fzd,pžicā,mzd,žbodu,1
wa2j69ws6s,fmbg,8,5,fzs,pžicā,fzd,pžicā,mzd,žbodu,0
wa2j69ws6s,fmbg,8,5,mzs,žbodu,fzd,pžicā,mzd,žbodu,1
wa2j69ws6s,fmbg,8,5,fbd,žbodu,fzd,pžicā,mzd,žbodu,1
wa2j69ws6s,fmbg,6,6,fbs,egezalat,mbs,awupav,mzs,egezalat,1
wa2j69ws6s,fmbg,6,6,mbd,awupav,mbs,awupav,mzs,egezalat,0
wa2j69ws6s,fmbg,6,6,mzs,egezalat,mbs,awupav,mzs,egezalat,1
wa2j69ws6s,fmbg,6,6,fzs,egezalat,mbs,awupav,mzs,egezalat,1
wa2j69ws6s,fmbg,6,6,fbd,egezalat,mbs,awupav,mzs,egezalat,1
wa2j69ws6s,fmbg,6,6,fzd,egezalat,mbs,awupav,mzs,egezalat,1
wa2j69ws6s,fmbg,6,6,mzd,egezalat,mbs,awupav,mzs,egezalat,1
wa2j69ws6s,fmbg,1,7,fbd,luge,mzd,lepego,fbd,luge,1
wa2j69ws6s,fmbg,1,7,fbs,luge,mzd,lepego,fbd,luge,1
wa2j69ws6s,fmbg,1,7,mzs,luge,mzd,lepego,fbd,luge,0
wa2j69ws6s,fmbg,1,7,fzs,luge,mzd,lepego,fbd,luge,1
wa2j69ws6s,fmbg,1,7,fzd,lepego,mzd,lepego,fbd,luge,1
wa2j69ws6s,fmbg,1,7,mbs,luge,mzd,lepego,fbd,luge,1
wa2j69ws6s,fmbg,1,7,mbd,lepego,mzd,lepego,fbd,luge,1
