random_id,condition,block,system,trial_type,selectee,selection,expected,correct,undo,done,generaliser1,generaliser1_term,generaliser2,generaliser2_term,generaliser3,generaliser3_term,generaliser4,generaliser4_term,catch_failed,button_number,trial_index,time_elapsed,rt
9r62k0regr,mfgb,1,4,critical,fbs,ømenad,ømenad,1,0,0,fbd,ømenad,fzs,içiqusem,,,,,,1,26,81201,5669
9r62k0regr,mfgb,1,4,critical,mbd,içiqusem,içiqusem,1,0,0,fbd,ømenad,fzs,içiqusem,,,,,,0,27,91492,10289
9r62k0regr,mfgb,1,4,catch,fbd,ømenad,ømenad,1,0,0,fbd,ømenad,fzs,içiqusem,,,,,False,1,28,96483,4990
9r62k0regr,mfgb,1,4,critical,mbs,içiqusem,içiqusem,1,0,0,fbd,ømenad,fzs,içiqusem,,,,,,0,29,106017,9533
9r62k0regr,mfgb,1,4,critical,mzs,ømenad,içiqusem,0,0,0,fbd,ømenad,fzs,içiqusem,,,,,,1,30,112457,6439
9r62k0regr,mfgb,1,4,critical,fzd,içiqusem,içiqusem,1,0,0,fbd,ømenad,fzs,içiqusem,,,,,,0,31,117248,4790
9r62k0regr,mfgb,1,4,critical,mzd,ømenad,içiqusem,0,0,0,fbd,ømenad,fzs,içiqusem,,,,,,1,32,118890,1641
9r62k0regr,mfgb,1,4,critical,,DONE,,0,0,1,fbd,ømenad,fzs,içiqusem,,,,,,5,33,119887,996
9r62k0regr,mfgb,2,0,critical,fbd,popingi,ngapapu,0,0,0,mzs,ngapapu,z,kawuka,fbd,popingi,,,,2,43,126883,185
9r62k0regr,mfgb,2,0,critical,fzs,ngapapu,ngapapu,1,0,0,mzs,ngapapu,z,kawuka,fbd,popingi,,,,0,44,139531,12647
9r62k0regr,mfgb,2,0,critical,fbs,lepego,ngapapu,0,0,0,mzs,ngapapu,z,kawuka,fbd,popingi,fbs,lepego,,3,45,145398,5866
9r62k0regr,mfgb,2,0,catch,z,kawuka,kawuka,1,0,0,mzs,ngapapu,z,kawuka,fbd,popingi,fbs,lepego,False,1,46,147454,2055
9r62k0regr,mfgb,2,0,critical,fzd,popingi,ngapapu,0,0,0,mzs,ngapapu,z,kawuka,fbd,popingi,fbs,lepego,,2,47,153556,6101
9r62k0regr,mfgb,2,0,critical,mbd,popingi,ngapapu,0,0,0,mzs,ngapapu,z,kawuka,fbd,popingi,fbs,lepego,,2,48,157972,4415
9r62k0regr,mfgb,2,0,critical,mbs,lepego,ngapapu,0,0,0,mzs,ngapapu,z,kawuka,fbd,popingi,fbs,lepego,,3,49,159944,1971
9r62k0regr,mfgb,2,0,critical,mzd,popingi,ngapapu,0,0,0,mzs,ngapapu,z,kawuka,fbd,popingi,fbs,lepego,,2,50,163635,3690
9r62k0regr,mfgb,2,0,critical,b,kawuka,kawuka,1,0,0,mzs,ngapapu,z,kawuka,fbd,popingi,fbs,lepego,,1,51,177553,13916
9r62k0regr,mfgb,2,0,critical,,DONE,,0,0,1,mzs,ngapapu,z,kawuka,fbd,popingi,fbs,lepego,,5,52,179189,1635
9r62k0regr,mfgb,3,1,catch,fzs,sfêvdok,sfêvdok,1,0,0,fzs,sfêvdok,mbs,vrêd,,,,,False,0,64,188765,2232
9r62k0regr,mfgb,3,1,critical,fbs,rhåv,sfêvdok,0,0,0,fzs,sfêvdok,mbs,vrêd,fbs,rhåv,,,,3,65,201327,12561
9r62k0regr,mfgb,3,1,critical,mbd,rhymsvåd,vrêd,0,0,0,fzs,sfêvdok,mbs,vrêd,fbs,rhåv,mbd,rhymsvåd,,2,66,210569,9240
9r62k0regr,mfgb,3,1,critical,fzd,rhymsvåd,sfêvdok,0,0,0,fzs,sfêvdok,mbs,vrêd,fbs,rhåv,mbd,rhymsvåd,,2,67,221205,10635
9r62k0regr,mfgb,3,1,critical,mzs,rhåv,vrêd,0,0,0,fzs,sfêvdok,mbs,vrêd,fbs,rhåv,mbd,rhymsvåd,,3,68,224161,2956
9r62k0regr,mfgb,3,1,critical,mzd,rhymsvåd,vrêd,0,0,0,fzs,sfêvdok,mbs,vrêd,fbs,rhåv,mbd,rhymsvåd,,2,69,226404,2242
9r62k0regr,mfgb,3,1,critical,fbd,rhymsvåd,sfêvdok,0,0,0,fzs,sfêvdok,mbs,vrêd,fbs,rhåv,mbd,rhymsvåd,,2,70,227686,1281
9r62k0regr,mfgb,3,1,critical,,DONE,,0,0,1,fzs,sfêvdok,mbs,vrêd,fbs,rhåv,mbd,rhymsvåd,,5,71,230912,3225
9r62k0regr,mfgb,4,6,critical,mzd,canšuehu,šaaqaude,0,0,0,mbs,canšuehu,fzs,šaaqaude,,,,,,0,83,265938,25827
9r62k0regr,mfgb,4,6,critical,fbd,beiguumu,šaaqaude,0,0,0,mbs,canšuehu,fzs,šaaqaude,fbd,beiguumu,,,,3,84,274384,8445
9r62k0regr,mfgb,4,6,critical,fbs,canšuehu,šaaqaude,0,0,0,mbs,canšuehu,fzs,šaaqaude,fbd,beiguumu,,,,0,85,283730,9345
9r62k0regr,mfgb,4,6,critical,fzd,canšuehu,šaaqaude,0,0,0,mbs,canšuehu,fzs,šaaqaude,fbd,beiguumu,,,,0,86,289132,5401
9r62k0regr,mfgb,4,6,critical,mzs,šaaqaude,šaaqaude,1,0,0,mbs,canšuehu,fzs,šaaqaude,fbd,beiguumu,,,,1,87,294092,4959
9r62k0regr,mfgb,4,6,catch,fzs,šaaqaude,šaaqaude,1,0,0,mbs,canšuehu,fzs,šaaqaude,fbd,beiguumu,,,False,1,88,296386,2293
9r62k0regr,mfgb,4,6,critical,mbd,canšuehu,canšuehu,1,0,0,mbs,canšuehu,fzs,šaaqaude,fbd,beiguumu,,,,0,89,300429,4042
9r62k0regr,mfgb,4,6,critical,,DONE,,0,0,1,mbs,canšuehu,fzs,šaaqaude,fbd,beiguumu,,,,5,90,301368,938
9r62k0regr,mfgb,5,7,critical,mbd,nyumuo,nyumuo,1,0,0,mzd,qăo,fbd,nyumuo,,,,,,2,102,315344,7856
9r62k0regr,mfgb,5,7,critical,fzd,niuhiê,nyumuo,0,0,0,mzd,qăo,fbd,nyumuo,fzd,niuhiê,,,,1,103,318954,3608
9r62k0regr,mfgb,5,7,critical,mbs,qăo,nyumuo,0,0,0,mzd,qăo,fbd,nyumuo,fzd,niuhiê,,,,0,104,326019,7064
9r62k0regr,mfgb,5,7,critical,mzs,hyonăo,qăo,0,0,0,mzd,qăo,fbd,nyumuo,fzd,niuhiê,mzs,hyonăo,,3,105,334756,8736
9r62k0regr,mfgb,5,7,critical,fzs,qăo,nyumuo,0,0,0,mzd,qăo,fbd,nyumuo,fzd,niuhiê,mzs,hyonăo,,0,106,338178,3421
9r62k0regr,mfgb,5,7,catch,fbd,nyumuo,nyumuo,1,0,0,mzd,qăo,fbd,nyumuo,fzd,niuhiê,mzs,hyonăo,False,2,107,339819,1640
9r62k0regr,mfgb,5,7,critical,fbs,hyonăo,nyumuo,0,0,0,mzd,qăo,fbd,nyumuo,fzd,niuhiê,mzs,hyonăo,,3,108,342641,2821
9r62k0regr,mfgb,5,7,critical,,DONE,,0,0,1,mzd,qăo,fbd,nyumuo,fzd,niuhiê,mzs,hyonăo,,5,109,343309,667
9r62k0regr,mfgb,6,3,critical,fzs,azuf,ilug,0,0,0,mbd,ilug,mzd,ulywaf,fzs,azuf,,,,2,121,357383,8302
9r62k0regr,mfgb,6,3,critical,fbd,agivud,ulywaf,0,0,0,mbd,ilug,mzd,ulywaf,fzs,azuf,,,,0,122,362049,4665
9r62k0regr,mfgb,6,3,catch,mbd,ilug,ilug,1,0,0,mbd,ilug,mzd,ulywaf,fzs,azuf,,,False,1,123,363789,1739
9r62k0regr,mfgb,6,3,critical,fbs,ulywaf,ulywaf,1,0,0,mbd,ilug,mzd,ulywaf,fzs,azuf,,,,3,124,372305,8515
9r62k0regr,mfgb,6,3,critical,mbs,ulywaf,ilug,0,0,0,mbd,ilug,mzd,ulywaf,fzs,azuf,,,,3,125,374687,2381
9r62k0regr,mfgb,6,3,critical,mzs,azuf,ulywaf,0,0,0,mbd,ilug,mzd,ulywaf,fzs,azuf,mzs,azuf,,2,126,379808,5120
9r62k0regr,mfgb,6,3,critical,fzd,ulywaf,ilug,0,0,0,mbd,ilug,mzd,ulywaf,fzs,azuf,mzs,azuf,,3,127,386201,6392
9r62k0regr,mfgb,6,3,critical,,DONE,,0,0,1,mbd,ilug,mzd,ulywaf,fzs,azuf,mzs,azuf,,5,128,386904,702
9r62k0regr,mfgb,7,5,critical,fzd,vbāžo,ngcāžo,0,0,0,fzs,ngcāžo,mbd,pžicā,fzd,vbāžo,,,,1,140,399948,7680
9r62k0regr,mfgb,7,5,critical,mbs,pžicā,pžicā,1,0,0,fzs,ngcāžo,mbd,pžicā,fzd,vbāžo,,,,3,141,408675,8726
9r62k0regr,mfgb,7,5,critical,mzd,vbāžo,pžicā,0,0,0,fzs,ngcāžo,mbd,pžicā,fzd,vbāžo,,,,1,142,417231,8555
9r62k0regr,mfgb,7,5,critical,mzs,ngcāžo,pžicā,0,0,0,fzs,ngcāžo,mbd,pžicā,fzd,vbāžo,,,,0,143,419749,2517
9r62k0regr,mfgb,7,5,critical,fbs,pžicā,pžicā,1,0,0,fzs,ngcāžo,mbd,pžicā,fzd,vbāžo,,,,3,144,423514,3764
9r62k0regr,mfgb,7,5,catch,mbd,pžicā,pžicā,1,0,0,fzs,ngcāžo,mbd,pžicā,fzd,vbāžo,,,False,3,145,425212,1697
9r62k0regr,mfgb,7,5,critical,fbd,pžicā,pžicā,1,0,0,fzs,ngcāžo,mbd,pžicā,fzd,vbāžo,,,,3,146,426666,1453
9r62k0regr,mfgb,7,5,critical,,DONE,,0,0,1,fzs,ngcāžo,mbd,pžicā,fzd,vbāžo,,,,5,147,427710,1043
9r62k0regr,mfgb,8,2,critical,fzs,morïky,męwaqïfe,0,0,0,mbs,hïlaki,fzd,męwaqïfe,fzs,morïky,,,,1,159,439782,6024
9r62k0regr,mfgb,8,2,critical,mzd,męwaqïfe,męwaqïfe,1,0,0,mbs,hïlaki,fzd,męwaqïfe,fzs,morïky,,,,3,160,445492,5709
9r62k0regr,mfgb,8,2,critical,mzs,morïky,męwaqïfe,0,0,0,mbs,hïlaki,fzd,męwaqïfe,fzs,morïky,,,,1,161,446660,1167
9r62k0regr,mfgb,8,2,critical,fbd,bokokohï,hïlaki,0,0,0,mbs,hïlaki,fzd,męwaqïfe,fzs,morïky,fbd,bokokohï,,0,162,456356,9695
9r62k0regr,mfgb,8,2,catch,mbs,hïlaki,hïlaki,1,0,0,mbs,hïlaki,fzd,męwaqïfe,fzs,morïky,fbd,bokokohï,False,2,163,458266,1909
9r62k0regr,mfgb,8,2,critical,mbd,bokokohï,hïlaki,0,0,0,mbs,hïlaki,fzd,męwaqïfe,fzs,morïky,fbd,bokokohï,,0,164,460200,1933
9r62k0regr,mfgb,8,2,critical,fbs,hïlaki,hïlaki,1,0,0,mbs,hïlaki,fzd,męwaqïfe,fzs,morïky,fbd,bokokohï,,2,165,462435,2234
9r62k0regr,mfgb,8,2,critical,,DONE,,0,0,1,mbs,hïlaki,fzd,męwaqïfe,fzs,morïky,fbd,bokokohï,,5,166,463237,801
chksbtwpa9,mfbg,1,2,critical,fzs,rhymsvåd,kvurddåh,0,0,0,fbs,rhymsvåd,fzd,kvurddåh,,,,,,0,26,154768,3627
chksbtwpa9,mfbg,1,2,critical,mzd,kvurddåh,kvurddåh,1,0,0,fbs,rhymsvåd,fzd,kvurddåh,,,,,,1,27,157842,3070
chksbtwpa9,mfbg,1,2,critical,fbd,kvurddåh,rhymsvåd,0,0,0,fbs,rhymsvåd,fzd,kvurddåh,,,,,,1,28,159115,1271
chksbtwpa9,mfbg,1,2,critical,mzs,rhymsvåd,kvurddåh,0,0,0,fbs,rhymsvåd,fzd,kvurddåh,,,,,,0,29,160532,1413
chksbtwpa9,mfbg,1,2,critical,mbs,rhymsvåd,rhymsvåd,1,0,0,fbs,rhymsvåd,fzd,kvurddåh,,,,,,0,30,162786,2252
chksbtwpa9,mfbg,1,2,catch,fbs,rhymsvåd,rhymsvåd,1,0,0,fbs,rhymsvåd,fzd,kvurddåh,,,,,False,0,31,164620,1831
chksbtwpa9,mfbg,1,2,critical,mbd,kvurddåh,rhymsvåd,0,0,0,fbs,rhymsvåd,fzd,kvurddåh,,,,,,1,32,165572,949
chksbtwpa9,mfbg,1,2,critical,,DONE,,0,0,1,fbs,rhymsvåd,fzd,kvurddåh,,,,,,5,33,167610,2035
chksbtwpa9,mfbg,2,6,critical,fzd,azuf,azuf,1,0,0,mbd,idanuluf,fbd,azuf,,,,,,2,45,195851,3454
chksbtwpa9,mfbg,2,6,critical,mbs,azuf,idanuluf,0,0,0,mbd,idanuluf,fbd,azuf,,,,,,2,46,198370,2517
chksbtwpa9,mfbg,2,6,critical,fbs,azuf,azuf,1,0,0,mbd,idanuluf,fbd,azuf,,,,,,2,47,198627,254
chksbtwpa9,mfbg,2,6,critical,mzs,idanuluf,azuf,0,0,0,mbd,idanuluf,fbd,azuf,,,,,,3,48,202997,4368
chksbtwpa9,mfbg,2,6,critical,fzs,azuf,azuf,1,0,0,mbd,idanuluf,fbd,azuf,,,,,,2,49,205820,2820
chksbtwpa9,mfbg,2,6,critical,mzd,idanuluf,azuf,0,0,0,mbd,idanuluf,fbd,azuf,,,,,,3,50,207756,1933
chksbtwpa9,mfbg,2,6,catch,mbd,idanuluf,idanuluf,1,0,0,mbd,idanuluf,fbd,azuf,,,,,False,3,51,209160,1402
chksbtwpa9,mfbg,2,6,critical,,DONE,,0,0,1,mbd,idanuluf,fbd,azuf,,,,,,5,52,210719,1557
chksbtwpa9,mfbg,3,1,critical,mzs,ngcāžo,ngcāžo,1,0,0,fzd,byure,mbd,ngcāžo,,,,,,0,64,235714,2794
chksbtwpa9,mfbg,3,1,critical,fzs,byure,byure,1,0,0,fzd,byure,mbd,ngcāžo,,,,,,1,65,237792,2075
chksbtwpa9,mfbg,3,1,catch,mbd,ngcāžo,ngcāžo,1,0,0,fzd,byure,mbd,ngcāžo,,,,,False,0,66,239439,1644
chksbtwpa9,mfbg,3,1,critical,mbs,ngcāžo,ngcāžo,1,0,0,fzd,byure,mbd,ngcāžo,,,,,,0,67,241010,1568
chksbtwpa9,mfbg,3,1,critical,fbs,byure,byure,1,0,0,fzd,byure,mbd,ngcāžo,,,,,,1,68,242670,1658
chksbtwpa9,mfbg,3,1,critical,fbd,byure,byure,1,0,0,fzd,byure,mbd,ngcāžo,,,,,,1,69,243557,884
chksbtwpa9,mfbg,3,1,critical,mzd,ngcāžo,ngcāžo,1,0,0,fzd,byure,mbd,ngcāžo,,,,,,0,70,244542,982
chksbtwpa9,mfbg,3,1,critical,,DONE,,0,0,1,fzd,byure,mbd,ngcāžo,,,,,,5,71,245853,1309
chksbtwpa9,mfbg,4,7,critical,mbs,popingi,goviku,0,0,0,mzd,popingi,fbs,goviku,,,,,,3,83,270254,7327
chksbtwpa9,mfbg,4,7,catch,mzd,popingi,popingi,1,0,0,mzd,popingi,fbs,goviku,,,,,False,3,84,271007,750
chksbtwpa9,mfbg,4,7,critical,fbd,goviku,goviku,1,0,0,mzd,popingi,fbs,goviku,,,,,,2,85,272365,1356
chksbtwpa9,mfbg,4,7,critical,mzs,popingi,popingi,1,0,0,mzd,popingi,fbs,goviku,,,,,,3,86,273772,1405
chksbtwpa9,mfbg,4,7,critical,fzs,goviku,goviku,1,0,0,mzd,popingi,fbs,goviku,,,,,,2,87,274709,935
chksbtwpa9,mfbg,4,7,critical,mbd,popingi,goviku,0,0,0,mzd,popingi,fbs,goviku,,,,,,3,88,275576,864
chksbtwpa9,mfbg,4,7,critical,fzd,goviku,goviku,1,0,0,mzd,popingi,fbs,goviku,,,,,,2,89,276255,677
chksbtwpa9,mfbg,4,7,critical,,DONE,,0,0,1,mzd,popingi,fbs,goviku,,,,,,5,90,277181,923
chksbtwpa9,mfbg,5,4,critical,mzd,šïïnö,šïïnö,1,0,0,fbd,canšuehu,mzs,šïïnö,,,,,,3,102,289520,2022
chksbtwpa9,mfbg,5,4,critical,mbd,šïïnö,šïïnö,1,0,0,fbd,canšuehu,mzs,šïïnö,,,,,,3,103,290523,1000
chksbtwpa9,mfbg,5,4,critical,fzs,canšuehu,šïïnö,0,0,0,fbd,canšuehu,mzs,šïïnö,,,,,,2,104,292099,1573
chksbtwpa9,mfbg,5,4,critical,fzd,canšuehu,šïïnö,0,0,0,fbd,canšuehu,mzs,šïïnö,,,,,,2,105,293305,1203
chksbtwpa9,mfbg,5,4,critical,mbs,šïïnö,šïïnö,1,0,0,fbd,canšuehu,mzs,šïïnö,,,,,,3,106,294447,1139
chksbtwpa9,mfbg,5,4,critical,fbs,canšuehu,canšuehu,1,0,0,fbd,canšuehu,mzs,šïïnö,,,,,,2,107,295225,776
chksbtwpa9,mfbg,5,4,catch,mzs,šïïnö,šïïnö,1,0,0,fbd,canšuehu,mzs,šïïnö,,,,,False,3,108,297222,1994
chksbtwpa9,mfbg,5,4,critical,,DONE,,0,0,1,fbd,canšuehu,mzs,šïïnö,,,,,,5,109,298345,1120
chksbtwpa9,mfbg,6,3,critical,fbs,øqoç,øqoç,1,0,0,mbs,ømenad,mzd,øqoç,,,,,,3,121,320508,5565
chksbtwpa9,mfbg,6,3,critical,fzd,ømenad,ømenad,1,0,0,mbs,ømenad,mzd,øqoç,,,,,,2,122,321702,1190
chksbtwpa9,mfbg,6,3,critical,fbd,øqoç,øqoç,1,0,0,mbs,ømenad,mzd,øqoç,,,,,,3,123,323004,1299
chksbtwpa9,mfbg,6,3,catch,mbs,ømenad,ømenad,1,0,0,mbs,ømenad,mzd,øqoç,,,,,False,2,124,324621,1614
chksbtwpa9,mfbg,6,3,critical,mzs,ømenad,øqoç,0,0,0,mbs,ømenad,mzd,øqoç,,,,,,2,125,326575,1952
chksbtwpa9,mfbg,6,3,critical,mbd,øqoç,ømenad,0,0,0,mbs,ømenad,mzd,øqoç,,,,,,3,126,327540,962
chksbtwpa9,mfbg,6,3,critical,fzs,øqoç,ømenad,0,0,0,mbs,ømenad,mzd,øqoç,,,,,,3,127,329029,1486
chksbtwpa9,mfbg,6,3,critical,,DONE,,0,0,1,mbs,ømenad,mzd,øqoç,,,,,,5,128,330170,1139
chksbtwpa9,mfbg,7,0,critical,mbs,nyumuo,nyumuo,1,0,0,fzd,nyumuo,z,nyumuo,,,,,,2,138,342638,4881
chksbtwpa9,mfbg,7,0,critical,mzs,nyumuo,nyumuo,1,0,0,fzd,nyumuo,z,nyumuo,,,,,,2,139,343092,452
chksbtwpa9,mfbg,7,0,critical,fzs,nyumuo,nyumuo,1,0,0,fzd,nyumuo,z,nyumuo,,,,,,2,140,343733,638
chksbtwpa9,mfbg,7,0,critical,mzd,nyumuo,nyumuo,1,0,0,fzd,nyumuo,z,nyumuo,,,,,,2,141,344321,586
chksbtwpa9,mfbg,7,0,catch,z,nyumuo,nyumuo,1,0,0,fzd,nyumuo,z,nyumuo,,,,,False,2,142,344991,668
chksbtwpa9,mfbg,7,0,critical,mbd,nyumuo,nyumuo,1,0,0,fzd,nyumuo,z,nyumuo,,,,,,2,143,345680,685
chksbtwpa9,mfbg,7,0,critical,fbd,nyumuo,nyumuo,1,0,0,fzd,nyumuo,z,nyumuo,,,,,,2,144,346267,585
chksbtwpa9,mfbg,7,0,critical,b,nyumuo,nyumuo,1,0,0,fzd,nyumuo,z,nyumuo,,,,,,2,145,346837,567
chksbtwpa9,mfbg,7,0,critical,fbs,nyumuo,nyumuo,1,0,0,fzd,nyumuo,z,nyumuo,,,,,,2,146,347440,601
chksbtwpa9,mfbg,7,0,critical,,DONE,,0,0,1,fzd,nyumuo,z,nyumuo,,,,,,5,147,349248,1806
chksbtwpa9,mfbg,8,5,critical,mzd,zuvewu,zuvewu,1,0,0,fzd,qïru,mzs,zuvewu,,,,,,1,159,393725,27408
chksbtwpa9,mfbg,8,5,critical,mbs,zuvewu,zuvewu,1,0,0,fzd,qïru,mzs,zuvewu,,,,,,1,160,394982,1254
chksbtwpa9,mfbg,8,5,critical,fbs,zuvewu,zuvewu,1,0,0,fzd,qïru,mzs,zuvewu,,,,,,1,161,398801,3817
chksbtwpa9,mfbg,8,5,catch,fzd,qïru,qïru,1,0,0,fzd,qïru,mzs,zuvewu,,,,,False,3,162,400313,1510
chksbtwpa9,mfbg,8,5,critical,fbd,qïru,zuvewu,0,0,0,fzd,qïru,mzs,zuvewu,,,,,,3,163,400918,602
chksbtwpa9,mfbg,8,5,critical,mbd,zuvewu,zuvewu,1,0,0,fzd,qïru,mzs,zuvewu,,,,,,1,164,402764,1844
chksbtwpa9,mfbg,8,5,critical,fzs,zuvewu,qïru,0,0,0,fzd,qïru,mzs,zuvewu,,,,,,1,165,403219,452
chksbtwpa9,mfbg,8,5,critical,,DONE,,0,0,1,fzd,qïru,mzs,zuvewu,,,,,,5,166,405175,1954
abaqz9h6tj,mfgb,1,2,critical,fbd,aqinudød,aqinudød,1,0,0,mbd,aqinudød,mzs,orinoçim,,,,,,2,26,149886,19511
abaqz9h6tj,mfgb,1,2,critical,fzs,orinoçim,orinoçim,1,0,0,mbd,aqinudød,mzs,orinoçim,,,,,,1,27,159086,9197
abaqz9h6tj,mfgb,1,2,critical,mzd,aqinudød,orinoçim,0,0,0,mbd,aqinudød,mzs,orinoçim,,,,,,2,28,164910,5822
abaqz9h6tj,mfgb,1,2,critical,fbs,orinoçim,aqinudød,0,0,0,mbd,aqinudød,mzs,orinoçim,,,,,,1,29,169190,4278
abaqz9h6tj,mfgb,1,2,catch,mbd,øqoç,aqinudød,0,0,0,mbd,aqinudød,mzs,orinoçim,,,,,True,0,30,188430,19238
abaqz9h6tj,mfgb,1,2,critical,fzd,aqinudød,orinoçim,0,0,0,mbd,aqinudød,mzs,orinoçim,,,,,,2,31,195102,6670
abaqz9h6tj,mfgb,1,2,critical,mbs,orinoçim,aqinudød,0,0,0,mbd,aqinudød,mzs,orinoçim,,,,,,1,32,199158,4054
abaqz9h6tj,mfgb,1,2,critical,,DONE,,0,0,1,mbd,aqinudød,mzs,orinoçim,,,,,,5,33,204214,5054
abaqz9h6tj,mfgb,2,4,critical,fzs,azuf,awupav,0,0,0,fbs,ulywaf,mbs,awupav,fzs,azuf,,,,2,45,240182,351
abaqz9h6tj,mfgb,2,4,critical,mzd,UNDO,awupav,0,1,0,fbs,ulywaf,mbs,awupav,fzs,azuf,,,,4,46,242095,1910
abaqz9h6tj,mfgb,2,4,critical,fzs,ulywaf,awupav,0,0,0,fbs,ulywaf,mbs,awupav,fzs,azuf,,,,0,47,273318,31222
abaqz9h6tj,mfgb,2,4,critical,mzd,UNDO,awupav,0,1,0,fbs,ulywaf,mbs,awupav,fzs,azuf,,,,4,48,305615,32294
abaqz9h6tj,mfgb,2,4,critical,fzs,awupav,awupav,1,0,0,fbs,ulywaf,mbs,awupav,fzs,azuf,,,,3,49,315567,9950
abaqz9h6tj,mfgb,2,4,critical,mzd,awupav,awupav,1,0,0,fbs,ulywaf,mbs,awupav,fzs,azuf,,,,3,50,365463,49895
abaqz9h6tj,mfgb,2,4,catch,fbs,awupav,ulywaf,0,0,0,fbs,ulywaf,mbs,awupav,fzs,azuf,,,True,3,51,374438,8974
abaqz9h6tj,mfgb,2,4,critical,fbd,ulywaf,ulywaf,1,0,0,fbs,ulywaf,mbs,awupav,fzs,azuf,,,,0,52,381414,6975
abaqz9h6tj,mfgb,2,4,critical,mbd,awupav,awupav,1,0,0,fbs,ulywaf,mbs,awupav,fzs,azuf,,,,3,53,387686,6271
abaqz9h6tj,mfgb,2,4,critical,mzs,awupav,awupav,1,0,0,fbs,ulywaf,mbs,awupav,fzs,azuf,,,,3,54,390206,2518
abaqz9h6tj,mfgb,2,4,critical,fzd,awupav,awupav,1,0,0,fbs,ulywaf,mbs,awupav,fzs,azuf,,,,3,55,392022,1814
abaqz9h6tj,mfgb,2,4,critical,,DONE,,0,0,1,fbs,ulywaf,mbs,awupav,fzs,azuf,,,,5,56,394303,2278
abaqz9h6tj,mfgb,3,6,critical,fzd,lepego,lepego,1,0,0,mbs,popingi,fzs,lepego,,,,,,1,68,451175,8967
abaqz9h6tj,mfgb,3,6,catch,fzs,lawolu,lepego,0,0,0,mbs,popingi,fzs,lepego,,,,,True,3,69,455727,4550
abaqz9h6tj,mfgb,3,6,critical,fbd,lepego,lepego,1,0,0,mbs,popingi,fzs,lepego,,,,,,1,70,468063,12334
abaqz9h6tj,mfgb,3,6,critical,mzs,lepego,lepego,1,0,0,mbs,popingi,fzs,lepego,,,,,,1,71,471799,3734
abaqz9h6tj,mfgb,3,6,critical,fbs,lepego,lepego,1,0,0,mbs,popingi,fzs,lepego,,,,,,1,72,473023,1222
abaqz9h6tj,mfgb,3,6,critical,mzd,lepego,lepego,1,0,0,mbs,popingi,fzs,lepego,,,,,,1,73,475647,2622
abaqz9h6tj,mfgb,3,6,critical,mbd,popingi,popingi,1,0,0,mbs,popingi,fzs,lepego,,,,,,0,74,477839,2190
abaqz9h6tj,mfgb,3,6,critical,,DONE,,0,0,1,mbs,popingi,fzs,lepego,,,,,,5,75,481694,3854
abaqz9h6tj,mfgb,4,1,critical,fzd,nyumuo,nyumuo,1,0,0,fbd,nyumuo,mzs,niuhiê,,,,,,3,87,512958,9135
abaqz9h6tj,mfgb,4,1,catch,fbd,nyumuo,nyumuo,1,0,0,fbd,nyumuo,mzs,niuhiê,,,,,False,3,88,516966,4006
abaqz9h6tj,mfgb,4,1,critical,mzd,niuhiê,niuhiê,1,0,0,fbd,nyumuo,mzs,niuhiê,,,,,,0,89,527942,10974
abaqz9h6tj,mfgb,4,1,critical,mbd,niuhiê,niuhiê,1,0,0,fbd,nyumuo,mzs,niuhiê,,,,,,0,90,531326,3383
abaqz9h6tj,mfgb,4,1,critical,fzs,nyumuo,nyumuo,1,0,0,fbd,nyumuo,mzs,niuhiê,,,,,,3,91,536302,4974
abaqz9h6tj,mfgb,4,1,critical,fbs,nyumuo,nyumuo,1,0,0,fbd,nyumuo,mzs,niuhiê,,,,,,3,92,537798,1494
abaqz9h6tj,mfgb,4,1,critical,mbs,niuhiê,niuhiê,1,0,0,fbd,nyumuo,mzs,niuhiê,,,,,,0,93,539334,1534
abaqz9h6tj,mfgb,4,1,critical,,DONE,,0,0,1,fbd,nyumuo,mzs,niuhiê,,,,,,5,94,547422,8086
abaqz9h6tj,mfgb,5,0,critical,mbs,ngcāžo,byure,0,0,0,fbs,byure,b,ngcāžo,,,,,,1,104,586502,20511
abaqz9h6tj,mfgb,5,0,catch,b,vropcāre,ngcāžo,0,0,0,fbs,byure,b,ngcāžo,,,,,True,2,105,590254,3750
abaqz9h6tj,mfgb,5,0,critical,fzs,ngcāžo,byure,0,0,0,fbs,byure,b,ngcāžo,,,,,,1,106,595910,5654
abaqz9h6tj,mfgb,5,0,critical,mzd,ngcāžo,byure,0,0,0,fbs,byure,b,ngcāžo,,,,,,1,107,598246,2334
abaqz9h6tj,mfgb,5,0,critical,mbd,ngcāžo,byure,0,0,0,fbs,byure,b,ngcāžo,,,,,,1,108,599678,1430
abaqz9h6tj,mfgb,5,0,critical,fbd,ngcāžo,byure,0,0,0,fbs,byure,b,ngcāžo,,,,,,1,109,600942,1262
abaqz9h6tj,mfgb,5,0,critical,z,ngcāžo,ngcāžo,1,0,0,fbs,byure,b,ngcāžo,,,,,,1,110,609111,8167
abaqz9h6tj,mfgb,5,0,critical,mzs,ngcāžo,byure,0,0,0,fbs,byure,b,ngcāžo,,,,,,1,111,610975,1862
abaqz9h6tj,mfgb,5,0,critical,fzd,ngcāžo,byure,0,0,0,fbs,byure,b,ngcāžo,,,,,,1,112,612655,1679
abaqz9h6tj,mfgb,5,0,critical,,UNDO,,0,1,0,fbs,byure,b,ngcāžo,,,,,,4,113,618287,5631
abaqz9h6tj,mfgb,5,0,critical,fzd,UNDO,byure,0,1,0,fbs,byure,b,ngcāžo,,,,,,4,114,618663,374
abaqz9h6tj,mfgb,5,0,critical,mzs,UNDO,byure,0,1,0,fbs,byure,b,ngcāžo,,,,,,4,115,618855,190
abaqz9h6tj,mfgb,5,0,critical,z,UNDO,ngcāžo,0,1,0,fbs,byure,b,ngcāžo,,,,,,4,116,619023,166
abaqz9h6tj,mfgb,5,0,critical,fbd,UNDO,byure,0,1,0,fbs,byure,b,ngcāžo,,,,,,4,117,619183,158
abaqz9h6tj,mfgb,5,0,critical,mbd,UNDO,byure,0,1,0,fbs,byure,b,ngcāžo,,,,,,4,118,619343,159
abaqz9h6tj,mfgb,5,0,critical,mzd,UNDO,byure,0,1,0,fbs,byure,b,ngcāžo,,,,,,4,119,619511,166
abaqz9h6tj,mfgb,5,0,critical,fzs,UNDO,byure,0,1,0,fbs,byure,b,ngcāžo,,,,,,4,120,619679,167
abaqz9h6tj,mfgb,5,0,critical,mbs,byure,byure,1,0,0,fbs,byure,b,ngcāžo,,,,,,3,121,625720,6040
abaqz9h6tj,mfgb,5,0,critical,fzs,byure,byure,1,0,0,fbs,byure,b,ngcāžo,,,,,,3,122,630007,4286
abaqz9h6tj,mfgb,5,0,critical,mzd,byure,byure,1,0,0,fbs,byure,b,ngcāžo,,,,,,3,123,644143,14134
abaqz9h6tj,mfgb,5,0,critical,mbd,byure,byure,1,0,0,fbs,byure,b,ngcāžo,,,,,,3,124,645751,1606
abaqz9h6tj,mfgb,5,0,critical,fbd,byure,byure,1,0,0,fbs,byure,b,ngcāžo,,,,,,3,125,646711,958
abaqz9h6tj,mfgb,5,0,critical,z,ngcāžo,ngcāžo,1,0,0,fbs,byure,b,ngcāžo,,,,,,1,126,660023,13310
abaqz9h6tj,mfgb,5,0,critical,mzs,byure,byure,1,0,0,fbs,byure,b,ngcāžo,,,,,,3,127,662966,2942
abaqz9h6tj,mfgb,5,0,critical,fzd,byure,byure,1,0,0,fbs,byure,b,ngcāžo,,,,,,3,128,664390,1422
abaqz9h6tj,mfgb,5,0,critical,,DONE,,0,0,1,fbs,byure,b,ngcāžo,,,,,,5,129,668126,3734
abaqz9h6tj,mfgb,6,3,critical,mbs,tuumïhu,tuumïhu,1,0,0,fzd,tuumïhu,mzd,töeqo,,,,,,0,141,700454,10047
abaqz9h6tj,mfgb,6,3,critical,fbs,töeqo,töeqo,1,0,0,fzd,tuumïhu,mzd,töeqo,,,,,,2,142,705086,4631
abaqz9h6tj,mfgb,6,3,critical,mzs,töeqo,töeqo,1,0,0,fzd,tuumïhu,mzd,töeqo,,,,,,2,143,708110,3022
abaqz9h6tj,mfgb,6,3,critical,mbd,tuumïhu,tuumïhu,1,0,0,fzd,tuumïhu,mzd,töeqo,,,,,,0,144,711038,2926
abaqz9h6tj,mfgb,6,3,catch,mzd,tuumïhu,töeqo,0,0,0,fzd,tuumïhu,mzd,töeqo,,,,,True,0,145,714686,3646
abaqz9h6tj,mfgb,6,3,critical,fbd,töeqo,töeqo,1,0,0,fzd,tuumïhu,mzd,töeqo,,,,,,2,146,721726,7039
abaqz9h6tj,mfgb,6,3,critical,fzs,tuumïhu,tuumïhu,1,0,0,fzd,tuumïhu,mzd,töeqo,,,,,,0,147,724470,2742
abaqz9h6tj,mfgb,6,3,critical,,DONE,,0,0,1,fzd,tuumïhu,mzd,töeqo,,,,,,5,148,728695,4223
abaqz9h6tj,mfgb,7,5,critical,mzs,zuvewu,zuvewu,1,0,0,fzs,kïmy,fbd,zuvewu,,,,,,0,160,769686,16223
abaqz9h6tj,mfgb,7,5,critical,fzd,kïmy,kïmy,1,0,0,fzs,kïmy,fbd,zuvewu,,,,,,3,161,774502,4815
abaqz9h6tj,mfgb,7,5,critical,fbs,zuvewu,zuvewu,1,0,0,fzs,kïmy,fbd,zuvewu,,,,,,0,162,777086,2582
abaqz9h6tj,mfgb,7,5,critical,mbs,zuvewu,zuvewu,1,0,0,fzs,kïmy,fbd,zuvewu,,,,,,0,163,781014,3927
abaqz9h6tj,mfgb,7,5,catch,fzs,kïmy,kïmy,1,0,0,fzs,kïmy,fbd,zuvewu,,,,,False,3,164,784806,3790
abaqz9h6tj,mfgb,7,5,critical,mbd,zuvewu,zuvewu,1,0,0,fzs,kïmy,fbd,zuvewu,,,,,,0,165,789134,4326
abaqz9h6tj,mfgb,7,5,critical,mzd,zuvewu,zuvewu,1,0,0,fzs,kïmy,fbd,zuvewu,,,,,,0,166,791534,2398
abaqz9h6tj,mfgb,7,5,critical,,DONE,,0,0,1,fzs,kïmy,fbd,zuvewu,,,,,,5,167,792686,1150
abaqz9h6tj,mfgb,8,7,critical,mbs,svik,svik,1,0,0,mzs,kvurddåh,mbd,svik,,,,,,3,179,822126,6311
abaqz9h6tj,mfgb,8,7,critical,fzs,svik,svik,1,0,0,mzs,kvurddåh,mbd,svik,,,,,,3,180,825310,3182
abaqz9h6tj,mfgb,8,7,catch,mzs,kvurddåh,kvurddåh,1,0,0,mzs,kvurddåh,mbd,svik,,,,,False,0,181,828646,3334
abaqz9h6tj,mfgb,8,7,critical,mzd,kvurddåh,kvurddåh,1,0,0,mzs,kvurddåh,mbd,svik,,,,,,0,182,831150,2503
abaqz9h6tj,mfgb,8,7,critical,fzd,svik,svik,1,0,0,mzs,kvurddåh,mbd,svik,,,,,,3,183,838278,7126
abaqz9h6tj,mfgb,8,7,critical,fbd,svik,svik,1,0,0,mzs,kvurddåh,mbd,svik,,,,,,3,184,840750,2470
abaqz9h6tj,mfgb,8,7,critical,fbs,svik,svik,1,0,0,mzs,kvurddåh,mbd,svik,,,,,,3,185,842079,1327
abaqz9h6tj,mfgb,8,7,critical,,DONE,,0,0,1,mzs,kvurddåh,mbd,svik,,,,,,5,186,844215,2134
zmpvzne4pl,fmbg,1,7,critical,fzs,kvurddåh,kvurddåh,1,0,0,mzs,vrêd,fbd,kvurddåh,,,,,,0,26,206122,16424
zmpvzne4pl,fmbg,1,7,critical,mzd,vrêd,vrêd,1,0,0,mzs,vrêd,fbd,kvurddåh,,,,,,2,27,217351,11227
zmpvzne4pl,fmbg,1,7,critical,fbs,kvurddåh,kvurddåh,1,0,0,mzs,vrêd,fbd,kvurddåh,,,,,,0,28,220454,3102
zmpvzne4pl,fmbg,1,7,critical,mbd,vrêd,kvurddåh,0,0,0,mzs,vrêd,fbd,kvurddåh,,,,,,2,29,225342,4888
zmpvzne4pl,fmbg,1,7,catch,fbd,kvurddåh,kvurddåh,1,0,0,mzs,vrêd,fbd,kvurddåh,,,,,False,0,30,226651,1308
zmpvzne4pl,fmbg,1,7,critical,fzd,kvurddåh,kvurddåh,1,0,0,mzs,vrêd,fbd,kvurddåh,,,,,,0,31,229160,2508
zmpvzne4pl,fmbg,1,7,critical,mbs,vrêd,kvurddåh,0,0,0,mzs,vrêd,fbd,kvurddåh,,,,,,2,32,230414,1253
zmpvzne4pl,fmbg,1,7,critical,,DONE,,0,0,1,mzs,vrêd,fbd,kvurddåh,,,,,,5,33,233028,2613
zmpvzne4pl,fmbg,2,2,critical,mzs,pžicā,cžunge,0,0,0,mbd,nžodo,mzd,cžunge,mzs,pžicā,,,,0,45,261442,12746
zmpvzne4pl,fmbg,2,2,critical,fbd,cžunge,nžodo,0,0,0,mbd,nžodo,mzd,cžunge,mzs,pžicā,,,,3,46,272606,11163
zmpvzne4pl,fmbg,2,2,catch,mbd,nžodo,nžodo,1,0,0,mbd,nžodo,mzd,cžunge,mzs,pžicā,,,False,1,47,278781,6174
zmpvzne4pl,fmbg,2,2,critical,fzs,pžicā,cžunge,0,0,0,mbd,nžodo,mzd,cžunge,mzs,pžicā,fzs,pžicā,,0,48,284301,5519
zmpvzne4pl,fmbg,2,2,critical,mbs,pžicā,nžodo,0,0,0,mbd,nžodo,mzd,cžunge,mzs,pžicā,fzs,pžicā,,0,49,285791,1488
zmpvzne4pl,fmbg,2,2,critical,fzd,cžunge,cžunge,1,0,0,mbd,nžodo,mzd,cžunge,mzs,pžicā,fzs,pžicā,,3,50,288102,2310
zmpvzne4pl,fmbg,2,2,critical,fbs,pžicā,nžodo,0,0,0,mbd,nžodo,mzd,cžunge,mzs,pžicā,fzs,pžicā,,0,51,295355,7251
zmpvzne4pl,fmbg,2,2,critical,,DONE,,0,0,1,mbd,nžodo,mzd,cžunge,mzs,pžicā,fzs,pžicā,,5,52,299336,3980
zmpvzne4pl,fmbg,3,5,critical,mbs,lobowaby,hïlaki,0,0,0,fzs,lobowaby,mzs,hïlaki,,,,,,1,64,318959,4205
zmpvzne4pl,fmbg,3,5,critical,mbd,hïlaki,hïlaki,1,0,0,fzs,lobowaby,mzs,hïlaki,,,,,,3,65,321228,2268
zmpvzne4pl,fmbg,3,5,critical,fbd,hïlaki,hïlaki,1,0,0,fzs,lobowaby,mzs,hïlaki,,,,,,3,66,323432,2203
zmpvzne4pl,fmbg,3,5,critical,mzd,hïlaki,hïlaki,1,0,0,fzs,lobowaby,mzs,hïlaki,,,,,,3,67,326503,3070
zmpvzne4pl,fmbg,3,5,critical,fzd,lobowaby,lobowaby,1,0,0,fzs,lobowaby,mzs,hïlaki,,,,,,1,68,329824,3320
zmpvzne4pl,fmbg,3,5,critical,fbs,lobowaby,hïlaki,0,0,0,fzs,lobowaby,mzs,hïlaki,,,,,,1,69,336014,6189
zmpvzne4pl,fmbg,3,5,catch,mzs,hïlaki,hïlaki,1,0,0,fzs,lobowaby,mzs,hïlaki,,,,,False,3,70,343231,7216
zmpvzne4pl,fmbg,3,5,critical,,DONE,,0,0,1,fzs,lobowaby,mzs,hïlaki,,,,,,5,71,346361,3130
zmpvzne4pl,fmbg,4,1,critical,fbd,aweh,aweh,1,0,0,fzd,aweh,mbd,içiqusem,,,,,,2,83,360506,6609
zmpvzne4pl,fmbg,4,1,critical,mzd,içiqusem,içiqusem,1,0,0,fzd,aweh,mbd,içiqusem,,,,,,0,84,363646,3139
zmpvzne4pl,fmbg,4,1,critical,mbs,ømenad,içiqusem,0,0,0,fzd,aweh,mbd,içiqusem,mbs,ømenad,,,,1,85,371514,7867
zmpvzne4pl,fmbg,4,1,critical,fzs,içiqusem,aweh,0,0,0,fzd,aweh,mbd,içiqusem,mbs,ømenad,,,,0,86,376341,4826
zmpvzne4pl,fmbg,4,1,catch,fzd,aweh,aweh,1,0,0,fzd,aweh,mbd,içiqusem,mbs,ømenad,,,False,2,87,379007,2665
zmpvzne4pl,fmbg,4,1,critical,mzs,ømenad,içiqusem,0,0,0,fzd,aweh,mbd,içiqusem,mbs,ømenad,,,,1,88,382912,3903
zmpvzne4pl,fmbg,4,1,critical,fbs,içiqusem,aweh,0,0,0,fzd,aweh,mbd,içiqusem,mbs,ømenad,,,,0,89,385596,2680
zmpvzne4pl,fmbg,4,1,critical,,DONE,,0,0,1,fzd,aweh,mbd,içiqusem,mbs,ømenad,,,,5,90,387223,1626
zmpvzne4pl,fmbg,5,3,critical,mbd,wupu,lepego,0,0,0,mbs,lepego,mzd,wupu,,,,,,0,102,400236,3835
zmpvzne4pl,fmbg,5,3,critical,fbd,wupu,wupu,1,0,0,mbs,lepego,mzd,wupu,,,,,,0,103,405342,5105
zmpvzne4pl,fmbg,5,3,critical,mzs,lepego,wupu,0,0,0,mbs,lepego,mzd,wupu,,,,,,1,104,407851,2507
zmpvzne4pl,fmbg,5,3,critical,fzs,lepego,lepego,1,0,0,mbs,lepego,mzd,wupu,,,,,,1,105,411390,3538
zmpvzne4pl,fmbg,5,3,critical,fbs,lepego,wupu,0,0,0,mbs,lepego,mzd,wupu,,,,,,1,106,413545,2154
zmpvzne4pl,fmbg,5,3,critical,fzd,wupu,lepego,0,0,0,mbs,lepego,mzd,wupu,,,,,,0,107,420833,7287
zmpvzne4pl,fmbg,5,3,catch,mzd,wupu,wupu,1,0,0,mbs,lepego,mzd,wupu,,,,,False,0,108,429673,8839
zmpvzne4pl,fmbg,5,3,critical,,DONE,,0,0,1,mbs,lepego,mzd,wupu,,,,,,5,109,431033,1358
zmpvzne4pl,fmbg,6,6,critical,mzd,gêă,gêă,1,0,0,mbd,niuhiê,fbd,gêă,,,,,,3,121,450364,7963
zmpvzne4pl,fmbg,6,6,critical,mzs,nyumuo,gêă,0,0,0,mbd,niuhiê,fbd,gêă,mzs,nyumuo,,,,1,122,453042,2677
zmpvzne4pl,fmbg,6,6,critical,fzs,nyumuo,gêă,0,0,0,mbd,niuhiê,fbd,gêă,mzs,nyumuo,fzs,nyumuo,,1,123,458889,5846
zmpvzne4pl,fmbg,6,6,critical,mbs,nyumuo,niuhiê,0,0,0,mbd,niuhiê,fbd,gêă,mzs,nyumuo,fzs,nyumuo,,1,124,463500,4609
zmpvzne4pl,fmbg,6,6,catch,mbd,niuhiê,niuhiê,1,0,0,mbd,niuhiê,fbd,gêă,mzs,nyumuo,fzs,nyumuo,False,2,125,466079,2578
zmpvzne4pl,fmbg,6,6,critical,fbs,nyumuo,gêă,0,0,0,mbd,niuhiê,fbd,gêă,mzs,nyumuo,fzs,nyumuo,,1,126,469600,3520
zmpvzne4pl,fmbg,6,6,critical,fzd,gêă,gêă,1,0,0,mbd,niuhiê,fbd,gêă,mzs,nyumuo,fzs,nyumuo,,3,127,474474,4872
zmpvzne4pl,fmbg,6,6,critical,,DONE,,0,0,1,mbd,niuhiê,fbd,gêă,mzs,nyumuo,fzs,nyumuo,,5,128,477360,2885
zmpvzne4pl,fmbg,7,4,critical,mbd,etupol,etupol,1,0,0,fbd,egezalat,fzs,etupol,,,,,,3,140,488752,6462
zmpvzne4pl,fmbg,7,4,critical,fbs,etupol,egezalat,0,0,0,fbd,egezalat,fzs,etupol,,,,,,3,141,501596,12843
zmpvzne4pl,fmbg,7,4,critical,mzs,egezalat,etupol,0,0,0,fbd,egezalat,fzs,etupol,,,,,,0,142,509005,7408
zmpvzne4pl,fmbg,7,4,critical,mbs,etupol,etupol,1,0,0,fbd,egezalat,fzs,etupol,,,,,,3,143,511134,2126
zmpvzne4pl,fmbg,7,4,catch,fzs,etupol,etupol,1,0,0,fbd,egezalat,fzs,etupol,,,,,False,3,144,513527,2392
zmpvzne4pl,fmbg,7,4,critical,mzd,etupol,etupol,1,0,0,fbd,egezalat,fzs,etupol,,,,,,3,145,517188,3660
zmpvzne4pl,fmbg,7,4,critical,fzd,egezalat,etupol,0,0,0,fbd,egezalat,fzs,etupol,,,,,,0,146,523948,6758
zmpvzne4pl,fmbg,7,4,critical,,DONE,,0,0,1,fbd,egezalat,fzs,etupol,,,,,,5,147,525472,1523
zmpvzne4pl,fmbg,8,0,critical,mbs,töeqo,canšuehu,0,0,0,fbs,canšuehu,b,töeqo,,,,,,1,157,546086,14342
zmpvzne4pl,fmbg,8,0,critical,mbd,canšuehu,canšuehu,1,0,0,fbs,canšuehu,b,töeqo,,,,,,3,158,551620,5533
zmpvzne4pl,fmbg,8,0,critical,mzd,canšuehu,canšuehu,1,0,0,fbs,canšuehu,b,töeqo,,,,,,3,159,553951,2331
zmpvzne4pl,fmbg,8,0,critical,z,canšuehu,töeqo,0,0,0,fbs,canšuehu,b,töeqo,,,,,,3,160,557701,3748
zmpvzne4pl,fmbg,8,0,critical,fzs,töeqo,canšuehu,0,0,0,fbs,canšuehu,b,töeqo,,,,,,1,161,559970,2268
zmpvzne4pl,fmbg,8,0,critical,fzd,canšuehu,canšuehu,1,0,0,fbs,canšuehu,b,töeqo,,,,,,3,162,561174,1203
zmpvzne4pl,fmbg,8,0,catch,b,töeqo,töeqo,1,0,0,fbs,canšuehu,b,töeqo,,,,,False,1,163,563379,2204
zmpvzne4pl,fmbg,8,0,critical,mzs,töeqo,canšuehu,0,0,0,fbs,canšuehu,b,töeqo,,,,,,1,164,565396,2012
zmpvzne4pl,fmbg,8,0,critical,fbd,canšuehu,canšuehu,1,0,0,fbs,canšuehu,b,töeqo,,,,,,3,165,566272,874
zmpvzne4pl,fmbg,8,0,critical,,DONE,,0,0,1,fbs,canšuehu,b,töeqo,,,,,,5,166,567285,1013
qe6qdpy4b2,mfbg,1,0,critical,mzs,vrêd,vrêd,1,0,0,fbs,vrêd,z,rhymsvåd,,,,,,3,24,76859,6703
qe6qdpy4b2,mfbg,1,0,critical,mbs,vrêd,vrêd,1,0,0,fbs,vrêd,z,rhymsvåd,,,,,,3,25,79915,3054
qe6qdpy4b2,mfbg,1,0,critical,mbd,vrêd,vrêd,1,0,0,fbs,vrêd,z,rhymsvåd,,,,,,3,26,84451,4535
qe6qdpy4b2,mfbg,1,0,critical,fzd,vrêd,vrêd,1,0,0,fbs,vrêd,z,rhymsvåd,,,,,,3,27,85811,1358
qe6qdpy4b2,mfbg,1,0,catch,fbs,vrêd,vrêd,1,0,0,fbs,vrêd,z,rhymsvåd,,,,,False,3,28,88235,2422
qe6qdpy4b2,mfbg,1,0,critical,fzs,vrêd,vrêd,1,0,0,fbs,vrêd,z,rhymsvåd,,,,,,3,29,89739,1503
qe6qdpy4b2,mfbg,1,0,critical,mzd,vrêd,vrêd,1,0,0,fbs,vrêd,z,rhymsvåd,,,,,,3,30,91003,1263
qe6qdpy4b2,mfbg,1,0,critical,b,rhymsvåd,rhymsvåd,1,0,0,fbs,vrêd,z,rhymsvåd,,,,,,1,31,97475,6470
qe6qdpy4b2,mfbg,1,0,critical,fbd,vrêd,vrêd,1,0,0,fbs,vrêd,z,rhymsvåd,,,,,,3,32,98827,1350
qe6qdpy4b2,mfbg,1,0,critical,,DONE,,0,0,1,fbs,vrêd,z,rhymsvåd,,,,,,5,33,100228,1399
qe6qdpy4b2,mfbg,2,3,critical,mzd,möïtu,šïïnö,0,0,0,mbd,möïtu,mzs,šïïnö,,,,,,1,45,134067,5598
qe6qdpy4b2,mfbg,2,3,critical,fzd,möïtu,möïtu,1,0,0,mbd,möïtu,mzs,šïïnö,,,,,,1,46,136851,2782
qe6qdpy4b2,mfbg,2,3,critical,fzs,šïïnö,möïtu,0,0,0,mbd,möïtu,mzs,šïïnö,,,,,,3,47,140210,3358
qe6qdpy4b2,mfbg,2,3,critical,mbs,šïïnö,möïtu,0,0,0,mbd,möïtu,mzs,šïïnö,,,,,,3,48,144307,4096
qe6qdpy4b2,mfbg,2,3,catch,mzs,šïïnö,šïïnö,1,0,0,mbd,möïtu,mzs,šïïnö,,,,,False,3,49,146026,1718
qe6qdpy4b2,mfbg,2,3,critical,fbd,möïtu,šïïnö,0,0,0,mbd,möïtu,mzs,šïïnö,,,,,,1,50,149898,3870
qe6qdpy4b2,mfbg,2,3,critical,fbs,šïïnö,šïïnö,1,0,0,mbd,möïtu,mzs,šïïnö,,,,,,3,51,152498,2599
qe6qdpy4b2,mfbg,2,3,critical,,DONE,,0,0,1,mbd,möïtu,mzs,šïïnö,,,,,,5,52,154988,2488
qe6qdpy4b2,mfbg,3,4,critical,mbd,idanuluf,idanuluf,1,0,0,fbd,egezalat,fzd,idanuluf,,,,,,0,64,180139,3463
qe6qdpy4b2,mfbg,3,4,critical,mzd,idanuluf,idanuluf,1,0,0,fbd,egezalat,fzd,idanuluf,,,,,,0,65,182867,2726
qe6qdpy4b2,mfbg,3,4,critical,mzs,agivud,idanuluf,0,0,0,fbd,egezalat,fzd,idanuluf,mzs,agivud,,,,2,66,191067,8199
qe6qdpy4b2,mfbg,3,4,critical,fzs,agivud,idanuluf,0,0,0,fbd,egezalat,fzd,idanuluf,mzs,agivud,fzs,agivud,,2,67,192899,1831
qe6qdpy4b2,mfbg,3,4,catch,fbd,egezalat,egezalat,1,0,0,fbd,egezalat,fzd,idanuluf,mzs,agivud,fzs,agivud,False,3,68,194507,1607
qe6qdpy4b2,mfbg,3,4,critical,mbs,agivud,idanuluf,0,0,0,fbd,egezalat,fzd,idanuluf,mzs,agivud,fzs,agivud,,2,69,199747,5238
qe6qdpy4b2,mfbg,3,4,critical,fbs,idanuluf,egezalat,0,0,0,fbd,egezalat,fzd,idanuluf,mzs,agivud,fzs,agivud,,0,70,204437,4689
qe6qdpy4b2,mfbg,3,4,critical,,DONE,,0,0,1,fbd,egezalat,fzd,idanuluf,mzs,agivud,fzs,agivud,,5,71,205387,948
qe6qdpy4b2,mfbg,4,5,critical,mzs,ngcāžo,ngcāžo,1,0,0,fzd,pžicā,fbs,ngcāžo,,,,,,1,83,230163,3648
qe6qdpy4b2,mfbg,4,5,catch,fzd,pžicā,pžicā,1,0,0,fzd,pžicā,fbs,ngcāžo,,,,,False,3,84,231643,1479
qe6qdpy4b2,mfbg,4,5,critical,fzs,ngcāžo,pžicā,0,0,0,fzd,pžicā,fbs,ngcāžo,,,,,,1,85,237835,6190
qe6qdpy4b2,mfbg,4,5,critical,mbs,ngcāžo,ngcāžo,1,0,0,fzd,pžicā,fbs,ngcāžo,,,,,,1,86,239226,1389
qe6qdpy4b2,mfbg,4,5,critical,fbd,pžicā,ngcāžo,0,0,0,fzd,pžicā,fbs,ngcāžo,,,,,,3,87,241434,2207
qe6qdpy4b2,mfbg,4,5,critical,mzd,pžicā,ngcāžo,0,0,0,fzd,pžicā,fbs,ngcāžo,,,,,,3,88,242746,1310
qe6qdpy4b2,mfbg,4,5,critical,mbd,pžicā,ngcāžo,0,0,0,fzd,pžicā,fbs,ngcāžo,,,,,,3,89,245074,2327
qe6qdpy4b2,mfbg,4,5,critical,,DONE,,0,0,1,fzd,pžicā,fbs,ngcāžo,,,,,,5,90,246746,1671
qe6qdpy4b2,mfbg,5,1,critical,mbs,aweh,aweh,1,0,0,fzd,uquçun,mzd,aweh,,,,,,3,102,279354,16319
qe6qdpy4b2,mfbg,5,1,catch,mzd,aweh,aweh,1,0,0,fzd,uquçun,mzd,aweh,,,,,False,3,103,280682,1327
qe6qdpy4b2,mfbg,5,1,critical,fbd,uquçun,uquçun,1,0,0,fzd,uquçun,mzd,aweh,,,,,,1,104,283186,2503
qe6qdpy4b2,mfbg,5,1,critical,mbd,aweh,aweh,1,0,0,fzd,uquçun,mzd,aweh,,,,,,3,105,288026,4839
qe6qdpy4b2,mfbg,5,1,critical,fbs,uquçun,uquçun,1,0,0,fzd,uquçun,mzd,aweh,,,,,,1,106,291674,3647
qe6qdpy4b2,mfbg,5,1,critical,mzs,aweh,aweh,1,0,0,fzd,uquçun,mzd,aweh,,,,,,3,107,293314,1639
qe6qdpy4b2,mfbg,5,1,critical,fzs,uquçun,uquçun,1,0,0,fzd,uquçun,mzd,aweh,,,,,,1,108,294370,1055
qe6qdpy4b2,mfbg,5,1,critical,,DONE,,0,0,1,fzd,uquçun,mzd,aweh,,,,,,5,109,296161,1790
qe6qdpy4b2,mfbg,6,2,critical,mzs,zuvewu,bybï,0,0,0,fbd,zuvewu,fzd,bybï,,,,,,2,121,320009,4607
qe6qdpy4b2,mfbg,6,2,critical,fbs,zuvewu,zuvewu,1,0,0,fbd,zuvewu,fzd,bybï,,,,,,2,122,331842,11831
qe6qdpy4b2,mfbg,6,2,catch,fbd,zuvewu,zuvewu,1,0,0,fbd,zuvewu,fzd,bybï,,,,,False,2,123,333274,1430
qe6qdpy4b2,mfbg,6,2,critical,fzs,bybï,bybï,1,0,0,fbd,zuvewu,fzd,bybï,,,,,,3,124,335082,1805
qe6qdpy4b2,mfbg,6,2,critical,mzd,zuvewu,bybï,0,0,0,fbd,zuvewu,fzd,bybï,,,,,,2,125,336954,1871
qe6qdpy4b2,mfbg,6,2,critical,mbd,zuvewu,zuvewu,1,0,0,fbd,zuvewu,fzd,bybï,,,,,,2,126,340986,4030
qe6qdpy4b2,mfbg,6,2,critical,mbs,zuvewu,zuvewu,1,0,0,fbd,zuvewu,fzd,bybï,,,,,,2,127,345138,4150
qe6qdpy4b2,mfbg,6,2,critical,,DONE,,0,0,1,fbd,zuvewu,fzd,bybï,,,,,,5,128,348377,3237
qe6qdpy4b2,mfbg,7,6,critical,fbd,lepego,lepego,1,0,0,mbs,goviku,fzd,lepego,,,,,,3,140,369060,2768
qe6qdpy4b2,mfbg,7,6,critical,mzd,goviku,lepego,0,0,0,mbs,goviku,fzd,lepego,,,,,,0,141,371051,1990
qe6qdpy4b2,mfbg,7,6,critical,fbs,lepego,lepego,1,0,0,mbs,goviku,fzd,lepego,,,,,,3,142,372426,1374
qe6qdpy4b2,mfbg,7,6,critical,fzs,goviku,lepego,0,0,0,mbs,goviku,fzd,lepego,,,,,,0,143,373914,1486
qe6qdpy4b2,mfbg,7,6,critical,mzs,goviku,lepego,0,0,0,mbs,goviku,fzd,lepego,,,,,,0,144,377138,3223
qe6qdpy4b2,mfbg,7,6,catch,mbs,goviku,goviku,1,0,0,mbs,goviku,fzd,lepego,,,,,False,0,145,379282,2143
qe6qdpy4b2,mfbg,7,6,critical,mbd,UNDO,goviku,0,1,0,mbs,goviku,fzd,lepego,,,,,,4,146,383122,3839
qe6qdpy4b2,mfbg,7,6,critical,mzs,UNDO,lepego,0,1,0,mbs,goviku,fzd,lepego,,,,,,4,147,383626,502
qe6qdpy4b2,mfbg,7,6,critical,fzs,UNDO,lepego,0,1,0,mbs,goviku,fzd,lepego,,,,,,4,148,383994,366
qe6qdpy4b2,mfbg,7,6,critical,fbs,lepego,lepego,1,0,0,mbs,goviku,fzd,lepego,,,,,,3,149,385714,1719
qe6qdpy4b2,mfbg,7,6,critical,fzs,lepego,lepego,1,0,0,mbs,goviku,fzd,lepego,,,,,,3,150,386650,935
qe6qdpy4b2,mfbg,7,6,critical,mzs,goviku,lepego,0,0,0,mbs,goviku,fzd,lepego,,,,,,0,151,389634,2982
qe6qdpy4b2,mfbg,7,6,critical,mbd,goviku,goviku,1,0,0,mbs,goviku,fzd,lepego,,,,,,0,152,390867,1231
qe6qdpy4b2,mfbg,7,6,critical,,DONE,,0,0,1,mbs,goviku,fzd,lepego,,,,,,5,153,391770,902
qe6qdpy4b2,mfbg,8,7,critical,mzs,nyumuo,nyumuo,1,0,0,mzd,nyumuo,fbd,taobyo,,,,,,0,165,409289,2423
qe6qdpy4b2,mfbg,8,7,critical,mbd,nyumuo,taobyo,0,0,0,mzd,nyumuo,fbd,taobyo,,,,,,0,166,412593,3302
qe6qdpy4b2,mfbg,8,7,critical,mbs,nyumuo,taobyo,0,0,0,mzd,nyumuo,fbd,taobyo,,,,,,0,167,413625,1031
qe6qdpy4b2,mfbg,8,7,critical,fzs,nyumuo,taobyo,0,0,0,mzd,nyumuo,fbd,taobyo,,,,,,0,168,416762,3134
qe6qdpy4b2,mfbg,8,7,critical,fbs,UNDO,taobyo,0,1,0,mzd,nyumuo,fbd,taobyo,,,,,,4,169,422314,5551
qe6qdpy4b2,mfbg,8,7,critical,fzs,taobyo,taobyo,1,0,0,mzd,nyumuo,fbd,taobyo,,,,,,3,170,423858,1542
qe6qdpy4b2,mfbg,8,7,critical,fbs,taobyo,taobyo,1,0,0,mzd,nyumuo,fbd,taobyo,,,,,,3,171,424913,1053
qe6qdpy4b2,mfbg,8,7,critical,fzd,taobyo,taobyo,1,0,0,mzd,nyumuo,fbd,taobyo,,,,,,3,172,426097,1183
qe6qdpy4b2,mfbg,8,7,catch,mzd,nyumuo,nyumuo,1,0,0,mzd,nyumuo,fbd,taobyo,,,,,False,0,173,427705,1607
qe6qdpy4b2,mfbg,8,7,critical,,DONE,,0,0,1,mzd,nyumuo,fbd,taobyo,,,,,,5,174,428597,890
so2ywkynjc,fmgb,1,6,critical,fbd,aweh,aweh,1,0,0,mbs,uquçun,fzd,aweh,,,,,,3,26,225928,26502
so2ywkynjc,fmgb,1,6,catch,fzd,aweh,aweh,1,0,0,mbs,uquçun,fzd,aweh,,,,,False,3,27,230897,4965
so2ywkynjc,fmgb,1,6,critical,fzs,aweh,aweh,1,0,0,mbs,uquçun,fzd,aweh,,,,,,3,28,239602,8703
so2ywkynjc,fmgb,1,6,critical,mbd,uquçun,uquçun,1,0,0,mbs,uquçun,fzd,aweh,,,,,,0,29,247995,8391
so2ywkynjc,fmgb,1,6,critical,mzs,aweh,aweh,1,0,0,mbs,uquçun,fzd,aweh,,,,,,3,30,254549,6550
so2ywkynjc,fmgb,1,6,critical,fbs,aweh,aweh,1,0,0,mbs,uquçun,fzd,aweh,,,,,,3,31,257461,2910
so2ywkynjc,fmgb,1,6,critical,mzd,aweh,aweh,1,0,0,mbs,uquçun,fzd,aweh,,,,,,3,32,259121,1658
so2ywkynjc,fmgb,1,6,critical,,DONE,,0,0,1,mbs,uquçun,fzd,aweh,,,,,,5,33,260022,898
so2ywkynjc,fmgb,2,7,critical,fbd,popingi,popingi,1,0,0,mzs,kawuka,fzd,popingi,,,,,,3,45,285776,13058
so2ywkynjc,fmgb,2,7,critical,fzs,popingi,popingi,1,0,0,mzs,kawuka,fzd,popingi,,,,,,3,46,287676,1898
so2ywkynjc,fmgb,2,7,catch,fzd,popingi,popingi,1,0,0,mzs,kawuka,fzd,popingi,,,,,False,3,47,292864,5187
so2ywkynjc,fmgb,2,7,critical,mzd,kawuka,kawuka,1,0,0,mzs,kawuka,fzd,popingi,,,,,,2,48,299571,6705
so2ywkynjc,fmgb,2,7,critical,mbd,popingi,popingi,1,0,0,mzs,kawuka,fzd,popingi,,,,,,3,49,303062,3488
so2ywkynjc,fmgb,2,7,critical,mbs,popingi,popingi,1,0,0,mzs,kawuka,fzd,popingi,,,,,,3,50,303539,475
so2ywkynjc,fmgb,2,7,critical,fbs,popingi,popingi,1,0,0,mzs,kawuka,fzd,popingi,,,,,,3,51,305026,1486
so2ywkynjc,fmgb,2,7,critical,,DONE,,0,0,1,mzs,kawuka,fzd,popingi,,,,,,5,52,306327,1298
so2ywkynjc,fmgb,3,0,critical,fzd,vbāžo,vbāžo,1,0,0,fbs,vbāžo,z,cžunge,,,,,,2,62,325127,10327
so2ywkynjc,fmgb,3,0,critical,b,cžunge,cžunge,1,0,0,fbs,vbāžo,z,cžunge,,,,,,1,63,330130,5001
so2ywkynjc,fmgb,3,0,critical,mbd,vbāžo,vbāžo,1,0,0,fbs,vbāžo,z,cžunge,,,,,,2,64,333750,3616
so2ywkynjc,fmgb,3,0,critical,fbd,vbāžo,vbāžo,1,0,0,fbs,vbāžo,z,cžunge,,,,,,2,65,334183,430
so2ywkynjc,fmgb,3,0,catch,z,vbāžo,cžunge,0,0,0,fbs,vbāžo,z,cžunge,,,,,True,2,66,334482,297
so2ywkynjc,fmgb,3,0,critical,mzd,vbāžo,vbāžo,1,0,0,fbs,vbāžo,z,cžunge,,,,,,2,67,334932,448
so2ywkynjc,fmgb,3,0,critical,mbs,vbāžo,vbāžo,1,0,0,fbs,vbāžo,z,cžunge,,,,,,2,68,335716,782
so2ywkynjc,fmgb,3,0,critical,mzs,vbāžo,vbāžo,1,0,0,fbs,vbāžo,z,cžunge,,,,,,2,69,336463,746
so2ywkynjc,fmgb,3,0,critical,fzs,vbāžo,vbāžo,1,0,0,fbs,vbāžo,z,cžunge,,,,,,2,70,337784,1320
so2ywkynjc,fmgb,3,0,critical,,DONE,,0,0,1,fbs,vbāžo,z,cžunge,,,,,,5,71,341269,3485
so2ywkynjc,fmgb,4,1,critical,fbs,tuumïhu,tuumïhu,1,0,0,fbd,tuumïhu,mzd,töeqo,,,,,,1,83,358587,10307
so2ywkynjc,fmgb,4,1,critical,mzs,töeqo,töeqo,1,0,0,fbd,tuumïhu,mzd,töeqo,,,,,,2,84,363589,5002
so2ywkynjc,fmgb,4,1,critical,mbd,töeqo,töeqo,1,0,0,fbd,tuumïhu,mzd,töeqo,,,,,,2,85,365490,1899
so2ywkynjc,fmgb,4,1,critical,fzd,tuumïhu,tuumïhu,1,0,0,fbd,tuumïhu,mzd,töeqo,,,,,,1,86,367940,2449
so2ywkynjc,fmgb,4,1,critical,fzs,tuumïhu,tuumïhu,1,0,0,fbd,tuumïhu,mzd,töeqo,,,,,,1,87,368542,599
so2ywkynjc,fmgb,4,1,catch,fbd,tuumïhu,tuumïhu,1,0,0,fbd,tuumïhu,mzd,töeqo,,,,,False,1,88,373813,5269
so2ywkynjc,fmgb,4,1,critical,mbs,töeqo,töeqo,1,0,0,fbd,tuumïhu,mzd,töeqo,,,,,,2,89,375748,1935
so2ywkynjc,fmgb,4,1,critical,,DONE,,0,0,1,fbd,tuumïhu,mzd,töeqo,,,,,,5,90,377762,2014
so2ywkynjc,fmgb,5,5,critical,fzs,ktåvrhus,ktåvrhus,1,0,0,fzd,ktåvrhus,fbs,ktot,,,,,,0,102,401399,14556
so2ywkynjc,fmgb,5,5,critical,fbd,ktot,ktot,1,0,0,fzd,ktåvrhus,fbs,ktot,,,,,,3,103,403683,2281
so2ywkynjc,fmgb,5,5,catch,fzd,ktåvrhus,ktåvrhus,1,0,0,fzd,ktåvrhus,fbs,ktot,,,,,False,0,104,406802,3118
so2ywkynjc,fmgb,5,5,critical,mbs,ktot,ktot,1,0,0,fzd,ktåvrhus,fbs,ktot,,,,,,3,105,409105,2301
so2ywkynjc,fmgb,5,5,critical,mzd,ktot,ktot,1,0,0,fzd,ktåvrhus,fbs,ktot,,,,,,3,106,409471,364
so2ywkynjc,fmgb,5,5,critical,mzs,ktot,ktot,1,0,0,fzd,ktåvrhus,fbs,ktot,,,,,,3,107,409921,447
so2ywkynjc,fmgb,5,5,critical,mbd,ktot,ktot,1,0,0,fzd,ktåvrhus,fbs,ktot,,,,,,3,108,410123,200
so2ywkynjc,fmgb,5,5,critical,,DONE,,0,0,1,fzd,ktåvrhus,fbs,ktot,,,,,,5,109,411722,1597
so2ywkynjc,fmgb,6,3,critical,fbs,nyumuo,nyumuo,1,0,0,mbd,nyumuo,fbd,nyumuo,,,,,,1,121,448487,27887
so2ywkynjc,fmgb,6,3,catch,fbd,nyumuo,nyumuo,1,0,0,mbd,nyumuo,fbd,nyumuo,,,,,False,1,122,450488,1999
so2ywkynjc,fmgb,6,3,critical,fzd,nyumuo,nyumuo,1,0,0,mbd,nyumuo,fbd,nyumuo,,,,,,1,123,451522,1032
so2ywkynjc,fmgb,6,3,critical,mzs,nyumuo,nyumuo,1,0,0,mbd,nyumuo,fbd,nyumuo,,,,,,1,124,452222,697
so2ywkynjc,fmgb,6,3,critical,mzd,nyumuo,nyumuo,1,0,0,mbd,nyumuo,fbd,nyumuo,,,,,,1,125,452656,431
so2ywkynjc,fmgb,6,3,critical,mbs,nyumuo,nyumuo,1,0,0,mbd,nyumuo,fbd,nyumuo,,,,,,1,126,453157,499
so2ywkynjc,fmgb,6,3,critical,fzs,nyumuo,nyumuo,1,0,0,mbd,nyumuo,fbd,nyumuo,,,,,,1,127,453707,548
so2ywkynjc,fmgb,6,3,critical,,DONE,,0,0,1,mbd,nyumuo,fbd,nyumuo,,,,,,5,128,455675,1966
so2ywkynjc,fmgb,7,4,critical,mzs,morïky,morïky,1,0,0,fbd,bokokohï,mbs,morïky,,,,,,2,140,475475,12308
so2ywkynjc,fmgb,7,4,critical,mzd,bokokohï,morïky,0,0,0,fbd,bokokohï,mbs,morïky,,,,,,0,141,484441,8963
so2ywkynjc,fmgb,7,4,critical,fzs,morïky,morïky,1,0,0,fbd,bokokohï,mbs,morïky,,,,,,2,142,486317,1875
so2ywkynjc,fmgb,7,4,critical,fbs,morïky,bokokohï,0,0,0,fbd,bokokohï,mbs,morïky,,,,,,2,143,491406,5086
so2ywkynjc,fmgb,7,4,critical,mbd,bokokohï,morïky,0,0,0,fbd,bokokohï,mbs,morïky,,,,,,0,144,493390,1981
so2ywkynjc,fmgb,7,4,critical,fzd,bokokohï,morïky,0,0,0,fbd,bokokohï,mbs,morïky,,,,,,0,145,493891,498
so2ywkynjc,fmgb,7,4,catch,mbs,morïky,morïky,1,0,0,fbd,bokokohï,mbs,morïky,,,,,False,2,146,496410,2516
so2ywkynjc,fmgb,7,4,critical,,DONE,,0,0,1,fbd,bokokohï,mbs,morïky,,,,,,5,147,497616,1203
so2ywkynjc,fmgb,8,2,critical,fzd,agivud,agivud,1,0,0,mbs,azuf,fzs,agivud,,,,,,1,159,528353,22967
so2ywkynjc,fmgb,8,2,critical,fbs,azuf,azuf,1,0,0,mbs,azuf,fzs,agivud,,,,,,2,160,533941,5584
so2ywkynjc,fmgb,8,2,critical,mzs,agivud,agivud,1,0,0,mbs,azuf,fzs,agivud,,,,,,1,161,537810,3867
so2ywkynjc,fmgb,8,2,catch,fzs,agivud,agivud,1,0,0,mbs,azuf,fzs,agivud,,,,,False,1,162,539894,2082
so2ywkynjc,fmgb,8,2,critical,fbd,azuf,azuf,1,0,0,mbs,azuf,fzs,agivud,,,,,,2,163,541280,1385
so2ywkynjc,fmgb,8,2,critical,mbd,azuf,azuf,1,0,0,mbs,azuf,fzs,agivud,,,,,,2,164,542329,1047
so2ywkynjc,fmgb,8,2,critical,mzd,agivud,agivud,1,0,0,mbs,azuf,fzs,agivud,,,,,,1,165,543281,950
so2ywkynjc,fmgb,8,2,critical,,DONE,,0,0,1,mbs,azuf,fzs,agivud,,,,,,5,166,545283,1999
xxzu4htn68,mfbg,1,2,critical,mzs,vropcāre,vropcāre,1,0,0,fbs,rbāranžā,fzs,vropcāre,,,,,,1,26,617116,25531
xxzu4htn68,mfbg,1,2,critical,mbs,rbāranžā,rbāranžā,1,0,0,fbs,rbāranžā,fzs,vropcāre,,,,,,0,27,637912,20793
xxzu4htn68,mfbg,1,2,critical,mbd,pžicā,rbāranžā,0,0,0,fbs,rbāranžā,fzs,vropcāre,mbd,pžicā,,,,3,28,665044,27129
xxzu4htn68,mfbg,1,2,catch,fbs,rbāranžā,rbāranžā,1,0,0,fbs,rbāranžā,fzs,vropcāre,mbd,pžicā,,,False,0,29,677314,12267
xxzu4htn68,mfbg,1,2,critical,mzd,cžunge,vropcāre,0,0,0,fbs,rbāranžā,fzs,vropcāre,mbd,pžicā,,,,2,30,729521,52205
xxzu4htn68,mfbg,1,2,critical,fzd,cžunge,vropcāre,0,0,0,fbs,rbāranžā,fzs,vropcāre,mbd,pžicā,,,,2,31,756544,27020
xxzu4htn68,mfbg,1,2,critical,fbd,pžicā,rbāranžā,0,0,0,fbs,rbāranžā,fzs,vropcāre,mbd,pžicā,fbd,pžicā,,3,32,764040,7493
xxzu4htn68,mfbg,1,2,critical,,DONE,,0,0,1,fbs,rbāranžā,fzs,vropcāre,mbd,pžicā,fbd,pžicā,,5,33,768288,4245
xxzu4htn68,mfbg,2,7,critical,fbd,bybï,bybï,1,0,0,mzs,lobowaby,mbd,bybï,,,,,,2,45,866429,18923
xxzu4htn68,mfbg,2,7,critical,fzd,bybï,bybï,1,0,0,mzs,lobowaby,mbd,bybï,,,,,,2,46,892744,26312
xxzu4htn68,mfbg,2,7,catch,mbd,bybï,bybï,1,0,0,mzs,lobowaby,mbd,bybï,,,,,False,2,47,920006,27259
xxzu4htn68,mfbg,2,7,critical,fbs,UNDO,bybï,0,1,0,mzs,lobowaby,mbd,bybï,,,,,,4,48,968669,48660
xxzu4htn68,mfbg,2,7,critical,fzd,UNDO,bybï,0,1,0,mzs,lobowaby,mbd,bybï,,,,,,4,49,990256,21585
xxzu4htn68,mfbg,2,7,critical,fbd,bokokohï,bybï,0,0,0,mzs,lobowaby,mbd,bybï,fbd,bokokohï,,,,1,50,1032454,42195
xxzu4htn68,mfbg,2,7,critical,fzd,bokokohï,bybï,0,0,0,mzs,lobowaby,mbd,bybï,fbd,bokokohï,,,,1,51,1036807,4350
xxzu4htn68,mfbg,2,7,critical,fbs,zuvewu,bybï,0,0,0,mzs,lobowaby,mbd,bybï,fbd,bokokohï,fbs,zuvewu,,3,52,1042803,5993
xxzu4htn68,mfbg,2,7,critical,mbs,lobowaby,bybï,0,0,0,mzs,lobowaby,mbd,bybï,fbd,bokokohï,fbs,zuvewu,,0,53,1048241,5435
xxzu4htn68,mfbg,2,7,critical,fzs,zuvewu,bybï,0,0,0,mzs,lobowaby,mbd,bybï,fbd,bokokohï,fbs,zuvewu,,3,54,1052520,4276
xxzu4htn68,mfbg,2,7,critical,mzd,bybï,lobowaby,0,0,0,mzs,lobowaby,mbd,bybï,fbd,bokokohï,fbs,zuvewu,,2,55,1054896,2374
xxzu4htn68,mfbg,2,7,critical,,DONE,,0,0,1,mzs,lobowaby,mbd,bybï,fbd,bokokohï,fbs,zuvewu,,5,56,1056563,1665
xxzu4htn68,mfbg,3,4,critical,mbs,töeqo,töeqo,1,0,0,fbs,nuubö,fzs,töeqo,,,,,,2,68,1130180,17654
xxzu4htn68,mfbg,3,4,critical,mbd,töeqo,töeqo,1,0,0,fbs,nuubö,fzs,töeqo,,,,,,2,69,1154481,24298
xxzu4htn68,mfbg,3,4,critical,fzd,yaöpe,töeqo,0,0,0,fbs,nuubö,fzs,töeqo,fzd,yaöpe,,,,3,70,1169623,15140
xxzu4htn68,mfbg,3,4,critical,mzs,töeqo,töeqo,1,0,0,fbs,nuubö,fzs,töeqo,fzd,yaöpe,,,,2,71,1178010,8384
xxzu4htn68,mfbg,3,4,critical,mzd,töeqo,töeqo,1,0,0,fbs,nuubö,fzs,töeqo,fzd,yaöpe,,,,2,72,1179639,1627
xxzu4htn68,mfbg,3,4,catch,fzs,töeqo,töeqo,1,0,0,fbs,nuubö,fzs,töeqo,fzd,yaöpe,,,False,2,73,1187292,7651
xxzu4htn68,mfbg,3,4,critical,fbd,yaöpe,nuubö,0,0,0,fbs,nuubö,fzs,töeqo,fzd,yaöpe,,,,3,74,1194634,7338
xxzu4htn68,mfbg,3,4,critical,,DONE,,0,0,1,fbs,nuubö,fzs,töeqo,fzd,yaöpe,,,,5,75,1196040,1404
xxzu4htn68,mfbg,4,5,critical,mbd,tsåvvses,sfêvdok,0,0,0,fzd,rhåv,mzs,sfêvdok,mbd,tsåvvses,,,,0,87,1249272,15453
xxzu4htn68,mfbg,4,5,critical,fbd,tsåvvses,sfêvdok,0,0,0,fzd,rhåv,mzs,sfêvdok,mbd,tsåvvses,fbd,tsåvvses,,0,88,1255905,6630
xxzu4htn68,mfbg,4,5,critical,fzs,rhåv,rhåv,1,0,0,fzd,rhåv,mzs,sfêvdok,mbd,tsåvvses,fbd,tsåvvses,,2,89,1264231,8324
xxzu4htn68,mfbg,4,5,critical,mbs,sfêvdok,sfêvdok,1,0,0,fzd,rhåv,mzs,sfêvdok,mbd,tsåvvses,fbd,tsåvvses,,1,90,1269881,5647
xxzu4htn68,mfbg,4,5,catch,fzd,rhåv,rhåv,1,0,0,fzd,rhåv,mzs,sfêvdok,mbd,tsåvvses,fbd,tsåvvses,False,2,91,1280684,10801
xxzu4htn68,mfbg,4,5,critical,mzd,tsåvvses,sfêvdok,0,0,0,fzd,rhåv,mzs,sfêvdok,mbd,tsåvvses,fbd,tsåvvses,,0,92,1294474,13788
xxzu4htn68,mfbg,4,5,critical,fbs,rhåv,sfêvdok,0,0,0,fzd,rhåv,mzs,sfêvdok,mbd,tsåvvses,fbd,tsåvvses,,2,93,1300074,5598
xxzu4htn68,mfbg,4,5,critical,,DONE,,0,0,1,fzd,rhåv,mzs,sfêvdok,mbd,tsåvvses,fbd,tsåvvses,,5,94,1301854,1777
xxzu4htn68,mfbg,5,3,catch,mbd,niuhiê,niuhiê,1,0,0,mbd,niuhiê,fbd,nyumuo,,,,,False,3,106,1394815,5723
xxzu4htn68,mfbg,5,3,critical,fzd,niuhiê,niuhiê,1,0,0,mbd,niuhiê,fbd,nyumuo,,,,,,3,107,1436811,41994
xxzu4htn68,mfbg,5,3,critical,mzd,nyumuo,nyumuo,1,0,0,mbd,niuhiê,fbd,nyumuo,,,,,,2,108,1448732,11918
xxzu4htn68,mfbg,5,3,critical,mbs,goozăi,niuhiê,0,0,0,mbd,niuhiê,fbd,nyumuo,mbs,goozăi,,,,0,109,1467683,18948
xxzu4htn68,mfbg,5,3,critical,mzs,hyonăo,nyumuo,0,0,0,mbd,niuhiê,fbd,nyumuo,mbs,goozăi,,,,1,110,1473793,6108
xxzu4htn68,mfbg,5,3,critical,fzs,goozăi,niuhiê,0,0,0,mbd,niuhiê,fbd,nyumuo,mbs,goozăi,fzs,goozăi,,0,111,1509615,35819
xxzu4htn68,mfbg,5,3,critical,fbs,hyonăo,nyumuo,0,0,0,mbd,niuhiê,fbd,nyumuo,mbs,goozăi,fzs,goozăi,,1,112,1519021,9403
xxzu4htn68,mfbg,5,3,critical,,DONE,,0,0,1,mbd,niuhiê,fbd,nyumuo,mbs,goozăi,fzs,goozăi,,5,113,1520737,1713
xxzu4htn68,mfbg,6,1,critical,mbd,øqoç,ømenad,0,0,0,fbs,adeçim,mzs,ømenad,mbd,øqoç,,,,1,125,1595819,36362
xxzu4htn68,mfbg,6,1,critical,mzd,øqoç,ømenad,0,0,0,fbs,adeçim,mzs,ømenad,mbd,øqoç,mzd,øqoç,,1,126,1606741,10919
xxzu4htn68,mfbg,6,1,critical,fzs,adeçim,adeçim,1,0,0,fbs,adeçim,mzs,ømenad,mbd,øqoç,mzd,øqoç,,0,127,1611331,4588
xxzu4htn68,mfbg,6,1,critical,fbd,orinoçim,adeçim,0,0,0,fbs,adeçim,mzs,ømenad,mbd,øqoç,mzd,øqoç,,2,128,1624007,12674
xxzu4htn68,mfbg,6,1,catch,mzs,ømenad,ømenad,1,0,0,fbs,adeçim,mzs,ømenad,mbd,øqoç,mzd,øqoç,False,3,129,1632727,8718
xxzu4htn68,mfbg,6,1,critical,fzd,orinoçim,adeçim,0,0,0,fbs,adeçim,mzs,ømenad,mbd,øqoç,mzd,øqoç,,2,130,1635515,2785
xxzu4htn68,mfbg,6,1,critical,mbs,ømenad,ømenad,1,0,0,fbs,adeçim,mzs,ømenad,mbd,øqoç,mzd,øqoç,,3,131,1641810,6294
xxzu4htn68,mfbg,6,1,critical,,DONE,,0,0,1,fbs,adeçim,mzs,ømenad,mbd,øqoç,mzd,øqoç,,5,132,1644099,2287
xxzu4htn68,mfbg,7,0,critical,mbs,powisunge,powisunge,1,0,0,mbd,powisunge,b,popingi,,,,,,1,142,1687744,19730
xxzu4htn68,mfbg,7,0,critical,mzd,wupu,powisunge,0,0,0,mbd,powisunge,b,popingi,mzd,wupu,,,,0,143,1695209,7462
xxzu4htn68,mfbg,7,0,critical,fzs,pygele,powisunge,0,0,0,mbd,powisunge,b,popingi,mzd,wupu,fzs,pygele,,3,144,1710413,15201
xxzu4htn68,mfbg,7,0,critical,fzd,pygele,powisunge,0,0,0,mbd,powisunge,b,popingi,mzd,wupu,fzs,pygele,,3,145,1715787,5371
xxzu4htn68,mfbg,7,0,critical,mzs,wupu,powisunge,0,0,0,mbd,powisunge,b,popingi,mzd,wupu,fzs,pygele,,0,146,1721472,5683
xxzu4htn68,mfbg,7,0,critical,z,popingi,popingi,1,0,0,mbd,powisunge,b,popingi,mzd,wupu,fzs,pygele,,2,147,1730095,8621
xxzu4htn68,mfbg,7,0,critical,fbs,pygele,powisunge,0,0,0,mbd,powisunge,b,popingi,mzd,wupu,fzs,pygele,,3,148,1746259,16161
xxzu4htn68,mfbg,7,0,critical,fbd,pygele,powisunge,0,0,0,mbd,powisunge,b,popingi,mzd,wupu,fzs,pygele,,3,149,1746931,670
xxzu4htn68,mfbg,7,0,catch,b,popingi,popingi,1,0,0,mbd,powisunge,b,popingi,mzd,wupu,fzs,pygele,False,2,150,1754024,7091
xxzu4htn68,mfbg,7,0,critical,,DONE,,0,0,1,mbd,powisunge,b,popingi,mzd,wupu,fzs,pygele,,5,151,1755082,1056
xxzu4htn68,mfbg,8,6,critical,fbd,agivud,agivud,1,0,0,mbd,azuf,fzd,agivud,,,,,,1,163,1803114,21502
xxzu4htn68,mfbg,8,6,catch,fzd,agivud,agivud,1,0,0,mbd,azuf,fzd,agivud,,,,,False,1,164,1806436,3320
xxzu4htn68,mfbg,8,6,critical,fbs,ilug,agivud,0,0,0,mbd,azuf,fzd,agivud,fbs,ilug,,,,0,165,1813370,6931
xxzu4htn68,mfbg,8,6,critical,fzs,ilug,agivud,0,0,0,mbd,azuf,fzd,agivud,fbs,ilug,,,,0,166,1814775,1403
xxzu4htn68,mfbg,8,6,critical,mbs,awupav,azuf,0,0,0,mbd,azuf,fzd,agivud,fbs,ilug,mbs,awupav,,3,167,1825752,10974
xxzu4htn68,mfbg,8,6,critical,mzd,azuf,agivud,0,0,0,mbd,azuf,fzd,agivud,fbs,ilug,mbs,awupav,,2,168,1830318,4564
xxzu4htn68,mfbg,8,6,critical,mzs,awupav,agivud,0,0,0,mbd,azuf,fzd,agivud,fbs,ilug,mbs,awupav,,3,169,1832372,2051
xxzu4htn68,mfbg,8,6,critical,,DONE,,0,0,1,mbd,azuf,fzd,agivud,fbs,ilug,mbs,awupav,,5,170,1834587,2213
6xbr38yopd,fmgb,1,1,catch,fbs,ngapapu,ngapapu,1,0,0,fbs,ngapapu,mzd,kawuka,,,,,False,0,26,294825,4174
6xbr38yopd,fmgb,1,1,critical,mbs,kawuka,kawuka,1,0,0,fbs,ngapapu,mzd,kawuka,,,,,,3,27,325549,30721
6xbr38yopd,fmgb,1,1,critical,mzs,kawuka,kawuka,1,0,0,fbs,ngapapu,mzd,kawuka,,,,,,3,28,332075,6525
6xbr38yopd,fmgb,1,1,critical,fzs,ngapapu,ngapapu,1,0,0,fbs,ngapapu,mzd,kawuka,,,,,,0,29,335295,3218
6xbr38yopd,fmgb,1,1,critical,fbd,ngapapu,ngapapu,1,0,0,fbs,ngapapu,mzd,kawuka,,,,,,0,30,336385,1088
6xbr38yopd,fmgb,1,1,critical,fzd,ngapapu,ngapapu,1,0,0,fbs,ngapapu,mzd,kawuka,,,,,,0,31,337109,723
6xbr38yopd,fmgb,1,1,critical,mbd,kawuka,kawuka,1,0,0,fbs,ngapapu,mzd,kawuka,,,,,,3,32,338803,1692
6xbr38yopd,fmgb,1,1,critical,,DONE,,0,0,1,fbs,ngapapu,mzd,kawuka,,,,,,5,33,340708,1903
6xbr38yopd,fmgb,2,7,critical,fzd,nyumuo,nyumuo,1,0,0,mzs,huanăa,fbd,nyumuo,fzd,nyumuo,,,,0,45,370649,19732
6xbr38yopd,fmgb,2,7,catch,mzs,huanăa,huanăa,1,0,0,mzs,huanăa,fbd,nyumuo,fzd,nyumuo,,,False,1,46,376915,6264
6xbr38yopd,fmgb,2,7,critical,mbd,gêă,nyumuo,0,0,0,mzs,huanăa,fbd,nyumuo,fzd,nyumuo,,,,3,47,382986,6068
6xbr38yopd,fmgb,2,7,critical,fbs,nyumuo,nyumuo,1,0,0,mzs,huanăa,fbd,nyumuo,fzd,nyumuo,fbs,nyumuo,,0,48,385718,2731
6xbr38yopd,fmgb,2,7,critical,fzs,nyumuo,nyumuo,1,0,0,mzs,huanăa,fbd,nyumuo,fzd,nyumuo,fbs,nyumuo,,0,49,386923,1203
6xbr38yopd,fmgb,2,7,critical,mbs,huanăa,nyumuo,0,0,0,mzs,huanăa,fbd,nyumuo,fzd,nyumuo,fbs,nyumuo,,1,50,392704,5779
6xbr38yopd,fmgb,2,7,critical,mzd,gêă,huanăa,0,0,0,mzs,huanăa,fbd,nyumuo,fzd,nyumuo,fbs,nyumuo,,3,51,393693,987
6xbr38yopd,fmgb,2,7,critical,,DONE,,0,0,1,mzs,huanăa,fbd,nyumuo,fzd,nyumuo,fbs,nyumuo,,5,52,394427,732
6xbr38yopd,fmgb,3,3,critical,mzs,yaöpe,canšuehu,0,0,0,mbs,yaöpe,fbd,canšuehu,,,,,,1,64,413716,10403
6xbr38yopd,fmgb,3,3,critical,fzd,canšuehu,yaöpe,0,0,0,mbs,yaöpe,fbd,canšuehu,,,,,,3,65,417134,3416
6xbr38yopd,fmgb,3,3,critical,fbs,yaöpe,canšuehu,0,0,0,mbs,yaöpe,fbd,canšuehu,,,,,,1,66,426620,9485
6xbr38yopd,fmgb,3,3,critical,fzs,yaöpe,yaöpe,1,0,0,mbs,yaöpe,fbd,canšuehu,,,,,,1,67,427324,703
6xbr38yopd,fmgb,3,3,catch,mbs,yaöpe,yaöpe,1,0,0,mbs,yaöpe,fbd,canšuehu,,,,,False,1,68,429376,2051
6xbr38yopd,fmgb,3,3,critical,mbd,canšuehu,yaöpe,0,0,0,mbs,yaöpe,fbd,canšuehu,,,,,,3,69,431554,2176
6xbr38yopd,fmgb,3,3,critical,mzd,canšuehu,canšuehu,1,0,0,mbs,yaöpe,fbd,canšuehu,,,,,,3,70,432090,534
6xbr38yopd,fmgb,3,3,critical,,DONE,,0,0,1,mbs,yaöpe,fbd,canšuehu,,,,,,5,71,432925,832
6xbr38yopd,fmgb,4,2,critical,mzs,içiqusem,içiqusem,1,0,0,mbd,adeçim,fzs,içiqusem,,,,,,3,83,444529,6811
6xbr38yopd,fmgb,4,2,critical,mzd,adeçim,içiqusem,0,0,0,mbd,adeçim,fzs,içiqusem,,,,,,0,84,448104,3573
6xbr38yopd,fmgb,4,2,catch,fzs,içiqusem,içiqusem,1,0,0,mbd,adeçim,fzs,içiqusem,,,,,False,3,85,453347,5241
6xbr38yopd,fmgb,4,2,critical,fzd,adeçim,içiqusem,0,0,0,mbd,adeçim,fzs,içiqusem,,,,,,0,86,455061,1712
6xbr38yopd,fmgb,4,2,critical,mbs,içiqusem,adeçim,0,0,0,mbd,adeçim,fzs,içiqusem,,,,,,3,87,458366,3303
6xbr38yopd,fmgb,4,2,critical,fbd,adeçim,adeçim,1,0,0,mbd,adeçim,fzs,içiqusem,,,,,,0,88,467059,8691
6xbr38yopd,fmgb,4,2,critical,fbs,içiqusem,adeçim,0,0,0,mbd,adeçim,fzs,içiqusem,,,,,,3,89,467874,814
6xbr38yopd,fmgb,4,2,critical,,DONE,,0,0,1,mbd,adeçim,fzs,içiqusem,,,,,,5,90,468897,1022
6xbr38yopd,fmgb,5,6,critical,fzs,lobowaby,bokokohï,0,0,0,mbd,hïlaki,fzd,bokokohï,fzs,lobowaby,,,,1,102,495409,20072
6xbr38yopd,fmgb,5,6,critical,mzs,kïmy,bokokohï,0,0,0,mbd,hïlaki,fzd,bokokohï,fzs,lobowaby,mzs,kïmy,,2,103,499734,4323
6xbr38yopd,fmgb,5,6,critical,fbs,lobowaby,bokokohï,0,0,0,mbd,hïlaki,fzd,bokokohï,fzs,lobowaby,mzs,kïmy,,1,104,501898,2163
6xbr38yopd,fmgb,5,6,critical,mzd,hïlaki,bokokohï,0,0,0,mbd,hïlaki,fzd,bokokohï,fzs,lobowaby,mzs,kïmy,,3,105,505458,3558
6xbr38yopd,fmgb,5,6,catch,mbd,hïlaki,hïlaki,1,0,0,mbd,hïlaki,fzd,bokokohï,fzs,lobowaby,mzs,kïmy,False,3,106,506902,1442
6xbr38yopd,fmgb,5,6,critical,mbs,kïmy,hïlaki,0,0,0,mbd,hïlaki,fzd,bokokohï,fzs,lobowaby,mzs,kïmy,,2,107,508955,2051
6xbr38yopd,fmgb,5,6,critical,fbd,bokokohï,bokokohï,1,0,0,mbd,hïlaki,fzd,bokokohï,fzs,lobowaby,mzs,kïmy,,0,108,515499,6541
6xbr38yopd,fmgb,5,6,critical,,DONE,,0,0,1,mbd,hïlaki,fzd,bokokohï,fzs,lobowaby,mzs,kïmy,,5,109,516543,1042
6xbr38yopd,fmgb,6,0,critical,mbd,smêvskêv,smêvskêv,1,0,0,fzs,smêvskêv,b,rhymsvåd,,,,,,2,119,520779,185
6xbr38yopd,fmgb,6,0,critical,mzs,smêvskêv,smêvskêv,1,0,0,fzs,smêvskêv,b,rhymsvåd,,,,,,2,120,529418,8637
6xbr38yopd,fmgb,6,0,critical,z,sfêvdok,rhymsvåd,0,0,0,fzs,smêvskêv,b,rhymsvåd,z,sfêvdok,,,,1,121,544253,14832
6xbr38yopd,fmgb,6,0,catch,b,rhymsvåd,rhymsvåd,1,0,0,fzs,smêvskêv,b,rhymsvåd,z,sfêvdok,,,False,0,122,546261,2006
6xbr38yopd,fmgb,6,0,critical,mzd,smêvskêv,smêvskêv,1,0,0,fzs,smêvskêv,b,rhymsvåd,z,sfêvdok,,,,2,123,547898,1635
6xbr38yopd,fmgb,6,0,critical,mbs,smêvskêv,smêvskêv,1,0,0,fzs,smêvskêv,b,rhymsvåd,z,sfêvdok,,,,2,124,548472,572
6xbr38yopd,fmgb,6,0,critical,fbs,smêvskêv,smêvskêv,1,0,0,fzs,smêvskêv,b,rhymsvåd,z,sfêvdok,,,,2,125,549308,835
6xbr38yopd,fmgb,6,0,critical,fbd,smêvskêv,smêvskêv,1,0,0,fzs,smêvskêv,b,rhymsvåd,z,sfêvdok,,,,2,126,549796,485
6xbr38yopd,fmgb,6,0,critical,fzd,smêvskêv,smêvskêv,1,0,0,fzs,smêvskêv,b,rhymsvåd,z,sfêvdok,,,,2,127,550333,535
6xbr38yopd,fmgb,6,0,critical,,DONE,,0,0,1,fzs,smêvskêv,b,rhymsvåd,z,sfêvdok,,,,5,128,551507,1173
6xbr38yopd,fmgb,7,5,critical,mzd,idanuluf,idanuluf,1,0,0,fzd,ozatof,mbd,idanuluf,,,,,,2,140,556888,153
6xbr38yopd,fmgb,7,5,critical,fbd,UNDO,idanuluf,0,1,0,fzd,ozatof,mbd,idanuluf,,,,,,4,141,564411,7522
6xbr38yopd,fmgb,7,5,critical,mzd,idanuluf,idanuluf,1,0,0,fzd,ozatof,mbd,idanuluf,,,,,,2,142,572403,7989
6xbr38yopd,fmgb,7,5,critical,fbd,idanuluf,idanuluf,1,0,0,fzd,ozatof,mbd,idanuluf,,,,,,2,143,576162,3757
6xbr38yopd,fmgb,7,5,catch,fzd,ozatof,ozatof,1,0,0,fzd,ozatof,mbd,idanuluf,,,,,False,0,144,578059,1895
6xbr38yopd,fmgb,7,5,critical,mbs,idanuluf,idanuluf,1,0,0,fzd,ozatof,mbd,idanuluf,,,,,,2,145,581814,3753
6xbr38yopd,fmgb,7,5,critical,fzs,ozatof,ozatof,1,0,0,fzd,ozatof,mbd,idanuluf,,,,,,0,146,583949,2133
6xbr38yopd,fmgb,7,5,critical,mzs,idanuluf,idanuluf,1,0,0,fzd,ozatof,mbd,idanuluf,,,,,,2,147,585214,1264
6xbr38yopd,fmgb,7,5,critical,fbs,idanuluf,idanuluf,1,0,0,fzd,ozatof,mbd,idanuluf,,,,,,2,148,585952,737
6xbr38yopd,fmgb,7,5,critical,,DONE,,0,0,1,fzd,ozatof,mbd,idanuluf,,,,,,5,149,586955,1001
6xbr38yopd,fmgb,8,4,critical,mzd,ngcāžo,ngcāžo,1,0,0,fbd,vropcāre,mzs,ngcāžo,,,,,,1,161,614155,19787
6xbr38yopd,fmgb,8,4,critical,fbs,vropcāre,vropcāre,1,0,0,fbd,vropcāre,mzs,ngcāžo,,,,,,0,162,617277,3120
6xbr38yopd,fmgb,8,4,critical,fzs,ngcāžo,ngcāžo,1,0,0,fbd,vropcāre,mzs,ngcāžo,,,,,,1,163,619932,2653
6xbr38yopd,fmgb,8,4,critical,mbd,ngcāžo,ngcāžo,1,0,0,fbd,vropcāre,mzs,ngcāžo,,,,,,1,164,621387,1453
6xbr38yopd,fmgb,8,4,catch,fbd,vropcāre,vropcāre,1,0,0,fbd,vropcāre,mzs,ngcāžo,,,,,False,0,165,623378,1989
6xbr38yopd,fmgb,8,4,critical,mbs,ngcāžo,ngcāžo,1,0,0,fbd,vropcāre,mzs,ngcāžo,,,,,,1,166,624442,1062
6xbr38yopd,fmgb,8,4,critical,fzd,ngcāžo,ngcāžo,1,0,0,fbd,vropcāre,mzs,ngcāžo,,,,,,1,167,625062,618
6xbr38yopd,fmgb,8,4,critical,,DONE,,0,0,1,fbd,vropcāre,mzs,ngcāžo,,,,,,5,168,626012,947
ccehyx1t6d,fmgb,1,6,critical,mzd,hïlaki,hïlaki,1,0,0,mbs,morïky,fbs,hïlaki,,,,,,3,26,681949,40309
ccehyx1t6d,fmgb,1,6,critical,fbd,hïlaki,hïlaki,1,0,0,mbs,morïky,fbs,hïlaki,,,,,,3,27,702739,20787
ccehyx1t6d,fmgb,1,6,critical,mbd,morïky,morïky,1,0,0,mbs,morïky,fbs,hïlaki,,,,,,1,28,716127,13387
ccehyx1t6d,fmgb,1,6,critical,fzd,hïlaki,hïlaki,1,0,0,mbs,morïky,fbs,hïlaki,,,,,,3,29,724680,8552
ccehyx1t6d,fmgb,1,6,critical,fzs,hïlaki,hïlaki,1,0,0,mbs,morïky,fbs,hïlaki,,,,,,3,30,760424,35743
ccehyx1t6d,fmgb,1,6,critical,mzs,morïky,hïlaki,0,0,0,mbs,morïky,fbs,hïlaki,,,,,,1,31,779347,18922
ccehyx1t6d,fmgb,1,6,catch,mbs,morïky,morïky,1,0,0,mbs,morïky,fbs,hïlaki,,,,,False,1,32,815091,35743
ccehyx1t6d,fmgb,1,6,critical,,DONE,,0,0,1,mbs,morïky,fbs,hïlaki,,,,,,5,33,822110,7017
ccehyx1t6d,fmgb,2,4,critical,mzd,qăo,qăo,1,0,0,fbs,gêă,mzs,qăo,,,,,,1,45,899634,26936
ccehyx1t6d,fmgb,2,4,critical,fzd,gêă,qăo,0,0,0,fbs,gêă,mzs,qăo,,,,,,0,46,903885,4247
ccehyx1t6d,fmgb,2,4,critical,fzs,gêă,qăo,0,0,0,fbs,gêă,mzs,qăo,,,,,,0,47,958185,54299
ccehyx1t6d,fmgb,2,4,catch,mzs,qăo,qăo,1,0,0,fbs,gêă,mzs,qăo,,,,,False,1,48,967004,8818
ccehyx1t6d,fmgb,2,4,critical,mbs,qăo,qăo,1,0,0,fbs,gêă,mzs,qăo,,,,,,1,49,976707,9702
ccehyx1t6d,fmgb,2,4,critical,fbd,gêă,gêă,1,0,0,fbs,gêă,mzs,qăo,,,,,,0,50,980642,3934
ccehyx1t6d,fmgb,2,4,critical,mbd,qăo,qăo,1,0,0,fbs,gêă,mzs,qăo,,,,,,1,51,989245,8602
ccehyx1t6d,fmgb,2,4,critical,,DONE,,0,0,1,fbs,gêă,mzs,qăo,,,,,,5,52,993712,4466
ccehyx1t6d,fmgb,3,1,critical,fbd,egezalat,egezalat,1,0,0,fbs,egezalat,mzs,otev,,,,,,0,64,1034692,9285
ccehyx1t6d,fmgb,3,1,critical,fzd,egezalat,egezalat,1,0,0,fbs,egezalat,mzs,otev,,,,,,0,65,1039159,4466
ccehyx1t6d,fmgb,3,1,critical,mbs,otev,otev,1,0,0,fbs,egezalat,mzs,otev,,,,,,2,66,1046029,6868
ccehyx1t6d,fmgb,3,1,critical,mzd,otev,otev,1,0,0,fbs,egezalat,mzs,otev,,,,,,2,67,1047996,1966
ccehyx1t6d,fmgb,3,1,catch,mzs,otev,otev,1,0,0,fbs,egezalat,mzs,otev,,,,,False,2,68,1092359,44363
ccehyx1t6d,fmgb,3,1,critical,fzs,egezalat,egezalat,1,0,0,fbs,egezalat,mzs,otev,,,,,,0,69,1155796,63435
ccehyx1t6d,fmgb,3,1,critical,mbd,otev,otev,1,0,0,fbs,egezalat,mzs,otev,,,,,,2,70,1165966,10169
ccehyx1t6d,fmgb,3,1,critical,,DONE,,0,0,1,fbs,egezalat,mzs,otev,,,,,,5,71,1171067,5100
ccehyx1t6d,fmgb,4,7,catch,fzd,emøyeç,emøyeç,1,0,0,mzs,iqur,fzd,emøyeç,,,,,False,0,83,1216115,9202
ccehyx1t6d,fmgb,4,7,critical,mbs,iqur,emøyeç,0,0,0,mzs,iqur,fzd,emøyeç,,,,,,3,84,1230769,14653
ccehyx1t6d,fmgb,4,7,critical,mbd,iqur,emøyeç,0,0,0,mzs,iqur,fzd,emøyeç,,,,,,3,85,1233920,3149
ccehyx1t6d,fmgb,4,7,critical,fbd,emøyeç,emøyeç,1,0,0,mzs,iqur,fzd,emøyeç,,,,,,0,86,1254593,20673
ccehyx1t6d,fmgb,4,7,critical,fbs,emøyeç,emøyeç,1,0,0,mzs,iqur,fzd,emøyeç,,,,,,0,87,1258877,4282
ccehyx1t6d,fmgb,4,7,critical,fzs,emøyeç,emøyeç,1,0,0,mzs,iqur,fzd,emøyeç,,,,,,0,88,1263062,4183
ccehyx1t6d,fmgb,4,7,critical,mzd,iqur,iqur,1,0,0,mzs,iqur,fzd,emøyeç,,,,,,3,89,1266796,3733
ccehyx1t6d,fmgb,4,7,critical,,DONE,,0,0,1,mzs,iqur,fzd,emøyeç,,,,,,5,90,1269080,2282
ccehyx1t6d,fmgb,5,0,critical,mbs,šïïnö,šïïnö,1,0,0,mzd,šïïnö,b,töeqo,,,,,,1,100,1303091,7401
ccehyx1t6d,fmgb,5,0,critical,fzs,šïïnö,šïïnö,1,0,0,mzd,šïïnö,b,töeqo,,,,,,1,101,1321597,18505
ccehyx1t6d,fmgb,5,0,critical,mbd,šïïnö,šïïnö,1,0,0,mzd,šïïnö,b,töeqo,,,,,,1,102,1324415,2817
ccehyx1t6d,fmgb,5,0,critical,fzd,šïïnö,šïïnö,1,0,0,mzd,šïïnö,b,töeqo,,,,,,1,103,1325748,1332
ccehyx1t6d,fmgb,5,0,critical,fbs,šïïnö,šïïnö,1,0,0,mzd,šïïnö,b,töeqo,,,,,,1,104,1331800,6050
ccehyx1t6d,fmgb,5,0,critical,fbd,šïïnö,šïïnö,1,0,0,mzd,šïïnö,b,töeqo,,,,,,1,105,1332950,1149
ccehyx1t6d,fmgb,5,0,critical,z,yaöpe,töeqo,0,0,0,mzd,šïïnö,b,töeqo,z,yaöpe,,,,0,106,1345504,12553
ccehyx1t6d,fmgb,5,0,critical,mzs,šïïnö,šïïnö,1,0,0,mzd,šïïnö,b,töeqo,z,yaöpe,,,,1,107,1349723,4217
ccehyx1t6d,fmgb,5,0,catch,mzd,šïïnö,šïïnö,1,0,0,mzd,šïïnö,b,töeqo,z,yaöpe,,,False,1,108,1358641,8918
ccehyx1t6d,fmgb,5,0,critical,,DONE,,0,0,1,mzd,šïïnö,b,töeqo,z,yaöpe,,,,5,109,1360526,1883
ccehyx1t6d,fmgb,6,3,critical,fzs,nžodo,nžodo,1,0,0,mbs,nžodo,mzd,vropcāre,,,,,,0,121,1416226,9619
ccehyx1t6d,fmgb,6,3,critical,fbs,nžodo,vropcāre,0,0,0,mbs,nžodo,mzd,vropcāre,,,,,,0,122,1423778,7551
ccehyx1t6d,fmgb,6,3,critical,mzs,vropcāre,vropcāre,1,0,0,mbs,nžodo,mzd,vropcāre,,,,,,3,123,1439166,15387
ccehyx1t6d,fmgb,6,3,critical,mbd,nžodo,nžodo,1,0,0,mbs,nžodo,mzd,vropcāre,,,,,,0,124,1442167,3000
ccehyx1t6d,fmgb,6,3,critical,fzd,nžodo,nžodo,1,0,0,mbs,nžodo,mzd,vropcāre,,,,,,0,125,1444635,2466
ccehyx1t6d,fmgb,6,3,catch,mbs,nžodo,nžodo,1,0,0,mbs,nžodo,mzd,vropcāre,,,,,False,0,126,1449820,5184
ccehyx1t6d,fmgb,6,3,critical,fbd,nžodo,vropcāre,0,0,0,mbs,nžodo,mzd,vropcāre,,,,,,0,127,1453570,3749
ccehyx1t6d,fmgb,6,3,critical,,DONE,,0,0,1,mbs,nžodo,mzd,vropcāre,,,,,,5,128,1456655,3084
ccehyx1t6d,fmgb,7,2,critical,mbs,goviku,pygele,0,0,0,fbd,pygele,mzs,goviku,,,,,,3,140,1485714,12153
ccehyx1t6d,fmgb,7,2,critical,fbs,pygele,pygele,1,0,0,fbd,pygele,mzs,goviku,,,,,,0,141,1489549,3833
ccehyx1t6d,fmgb,7,2,critical,mbd,goviku,pygele,0,0,0,fbd,pygele,mzs,goviku,,,,,,3,142,1493383,3833
ccehyx1t6d,fmgb,7,2,critical,fzd,pygele,goviku,0,0,0,fbd,pygele,mzs,goviku,,,,,,0,143,1496084,2700
ccehyx1t6d,fmgb,7,2,catch,mzs,goviku,goviku,1,0,0,fbd,pygele,mzs,goviku,,,,,False,3,144,1502452,6367
ccehyx1t6d,fmgb,7,2,critical,mzd,goviku,goviku,1,0,0,fbd,pygele,mzs,goviku,,,,,,3,145,1509639,7185
ccehyx1t6d,fmgb,7,2,critical,fzs,pygele,goviku,0,0,0,fbd,pygele,mzs,goviku,,,,,,0,146,1512072,2432
ccehyx1t6d,fmgb,7,2,critical,,DONE,,0,0,1,fbd,pygele,mzs,goviku,,,,,,5,147,1515907,3833
ccehyx1t6d,fmgb,8,5,critical,mzd,rhåv,tsåvvses,0,0,0,fzd,rhåv,fbs,tsåvvses,,,,,,2,159,1547600,6318
ccehyx1t6d,fmgb,8,5,critical,fzs,tsåvvses,rhåv,0,0,0,fzd,rhåv,fbs,tsåvvses,,,,,,3,160,1552918,5317
ccehyx1t6d,fmgb,8,5,critical,mzs,tsåvvses,tsåvvses,1,0,0,fzd,rhåv,fbs,tsåvvses,,,,,,3,161,1556652,3733
ccehyx1t6d,fmgb,8,5,catch,fbs,tsåvvses,tsåvvses,1,0,0,fzd,rhåv,fbs,tsåvvses,,,,,False,3,162,1561904,5250
ccehyx1t6d,fmgb,8,5,critical,fbd,rhåv,tsåvvses,0,0,0,fzd,rhåv,fbs,tsåvvses,,,,,,2,163,1564972,3067
ccehyx1t6d,fmgb,8,5,critical,mbd,rhåv,tsåvvses,0,0,0,fzd,rhåv,fbs,tsåvvses,,,,,,2,164,1566222,1249
ccehyx1t6d,fmgb,8,5,critical,mbs,tsåvvses,tsåvvses,1,0,0,fzd,rhåv,fbs,tsåvvses,,,,,,3,165,1567972,1749
ccehyx1t6d,fmgb,8,5,critical,,DONE,,0,0,1,fzd,rhåv,fbs,tsåvvses,,,,,,5,166,1569440,1467
3fs5m6cp2b,mfbg,1,5,critical,fbd,awupav,awupav,1,0,0,fzs,ilug,mzd,awupav,,,,,,3,26,166359,12206
3fs5m6cp2b,mfbg,1,5,catch,mzd,awupav,awupav,1,0,0,fzs,ilug,mzd,awupav,,,,,False,3,27,182309,15727
3fs5m6cp2b,mfbg,1,5,critical,fbs,awupav,awupav,1,0,0,fzs,ilug,mzd,awupav,,,,,,3,28,197095,14782
3fs5m6cp2b,mfbg,1,5,critical,mbd,awupav,awupav,1,0,0,fzs,ilug,mzd,awupav,,,,,,3,29,207587,10488
3fs5m6cp2b,mfbg,1,5,critical,mzs,awupav,awupav,1,0,0,fzs,ilug,mzd,awupav,,,,,,3,30,214553,6961
3fs5m6cp2b,mfbg,1,5,critical,mbs,awupav,awupav,1,0,0,fzs,ilug,mzd,awupav,,,,,,3,31,216508,1950
3fs5m6cp2b,mfbg,1,5,critical,fzd,ilug,ilug,1,0,0,fzs,ilug,mzd,awupav,,,,,,1,32,218201,1687
3fs5m6cp2b,mfbg,1,5,critical,,DONE,,0,0,1,fzs,ilug,mzd,awupav,,,,,,5,33,220216,2010
3fs5m6cp2b,mfbg,2,2,critical,fbs,svik,svik,1,0,0,fbd,svik,mzd,smêvskêv,,,,,,3,45,322089,11982
3fs5m6cp2b,mfbg,2,2,critical,mbs,smêvskêv,svik,0,0,0,fbd,svik,mzd,smêvskêv,,,,,,0,46,328634,6540
3fs5m6cp2b,mfbg,2,2,critical,mzs,svik,smêvskêv,0,0,0,fbd,svik,mzd,smêvskêv,,,,,,3,47,341373,12736
3fs5m6cp2b,mfbg,2,2,critical,fzd,svik,smêvskêv,0,0,0,fbd,svik,mzd,smêvskêv,,,,,,3,48,356638,15260
3fs5m6cp2b,mfbg,2,2,catch,mzd,smêvskêv,smêvskêv,1,0,0,fbd,svik,mzd,smêvskêv,,,,,False,0,49,363441,6797
3fs5m6cp2b,mfbg,2,2,critical,fzs,smêvskêv,smêvskêv,1,0,0,fbd,svik,mzd,smêvskêv,,,,,,0,50,367197,3751
3fs5m6cp2b,mfbg,2,2,critical,mbd,UNDO,svik,0,1,0,fbd,svik,mzd,smêvskêv,,,,,,4,51,374601,7398
3fs5m6cp2b,mfbg,2,2,critical,fzs,UNDO,smêvskêv,0,1,0,fbd,svik,mzd,smêvskêv,,,,,,4,52,375210,605
3fs5m6cp2b,mfbg,2,2,critical,fzd,UNDO,smêvskêv,0,1,0,fbd,svik,mzd,smêvskêv,,,,,,4,53,375428,212
3fs5m6cp2b,mfbg,2,2,critical,mzs,UNDO,smêvskêv,0,1,0,fbd,svik,mzd,smêvskêv,,,,,,4,54,375630,196
3fs5m6cp2b,mfbg,2,2,critical,mbs,UNDO,svik,0,1,0,fbd,svik,mzd,smêvskêv,,,,,,4,55,376178,544
3fs5m6cp2b,mfbg,2,2,critical,fbs,svik,svik,1,0,0,fbd,svik,mzd,smêvskêv,,,,,,3,56,387492,11309
3fs5m6cp2b,mfbg,2,2,critical,mbs,smêvskêv,svik,0,0,0,fbd,svik,mzd,smêvskêv,,,,,,0,57,390050,2554
3fs5m6cp2b,mfbg,2,2,critical,mzs,smêvskêv,smêvskêv,1,0,0,fbd,svik,mzd,smêvskêv,,,,,,0,58,392091,2037
3fs5m6cp2b,mfbg,2,2,critical,fzd,svik,smêvskêv,0,0,0,fbd,svik,mzd,smêvskêv,,,,,,3,59,394862,2766
3fs5m6cp2b,mfbg,2,2,critical,fzs,svik,smêvskêv,0,0,0,fbd,svik,mzd,smêvskêv,,,,,,3,60,397148,2281
3fs5m6cp2b,mfbg,2,2,critical,mbd,smêvskêv,svik,0,0,0,fbd,svik,mzd,smêvskêv,,,,,,0,61,400840,3688
3fs5m6cp2b,mfbg,2,2,critical,,DONE,,0,0,1,fbd,svik,mzd,smêvskêv,,,,,,5,62,402708,1864
3fs5m6cp2b,mfbg,3,3,catch,fzd,aweh,aweh,1,0,0,fzd,aweh,mzs,içiqusem,,,,,False,3,74,440819,4563
3fs5m6cp2b,mfbg,3,3,critical,mbs,içiqusem,aweh,0,0,0,fzd,aweh,mzs,içiqusem,,,,,,0,75,445597,4774
3fs5m6cp2b,mfbg,3,3,critical,mzd,aweh,içiqusem,0,0,0,fzd,aweh,mzs,içiqusem,,,,,,3,76,448035,2435
3fs5m6cp2b,mfbg,3,3,critical,mbd,aweh,aweh,1,0,0,fzd,aweh,mzs,içiqusem,,,,,,3,77,449191,1144
3fs5m6cp2b,mfbg,3,3,critical,fbs,içiqusem,içiqusem,1,0,0,fzd,aweh,mzs,içiqusem,,,,,,0,78,451449,2254
3fs5m6cp2b,mfbg,3,3,critical,fzs,içiqusem,aweh,0,0,0,fzd,aweh,mzs,içiqusem,,,,,,0,79,458925,7472
3fs5m6cp2b,mfbg,3,3,critical,fbd,aweh,içiqusem,0,0,0,fzd,aweh,mzs,içiqusem,,,,,,3,80,460515,1586
3fs5m6cp2b,mfbg,3,3,critical,,DONE,,0,0,1,fzd,aweh,mzs,içiqusem,,,,,,5,81,461687,1169
3fs5m6cp2b,mfbg,4,4,critical,mzd,męwaqïfe,męwaqïfe,1,0,0,fbd,kïmy,fzs,męwaqïfe,,,,,,2,93,503078,11280
3fs5m6cp2b,mfbg,4,4,catch,fbd,kïmy,kïmy,1,0,0,fbd,kïmy,fzs,męwaqïfe,,,,,False,0,94,506956,3874
3fs5m6cp2b,mfbg,4,4,critical,mbs,męwaqïfe,męwaqïfe,1,0,0,fbd,kïmy,fzs,męwaqïfe,,,,,,2,95,510886,3927
3fs5m6cp2b,mfbg,4,4,critical,fbs,męwaqïfe,kïmy,0,0,0,fbd,kïmy,fzs,męwaqïfe,,,,,,2,96,514526,3634
3fs5m6cp2b,mfbg,4,4,critical,mbd,męwaqïfe,męwaqïfe,1,0,0,fbd,kïmy,fzs,męwaqïfe,,,,,,2,97,517076,2547
3fs5m6cp2b,mfbg,4,4,critical,mzs,męwaqïfe,męwaqïfe,1,0,0,fbd,kïmy,fzs,męwaqïfe,,,,,,2,98,517727,646
3fs5m6cp2b,mfbg,4,4,critical,fzd,męwaqïfe,męwaqïfe,1,0,0,fbd,kïmy,fzs,męwaqïfe,,,,,,2,99,518956,1225
3fs5m6cp2b,mfbg,4,4,critical,,UNDO,,0,1,0,fbd,kïmy,fzs,męwaqïfe,,,,,,4,100,521743,2784
3fs5m6cp2b,mfbg,4,4,critical,fzd,UNDO,męwaqïfe,0,1,0,fbd,kïmy,fzs,męwaqïfe,,,,,,4,101,523212,1465
3fs5m6cp2b,mfbg,4,4,critical,mzs,UNDO,męwaqïfe,0,1,0,fbd,kïmy,fzs,męwaqïfe,,,,,,4,102,524117,901
3fs5m6cp2b,mfbg,4,4,critical,mbd,UNDO,męwaqïfe,0,1,0,fbd,kïmy,fzs,męwaqïfe,,,,,,4,103,524811,682
3fs5m6cp2b,mfbg,4,4,critical,fbs,kïmy,kïmy,1,0,0,fbd,kïmy,fzs,męwaqïfe,,,,,,0,104,526329,1514
3fs5m6cp2b,mfbg,4,4,critical,mbd,męwaqïfe,męwaqïfe,1,0,0,fbd,kïmy,fzs,męwaqïfe,,,,,,2,105,528439,2106
3fs5m6cp2b,mfbg,4,4,critical,mzs,męwaqïfe,męwaqïfe,1,0,0,fbd,kïmy,fzs,męwaqïfe,,,,,,2,106,529046,603
3fs5m6cp2b,mfbg,4,4,critical,fzd,męwaqïfe,męwaqïfe,1,0,0,fbd,kïmy,fzs,męwaqïfe,,,,,,2,107,529771,720
3fs5m6cp2b,mfbg,4,4,critical,,DONE,,0,0,1,fbd,kïmy,fzs,męwaqïfe,,,,,,5,108,531105,1330
3fs5m6cp2b,mfbg,5,7,critical,fbd,canšuehu,canšuehu,1,0,0,mzd,yaöpe,mbs,canšuehu,,,,,,2,120,649939,3918
3fs5m6cp2b,mfbg,5,7,critical,fzs,canšuehu,canšuehu,1,0,0,mzd,yaöpe,mbs,canšuehu,,,,,,2,121,658627,8684
3fs5m6cp2b,mfbg,5,7,critical,fzd,canšuehu,canšuehu,1,0,0,mzd,yaöpe,mbs,canšuehu,,,,,,2,122,660003,1372
3fs5m6cp2b,mfbg,5,7,critical,mbd,canšuehu,canšuehu,1,0,0,mzd,yaöpe,mbs,canšuehu,,,,,,2,123,661834,1826
3fs5m6cp2b,mfbg,5,7,catch,mzd,yaöpe,yaöpe,1,0,0,mzd,yaöpe,mbs,canšuehu,,,,,False,3,124,664184,2347
3fs5m6cp2b,mfbg,5,7,critical,mzs,yaöpe,yaöpe,1,0,0,mzd,yaöpe,mbs,canšuehu,,,,,,3,125,665128,940
3fs5m6cp2b,mfbg,5,7,critical,fbs,canšuehu,canšuehu,1,0,0,mzd,yaöpe,mbs,canšuehu,,,,,,2,126,667244,2113
3fs5m6cp2b,mfbg,5,7,critical,,DONE,,0,0,1,mzd,yaöpe,mbs,canšuehu,,,,,,5,127,668408,1160
3fs5m6cp2b,mfbg,6,0,critical,fbd,rbāranžā,rbāranžā,1,0,0,mzd,rbāranžā,z,pžicā,,,,,,1,137,693704,6256
3fs5m6cp2b,mfbg,6,0,critical,mzs,ngcāžo,rbāranžā,0,0,0,mzd,rbāranžā,z,pžicā,mzs,ngcāžo,,,,0,138,703864,10157
3fs5m6cp2b,mfbg,6,0,catch,z,pžicā,pžicā,1,0,0,mzd,rbāranžā,z,pžicā,mzs,ngcāžo,,,False,2,139,706456,2586
3fs5m6cp2b,mfbg,6,0,critical,mbd,rbāranžā,rbāranžā,1,0,0,mzd,rbāranžā,z,pžicā,mzs,ngcāžo,,,,1,140,709041,2582
3fs5m6cp2b,mfbg,6,0,critical,b,žbodu,pžicā,0,0,0,mzd,rbāranžā,z,pžicā,mzs,ngcāžo,b,žbodu,,3,141,714342,5297
3fs5m6cp2b,mfbg,6,0,critical,fzd,rbāranžā,rbāranžā,1,0,0,mzd,rbāranžā,z,pžicā,mzs,ngcāžo,b,žbodu,,1,142,718405,4059
3fs5m6cp2b,mfbg,6,0,critical,fbs,ngcāžo,rbāranžā,0,0,0,mzd,rbāranžā,z,pžicā,mzs,ngcāžo,b,žbodu,,0,143,720828,2420
3fs5m6cp2b,mfbg,6,0,critical,mbs,ngcāžo,rbāranžā,0,0,0,mzd,rbāranžā,z,pžicā,mzs,ngcāžo,b,žbodu,,0,144,721929,1097
3fs5m6cp2b,mfbg,6,0,critical,fzs,ngcāžo,rbāranžā,0,0,0,mzd,rbāranžā,z,pžicā,mzs,ngcāžo,b,žbodu,,0,145,722622,690
3fs5m6cp2b,mfbg,6,0,critical,,DONE,,0,0,1,mzd,rbāranžā,z,pžicā,mzs,ngcāžo,b,žbodu,,5,146,724151,1516
3fs5m6cp2b,mfbg,7,1,critical,fzd,huanăa,huanăa,1,0,0,fbd,huanăa,mbs,goozăi,,,,,,1,158,778611,4825
3fs5m6cp2b,mfbg,7,1,critical,mzs,goozăi,goozăi,1,0,0,fbd,huanăa,mbs,goozăi,,,,,,0,159,781304,2690
3fs5m6cp2b,mfbg,7,1,critical,fbs,huanăa,huanăa,1,0,0,fbd,huanăa,mbs,goozăi,,,,,,1,160,787686,6378
3fs5m6cp2b,mfbg,7,1,catch,mbs,goozăi,goozăi,1,0,0,fbd,huanăa,mbs,goozăi,,,,,False,0,161,791075,3386
3fs5m6cp2b,mfbg,7,1,critical,mbd,goozăi,goozăi,1,0,0,fbd,huanăa,mbs,goozăi,,,,,,0,162,792237,1158
3fs5m6cp2b,mfbg,7,1,critical,mzd,goozăi,goozăi,1,0,0,fbd,huanăa,mbs,goozăi,,,,,,0,163,792996,755
3fs5m6cp2b,mfbg,7,1,critical,fzs,huanăa,huanăa,1,0,0,fbd,huanăa,mbs,goozăi,,,,,,1,164,794692,1690
3fs5m6cp2b,mfbg,7,1,critical,,DONE,,0,0,1,fbd,huanăa,mbs,goozăi,,,,,,5,165,796848,2150
3fs5m6cp2b,mfbg,8,6,critical,fzd,pygele,goviku,0,0,0,mbd,ngapapu,fbd,goviku,fzd,pygele,,,,0,177,823212,9758
3fs5m6cp2b,mfbg,8,6,critical,fbs,UNDO,goviku,0,1,0,mbd,ngapapu,fbd,goviku,fzd,pygele,,,,4,178,830217,7001
3fs5m6cp2b,mfbg,8,6,critical,fzd,goviku,goviku,1,0,0,mbd,ngapapu,fbd,goviku,fzd,pygele,,,,2,179,832611,2390
3fs5m6cp2b,mfbg,8,6,critical,fbs,luge,goviku,0,0,0,mbd,ngapapu,fbd,goviku,fzd,pygele,fbs,luge,,1,180,836206,3592
3fs5m6cp2b,mfbg,8,6,critical,fzs,luge,goviku,0,0,0,mbd,ngapapu,fbd,goviku,fzd,pygele,fbs,luge,,1,181,837619,1409
3fs5m6cp2b,mfbg,8,6,critical,mbs,pygele,ngapapu,0,0,0,mbd,ngapapu,fbd,goviku,fzd,pygele,fbs,luge,,0,182,843283,5660
3fs5m6cp2b,mfbg,8,6,critical,mzs,luge,goviku,0,0,0,mbd,ngapapu,fbd,goviku,fzd,pygele,fbs,luge,,1,183,847153,3865
3fs5m6cp2b,mfbg,8,6,catch,fbd,goviku,goviku,1,0,0,mbd,ngapapu,fbd,goviku,fzd,pygele,fbs,luge,False,2,184,848302,1145
3fs5m6cp2b,mfbg,8,6,critical,mzd,goviku,goviku,1,0,0,mbd,ngapapu,fbd,goviku,fzd,pygele,fbs,luge,,2,185,849810,1504
3fs5m6cp2b,mfbg,8,6,critical,,DONE,,0,0,1,mbd,ngapapu,fbd,goviku,fzd,pygele,fbs,luge,,5,186,852017,2201
4k1ad46eg9,fmbg,1,4,critical,mbd,bokokohï,kïmy,0,0,0,fbd,bokokohï,fzd,kïmy,,,,,,0,26,662332,9005
4k1ad46eg9,fmbg,1,4,critical,mbs,bokokohï,kïmy,0,0,0,fbd,bokokohï,fzd,kïmy,,,,,,0,27,667657,5312
4k1ad46eg9,fmbg,1,4,critical,mzs,bokokohï,kïmy,0,0,0,fbd,bokokohï,fzd,kïmy,,,,,,0,28,669850,2183
4k1ad46eg9,fmbg,1,4,critical,fbs,UNDO,bokokohï,0,1,0,fbd,bokokohï,fzd,kïmy,,,,,,4,29,672201,2342
4k1ad46eg9,fmbg,1,4,critical,mzs,UNDO,kïmy,0,1,0,fbd,bokokohï,fzd,kïmy,,,,,,4,30,672820,607
4k1ad46eg9,fmbg,1,4,critical,mbs,UNDO,kïmy,0,1,0,fbd,bokokohï,fzd,kïmy,,,,,,4,31,673494,662
4k1ad46eg9,fmbg,1,4,critical,mbd,bokokohï,kïmy,0,0,0,fbd,bokokohï,fzd,kïmy,,,,,,0,32,681937,8433
4k1ad46eg9,fmbg,1,4,critical,mbs,morïky,kïmy,0,0,0,fbd,bokokohï,fzd,kïmy,mbs,morïky,,,,1,33,706082,24138
4k1ad46eg9,fmbg,1,4,critical,mzs,UNDO,kïmy,0,1,0,fbd,bokokohï,fzd,kïmy,mbs,morïky,,,,4,34,708367,2275
4k1ad46eg9,fmbg,1,4,critical,mbs,UNDO,kïmy,0,1,0,fbd,bokokohï,fzd,kïmy,mbs,morïky,,,,4,35,709666,1285
4k1ad46eg9,fmbg,1,4,critical,mbd,kïmy,kïmy,1,0,0,fbd,bokokohï,fzd,kïmy,mbs,morïky,,,,2,36,778043,68366
4k1ad46eg9,fmbg,1,4,critical,mbs,bokokohï,kïmy,0,0,0,fbd,bokokohï,fzd,kïmy,mbs,morïky,,,,0,37,785020,6969
4k1ad46eg9,fmbg,1,4,critical,mzs,bokokohï,kïmy,0,0,0,fbd,bokokohï,fzd,kïmy,mbs,morïky,,,,0,38,836476,51444
4k1ad46eg9,fmbg,1,4,critical,fbs,kïmy,bokokohï,0,0,0,fbd,bokokohï,fzd,kïmy,mbs,morïky,,,,2,39,949582,113094
4k1ad46eg9,fmbg,1,4,critical,mzd,kïmy,kïmy,1,0,0,fbd,bokokohï,fzd,kïmy,mbs,morïky,,,,2,40,1010433,60836
4k1ad46eg9,fmbg,1,4,critical,fzs,UNDO,kïmy,0,1,0,fbd,bokokohï,fzd,kïmy,mbs,morïky,,,,4,41,1025218,14777
4k1ad46eg9,fmbg,1,4,critical,mzd,UNDO,kïmy,0,1,0,fbd,bokokohï,fzd,kïmy,mbs,morïky,,,,4,42,1025516,287
4k1ad46eg9,fmbg,1,4,critical,fbs,UNDO,bokokohï,0,1,0,fbd,bokokohï,fzd,kïmy,mbs,morïky,,,,4,43,1025751,224
4k1ad46eg9,fmbg,1,4,critical,mzs,UNDO,kïmy,0,1,0,fbd,bokokohï,fzd,kïmy,mbs,morïky,,,,4,44,1025975,213
4k1ad46eg9,fmbg,1,4,critical,mbs,UNDO,kïmy,0,1,0,fbd,bokokohï,fzd,kïmy,mbs,morïky,,,,4,45,1026216,230
4k1ad46eg9,fmbg,1,4,critical,mbd,bokokohï,kïmy,0,0,0,fbd,bokokohï,fzd,kïmy,mbs,morïky,,,,0,46,1156686,130462
4k1ad46eg9,fmbg,1,4,critical,mbs,bokokohï,kïmy,0,0,0,fbd,bokokohï,fzd,kïmy,mbs,morïky,,,,0,47,1168827,12129
4k1ad46eg9,fmbg,1,4,critical,mzs,kïmy,kïmy,1,0,0,fbd,bokokohï,fzd,kïmy,mbs,morïky,,,,2,48,1175104,6269
4k1ad46eg9,fmbg,1,4,critical,fbs,bokokohï,bokokohï,1,0,0,fbd,bokokohï,fzd,kïmy,mbs,morïky,,,,0,49,1182647,7532
4k1ad46eg9,fmbg,1,4,critical,mzd,kïmy,kïmy,1,0,0,fbd,bokokohï,fzd,kïmy,mbs,morïky,,,,2,50,1189786,7125
4k1ad46eg9,fmbg,1,4,critical,fzs,kïmy,kïmy,1,0,0,fbd,bokokohï,fzd,kïmy,mbs,morïky,,,,2,51,1225455,35657
4k1ad46eg9,fmbg,1,4,catch,fbd,bokokohï,bokokohï,1,0,0,fbd,bokokohï,fzd,kïmy,mbs,morïky,,,False,0,52,1235568,10105
4k1ad46eg9,fmbg,1,4,critical,,DONE,,0,0,1,fbd,bokokohï,fzd,kïmy,mbs,morïky,,,,5,53,1238621,3044
4k1ad46eg9,fmbg,2,0,critical,mbd,yaöpe,yaöpe,1,0,0,fbd,yaöpe,z,šïïnö,,,,,,3,63,1333740,31211
4k1ad46eg9,fmbg,2,0,critical,mzs,yaöpe,yaöpe,1,0,0,fbd,yaöpe,z,šïïnö,,,,,,3,64,1353412,19661
4k1ad46eg9,fmbg,2,0,critical,fbs,yaöpe,yaöpe,1,0,0,fbd,yaöpe,z,šïïnö,,,,,,3,65,1368620,15199
4k1ad46eg9,fmbg,2,0,critical,b,šïïnö,šïïnö,1,0,0,fbd,yaöpe,z,šïïnö,,,,,,0,66,1376753,8119
4k1ad46eg9,fmbg,2,0,critical,mbs,yaöpe,yaöpe,1,0,0,fbd,yaöpe,z,šïïnö,,,,,,3,67,1380144,3380
4k1ad46eg9,fmbg,2,0,catch,z,šïïnö,šïïnö,1,0,0,fbd,yaöpe,z,šïïnö,,,,,False,0,68,1408428,28275
4k1ad46eg9,fmbg,2,0,critical,fzs,yaöpe,yaöpe,1,0,0,fbd,yaöpe,z,šïïnö,,,,,,3,69,1422987,14551
4k1ad46eg9,fmbg,2,0,critical,mzd,yaöpe,yaöpe,1,0,0,fbd,yaöpe,z,šïïnö,,,,,,3,70,1428891,5897
4k1ad46eg9,fmbg,2,0,critical,fzd,yaöpe,yaöpe,1,0,0,fbd,yaöpe,z,šïïnö,,,,,,3,71,1434049,5147
4k1ad46eg9,fmbg,2,0,critical,,DONE,,0,0,1,fbd,yaöpe,z,šïïnö,,,,,,5,72,1435271,1210
4k1ad46eg9,fmbg,3,5,critical,fbs,kvurddåh,smêvskêv,0,0,0,fzd,kvurddåh,mbd,smêvskêv,,,,,,3,84,1534845,38538
4k1ad46eg9,fmbg,3,5,critical,mzs,smêvskêv,smêvskêv,1,0,0,fzd,kvurddåh,mbd,smêvskêv,,,,,,0,85,1549645,14789
4k1ad46eg9,fmbg,3,5,catch,fzd,kvurddåh,kvurddåh,1,0,0,fzd,kvurddåh,mbd,smêvskêv,,,,,False,3,86,1557588,7932
4k1ad46eg9,fmbg,3,5,critical,mzd,kvurddåh,smêvskêv,0,0,0,fzd,kvurddåh,mbd,smêvskêv,,,,,,3,87,1566098,8496
4k1ad46eg9,fmbg,3,5,critical,fbd,smêvskêv,smêvskêv,1,0,0,fzd,kvurddåh,mbd,smêvskêv,,,,,,0,88,1573918,7814
4k1ad46eg9,fmbg,3,5,critical,fzs,smêvskêv,kvurddåh,0,0,0,fzd,kvurddåh,mbd,smêvskêv,,,,,,0,89,1582621,8695
4k1ad46eg9,fmbg,3,5,critical,mbs,kvurddåh,smêvskêv,0,0,0,fzd,kvurddåh,mbd,smêvskêv,,,,,,3,90,1588613,5980
4k1ad46eg9,fmbg,3,5,critical,,DONE,,0,0,1,fzd,kvurddåh,mbd,smêvskêv,,,,,,5,91,1591574,2949
4k1ad46eg9,fmbg,4,1,critical,fzs,baumiă,gêă,0,0,0,fzd,gêă,mbs,baumiă,,,,,,3,103,1684043,44339
4k1ad46eg9,fmbg,4,1,critical,fbs,baumiă,gêă,0,0,0,fzd,gêă,mbs,baumiă,,,,,,3,104,1693593,9542
4k1ad46eg9,fmbg,4,1,critical,fbd,gêă,gêă,1,0,0,fzd,gêă,mbs,baumiă,,,,,,2,105,1700626,7021
4k1ad46eg9,fmbg,4,1,critical,mzs,baumiă,baumiă,1,0,0,fzd,gêă,mbs,baumiă,,,,,,3,106,1710227,9590
4k1ad46eg9,fmbg,4,1,critical,mzd,gêă,baumiă,0,0,0,fzd,gêă,mbs,baumiă,,,,,,2,107,1713141,2903
4k1ad46eg9,fmbg,4,1,catch,fzd,gêă,gêă,1,0,0,fzd,gêă,mbs,baumiă,,,,,False,2,108,1718683,5534
4k1ad46eg9,fmbg,4,1,critical,mbd,gêă,baumiă,0,0,0,fzd,gêă,mbs,baumiă,,,,,,2,109,1724140,5446
4k1ad46eg9,fmbg,4,1,critical,,DONE,,0,0,1,fzd,gêă,mbs,baumiă,,,,,,5,110,1725537,1386
4k1ad46eg9,fmbg,5,3,critical,fzd,kawuka,kawuka,1,0,0,mbd,kawuka,mzs,wupu,,,,,,2,122,1808959,44762
4k1ad46eg9,fmbg,5,3,critical,mbs,wupu,kawuka,0,0,0,mbd,kawuka,mzs,wupu,,,,,,3,123,1837439,28468
4k1ad46eg9,fmbg,5,3,critical,fbs,wupu,wupu,1,0,0,mbd,kawuka,mzs,wupu,,,,,,3,124,1846326,8881
4k1ad46eg9,fmbg,5,3,catch,mbd,kawuka,kawuka,1,0,0,mbd,kawuka,mzs,wupu,,,,,False,2,125,1851186,4853
4k1ad46eg9,fmbg,5,3,critical,fbd,kawuka,wupu,0,0,0,mbd,kawuka,mzs,wupu,,,,,,2,126,1858127,6931
4k1ad46eg9,fmbg,5,3,critical,mzd,kawuka,wupu,0,0,0,mbd,kawuka,mzs,wupu,,,,,,2,127,1863488,5351
4k1ad46eg9,fmbg,5,3,critical,fzs,wupu,kawuka,0,0,0,mbd,kawuka,mzs,wupu,,,,,,3,128,1872441,8943
4k1ad46eg9,fmbg,5,3,critical,,DONE,,0,0,1,mbd,kawuka,mzs,wupu,,,,,,5,129,1873973,1526
4k1ad46eg9,fmbg,6,2,critical,fzs,ilug,agivud,0,0,0,mbs,ilug,fzd,agivud,,,,,,2,141,1951860,29728
4k1ad46eg9,fmbg,6,2,critical,fbs,ilug,ilug,1,0,0,mbs,ilug,fzd,agivud,,,,,,2,142,1958731,6859
4k1ad46eg9,fmbg,6,2,critical,fbd,agivud,ilug,0,0,0,mbs,ilug,fzd,agivud,,,,,,0,143,1964116,5374
4k1ad46eg9,fmbg,6,2,catch,fzd,agivud,agivud,1,0,0,mbs,ilug,fzd,agivud,,,,,False,0,144,1969351,5224
4k1ad46eg9,fmbg,6,2,critical,mbd,agivud,ilug,0,0,0,mbs,ilug,fzd,agivud,,,,,,0,145,1974985,5628
4k1ad46eg9,fmbg,6,2,critical,mzs,ilug,agivud,0,0,0,mbs,ilug,fzd,agivud,,,,,,2,146,1983478,8486
4k1ad46eg9,fmbg,6,2,critical,mzd,agivud,agivud,1,0,0,mbs,ilug,fzd,agivud,,,,,,0,147,1989720,6232
4k1ad46eg9,fmbg,6,2,critical,,DONE,,0,0,1,mbs,ilug,fzd,agivud,,,,,,5,148,1991279,1547
4k1ad46eg9,fmbg,7,7,critical,fzs,emøyeç,aqinudød,0,0,0,mzs,emøyeç,fbs,aqinudød,,,,,,2,160,2055325,31594
4k1ad46eg9,fmbg,7,7,critical,mbs,aqinudød,aqinudød,1,0,0,mzs,emøyeç,fbs,aqinudød,,,,,,1,161,2062570,7234
4k1ad46eg9,fmbg,7,7,catch,mzs,emøyeç,emøyeç,1,0,0,mzs,emøyeç,fbs,aqinudød,,,,,False,2,162,2070246,7665
4k1ad46eg9,fmbg,7,7,critical,mzd,aqinudød,emøyeç,0,0,0,mzs,emøyeç,fbs,aqinudød,,,,,,1,163,2086099,15846
4k1ad46eg9,fmbg,7,7,critical,fzd,aqinudød,aqinudød,1,0,0,mzs,emøyeç,fbs,aqinudød,,,,,,1,164,2093169,7058
4k1ad46eg9,fmbg,7,7,critical,fbd,emøyeç,aqinudød,0,0,0,mzs,emøyeç,fbs,aqinudød,,,,,,2,165,2102787,9607
4k1ad46eg9,fmbg,7,7,critical,mbd,emøyeç,aqinudød,0,0,0,mzs,emøyeç,fbs,aqinudød,,,,,,2,166,2113501,10702
4k1ad46eg9,fmbg,7,7,critical,,DONE,,0,0,1,mzs,emøyeç,fbs,aqinudød,,,,,,5,167,2114682,1172
4k1ad46eg9,fmbg,8,6,critical,mbd,vbāžo,ngcāžo,0,0,0,mbs,ngcāžo,fbs,vbāžo,,,,,,3,179,2172398,19408
4k1ad46eg9,fmbg,8,6,critical,mzs,ngcāžo,vbāžo,0,0,0,mbs,ngcāžo,fbs,vbāžo,,,,,,1,180,2178214,5803
4k1ad46eg9,fmbg,8,6,catch,fbs,vbāžo,vbāžo,1,0,0,mbs,ngcāžo,fbs,vbāžo,,,,,False,3,181,2184699,6473
4k1ad46eg9,fmbg,8,6,critical,fzs,UNDO,vbāžo,0,1,0,mbs,ngcāžo,fbs,vbāžo,,,,,,4,182,2202435,17723
4k1ad46eg9,fmbg,8,6,critical,mzs,UNDO,vbāžo,0,1,0,mbs,ngcāžo,fbs,vbāžo,,,,,,4,183,2202746,304
4k1ad46eg9,fmbg,8,6,critical,mbd,vbāžo,ngcāžo,0,0,0,mbs,ngcāžo,fbs,vbāžo,,,,,,3,184,2228507,25755
4k1ad46eg9,fmbg,8,6,critical,mzs,vbāžo,vbāžo,1,0,0,mbs,ngcāžo,fbs,vbāžo,,,,,,3,185,2243880,15361
4k1ad46eg9,fmbg,8,6,critical,fzs,vbāžo,vbāžo,1,0,0,mbs,ngcāžo,fbs,vbāžo,,,,,,3,186,2254115,10224
4k1ad46eg9,fmbg,8,6,critical,fzd,ngcāžo,vbāžo,0,0,0,mbs,ngcāžo,fbs,vbāžo,,,,,,1,187,2263924,9798
4k1ad46eg9,fmbg,8,6,critical,fbd,ngcāžo,vbāžo,0,0,0,mbs,ngcāžo,fbs,vbāžo,,,,,,1,188,2269756,5820
4k1ad46eg9,fmbg,8,6,critical,mzd,ngcāžo,vbāžo,0,0,0,mbs,ngcāžo,fbs,vbāžo,,,,,,1,189,2276521,6756
4k1ad46eg9,fmbg,8,6,critical,,DONE,,0,0,1,mbs,ngcāžo,fbs,vbāžo,,,,,,5,190,2277938,1409
m9q6e0oj7a,fmbg,1,1,critical,mbs,šaaqaude,yaöpe,0,0,0,fbs,šaaqaude,mzd,yaöpe,,,,,,1,26,721402,45418
m9q6e0oj7a,fmbg,1,1,critical,fzd,yaöpe,šaaqaude,0,0,0,fbs,šaaqaude,mzd,yaöpe,,,,,,3,27,724456,3052
m9q6e0oj7a,fmbg,1,1,catch,fbs,šaaqaude,šaaqaude,1,0,0,fbs,šaaqaude,mzd,yaöpe,,,,,False,1,28,739554,15096
m9q6e0oj7a,fmbg,1,1,critical,fzs,šaaqaude,šaaqaude,1,0,0,fbs,šaaqaude,mzd,yaöpe,,,,,,1,29,764632,25076
m9q6e0oj7a,fmbg,1,1,critical,mzs,šaaqaude,yaöpe,0,0,0,fbs,šaaqaude,mzd,yaöpe,,,,,,1,30,768451,3817
m9q6e0oj7a,fmbg,1,1,critical,mbd,yaöpe,yaöpe,1,0,0,fbs,šaaqaude,mzd,yaöpe,,,,,,3,31,770852,2400
m9q6e0oj7a,fmbg,1,1,critical,fbd,yaöpe,šaaqaude,0,0,0,fbs,šaaqaude,mzd,yaöpe,,,,,,3,32,771842,989
m9q6e0oj7a,fmbg,1,1,critical,,DONE,,0,0,1,fbs,šaaqaude,mzd,yaöpe,,,,,,5,33,772924,1078
m9q6e0oj7a,fmbg,2,4,critical,fzs,uquçun,içiqusem,0,0,0,fbd,emøyeç,fzd,içiqusem,fzs,uquçun,,,,3,45,835131,43521
m9q6e0oj7a,fmbg,2,4,critical,fbs,øqoç,emøyeç,0,0,0,fbd,emøyeç,fzd,içiqusem,fzs,uquçun,,,,0,46,836441,1308
m9q6e0oj7a,fmbg,2,4,critical,mzs,uquçun,içiqusem,0,0,0,fbd,emøyeç,fzd,içiqusem,fzs,uquçun,mzs,uquçun,,3,47,844758,8314
m9q6e0oj7a,fmbg,2,4,critical,mzd,içiqusem,içiqusem,1,0,0,fbd,emøyeç,fzd,içiqusem,fzs,uquçun,mzs,uquçun,,1,48,846903,2143
m9q6e0oj7a,fmbg,2,4,critical,mbd,emøyeç,içiqusem,0,0,0,fbd,emøyeç,fzd,içiqusem,fzs,uquçun,mzs,uquçun,,2,49,852183,5279
m9q6e0oj7a,fmbg,2,4,critical,mbs,øqoç,içiqusem,0,0,0,fbd,emøyeç,fzd,içiqusem,fzs,uquçun,mzs,uquçun,,0,50,855312,3125
m9q6e0oj7a,fmbg,2,4,catch,fbd,emøyeç,emøyeç,1,0,0,fbd,emøyeç,fzd,içiqusem,fzs,uquçun,mzs,uquçun,False,2,51,863464,8151
m9q6e0oj7a,fmbg,2,4,critical,,DONE,,0,0,1,fbd,emøyeç,fzd,içiqusem,fzs,uquçun,mzs,uquçun,,5,52,864872,1406
m9q6e0oj7a,fmbg,3,5,critical,mzs,agivud,ozatof,0,0,0,fzd,otev,mzd,ozatof,mzs,agivud,,,,0,64,933920,43656
m9q6e0oj7a,fmbg,3,5,critical,mbd,ozatof,ozatof,1,0,0,fzd,otev,mzd,ozatof,mzs,agivud,,,,1,65,936740,2815
m9q6e0oj7a,fmbg,3,5,catch,fzd,otev,otev,1,0,0,fzd,otev,mzd,ozatof,mzs,agivud,,,False,3,66,939718,2976
m9q6e0oj7a,fmbg,3,5,critical,fbd,ozatof,ozatof,1,0,0,fzd,otev,mzd,ozatof,mzs,agivud,,,,1,67,951905,12185
m9q6e0oj7a,fmbg,3,5,critical,fbs,egezalat,ozatof,0,0,0,fzd,otev,mzd,ozatof,mzs,agivud,fbs,egezalat,,2,68,958415,6508
m9q6e0oj7a,fmbg,3,5,critical,mbs,UNDO,ozatof,0,1,0,fzd,otev,mzd,ozatof,mzs,agivud,fbs,egezalat,,4,69,963658,5241
m9q6e0oj7a,fmbg,3,5,critical,fbs,egezalat,ozatof,0,0,0,fzd,otev,mzd,ozatof,mzs,agivud,fbs,egezalat,,2,70,968489,4828
m9q6e0oj7a,fmbg,3,5,critical,mbs,egezalat,ozatof,0,0,0,fzd,otev,mzd,ozatof,mzs,agivud,fbs,egezalat,,2,71,969367,875
m9q6e0oj7a,fmbg,3,5,critical,fzs,agivud,otev,0,0,0,fzd,otev,mzd,ozatof,mzs,agivud,fbs,egezalat,,0,72,970169,800
m9q6e0oj7a,fmbg,3,5,critical,,DONE,,0,0,1,fzd,otev,mzd,ozatof,mzs,agivud,fbs,egezalat,,5,73,971376,1205
m9q6e0oj7a,fmbg,4,3,critical,mbs,morïky,męwaqïfe,0,0,0,fzs,męwaqïfe,fbs,kïmy,mbs,morïky,,,,2,85,987321,651
m9q6e0oj7a,fmbg,4,3,critical,fzd,UNDO,męwaqïfe,0,1,0,fzs,męwaqïfe,fbs,kïmy,mbs,morïky,,,,4,86,988827,1504
m9q6e0oj7a,fmbg,4,3,critical,mbs,kïmy,męwaqïfe,0,0,0,fzs,męwaqïfe,fbs,kïmy,mbs,morïky,,,,0,87,997320,8490
m9q6e0oj7a,fmbg,4,3,critical,fzd,morïky,męwaqïfe,0,0,0,fzs,męwaqïfe,fbs,kïmy,mbs,morïky,fzd,morïky,,2,88,1004047,6725
m9q6e0oj7a,fmbg,4,3,critical,fbd,qïru,kïmy,0,0,0,fzs,męwaqïfe,fbs,kïmy,mbs,morïky,fzd,morïky,,1,89,1009845,5796
m9q6e0oj7a,fmbg,4,3,critical,mzd,morïky,kïmy,0,0,0,fzs,męwaqïfe,fbs,kïmy,mbs,morïky,fzd,morïky,,2,90,1014375,4527
m9q6e0oj7a,fmbg,4,3,critical,mbd,qïru,męwaqïfe,0,0,0,fzs,męwaqïfe,fbs,kïmy,mbs,morïky,fzd,morïky,,1,91,1018089,3710
m9q6e0oj7a,fmbg,4,3,catch,fzs,męwaqïfe,męwaqïfe,1,0,0,fzs,męwaqïfe,fbs,kïmy,mbs,morïky,fzd,morïky,False,3,92,1020134,2040
m9q6e0oj7a,fmbg,4,3,critical,mzs,UNDO,kïmy,0,1,0,fzs,męwaqïfe,fbs,kïmy,mbs,morïky,fzd,morïky,,4,93,1021648,1513
m9q6e0oj7a,fmbg,4,3,critical,mbd,qïru,męwaqïfe,0,0,0,fzs,męwaqïfe,fbs,kïmy,mbs,morïky,fzd,morïky,,1,94,1028505,6855
m9q6e0oj7a,fmbg,4,3,critical,mzs,męwaqïfe,kïmy,0,0,0,fzs,męwaqïfe,fbs,kïmy,mbs,morïky,fzd,morïky,,3,95,1032705,4199
m9q6e0oj7a,fmbg,4,3,critical,,DONE,,0,0,1,fzs,męwaqïfe,fbs,kïmy,mbs,morïky,fzd,morïky,,5,96,1034273,1565
m9q6e0oj7a,fmbg,5,0,critical,mzd,vruži,ngcāžo,0,0,0,fzs,ngcāžo,z,vruži,,,,,,1,106,1044613,6829
m9q6e0oj7a,fmbg,5,0,critical,fbs,ngcāžo,ngcāžo,1,0,0,fzs,ngcāžo,z,vruži,,,,,,3,107,1076169,31552
m9q6e0oj7a,fmbg,5,0,critical,mbs,ngcāžo,ngcāžo,1,0,0,fzs,ngcāžo,z,vruži,,,,,,3,108,1078713,2539
m9q6e0oj7a,fmbg,5,0,critical,b,ngcāžo,vruži,0,0,0,fzs,ngcāžo,z,vruži,,,,,,3,109,1084216,5499
m9q6e0oj7a,fmbg,5,0,critical,fzd,vruži,ngcāžo,0,0,0,fzs,ngcāžo,z,vruži,,,,,,1,110,1101301,17083
m9q6e0oj7a,fmbg,5,0,catch,fzs,ngcāžo,ngcāžo,1,0,0,fzs,ngcāžo,z,vruži,,,,,False,3,111,1103401,2097
m9q6e0oj7a,fmbg,5,0,critical,fbd,vruži,ngcāžo,0,0,0,fzs,ngcāžo,z,vruži,,,,,,1,112,1106828,3424
m9q6e0oj7a,fmbg,5,0,critical,mbd,vruži,ngcāžo,0,0,0,fzs,ngcāžo,z,vruži,,,,,,1,113,1109611,2782
m9q6e0oj7a,fmbg,5,0,critical,mzs,ngcāžo,ngcāžo,1,0,0,fzs,ngcāžo,z,vruži,,,,,,3,114,1119265,9651
m9q6e0oj7a,fmbg,5,0,critical,,DONE,,0,0,1,fzs,ngcāžo,z,vruži,,,,,,5,115,1120388,1121
m9q6e0oj7a,fmbg,6,6,critical,mzd,ktåvrhus,sfêvdok,0,0,0,mbs,tsåvvses,fbs,sfêvdok,mzd,ktåvrhus,,,,2,127,1180232,34909
m9q6e0oj7a,fmbg,6,6,critical,fzs,sfêvdok,sfêvdok,1,0,0,mbs,tsåvvses,fbs,sfêvdok,mzd,ktåvrhus,,,,3,128,1190688,10454
m9q6e0oj7a,fmbg,6,6,catch,fbs,sfêvdok,sfêvdok,1,0,0,mbs,tsåvvses,fbs,sfêvdok,mzd,ktåvrhus,,,False,3,129,1193096,2405
m9q6e0oj7a,fmbg,6,6,critical,fzd,tsåvvses,sfêvdok,0,0,0,mbs,tsåvvses,fbs,sfêvdok,mzd,ktåvrhus,,,,1,130,1203778,10678
m9q6e0oj7a,fmbg,6,6,critical,fbd,UNDO,sfêvdok,0,1,0,mbs,tsåvvses,fbs,sfêvdok,mzd,ktåvrhus,,,,4,131,1205755,1974
m9q6e0oj7a,fmbg,6,6,critical,fzd,rhåv,sfêvdok,0,0,0,mbs,tsåvvses,fbs,sfêvdok,mzd,ktåvrhus,,,,0,132,1210640,4881
m9q6e0oj7a,fmbg,6,6,critical,fbd,rhåv,sfêvdok,0,0,0,mbs,tsåvvses,fbs,sfêvdok,mzd,ktåvrhus,,,,0,133,1215444,4799
m9q6e0oj7a,fmbg,6,6,critical,mbd,ktåvrhus,tsåvvses,0,0,0,mbs,tsåvvses,fbs,sfêvdok,mzd,ktåvrhus,mbd,ktåvrhus,,2,134,1217807,2361
m9q6e0oj7a,fmbg,6,6,critical,mzs,tsåvvses,sfêvdok,0,0,0,mbs,tsåvvses,fbs,sfêvdok,mzd,ktåvrhus,mbd,ktåvrhus,,1,135,1225249,7441
m9q6e0oj7a,fmbg,6,6,critical,,DONE,,0,0,1,mbs,tsåvvses,fbs,sfêvdok,mzd,ktåvrhus,mbd,ktåvrhus,,5,136,1227626,2375
m9q6e0oj7a,fmbg,7,7,critical,mbs,lepego,goviku,0,0,0,mzs,lepego,fzs,goviku,,,,,,0,148,1247667,14263
m9q6e0oj7a,fmbg,7,7,critical,fbs,goviku,goviku,1,0,0,mzs,lepego,fzs,goviku,,,,,,1,149,1250231,2563
m9q6e0oj7a,fmbg,7,7,critical,fzd,wupu,goviku,0,0,0,mzs,lepego,fzs,goviku,fzd,wupu,,,,3,150,1257582,7349
m9q6e0oj7a,fmbg,7,7,critical,mbd,pygele,goviku,0,0,0,mzs,lepego,fzs,goviku,fzd,wupu,,,,2,151,1260080,2496
m9q6e0oj7a,fmbg,7,7,catch,mzs,lepego,lepego,1,0,0,mzs,lepego,fzs,goviku,fzd,wupu,,,False,0,152,1263657,3576
m9q6e0oj7a,fmbg,7,7,critical,mzd,pygele,lepego,0,0,0,mzs,lepego,fzs,goviku,fzd,wupu,,,,2,153,1267694,4034
m9q6e0oj7a,fmbg,7,7,critical,fbd,wupu,goviku,0,0,0,mzs,lepego,fzs,goviku,fzd,wupu,fbd,wupu,,3,154,1269980,2283
m9q6e0oj7a,fmbg,7,7,critical,,DONE,,0,0,1,mzs,lepego,fzs,goviku,fzd,wupu,fbd,wupu,,5,155,1270759,777
m9q6e0oj7a,fmbg,8,2,critical,mbd,gêă,nyumuo,0,0,0,mbs,nyumuo,mzd,gêă,,,,,,3,167,1295588,20534
m9q6e0oj7a,fmbg,8,2,critical,fbs,niuhiê,nyumuo,0,0,0,mbs,nyumuo,mzd,gêă,fbs,niuhiê,,,,1,168,1306998,11406
m9q6e0oj7a,fmbg,8,2,critical,fbd,qăo,nyumuo,0,0,0,mbs,nyumuo,mzd,gêă,fbs,niuhiê,,,,0,169,1311333,4333
m9q6e0oj7a,fmbg,8,2,catch,mbs,nyumuo,nyumuo,1,0,0,mbs,nyumuo,mzd,gêă,fbs,niuhiê,,,False,2,170,1313815,2481
m9q6e0oj7a,fmbg,8,2,critical,fzd,qăo,gêă,0,0,0,mbs,nyumuo,mzd,gêă,fbs,niuhiê,,,,0,171,1316830,3012
m9q6e0oj7a,fmbg,8,2,critical,fzs,niuhiê,gêă,0,0,0,mbs,nyumuo,mzd,gêă,fbs,niuhiê,fzs,niuhiê,,1,172,1319426,2594
m9q6e0oj7a,fmbg,8,2,critical,mzs,nyumuo,gêă,0,0,0,mbs,nyumuo,mzd,gêă,fbs,niuhiê,fzs,niuhiê,,2,173,1321578,2151
m9q6e0oj7a,fmbg,8,2,critical,,DONE,,0,0,1,mbs,nyumuo,mzd,gêă,fbs,niuhiê,fzs,niuhiê,,5,174,1322598,1018
l8kadkxbkr,mfbg,1,2,critical,fzd,egezalat,egezalat,1,0,0,mbd,agivud,mzd,egezalat,,,,,,0,26,318798,18201
l8kadkxbkr,mfbg,1,2,catch,mbd,agivud,agivud,1,0,0,mbd,agivud,mzd,egezalat,,,,,False,3,27,333687,14884
l8kadkxbkr,mfbg,1,2,critical,fzs,ulywaf,egezalat,0,0,0,mbd,agivud,mzd,egezalat,fzs,ulywaf,,,,2,28,362833,29142
l8kadkxbkr,mfbg,1,2,critical,fbs,ilug,agivud,0,0,0,mbd,agivud,mzd,egezalat,fzs,ulywaf,fbs,ilug,,1,29,365382,2545
l8kadkxbkr,mfbg,1,2,critical,mbs,ilug,agivud,0,0,0,mbd,agivud,mzd,egezalat,fzs,ulywaf,fbs,ilug,,1,30,366934,1547
l8kadkxbkr,mfbg,1,2,critical,fbd,agivud,agivud,1,0,0,mbd,agivud,mzd,egezalat,fzs,ulywaf,fbs,ilug,,3,31,371969,5031
l8kadkxbkr,mfbg,1,2,critical,mzs,ulywaf,egezalat,0,0,0,mbd,agivud,mzd,egezalat,fzs,ulywaf,fbs,ilug,,2,32,375403,3429
l8kadkxbkr,mfbg,1,2,critical,,DONE,,0,0,1,mbd,agivud,mzd,egezalat,fzs,ulywaf,fbs,ilug,,5,33,382238,6831
l8kadkxbkr,mfbg,2,1,critical,mbd,nuubö,möïtu,0,0,0,fbs,yaöpe,mzs,möïtu,mbd,nuubö,,,,1,45,481159,30337
l8kadkxbkr,mfbg,2,1,critical,fzd,töeqo,yaöpe,0,0,0,fbs,yaöpe,mzs,möïtu,mbd,nuubö,,,,0,46,516288,35124
l8kadkxbkr,mfbg,2,1,critical,mzd,UNDO,möïtu,0,1,0,fbs,yaöpe,mzs,möïtu,mbd,nuubö,,,,4,47,528529,12237
l8kadkxbkr,mfbg,2,1,critical,fzd,UNDO,yaöpe,0,1,0,fbs,yaöpe,mzs,möïtu,mbd,nuubö,,,,4,48,529762,1229
l8kadkxbkr,mfbg,2,1,critical,mbd,töeqo,möïtu,0,0,0,fbs,yaöpe,mzs,möïtu,mbd,nuubö,,,,0,49,543831,14066
l8kadkxbkr,mfbg,2,1,critical,fzd,nuubö,yaöpe,0,0,0,fbs,yaöpe,mzs,möïtu,mbd,nuubö,fzd,nuubö,,1,50,549085,5250
l8kadkxbkr,mfbg,2,1,critical,mzd,nuubö,möïtu,0,0,0,fbs,yaöpe,mzs,möïtu,mbd,nuubö,fzd,nuubö,,1,51,553937,4848
l8kadkxbkr,mfbg,2,1,catch,mzs,möïtu,möïtu,1,0,0,fbs,yaöpe,mzs,möïtu,mbd,nuubö,fzd,nuubö,False,2,52,556471,2530
l8kadkxbkr,mfbg,2,1,critical,mbs,yaöpe,möïtu,0,0,0,fbs,yaöpe,mzs,möïtu,mbd,nuubö,fzd,nuubö,,3,53,560301,3826
l8kadkxbkr,mfbg,2,1,critical,fzs,möïtu,yaöpe,0,0,0,fbs,yaöpe,mzs,möïtu,mbd,nuubö,fzd,nuubö,,2,54,564140,3837
l8kadkxbkr,mfbg,2,1,critical,fbd,töeqo,yaöpe,0,0,0,fbs,yaöpe,mzs,möïtu,mbd,nuubö,fzd,nuubö,,0,55,567243,3100
l8kadkxbkr,mfbg,2,1,critical,,DONE,,0,0,1,fbs,yaöpe,mzs,möïtu,mbd,nuubö,fzd,nuubö,,5,56,568477,1231
l8kadkxbkr,mfbg,3,0,catch,mbs,pygele,ngapapu,0,0,0,mbs,ngapapu,b,lepego,,,,,True,2,66,583320,198
l8kadkxbkr,mfbg,3,0,critical,z,pygele,lepego,0,0,0,mbs,ngapapu,b,lepego,z,pygele,,,,2,67,583596,271
l8kadkxbkr,mfbg,3,0,critical,fzd,UNDO,ngapapu,0,1,0,mbs,ngapapu,b,lepego,z,pygele,,,,4,68,585114,1514
l8kadkxbkr,mfbg,3,0,critical,z,lepego,lepego,1,0,0,mbs,ngapapu,b,lepego,z,pygele,,,,1,69,597554,12436
l8kadkxbkr,mfbg,3,0,critical,fzd,pygele,ngapapu,0,0,0,mbs,ngapapu,b,lepego,z,pygele,fzd,pygele,,2,70,606007,8448
l8kadkxbkr,mfbg,3,0,critical,mzd,pygele,ngapapu,0,0,0,mbs,ngapapu,b,lepego,z,pygele,fzd,pygele,,2,71,607572,1563
l8kadkxbkr,mfbg,3,0,critical,mbd,goviku,ngapapu,0,0,0,mbs,ngapapu,b,lepego,z,pygele,fzd,pygele,,3,72,614411,6835
l8kadkxbkr,mfbg,3,0,critical,fzs,pygele,ngapapu,0,0,0,mbs,ngapapu,b,lepego,z,pygele,fzd,pygele,,2,73,624930,10516
l8kadkxbkr,mfbg,3,0,critical,fbd,UNDO,ngapapu,0,1,0,mbs,ngapapu,b,lepego,z,pygele,fzd,pygele,,4,74,627653,2719
l8kadkxbkr,mfbg,3,0,critical,fzs,ngapapu,ngapapu,1,0,0,mbs,ngapapu,b,lepego,z,pygele,fzd,pygele,,0,75,629150,1494
l8kadkxbkr,mfbg,3,0,critical,fbd,lepego,ngapapu,0,0,0,mbs,ngapapu,b,lepego,z,pygele,fzd,pygele,,1,76,633433,4278
l8kadkxbkr,mfbg,3,0,critical,fbs,ngapapu,ngapapu,1,0,0,mbs,ngapapu,b,lepego,z,pygele,fzd,pygele,,0,77,637637,4202
l8kadkxbkr,mfbg,3,0,critical,mzs,ngapapu,ngapapu,1,0,0,mbs,ngapapu,b,lepego,z,pygele,fzd,pygele,,0,78,640670,3028
l8kadkxbkr,mfbg,3,0,critical,,DONE,,0,0,1,mbs,ngapapu,b,lepego,z,pygele,fzd,pygele,,5,79,644022,3348
l8kadkxbkr,mfbg,4,7,critical,fbd,rhåv,rhåv,1,0,0,mzs,ktot,mbd,rhåv,,,,,,1,91,669081,5130
l8kadkxbkr,mfbg,4,7,critical,fzs,ktot,rhåv,0,0,0,mzs,ktot,mbd,rhåv,,,,,,3,92,673433,4347
l8kadkxbkr,mfbg,4,7,critical,mzd,rhymsvåd,ktot,0,0,0,mzs,ktot,mbd,rhåv,mzd,rhymsvåd,,,,0,93,689421,15984
l8kadkxbkr,mfbg,4,7,critical,fbs,smêvskêv,rhåv,0,0,0,mzs,ktot,mbd,rhåv,mzd,rhymsvåd,fbs,smêvskêv,,2,94,692637,3212
l8kadkxbkr,mfbg,4,7,catch,mzs,ktot,ktot,1,0,0,mzs,ktot,mbd,rhåv,mzd,rhymsvåd,fbs,smêvskêv,False,3,95,695457,2817
l8kadkxbkr,mfbg,4,7,critical,fzd,rhåv,rhåv,1,0,0,mzs,ktot,mbd,rhåv,mzd,rhymsvåd,fbs,smêvskêv,,1,96,699659,4197
l8kadkxbkr,mfbg,4,7,critical,mbs,smêvskêv,rhåv,0,0,0,mzs,ktot,mbd,rhåv,mzd,rhymsvåd,fbs,smêvskêv,,2,97,702911,3248
l8kadkxbkr,mfbg,4,7,critical,,DONE,,0,0,1,mzs,ktot,mbd,rhåv,mzd,rhymsvåd,fbs,smêvskêv,,5,98,704710,1795
l8kadkxbkr,mfbg,5,4,critical,mbd,emøyeç,aweh,0,0,0,fbd,emøyeç,mbs,aweh,,,,,,1,110,733738,17165
l8kadkxbkr,mfbg,5,4,critical,fzs,orinoçim,aweh,0,0,0,fbd,emøyeç,mbs,aweh,fzs,orinoçim,,,,2,111,748027,14285
l8kadkxbkr,mfbg,5,4,catch,mbs,aweh,aweh,1,0,0,fbd,emøyeç,mbs,aweh,fzs,orinoçim,,,False,0,112,755097,7066
l8kadkxbkr,mfbg,5,4,critical,fbs,aweh,emøyeç,0,0,0,fbd,emøyeç,mbs,aweh,fzs,orinoçim,,,,0,113,756413,1312
l8kadkxbkr,mfbg,5,4,critical,mzd,ømenad,aweh,0,0,0,fbd,emøyeç,mbs,aweh,fzs,orinoçim,,,,3,114,769454,13036
l8kadkxbkr,mfbg,5,4,critical,fzd,ømenad,aweh,0,0,0,fbd,emøyeç,mbs,aweh,fzs,orinoçim,,,,3,115,772570,3112
l8kadkxbkr,mfbg,5,4,critical,mzs,orinoçim,aweh,0,0,0,fbd,emøyeç,mbs,aweh,fzs,orinoçim,mzs,orinoçim,,2,116,776021,3447
l8kadkxbkr,mfbg,5,4,critical,,DONE,,0,0,1,fbd,emøyeç,mbs,aweh,fzs,orinoçim,mzs,orinoçim,,5,117,777356,1331
l8kadkxbkr,mfbg,6,6,catch,mzs,vbāžo,vbāžo,1,0,0,mbd,nžodo,mzs,vbāžo,,,,,False,2,129,789293,2663
l8kadkxbkr,mfbg,6,6,critical,mzd,ngcāžo,vbāžo,0,0,0,mbd,nžodo,mzs,vbāžo,mzd,ngcāžo,,,,3,130,804915,15618
l8kadkxbkr,mfbg,6,6,critical,fbs,vropcāre,vbāžo,0,0,0,mbd,nžodo,mzs,vbāžo,mzd,ngcāžo,fbs,vropcāre,,1,131,816938,12021
l8kadkxbkr,mfbg,6,6,critical,fzd,ngcāžo,vbāžo,0,0,0,mbd,nžodo,mzs,vbāžo,mzd,ngcāžo,fbs,vropcāre,,3,132,819204,2263
l8kadkxbkr,mfbg,6,6,critical,mbs,vropcāre,nžodo,0,0,0,mbd,nžodo,mzs,vbāžo,mzd,ngcāžo,fbs,vropcāre,,1,133,824357,5149
l8kadkxbkr,mfbg,6,6,critical,fzs,vbāžo,vbāžo,1,0,0,mbd,nžodo,mzs,vbāžo,mzd,ngcāžo,fbs,vropcāre,,2,134,826789,2428
l8kadkxbkr,mfbg,6,6,critical,fbd,nžodo,vbāžo,0,0,0,mbd,nžodo,mzs,vbāžo,mzd,ngcāžo,fbs,vropcāre,,0,135,836378,9585
l8kadkxbkr,mfbg,6,6,critical,,UNDO,,0,1,0,mbd,nžodo,mzs,vbāžo,mzd,ngcāžo,fbs,vropcāre,,4,136,841561,5179
l8kadkxbkr,mfbg,6,6,critical,fbd,UNDO,vbāžo,0,1,0,mbd,nžodo,mzs,vbāžo,mzd,ngcāžo,fbs,vropcāre,,4,137,842180,616
l8kadkxbkr,mfbg,6,6,critical,fzs,UNDO,vbāžo,0,1,0,mbd,nžodo,mzs,vbāžo,mzd,ngcāžo,fbs,vropcāre,,4,138,843047,862
l8kadkxbkr,mfbg,6,6,critical,mbs,vropcāre,nžodo,0,0,0,mbd,nžodo,mzs,vbāžo,mzd,ngcāžo,fbs,vropcāre,,1,139,853902,10850
l8kadkxbkr,mfbg,6,6,critical,fzs,vbāžo,vbāžo,1,0,0,mbd,nžodo,mzs,vbāžo,mzd,ngcāžo,fbs,vropcāre,,2,140,859988,6082
l8kadkxbkr,mfbg,6,6,critical,fbd,nžodo,vbāžo,0,0,0,mbd,nžodo,mzs,vbāžo,mzd,ngcāžo,fbs,vropcāre,,0,141,865105,5112
l8kadkxbkr,mfbg,6,6,critical,,DONE,,0,0,1,mbd,nžodo,mzs,vbāžo,mzd,ngcāžo,fbs,vropcāre,,5,142,866939,1829
l8kadkxbkr,mfbg,7,3,critical,fbd,baumiă,taobyo,0,0,0,fzs,nyumuo,fbs,taobyo,fbd,baumiă,,,,3,154,897585,23738
l8kadkxbkr,mfbg,7,3,critical,mbs,gêă,nyumuo,0,0,0,fzs,nyumuo,fbs,taobyo,fbd,baumiă,mbs,gêă,,0,155,900468,2878
l8kadkxbkr,mfbg,7,3,critical,mzs,UNDO,taobyo,0,1,0,fzs,nyumuo,fbs,taobyo,fbd,baumiă,mbs,gêă,,4,156,901518,1046
l8kadkxbkr,mfbg,7,3,critical,mbs,UNDO,nyumuo,0,1,0,fzs,nyumuo,fbs,taobyo,fbd,baumiă,mbs,gêă,,4,157,902087,565
l8kadkxbkr,mfbg,7,3,critical,fbd,gêă,taobyo,0,0,0,fzs,nyumuo,fbs,taobyo,fbd,baumiă,mbs,gêă,,0,158,910654,8563
l8kadkxbkr,mfbg,7,3,critical,mbs,gêă,nyumuo,0,0,0,fzs,nyumuo,fbs,taobyo,fbd,baumiă,mbs,gêă,,0,159,912890,2232
l8kadkxbkr,mfbg,7,3,critical,mzs,UNDO,taobyo,0,1,0,fzs,nyumuo,fbs,taobyo,fbd,baumiă,mbs,gêă,,4,160,915775,2880
l8kadkxbkr,mfbg,7,3,critical,mbs,taobyo,nyumuo,0,0,0,fzs,nyumuo,fbs,taobyo,fbd,baumiă,mbs,gêă,,2,161,918060,2281
l8kadkxbkr,mfbg,7,3,critical,mzs,nyumuo,taobyo,0,0,0,fzs,nyumuo,fbs,taobyo,fbd,baumiă,mbs,gêă,,1,162,921876,3812
l8kadkxbkr,mfbg,7,3,critical,fzd,baumiă,nyumuo,0,0,0,fzs,nyumuo,fbs,taobyo,fbd,baumiă,mbs,gêă,,3,163,930046,8166
l8kadkxbkr,mfbg,7,3,catch,fbs,taobyo,taobyo,1,0,0,fzs,nyumuo,fbs,taobyo,fbd,baumiă,mbs,gêă,False,2,164,932548,2498
l8kadkxbkr,mfbg,7,3,critical,mzd,baumiă,taobyo,0,0,0,fzs,nyumuo,fbs,taobyo,fbd,baumiă,mbs,gêă,,3,165,935333,2782
l8kadkxbkr,mfbg,7,3,critical,mbd,gêă,nyumuo,0,0,0,fzs,nyumuo,fbs,taobyo,fbd,baumiă,mbs,gêă,,0,166,938667,3330
l8kadkxbkr,mfbg,7,3,critical,,DONE,,0,0,1,fzs,nyumuo,fbs,taobyo,fbd,baumiă,mbs,gêă,,5,167,941251,2579
l8kadkxbkr,mfbg,8,5,critical,mbs,morïky,morïky,1,0,0,fzs,lobowaby,mzs,morïky,,,,,,2,179,972611,21518
l8kadkxbkr,mfbg,8,5,critical,mbd,męwaqïfe,morïky,0,0,0,fzs,lobowaby,mzs,morïky,mbd,męwaqïfe,,,,1,180,977196,4580
l8kadkxbkr,mfbg,8,5,critical,fbs,lobowaby,morïky,0,0,0,fzs,lobowaby,mzs,morïky,mbd,męwaqïfe,,,,3,181,985350,8149
l8kadkxbkr,mfbg,8,5,critical,mzd,męwaqïfe,morïky,0,0,0,fzs,lobowaby,mzs,morïky,mbd,męwaqïfe,mzd,męwaqïfe,,1,182,990935,5582
l8kadkxbkr,mfbg,8,5,critical,fzd,ryvïri,lobowaby,0,0,0,fzs,lobowaby,mzs,morïky,mbd,męwaqïfe,mzd,męwaqïfe,,0,183,992085,1147
l8kadkxbkr,mfbg,8,5,catch,mzs,morïky,morïky,1,0,0,fzs,lobowaby,mzs,morïky,mbd,męwaqïfe,mzd,męwaqïfe,False,2,184,994369,2280
l8kadkxbkr,mfbg,8,5,critical,fbd,ryvïri,morïky,0,0,0,fzs,lobowaby,mzs,morïky,mbd,męwaqïfe,mzd,męwaqïfe,,0,185,995520,1147
l8kadkxbkr,mfbg,8,5,critical,,DONE,,0,0,1,fzs,lobowaby,mzs,morïky,mbd,męwaqïfe,mzd,męwaqïfe,,5,186,997489,1965
9enmmxzrqm,mfgb,1,0,critical,fbs,kïmy,kïmy,1,0,0,mbs,kïmy,z,hïlaki,,,,,,1,24,363503,12816
9enmmxzrqm,mfgb,1,0,critical,fzd,hïlaki,kïmy,0,0,0,mbs,kïmy,z,hïlaki,,,,,,0,25,365884,2374
9enmmxzrqm,mfgb,1,0,critical,mzs,kïmy,kïmy,1,0,0,mbs,kïmy,z,hïlaki,,,,,,1,26,370388,4502
9enmmxzrqm,mfgb,1,0,critical,mzd,hïlaki,kïmy,0,0,0,mbs,kïmy,z,hïlaki,,,,,,0,27,371950,1556
9enmmxzrqm,mfgb,1,0,critical,mbd,hïlaki,kïmy,0,0,0,mbs,kïmy,z,hïlaki,,,,,,0,28,373584,1630
9enmmxzrqm,mfgb,1,0,critical,fzs,kïmy,kïmy,1,0,0,mbs,kïmy,z,hïlaki,,,,,,1,29,375503,1915
9enmmxzrqm,mfgb,1,0,critical,fbd,hïlaki,kïmy,0,0,0,mbs,kïmy,z,hïlaki,,,,,,0,30,377204,1698
9enmmxzrqm,mfgb,1,0,critical,b,UNDO,hïlaki,0,1,0,mbs,kïmy,z,hïlaki,,,,,,4,31,383773,6565
9enmmxzrqm,mfgb,1,0,critical,fbd,UNDO,kïmy,0,1,0,mbs,kïmy,z,hïlaki,,,,,,4,32,383964,189
9enmmxzrqm,mfgb,1,0,critical,fzs,UNDO,kïmy,0,1,0,mbs,kïmy,z,hïlaki,,,,,,4,33,384189,221
9enmmxzrqm,mfgb,1,0,critical,mbd,UNDO,kïmy,0,1,0,mbs,kïmy,z,hïlaki,,,,,,4,34,384685,493
9enmmxzrqm,mfgb,1,0,critical,mzd,UNDO,kïmy,0,1,0,mbs,kïmy,z,hïlaki,,,,,,4,35,385619,932
9enmmxzrqm,mfgb,1,0,critical,mzs,UNDO,kïmy,0,1,0,mbs,kïmy,z,hïlaki,,,,,,4,36,386386,763
9enmmxzrqm,mfgb,1,0,critical,fzd,UNDO,kïmy,0,1,0,mbs,kïmy,z,hïlaki,,,,,,4,37,388502,2113
9enmmxzrqm,mfgb,1,0,critical,fbs,kïmy,kïmy,1,0,0,mbs,kïmy,z,hïlaki,,,,,,1,38,396419,7921
9enmmxzrqm,mfgb,1,0,critical,fzd,lobowaby,kïmy,0,0,0,mbs,kïmy,z,hïlaki,fzd,lobowaby,,,,3,39,401719,5296
9enmmxzrqm,mfgb,1,0,critical,mzs,kïmy,kïmy,1,0,0,mbs,kïmy,z,hïlaki,fzd,lobowaby,,,,1,40,403867,2145
9enmmxzrqm,mfgb,1,0,critical,mzd,lobowaby,kïmy,0,0,0,mbs,kïmy,z,hïlaki,fzd,lobowaby,mzd,lobowaby,,3,41,406099,2228
9enmmxzrqm,mfgb,1,0,critical,mbd,lobowaby,kïmy,0,0,0,mbs,kïmy,z,hïlaki,fzd,lobowaby,mzd,lobowaby,,3,42,409452,3350
9enmmxzrqm,mfgb,1,0,critical,fzs,kïmy,kïmy,1,0,0,mbs,kïmy,z,hïlaki,fzd,lobowaby,mzd,lobowaby,,1,43,411753,2297
9enmmxzrqm,mfgb,1,0,critical,fbd,lobowaby,kïmy,0,0,0,mbs,kïmy,z,hïlaki,fzd,lobowaby,mzd,lobowaby,,3,44,413052,1296
9enmmxzrqm,mfgb,1,0,critical,b,bybï,hïlaki,0,0,0,mbs,kïmy,z,hïlaki,fzd,lobowaby,mzd,lobowaby,,2,45,414537,1481
9enmmxzrqm,mfgb,1,0,catch,mbs,kïmy,kïmy,1,0,0,mbs,kïmy,z,hïlaki,fzd,lobowaby,mzd,lobowaby,False,1,46,417454,2913
9enmmxzrqm,mfgb,1,0,critical,,DONE,,0,0,1,mbs,kïmy,z,hïlaki,fzd,lobowaby,mzd,lobowaby,,5,47,419306,1848
9enmmxzrqm,mfgb,2,7,critical,mbd,svik,ktåvrhus,0,0,0,mzd,svik,fbs,ktåvrhus,,,,,,1,59,461039,5198
9enmmxzrqm,mfgb,2,7,critical,fzd,svik,ktåvrhus,0,0,0,mzd,svik,fbs,ktåvrhus,,,,,,1,60,469341,8300
9enmmxzrqm,mfgb,2,7,critical,mzs,ktåvrhus,svik,0,0,0,mzd,svik,fbs,ktåvrhus,,,,,,0,61,473125,3781
9enmmxzrqm,mfgb,2,7,critical,mbs,ktåvrhus,ktåvrhus,1,0,0,mzd,svik,fbs,ktåvrhus,,,,,,0,62,474126,998
9enmmxzrqm,mfgb,2,7,catch,mzd,sfêvdok,svik,0,0,0,mzd,svik,fbs,ktåvrhus,,,,,True,2,63,484210,10082
9enmmxzrqm,mfgb,2,7,critical,fbd,svik,ktåvrhus,0,0,0,mzd,svik,fbs,ktåvrhus,,,,,,1,64,490229,6017
9enmmxzrqm,mfgb,2,7,critical,fzs,ktåvrhus,ktåvrhus,1,0,0,mzd,svik,fbs,ktåvrhus,,,,,,0,65,494529,4297
9enmmxzrqm,mfgb,2,7,critical,,DONE,,0,0,1,mzd,svik,fbs,ktåvrhus,,,,,,5,66,498179,3646
9enmmxzrqm,mfgb,3,3,critical,mbs,vruži,cžunge,0,0,0,mbd,cžunge,fbd,vropcāre,mbs,vruži,,,,0,78,555373,6082
9enmmxzrqm,mfgb,3,3,critical,fbd,UNDO,vropcāre,0,1,0,mbd,cžunge,fbd,vropcāre,mbs,vruži,,,,4,79,562024,6648
9enmmxzrqm,mfgb,3,3,critical,mbs,cžunge,cžunge,1,0,0,mbd,cžunge,fbd,vropcāre,mbs,vruži,,,,3,80,567572,5545
9enmmxzrqm,mfgb,3,3,critical,fbd,UNDO,vropcāre,0,1,0,mbd,cžunge,fbd,vropcāre,mbs,vruži,,,,4,81,568991,1418
9enmmxzrqm,mfgb,3,3,critical,mbs,rbāranžā,cžunge,0,0,0,mbd,cžunge,fbd,vropcāre,mbs,vruži,,,,2,82,570257,1264
9enmmxzrqm,mfgb,3,3,catch,fbd,vropcāre,vropcāre,1,0,0,mbd,cžunge,fbd,vropcāre,mbs,vruži,,,False,1,83,578943,8684
9enmmxzrqm,mfgb,3,3,critical,mzd,vropcāre,vropcāre,1,0,0,mbd,cžunge,fbd,vropcāre,mbs,vruži,,,,1,84,582376,3431
9enmmxzrqm,mfgb,3,3,critical,fzd,cžunge,cžunge,1,0,0,mbd,cžunge,fbd,vropcāre,mbs,vruži,,,,3,85,587046,4667
9enmmxzrqm,mfgb,3,3,critical,mzs,rbāranžā,vropcāre,0,0,0,mbd,cžunge,fbd,vropcāre,mbs,vruži,,,,2,86,593680,6631
9enmmxzrqm,mfgb,3,3,critical,fbs,rbāranžā,vropcāre,0,0,0,mbd,cžunge,fbd,vropcāre,mbs,vruži,,,,2,87,594431,749
9enmmxzrqm,mfgb,3,3,critical,fzs,rbāranžā,cžunge,0,0,0,mbd,cžunge,fbd,vropcāre,mbs,vruži,,,,2,88,601016,6582
9enmmxzrqm,mfgb,3,3,critical,,DONE,,0,0,1,mbd,cžunge,fbd,vropcāre,mbs,vruži,,,,5,89,602033,1015
9enmmxzrqm,mfgb,4,6,critical,fzs,ilug,egezalat,0,0,0,mbs,ilug,mzd,egezalat,,,,,,1,101,690480,32604
9enmmxzrqm,mfgb,4,6,critical,fbd,egezalat,egezalat,1,0,0,mbs,ilug,mzd,egezalat,,,,,,3,102,699114,8631
9enmmxzrqm,mfgb,4,6,catch,mzd,egezalat,egezalat,1,0,0,mbs,ilug,mzd,egezalat,,,,,False,3,103,702600,3484
9enmmxzrqm,mfgb,4,6,critical,mzs,ilug,egezalat,0,0,0,mbs,ilug,mzd,egezalat,,,,,,1,104,706251,3649
9enmmxzrqm,mfgb,4,6,critical,fbs,ilug,egezalat,0,0,0,mbs,ilug,mzd,egezalat,,,,,,1,105,707684,1431
9enmmxzrqm,mfgb,4,6,critical,fzd,egezalat,egezalat,1,0,0,mbs,ilug,mzd,egezalat,,,,,,3,106,711418,3731
9enmmxzrqm,mfgb,4,6,critical,mbd,ozatof,ilug,0,0,0,mbs,ilug,mzd,egezalat,mbd,ozatof,,,,2,107,714402,2982
9enmmxzrqm,mfgb,4,6,critical,,DONE,,0,0,1,mbs,ilug,mzd,egezalat,mbd,ozatof,,,,5,108,716071,1667
9enmmxzrqm,mfgb,5,5,critical,mbd,lawolu,goviku,0,0,0,fzd,kawuka,fbs,goviku,mbd,lawolu,,,,2,120,763477,11499
9enmmxzrqm,mfgb,5,5,catch,fbs,goviku,goviku,1,0,0,fzd,kawuka,fbs,goviku,mbd,lawolu,,,False,1,121,767160,3681
9enmmxzrqm,mfgb,5,5,critical,mbs,luge,goviku,0,0,0,fzd,kawuka,fbs,goviku,mbd,lawolu,,,,3,122,769494,2332
9enmmxzrqm,mfgb,5,5,critical,fbd,lawolu,goviku,0,0,0,fzd,kawuka,fbs,goviku,mbd,lawolu,fbd,lawolu,,2,123,774945,5448
9enmmxzrqm,mfgb,5,5,critical,mzs,luge,goviku,0,0,0,fzd,kawuka,fbs,goviku,mbd,lawolu,fbd,lawolu,,3,124,777114,2166
9enmmxzrqm,mfgb,5,5,critical,mzd,lawolu,goviku,0,0,0,fzd,kawuka,fbs,goviku,mbd,lawolu,fbd,lawolu,,2,125,778179,1063
9enmmxzrqm,mfgb,5,5,critical,fzs,kawuka,kawuka,1,0,0,fzd,kawuka,fbs,goviku,mbd,lawolu,fbd,lawolu,,0,126,784499,6317
9enmmxzrqm,mfgb,5,5,critical,,UNDO,,0,1,0,fzd,kawuka,fbs,goviku,mbd,lawolu,fbd,lawolu,,4,127,787164,2663
9enmmxzrqm,mfgb,5,5,critical,fzs,UNDO,kawuka,0,1,0,fzd,kawuka,fbs,goviku,mbd,lawolu,fbd,lawolu,,4,128,793763,6596
9enmmxzrqm,mfgb,5,5,critical,mzd,UNDO,goviku,0,1,0,fzd,kawuka,fbs,goviku,mbd,lawolu,fbd,lawolu,,4,129,794349,583
9enmmxzrqm,mfgb,5,5,critical,mzs,UNDO,goviku,0,1,0,fzd,kawuka,fbs,goviku,mbd,lawolu,fbd,lawolu,,4,130,795051,700
9enmmxzrqm,mfgb,5,5,critical,fbd,UNDO,goviku,0,1,0,fzd,kawuka,fbs,goviku,mbd,lawolu,fbd,lawolu,,4,131,795985,932
9enmmxzrqm,mfgb,5,5,critical,mbs,goviku,goviku,1,0,0,fzd,kawuka,fbs,goviku,mbd,lawolu,fbd,lawolu,,1,132,799034,3046
9enmmxzrqm,mfgb,5,5,critical,fbd,luge,goviku,0,0,0,fzd,kawuka,fbs,goviku,mbd,lawolu,fbd,lawolu,,3,133,804854,5817
9enmmxzrqm,mfgb,5,5,critical,mzs,goviku,goviku,1,0,0,fzd,kawuka,fbs,goviku,mbd,lawolu,fbd,lawolu,,1,134,807020,2163
9enmmxzrqm,mfgb,5,5,critical,mzd,luge,goviku,0,0,0,fzd,kawuka,fbs,goviku,mbd,lawolu,fbd,lawolu,,3,135,808618,1596
9enmmxzrqm,mfgb,5,5,critical,fzs,lawolu,kawuka,0,0,0,fzd,kawuka,fbs,goviku,mbd,lawolu,fbd,lawolu,,2,136,815319,6698
9enmmxzrqm,mfgb,5,5,critical,,DONE,,0,0,1,fzd,kawuka,fbs,goviku,mbd,lawolu,fbd,lawolu,,5,137,816802,1480
9enmmxzrqm,mfgb,6,4,catch,fbs,beiguumu,beiguumu,1,0,0,fbs,beiguumu,fzs,canšuehu,,,,,False,1,149,861432,13431
9enmmxzrqm,mfgb,6,4,critical,mbs,canšuehu,canšuehu,1,0,0,fbs,beiguumu,fzs,canšuehu,,,,,,2,150,868518,7084
9enmmxzrqm,mfgb,6,4,critical,fzd,nuubö,canšuehu,0,0,0,fbs,beiguumu,fzs,canšuehu,fzd,nuubö,,,,3,151,875936,7415
9enmmxzrqm,mfgb,6,4,critical,mbd,nuubö,canšuehu,0,0,0,fbs,beiguumu,fzs,canšuehu,fzd,nuubö,mbd,nuubö,,3,152,879486,3548
9enmmxzrqm,mfgb,6,4,critical,mzd,nuubö,canšuehu,0,0,0,fbs,beiguumu,fzs,canšuehu,fzd,nuubö,mbd,nuubö,,3,153,880636,1148
9enmmxzrqm,mfgb,6,4,critical,fbd,šaaqaude,beiguumu,0,0,0,fbs,beiguumu,fzs,canšuehu,fzd,nuubö,mbd,nuubö,,0,154,885803,5164
9enmmxzrqm,mfgb,6,4,critical,mzs,canšuehu,canšuehu,1,0,0,fbs,beiguumu,fzs,canšuehu,fzd,nuubö,mbd,nuubö,,2,155,888753,2946
9enmmxzrqm,mfgb,6,4,critical,,DONE,,0,0,1,fbs,beiguumu,fzs,canšuehu,fzd,nuubö,mbd,nuubö,,5,156,890339,1584
9enmmxzrqm,mfgb,7,1,critical,mzd,adeçim,içiqusem,0,0,0,fzs,ømenad,mbs,içiqusem,mzd,adeçim,,,,1,168,924205,17851
9enmmxzrqm,mfgb,7,1,critical,fbs,ømenad,ømenad,1,0,0,fzs,ømenad,mbs,içiqusem,mzd,adeçim,,,,2,169,928873,4665
9enmmxzrqm,mfgb,7,1,critical,mbd,adeçim,içiqusem,0,0,0,fzs,ømenad,mbs,içiqusem,mzd,adeçim,mbd,adeçim,,1,170,933324,4449
9enmmxzrqm,mfgb,7,1,critical,mzs,içiqusem,içiqusem,1,0,0,fzs,ømenad,mbs,içiqusem,mzd,adeçim,mbd,adeçim,,3,171,936025,2699
9enmmxzrqm,mfgb,7,1,critical,fzd,adeçim,ømenad,0,0,0,fzs,ømenad,mbs,içiqusem,mzd,adeçim,mbd,adeçim,,1,172,938376,2349
9enmmxzrqm,mfgb,7,1,critical,fbd,adeçim,ømenad,0,0,0,fzs,ømenad,mbs,içiqusem,mzd,adeçim,mbd,adeçim,,1,173,940843,2464
9enmmxzrqm,mfgb,7,1,catch,fzs,ømenad,ømenad,1,0,0,fzs,ømenad,mbs,içiqusem,mzd,adeçim,mbd,adeçim,False,2,174,955678,14833
9enmmxzrqm,mfgb,7,1,critical,,DONE,,0,0,1,fzs,ømenad,mbs,içiqusem,mzd,adeçim,mbd,adeçim,,5,175,957161,1480
9enmmxzrqm,mfgb,8,2,critical,mbd,goozăi,goozăi,1,0,0,fbs,goozăi,fzd,gêă,,,,,,3,187,973296,4396
9enmmxzrqm,mfgb,8,2,critical,fzs,nyumuo,gêă,0,0,0,fbs,goozăi,fzd,gêă,fzs,nyumuo,,,,1,188,978099,4800
9enmmxzrqm,mfgb,8,2,catch,fzd,gêă,gêă,1,0,0,fbs,goozăi,fzd,gêă,fzs,nyumuo,,,False,2,189,982585,4484
9enmmxzrqm,mfgb,8,2,critical,fbd,hyonăo,goozăi,0,0,0,fbs,goozăi,fzd,gêă,fzs,nyumuo,,,,0,190,989633,7047
9enmmxzrqm,mfgb,8,2,critical,mzd,gêă,gêă,1,0,0,fbs,goozăi,fzd,gêă,fzs,nyumuo,,,,2,191,994001,4365
9enmmxzrqm,mfgb,8,2,critical,mzs,nyumuo,gêă,0,0,0,fbs,goozăi,fzd,gêă,fzs,nyumuo,mzs,nyumuo,,1,192,996036,2033
9enmmxzrqm,mfgb,8,2,critical,mbs,hyonăo,goozăi,0,0,0,fbs,goozăi,fzd,gêă,fzs,nyumuo,mzs,nyumuo,,0,193,1001354,5316
9enmmxzrqm,mfgb,8,2,critical,,DONE,,0,0,1,fbs,goozăi,fzd,gêă,fzs,nyumuo,mzs,nyumuo,,5,194,1002570,1213
rxzy9xwpkp,fmbg,1,4,catch,fzd,rhymsvåd,rhymsvåd,1,0,0,fbd,smêvskêv,fzd,rhymsvåd,,,,,False,0,26,685801,15607
rxzy9xwpkp,fmbg,1,4,critical,fzs,rhymsvåd,rhymsvåd,1,0,0,fbd,smêvskêv,fzd,rhymsvåd,,,,,,0,27,702713,16910
rxzy9xwpkp,fmbg,1,4,critical,mbd,rhymsvåd,rhymsvåd,1,0,0,fbd,smêvskêv,fzd,rhymsvåd,,,,,,0,28,721777,19063
rxzy9xwpkp,fmbg,1,4,critical,fbs,smêvskêv,smêvskêv,1,0,0,fbd,smêvskêv,fzd,rhymsvåd,,,,,,2,29,730811,9033
rxzy9xwpkp,fmbg,1,4,critical,mbs,rhymsvåd,rhymsvåd,1,0,0,fbd,smêvskêv,fzd,rhymsvåd,,,,,,0,30,732713,1901
rxzy9xwpkp,fmbg,1,4,critical,mzs,rhymsvåd,rhymsvåd,1,0,0,fbd,smêvskêv,fzd,rhymsvåd,,,,,,0,31,736961,4247
rxzy9xwpkp,fmbg,1,4,critical,mzd,rhymsvåd,rhymsvåd,1,0,0,fbd,smêvskêv,fzd,rhymsvåd,,,,,,0,32,738281,1319
rxzy9xwpkp,fmbg,1,4,critical,,DONE,,0,0,1,fbd,smêvskêv,fzd,rhymsvåd,,,,,,5,33,739833,1551
rxzy9xwpkp,fmbg,2,6,critical,fbs,goviku,goviku,1,0,0,mbd,luge,fzs,goviku,,,,,,2,45,788697,11263
rxzy9xwpkp,fmbg,2,6,critical,mbs,luge,luge,1,0,0,mbd,luge,fzs,goviku,,,,,,3,46,802281,13583
rxzy9xwpkp,fmbg,2,6,critical,fzd,goviku,goviku,1,0,0,mbd,luge,fzs,goviku,,,,,,2,47,812528,10247
rxzy9xwpkp,fmbg,2,6,catch,mbd,luge,luge,1,0,0,mbd,luge,fzs,goviku,,,,,False,3,48,818568,6039
rxzy9xwpkp,fmbg,2,6,critical,mzs,wupu,goviku,0,0,0,mbd,luge,fzs,goviku,mzs,wupu,,,,0,49,832568,13999
rxzy9xwpkp,fmbg,2,6,critical,fbd,wupu,goviku,0,0,0,mbd,luge,fzs,goviku,mzs,wupu,fbd,wupu,,0,50,833104,535
rxzy9xwpkp,fmbg,2,6,critical,mzd,UNDO,goviku,0,1,0,mbd,luge,fzs,goviku,mzs,wupu,fbd,wupu,,4,51,839376,6271
rxzy9xwpkp,fmbg,2,6,critical,fbd,UNDO,goviku,0,1,0,mbd,luge,fzs,goviku,mzs,wupu,fbd,wupu,,4,52,839944,567
rxzy9xwpkp,fmbg,2,6,critical,mzs,goviku,goviku,1,0,0,mbd,luge,fzs,goviku,mzs,wupu,fbd,wupu,,2,53,845792,5847
rxzy9xwpkp,fmbg,2,6,critical,fbd,goviku,goviku,1,0,0,mbd,luge,fzs,goviku,mzs,wupu,fbd,wupu,,2,54,846272,479
rxzy9xwpkp,fmbg,2,6,critical,fbd,UNDO,goviku,0,1,0,mbd,luge,fzs,goviku,mzs,wupu,fbd,wupu,,4,56,851776,415
rxzy9xwpkp,fmbg,2,6,critical,mzd,UNDO,goviku,0,1,0,mbd,luge,fzs,goviku,mzs,wupu,fbd,wupu,,4,55,851361,5088
rxzy9xwpkp,fmbg,2,6,critical,mzs,luge,goviku,0,0,0,mbd,luge,fzs,goviku,mzs,wupu,fbd,wupu,,3,57,853474,1697
rxzy9xwpkp,fmbg,2,6,critical,fbd,luge,goviku,0,0,0,mbd,luge,fzs,goviku,mzs,wupu,fbd,wupu,,3,58,853945,470
rxzy9xwpkp,fmbg,2,6,critical,mzd,UNDO,goviku,0,1,0,mbd,luge,fzs,goviku,mzs,wupu,fbd,wupu,,4,59,857000,3054
rxzy9xwpkp,fmbg,2,6,critical,fbd,wupu,goviku,0,0,0,mbd,luge,fzs,goviku,mzs,wupu,fbd,wupu,,0,60,858200,1199
rxzy9xwpkp,fmbg,2,6,critical,mzd,UNDO,goviku,0,1,0,mbd,luge,fzs,goviku,mzs,wupu,fbd,wupu,,4,61,860688,2487
rxzy9xwpkp,fmbg,2,6,critical,fbd,goviku,goviku,1,0,0,mbd,luge,fzs,goviku,mzs,wupu,fbd,wupu,,2,62,862698,2009
rxzy9xwpkp,fmbg,2,6,critical,mzd,wupu,goviku,0,0,0,mbd,luge,fzs,goviku,mzs,wupu,fbd,wupu,,0,63,865227,2527
rxzy9xwpkp,fmbg,2,6,critical,,DONE,,0,0,1,mbd,luge,fzs,goviku,mzs,wupu,fbd,wupu,,5,64,868657,3429
rxzy9xwpkp,fmbg,3,2,critical,mzs,morïky,kïmy,0,0,0,mbs,morïky,fzd,kïmy,,,,,,3,76,896817,12319
rxzy9xwpkp,fmbg,3,2,critical,fbs,morïky,morïky,1,0,0,mbs,morïky,fzd,kïmy,,,,,,3,77,899185,2367
rxzy9xwpkp,fmbg,3,2,catch,fzd,kïmy,kïmy,1,0,0,mbs,morïky,fzd,kïmy,,,,,False,2,78,905322,6136
rxzy9xwpkp,fmbg,3,2,critical,fbd,kïmy,morïky,0,0,0,mbs,morïky,fzd,kïmy,,,,,,2,79,908081,2758
rxzy9xwpkp,fmbg,3,2,critical,mbd,kïmy,morïky,0,0,0,mbs,morïky,fzd,kïmy,,,,,,2,80,910657,2575
rxzy9xwpkp,fmbg,3,2,critical,mzd,kïmy,kïmy,1,0,0,mbs,morïky,fzd,kïmy,,,,,,2,81,912209,1552
rxzy9xwpkp,fmbg,3,2,critical,fzs,UNDO,kïmy,0,1,0,mbs,morïky,fzd,kïmy,,,,,,4,82,917242,5032
rxzy9xwpkp,fmbg,3,2,critical,mzd,UNDO,kïmy,0,1,0,mbs,morïky,fzd,kïmy,,,,,,4,83,917882,639
rxzy9xwpkp,fmbg,3,2,critical,mbd,hïlaki,morïky,0,0,0,mbs,morïky,fzd,kïmy,mbd,hïlaki,,,,0,84,921944,4062
rxzy9xwpkp,fmbg,3,2,critical,mzd,hïlaki,kïmy,0,0,0,mbs,morïky,fzd,kïmy,mbd,hïlaki,,,,0,85,923603,1657
rxzy9xwpkp,fmbg,3,2,critical,fzs,hïlaki,kïmy,0,0,0,mbs,morïky,fzd,kïmy,mbd,hïlaki,,,,0,86,924848,1245
rxzy9xwpkp,fmbg,3,2,critical,,DONE,,0,0,1,mbs,morïky,fzd,kïmy,mbd,hïlaki,,,,5,87,926968,2119
rxzy9xwpkp,fmbg,4,1,critical,fzd,uquçun,uquçun,1,0,0,fbs,uquçun,mbs,orinoçim,,,,,,0,99,955760,18455
rxzy9xwpkp,fmbg,4,1,critical,mbd,orinoçim,orinoçim,1,0,0,fbs,uquçun,mbs,orinoçim,,,,,,2,100,958160,2399
rxzy9xwpkp,fmbg,4,1,catch,mbs,orinoçim,orinoçim,1,0,0,fbs,uquçun,mbs,orinoçim,,,,,False,2,101,960016,1855
rxzy9xwpkp,fmbg,4,1,critical,mzd,orinoçim,orinoçim,1,0,0,fbs,uquçun,mbs,orinoçim,,,,,,2,102,961688,1671
rxzy9xwpkp,fmbg,4,1,critical,fzs,uquçun,uquçun,1,0,0,fbs,uquçun,mbs,orinoçim,,,,,,0,103,965080,3391
rxzy9xwpkp,fmbg,4,1,critical,mzs,orinoçim,orinoçim,1,0,0,fbs,uquçun,mbs,orinoçim,,,,,,2,104,966736,1656
rxzy9xwpkp,fmbg,4,1,critical,fbd,uquçun,uquçun,1,0,0,fbs,uquçun,mbs,orinoçim,,,,,,0,105,970688,3951
rxzy9xwpkp,fmbg,4,1,critical,,DONE,,0,0,1,fbs,uquçun,mbs,orinoçim,,,,,,5,106,971984,1295
rxzy9xwpkp,fmbg,5,5,critical,fbs,pžicā,vropcāre,0,0,0,fzd,pžicā,mbd,vropcāre,,,,,,1,118,989568,6471
rxzy9xwpkp,fmbg,5,5,critical,mzs,vropcāre,vropcāre,1,0,0,fzd,pžicā,mbd,vropcāre,,,,,,0,119,992977,3407
rxzy9xwpkp,fmbg,5,5,critical,mbs,pžicā,vropcāre,0,0,0,fzd,pžicā,mbd,vropcāre,,,,,,1,120,997408,4431
rxzy9xwpkp,fmbg,5,5,critical,fbd,vropcāre,vropcāre,1,0,0,fzd,pžicā,mbd,vropcāre,,,,,,0,121,999608,2199
rxzy9xwpkp,fmbg,5,5,catch,mbd,vropcāre,vropcāre,1,0,0,fzd,pžicā,mbd,vropcāre,,,,,False,0,122,1003992,4383
rxzy9xwpkp,fmbg,5,5,critical,mzd,pžicā,vropcāre,0,0,0,fzd,pžicā,mbd,vropcāre,,,,,,1,123,1007320,3327
rxzy9xwpkp,fmbg,5,5,critical,fzs,pžicā,pžicā,1,0,0,fzd,pžicā,mbd,vropcāre,,,,,,1,124,1010529,3207
rxzy9xwpkp,fmbg,5,5,critical,,UNDO,,0,1,0,fzd,pžicā,mbd,vropcāre,,,,,,4,125,1022457,11927
rxzy9xwpkp,fmbg,5,5,critical,fzs,UNDO,pžicā,0,1,0,fzd,pžicā,mbd,vropcāre,,,,,,4,126,1024216,1758
rxzy9xwpkp,fmbg,5,5,critical,mzd,vropcāre,vropcāre,1,0,0,fzd,pžicā,mbd,vropcāre,,,,,,0,127,1033144,8926
rxzy9xwpkp,fmbg,5,5,critical,fzs,pžicā,pžicā,1,0,0,fzd,pžicā,mbd,vropcāre,,,,,,1,128,1036601,3455
rxzy9xwpkp,fmbg,5,5,critical,,DONE,,0,0,1,fzd,pžicā,mbd,vropcāre,,,,,,5,129,1041648,5047
rxzy9xwpkp,fmbg,6,7,critical,fbs,tuumïhu,cöahido,0,0,0,mzs,tuumïhu,mbs,cöahido,,,,,,1,141,1059071,6159
rxzy9xwpkp,fmbg,6,7,critical,fbd,UNDO,cöahido,0,1,0,mzs,tuumïhu,mbs,cöahido,,,,,,4,142,1066079,7007
rxzy9xwpkp,fmbg,6,7,critical,fbs,cöahido,cöahido,1,0,0,mzs,tuumïhu,mbs,cöahido,,,,,,3,143,1068447,2367
rxzy9xwpkp,fmbg,6,7,critical,fbd,töeqo,cöahido,0,0,0,mzs,tuumïhu,mbs,cöahido,fbd,töeqo,,,,2,144,1095631,27183
rxzy9xwpkp,fmbg,6,7,critical,mzd,töeqo,tuumïhu,0,0,0,mzs,tuumïhu,mbs,cöahido,fbd,töeqo,,,,2,145,1096551,919
rxzy9xwpkp,fmbg,6,7,critical,fzd,töeqo,cöahido,0,0,0,mzs,tuumïhu,mbs,cöahido,fbd,töeqo,,,,2,146,1097927,1375
rxzy9xwpkp,fmbg,6,7,catch,mbs,cöahido,cöahido,1,0,0,mzs,tuumïhu,mbs,cöahido,fbd,töeqo,,,False,3,147,1102511,4583
rxzy9xwpkp,fmbg,6,7,critical,mbd,töeqo,cöahido,0,0,0,mzs,tuumïhu,mbs,cöahido,fbd,töeqo,,,,2,148,1107743,5231
rxzy9xwpkp,fmbg,6,7,critical,fzs,UNDO,cöahido,0,1,0,mzs,tuumïhu,mbs,cöahido,fbd,töeqo,,,,4,149,1115928,8184
rxzy9xwpkp,fmbg,6,7,critical,mbd,UNDO,cöahido,0,1,0,mzs,tuumïhu,mbs,cöahido,fbd,töeqo,,,,4,150,1116432,502
rxzy9xwpkp,fmbg,6,7,critical,fzd,UNDO,cöahido,0,1,0,mzs,tuumïhu,mbs,cöahido,fbd,töeqo,,,,4,151,1116904,471
rxzy9xwpkp,fmbg,6,7,critical,mzd,UNDO,tuumïhu,0,1,0,mzs,tuumïhu,mbs,cöahido,fbd,töeqo,,,,4,152,1117472,567
rxzy9xwpkp,fmbg,6,7,critical,fbd,UNDO,cöahido,0,1,0,mzs,tuumïhu,mbs,cöahido,fbd,töeqo,,,,4,153,1117984,511
rxzy9xwpkp,fmbg,6,7,critical,fbs,tuumïhu,cöahido,0,0,0,mzs,tuumïhu,mbs,cöahido,fbd,töeqo,,,,1,154,1122000,4015
rxzy9xwpkp,fmbg,6,7,critical,fbd,UNDO,cöahido,0,1,0,mzs,tuumïhu,mbs,cöahido,fbd,töeqo,,,,4,155,1134168,12167
rxzy9xwpkp,fmbg,6,7,critical,fbs,töeqo,cöahido,0,0,0,mzs,tuumïhu,mbs,cöahido,fbd,töeqo,,,,2,156,1136152,1983
rxzy9xwpkp,fmbg,6,7,critical,fbd,UNDO,cöahido,0,1,0,mzs,tuumïhu,mbs,cöahido,fbd,töeqo,,,,4,157,1138280,2127
rxzy9xwpkp,fmbg,6,7,critical,fbs,cöahido,cöahido,1,0,0,mzs,tuumïhu,mbs,cöahido,fbd,töeqo,,,,3,158,1139287,1007
rxzy9xwpkp,fmbg,6,7,critical,fbd,töeqo,cöahido,0,0,0,mzs,tuumïhu,mbs,cöahido,fbd,töeqo,,,,2,159,1156336,17048
rxzy9xwpkp,fmbg,6,7,critical,mzd,töeqo,tuumïhu,0,0,0,mzs,tuumïhu,mbs,cöahido,fbd,töeqo,,,,2,160,1157328,991
rxzy9xwpkp,fmbg,6,7,critical,fzd,töeqo,cöahido,0,0,0,mzs,tuumïhu,mbs,cöahido,fbd,töeqo,,,,2,161,1158952,1623
rxzy9xwpkp,fmbg,6,7,critical,mbd,töeqo,cöahido,0,0,0,mzs,tuumïhu,mbs,cöahido,fbd,töeqo,,,,2,162,1160119,1167
rxzy9xwpkp,fmbg,6,7,critical,fzs,cöahido,cöahido,1,0,0,mzs,tuumïhu,mbs,cöahido,fbd,töeqo,,,,3,163,1168473,8352
rxzy9xwpkp,fmbg,6,7,critical,,DONE,,0,0,1,mzs,tuumïhu,mbs,cöahido,fbd,töeqo,,,,5,164,1169792,1318
rxzy9xwpkp,fmbg,7,0,critical,fbd,baumiă,baumiă,1,0,0,mbs,baumiă,b,nyumuo,,,,,,1,174,1203512,13816
rxzy9xwpkp,fmbg,7,0,critical,fbs,baumiă,baumiă,1,0,0,mbs,baumiă,b,nyumuo,,,,,,1,175,1208199,4686
rxzy9xwpkp,fmbg,7,0,critical,mzs,baumiă,baumiă,1,0,0,mbs,baumiă,b,nyumuo,,,,,,1,176,1209000,799
rxzy9xwpkp,fmbg,7,0,critical,fzd,baumiă,baumiă,1,0,0,mbs,baumiă,b,nyumuo,,,,,,1,177,1209488,488
rxzy9xwpkp,fmbg,7,0,critical,fzs,baumiă,baumiă,1,0,0,mbs,baumiă,b,nyumuo,,,,,,1,178,1211272,1783
rxzy9xwpkp,fmbg,7,0,critical,mbd,baumiă,baumiă,1,0,0,mbs,baumiă,b,nyumuo,,,,,,1,179,1211968,695
rxzy9xwpkp,fmbg,7,0,critical,z,baumiă,nyumuo,0,0,0,mbs,baumiă,b,nyumuo,,,,,,1,180,1212632,663
rxzy9xwpkp,fmbg,7,0,critical,mzd,baumiă,baumiă,1,0,0,mbs,baumiă,b,nyumuo,,,,,,1,181,1213231,598
rxzy9xwpkp,fmbg,7,0,catch,mbs,baumiă,baumiă,1,0,0,mbs,baumiă,b,nyumuo,,,,,False,1,182,1220087,6855
rxzy9xwpkp,fmbg,7,0,critical,,DONE,,0,0,1,mbs,baumiă,b,nyumuo,,,,,,5,183,1221832,1743
rxzy9xwpkp,fmbg,8,3,critical,mbd,agivud,etupol,0,0,0,mbs,etupol,fbs,idanuluf,mbd,agivud,,,,1,195,1250943,12831
rxzy9xwpkp,fmbg,8,3,critical,mzd,agivud,idanuluf,0,0,0,mbs,etupol,fbs,idanuluf,mbd,agivud,,,,1,196,1252999,2055
rxzy9xwpkp,fmbg,8,3,critical,fbd,egezalat,idanuluf,0,0,0,mbs,etupol,fbs,idanuluf,mbd,agivud,fbd,egezalat,,3,197,1255263,2264
rxzy9xwpkp,fmbg,8,3,critical,fzd,egezalat,etupol,0,0,0,mbs,etupol,fbs,idanuluf,mbd,agivud,fbd,egezalat,,3,198,1256711,1447
rxzy9xwpkp,fmbg,8,3,catch,mbs,etupol,etupol,1,0,0,mbs,etupol,fbs,idanuluf,mbd,agivud,fbd,egezalat,False,0,199,1261239,4527
rxzy9xwpkp,fmbg,8,3,critical,mzs,etupol,idanuluf,0,0,0,mbs,etupol,fbs,idanuluf,mbd,agivud,fbd,egezalat,,0,200,1269519,8279
rxzy9xwpkp,fmbg,8,3,critical,fzs,idanuluf,etupol,0,0,0,mbs,etupol,fbs,idanuluf,mbd,agivud,fbd,egezalat,,2,201,1272687,3168
rxzy9xwpkp,fmbg,8,3,critical,,DONE,,0,0,1,mbs,etupol,fbs,idanuluf,mbd,agivud,fbd,egezalat,,5,202,1273759,1070
96dcxvnjng,mfgb,1,0,catch,mbd,tuumïhu,tuumïhu,1,0,0,mbd,tuumïhu,b,šaaqaude,,,,,False,0,24,249171,14177
96dcxvnjng,mfgb,1,0,critical,mzd,tuumïhu,tuumïhu,1,0,0,mbd,tuumïhu,b,šaaqaude,,,,,,0,25,262051,12869
96dcxvnjng,mfgb,1,0,critical,mzs,tuumïhu,tuumïhu,1,0,0,mbd,tuumïhu,b,šaaqaude,,,,,,0,26,268640,6579
96dcxvnjng,mfgb,1,0,critical,fzs,šaaqaude,tuumïhu,0,0,0,mbd,tuumïhu,b,šaaqaude,,,,,,1,27,276288,7641
96dcxvnjng,mfgb,1,0,critical,fbs,šaaqaude,tuumïhu,0,0,0,mbd,tuumïhu,b,šaaqaude,,,,,,1,28,277459,1164
96dcxvnjng,mfgb,1,0,critical,fbd,šaaqaude,tuumïhu,0,0,0,mbd,tuumïhu,b,šaaqaude,,,,,,1,29,278921,1454
96dcxvnjng,mfgb,1,0,critical,mbs,tuumïhu,tuumïhu,1,0,0,mbd,tuumïhu,b,šaaqaude,,,,,,0,30,280829,1901
96dcxvnjng,mfgb,1,0,critical,fzd,šaaqaude,tuumïhu,0,0,0,mbd,tuumïhu,b,šaaqaude,,,,,,1,31,286858,6016
96dcxvnjng,mfgb,1,0,critical,z,tuumïhu,šaaqaude,0,0,0,mbd,tuumïhu,b,šaaqaude,,,,,,0,32,308575,21709
96dcxvnjng,mfgb,1,0,critical,,DONE,,0,0,1,mbd,tuumïhu,b,šaaqaude,,,,,,5,33,311156,2571
96dcxvnjng,mfgb,2,7,critical,fbs,goozăi,goozăi,1,0,0,mzs,niuhiê,fbd,goozăi,,,,,,3,45,475437,92788
96dcxvnjng,mfgb,2,7,critical,fzs,goozăi,goozăi,1,0,0,mzs,niuhiê,fbd,goozăi,,,,,,3,46,478053,2610
96dcxvnjng,mfgb,2,7,critical,mzd,niuhiê,niuhiê,1,0,0,mzs,niuhiê,fbd,goozăi,,,,,,2,47,480889,2824
96dcxvnjng,mfgb,2,7,catch,mzs,niuhiê,niuhiê,1,0,0,mzs,niuhiê,fbd,goozăi,,,,,False,2,48,488160,7263
96dcxvnjng,mfgb,2,7,critical,mbs,niuhiê,goozăi,0,0,0,mzs,niuhiê,fbd,goozăi,,,,,,2,49,493664,5494
96dcxvnjng,mfgb,2,7,critical,mbd,niuhiê,goozăi,0,0,0,mzs,niuhiê,fbd,goozăi,,,,,,2,50,495877,2204
96dcxvnjng,mfgb,2,7,critical,fzd,goozăi,goozăi,1,0,0,mzs,niuhiê,fbd,goozăi,,,,,,3,51,498530,2647
96dcxvnjng,mfgb,2,7,critical,,DONE,,0,0,1,mzs,niuhiê,fbd,goozăi,,,,,,5,52,499893,1353
96dcxvnjng,mfgb,3,5,critical,mbs,kïmy,kïmy,1,0,0,fzd,morïky,mzd,kïmy,,,,,,2,64,680420,17698
96dcxvnjng,mfgb,3,5,critical,fbd,morïky,kïmy,0,0,0,fzd,morïky,mzd,kïmy,,,,,,3,65,713934,33510
96dcxvnjng,mfgb,3,5,critical,mbd,kïmy,kïmy,1,0,0,fzd,morïky,mzd,kïmy,,,,,,2,66,716245,2302
96dcxvnjng,mfgb,3,5,critical,mzs,kïmy,kïmy,1,0,0,fzd,morïky,mzd,kïmy,,,,,,2,67,717908,1656
96dcxvnjng,mfgb,3,5,critical,fzs,morïky,morïky,1,0,0,fzd,morïky,mzd,kïmy,,,,,,3,68,728311,10395
96dcxvnjng,mfgb,3,5,catch,mzd,kïmy,kïmy,1,0,0,fzd,morïky,mzd,kïmy,,,,,False,2,69,731862,3542
96dcxvnjng,mfgb,3,5,critical,fbs,morïky,kïmy,0,0,0,fzd,morïky,mzd,kïmy,,,,,,3,70,733456,1591
96dcxvnjng,mfgb,3,5,critical,,DONE,,0,0,1,fzd,morïky,mzd,kïmy,,,,,,5,71,746415,12951
96dcxvnjng,mfgb,4,2,critical,mzs,vropcāre,vropcāre,1,0,0,fbd,rbāranžā,fzd,vropcāre,,,,,,2,83,807787,16253
96dcxvnjng,mfgb,4,2,catch,fbd,rbāranžā,rbāranžā,1,0,0,fbd,rbāranžā,fzd,vropcāre,,,,,False,0,84,813536,5741
96dcxvnjng,mfgb,4,2,critical,fzs,vropcāre,vropcāre,1,0,0,fbd,rbāranžā,fzd,vropcāre,,,,,,2,85,832226,18681
96dcxvnjng,mfgb,4,2,critical,mbs,vropcāre,rbāranžā,0,0,0,fbd,rbāranžā,fzd,vropcāre,,,,,,2,86,835586,3352
96dcxvnjng,mfgb,4,2,critical,fbs,vropcāre,rbāranžā,0,0,0,fbd,rbāranžā,fzd,vropcāre,,,,,,2,87,840512,4916
96dcxvnjng,mfgb,4,2,critical,mbd,rbāranžā,rbāranžā,1,0,0,fbd,rbāranžā,fzd,vropcāre,,,,,,0,88,867077,26556
96dcxvnjng,mfgb,4,2,critical,mzd,vropcāre,vropcāre,1,0,0,fbd,rbāranžā,fzd,vropcāre,,,,,,2,89,870630,3546
96dcxvnjng,mfgb,4,2,critical,,DONE,,0,0,1,fbd,rbāranžā,fzd,vropcāre,,,,,,5,90,871977,1340
96dcxvnjng,mfgb,5,3,critical,fbs,wupu,ngapapu,0,0,0,mbs,wupu,mzd,ngapapu,,,,,,1,102,948671,9446
96dcxvnjng,mfgb,5,3,critical,fbd,ngapapu,ngapapu,1,0,0,mbs,wupu,mzd,ngapapu,,,,,,0,103,952582,3903
96dcxvnjng,mfgb,5,3,critical,fzd,wupu,wupu,1,0,0,mbs,wupu,mzd,ngapapu,,,,,,1,104,962870,10282
96dcxvnjng,mfgb,5,3,catch,mbs,wupu,wupu,1,0,0,mbs,wupu,mzd,ngapapu,,,,,False,1,105,966687,3811
96dcxvnjng,mfgb,5,3,critical,fzs,ngapapu,wupu,0,0,0,mbs,wupu,mzd,ngapapu,,,,,,0,106,975551,8856
96dcxvnjng,mfgb,5,3,critical,mzs,wupu,ngapapu,0,0,0,mbs,wupu,mzd,ngapapu,,,,,,1,107,983198,7641
96dcxvnjng,mfgb,5,3,critical,mbd,ngapapu,wupu,0,0,0,mbs,wupu,mzd,ngapapu,,,,,,0,108,985717,2509
96dcxvnjng,mfgb,5,3,critical,,DONE,,0,0,1,mbs,wupu,mzd,ngapapu,,,,,,5,109,987162,1435
96dcxvnjng,mfgb,6,6,critical,mzd,svik,svik,1,0,0,mbs,tsåvvses,fzs,svik,,,,,,1,121,1047064,9347
96dcxvnjng,mfgb,6,6,critical,mbd,svik,tsåvvses,0,0,0,mbs,tsåvvses,fzs,svik,,,,,,1,122,1054545,7474
96dcxvnjng,mfgb,6,6,catch,fzs,svik,svik,1,0,0,mbs,tsåvvses,fzs,svik,,,,,False,1,123,1061011,6459
96dcxvnjng,mfgb,6,6,critical,fbs,tsåvvses,svik,0,0,0,mbs,tsåvvses,fzs,svik,,,,,,2,124,1063794,2775
96dcxvnjng,mfgb,6,6,critical,mzs,tsåvvses,svik,0,0,0,mbs,tsåvvses,fzs,svik,,,,,,2,125,1065702,1898
96dcxvnjng,mfgb,6,6,critical,fbd,svik,svik,1,0,0,mbs,tsåvvses,fzs,svik,,,,,,1,126,1068737,3026
96dcxvnjng,mfgb,6,6,critical,fzd,tsåvvses,svik,0,0,0,mbs,tsåvvses,fzs,svik,,,,,,2,127,1077295,8550
96dcxvnjng,mfgb,6,6,critical,,DONE,,0,0,1,mbs,tsåvvses,fzs,svik,,,,,,5,128,1078765,1462
96dcxvnjng,mfgb,7,4,critical,fbs,adeçim,adeçim,1,0,0,fbd,adeçim,mbs,orinoçim,,,,,,2,140,1133538,4955
96dcxvnjng,mfgb,7,4,critical,fzs,adeçim,orinoçim,0,0,0,fbd,adeçim,mbs,orinoçim,,,,,,2,141,1141958,8415
96dcxvnjng,mfgb,7,4,critical,fzd,adeçim,orinoçim,0,0,0,fbd,adeçim,mbs,orinoçim,,,,,,2,142,1145685,3719
96dcxvnjng,mfgb,7,4,critical,mzs,adeçim,orinoçim,0,0,0,fbd,adeçim,mbs,orinoçim,,,,,,2,143,1153586,7894
96dcxvnjng,mfgb,7,4,critical,mbd,adeçim,orinoçim,0,0,0,fbd,adeçim,mbs,orinoçim,,,,,,2,144,1161156,7560
96dcxvnjng,mfgb,7,4,catch,fbd,adeçim,adeçim,1,0,0,fbd,adeçim,mbs,orinoçim,,,,,False,2,145,1170264,9100
96dcxvnjng,mfgb,7,4,critical,mzd,adeçim,orinoçim,0,0,0,fbd,adeçim,mbs,orinoçim,,,,,,2,146,1173388,3116
96dcxvnjng,mfgb,7,4,critical,,DONE,,0,0,1,fbd,adeçim,mbs,orinoçim,,,,,,5,147,1175243,1845
96dcxvnjng,mfgb,8,1,critical,mbd,ulywaf,awupav,0,0,0,fzd,ulywaf,mzd,awupav,,,,,,1,159,1201457,3145
96dcxvnjng,mfgb,8,1,critical,mzs,awupav,awupav,1,0,0,fzd,ulywaf,mzd,awupav,,,,,,0,160,1210233,8769
96dcxvnjng,mfgb,8,1,critical,fbd,awupav,ulywaf,0,0,0,fzd,ulywaf,mzd,awupav,,,,,,0,161,1217914,7674
96dcxvnjng,mfgb,8,1,critical,fbs,ulywaf,ulywaf,1,0,0,fzd,ulywaf,mzd,awupav,,,,,,1,162,1221696,3779
96dcxvnjng,mfgb,8,1,critical,mbs,awupav,awupav,1,0,0,fzd,ulywaf,mzd,awupav,,,,,,0,163,1225284,3584
96dcxvnjng,mfgb,8,1,catch,fzd,ulywaf,ulywaf,1,0,0,fzd,ulywaf,mzd,awupav,,,,,False,1,164,1229842,4548
96dcxvnjng,mfgb,8,1,critical,fzs,ulywaf,ulywaf,1,0,0,fzd,ulywaf,mzd,awupav,,,,,,1,165,1231208,1359
96dcxvnjng,mfgb,8,1,critical,,DONE,,0,0,1,fzd,ulywaf,mzd,awupav,,,,,,5,166,1232634,1419
3efko77scp,fmgb,1,3,catch,mzs,ømenad,ømenad,1,0,0,fzd,uquçun,mzs,ømenad,,,,,False,1,26,199599,9939
3efko77scp,fmgb,1,3,critical,mbd,adeçim,uquçun,0,0,0,fzd,uquçun,mzs,ømenad,mbd,adeçim,,,,2,27,232900,33297
3efko77scp,fmgb,1,3,critical,fbs,ømenad,ømenad,1,0,0,fzd,uquçun,mzs,ømenad,mbd,adeçim,,,,1,28,244816,11913
3efko77scp,fmgb,1,3,critical,fzs,adeçim,uquçun,0,0,0,fzd,uquçun,mzs,ømenad,mbd,adeçim,fzs,adeçim,,2,29,253482,8663
3efko77scp,fmgb,1,3,critical,fbd,iqur,ømenad,0,0,0,fzd,uquçun,mzs,ømenad,mbd,adeçim,fzs,adeçim,,0,30,263065,9581
3efko77scp,fmgb,1,3,critical,mbs,uquçun,uquçun,1,0,0,fzd,uquçun,mzs,ømenad,mbd,adeçim,fzs,adeçim,,3,31,267499,4432
3efko77scp,fmgb,1,3,critical,mzd,iqur,ømenad,0,0,0,fzd,uquçun,mzs,ømenad,mbd,adeçim,fzs,adeçim,,0,32,270023,2521
3efko77scp,fmgb,1,3,critical,,DONE,,0,0,1,fzd,uquçun,mzs,ømenad,mbd,adeçim,fzs,adeçim,,5,33,273731,3706
3efko77scp,fmgb,2,7,critical,fzs,ilug,ilug,1,0,0,mzd,otev,fzd,ilug,,,,,,1,45,312076,2663
3efko77scp,fmgb,2,7,critical,mzs,otev,otev,1,0,0,mzd,otev,fzd,ilug,,,,,,0,46,316472,4394
3efko77scp,fmgb,2,7,critical,mbs,ilug,ilug,1,0,0,mzd,otev,fzd,ilug,,,,,,1,47,319249,2775
3efko77scp,fmgb,2,7,critical,mbd,ilug,ilug,1,0,0,mzd,otev,fzd,ilug,,,,,,1,48,319950,698
3efko77scp,fmgb,2,7,critical,fbd,otev,ilug,0,0,0,mzd,otev,fzd,ilug,,,,,,0,49,321925,1973
3efko77scp,fmgb,2,7,catch,fzd,ilug,ilug,1,0,0,mzd,otev,fzd,ilug,,,,,False,1,50,328016,6089
3efko77scp,fmgb,2,7,critical,fbs,otev,ilug,0,0,0,mzd,otev,fzd,ilug,,,,,,0,51,335395,7377
3efko77scp,fmgb,2,7,critical,,DONE,,0,0,1,mzd,otev,fzd,ilug,,,,,,5,52,342517,7119
3efko77scp,fmgb,3,1,critical,fzd,žbodu,nžodo,0,0,0,fzs,nžodo,mzd,žbodu,,,,,,1,64,378247,18742
3efko77scp,fmgb,3,1,critical,mbs,nžodo,žbodu,0,0,0,fzs,nžodo,mzd,žbodu,,,,,,3,65,382121,3871
3efko77scp,fmgb,3,1,critical,fbd,žbodu,nžodo,0,0,0,fzs,nžodo,mzd,žbodu,,,,,,1,66,386631,4508
3efko77scp,fmgb,3,1,critical,mzs,nžodo,žbodu,0,0,0,fzs,nžodo,mzd,žbodu,,,,,,3,67,392889,6255
3efko77scp,fmgb,3,1,critical,fbs,nžodo,nžodo,1,0,0,fzs,nžodo,mzd,žbodu,,,,,,3,68,395271,2380
3efko77scp,fmgb,3,1,catch,mzd,žbodu,žbodu,1,0,0,fzs,nžodo,mzd,žbodu,,,,,False,1,69,400086,4813
3efko77scp,fmgb,3,1,critical,mbd,žbodu,žbodu,1,0,0,fzs,nžodo,mzd,žbodu,,,,,,1,70,402494,2406
3efko77scp,fmgb,3,1,critical,,DONE,,0,0,1,fzs,nžodo,mzd,žbodu,,,,,,5,71,403985,1488
3efko77scp,fmgb,4,4,critical,mbd,nyumuo,nyumuo,1,0,0,fbs,qăo,mzd,nyumuo,,,,,,3,83,429406,15009
3efko77scp,fmgb,4,4,critical,fzd,nyumuo,nyumuo,1,0,0,fbs,qăo,mzd,nyumuo,,,,,,3,84,433126,3718
3efko77scp,fmgb,4,4,catch,fbs,qăo,qăo,1,0,0,fbs,qăo,mzd,nyumuo,,,,,False,0,85,436057,2928
3efko77scp,fmgb,4,4,critical,fbd,nyumuo,qăo,0,0,0,fbs,qăo,mzd,nyumuo,,,,,,3,86,440580,4521
3efko77scp,fmgb,4,4,critical,mbs,qăo,nyumuo,0,0,0,fbs,qăo,mzd,nyumuo,,,,,,0,87,444454,3872
3efko77scp,fmgb,4,4,critical,fzs,qăo,nyumuo,0,0,0,fbs,qăo,mzd,nyumuo,,,,,,0,88,445906,1450
3efko77scp,fmgb,4,4,critical,mzs,qăo,nyumuo,0,0,0,fbs,qăo,mzd,nyumuo,,,,,,0,89,446951,1042
3efko77scp,fmgb,4,4,critical,,DONE,,0,0,1,fbs,qăo,mzd,nyumuo,,,,,,5,90,449512,2558
3efko77scp,fmgb,5,6,critical,fbd,svik,ktåvrhus,0,0,0,mbs,sfêvdok,fzs,ktåvrhus,fbd,svik,,,,2,102,491969,28693
3efko77scp,fmgb,5,6,critical,fbs,ktåvrhus,ktåvrhus,1,0,0,mbs,sfêvdok,fzs,ktåvrhus,fbd,svik,,,,0,103,494390,2418
3efko77scp,fmgb,5,6,critical,mzs,sfêvdok,ktåvrhus,0,0,0,mbs,sfêvdok,fzs,ktåvrhus,fbd,svik,,,,3,104,499167,4775
3efko77scp,fmgb,5,6,critical,mbd,rhymsvåd,sfêvdok,0,0,0,mbs,sfêvdok,fzs,ktåvrhus,fbd,svik,mbd,rhymsvåd,,1,105,506494,7324
3efko77scp,fmgb,5,6,catch,mbs,sfêvdok,sfêvdok,1,0,0,mbs,sfêvdok,fzs,ktåvrhus,fbd,svik,mbd,rhymsvåd,False,3,106,509437,2941
3efko77scp,fmgb,5,6,critical,fzd,svik,ktåvrhus,0,0,0,mbs,sfêvdok,fzs,ktåvrhus,fbd,svik,mbd,rhymsvåd,,2,107,512075,2635
3efko77scp,fmgb,5,6,critical,mzd,rhymsvåd,ktåvrhus,0,0,0,mbs,sfêvdok,fzs,ktåvrhus,fbd,svik,mbd,rhymsvåd,,1,108,514445,2367
3efko77scp,fmgb,5,6,critical,,DONE,,0,0,1,mbs,sfêvdok,fzs,ktåvrhus,fbd,svik,mbd,rhymsvåd,,5,109,516344,1897
3efko77scp,fmgb,6,2,critical,mbs,möïtu,canšuehu,0,0,0,fbd,canšuehu,mzd,töeqo,mbs,möïtu,,,,1,121,548515,23226
3efko77scp,fmgb,6,2,critical,mbd,töeqo,canšuehu,0,0,0,fbd,canšuehu,mzd,töeqo,mbs,möïtu,,,,0,122,550796,2278
3efko77scp,fmgb,6,2,critical,fzs,yaöpe,töeqo,0,0,0,fbd,canšuehu,mzd,töeqo,mbs,möïtu,fzs,yaöpe,,3,123,556454,5656
3efko77scp,fmgb,6,2,catch,fbd,canšuehu,canšuehu,1,0,0,fbd,canšuehu,mzd,töeqo,mbs,möïtu,fzs,yaöpe,False,2,124,558581,2125
3efko77scp,fmgb,6,2,critical,mzs,möïtu,töeqo,0,0,0,fbd,canšuehu,mzd,töeqo,mbs,möïtu,fzs,yaöpe,,1,125,561385,2801
3efko77scp,fmgb,6,2,critical,fzd,canšuehu,töeqo,0,0,0,fbd,canšuehu,mzd,töeqo,mbs,möïtu,fzs,yaöpe,,2,126,564302,2915
3efko77scp,fmgb,6,2,critical,fbs,yaöpe,canšuehu,0,0,0,fbd,canšuehu,mzd,töeqo,mbs,möïtu,fzs,yaöpe,,3,127,566850,2546
3efko77scp,fmgb,6,2,critical,,DONE,,0,0,1,fbd,canšuehu,mzd,töeqo,mbs,möïtu,fzs,yaöpe,,5,128,568265,1412
3efko77scp,fmgb,7,0,critical,mbs,lawolu,lawolu,1,0,0,mzd,lawolu,z,powisunge,,,,,,3,138,586498,11159
3efko77scp,fmgb,7,0,critical,mzs,lawolu,lawolu,1,0,0,mzd,lawolu,z,powisunge,,,,,,3,139,587696,1196
3efko77scp,fmgb,7,0,critical,b,powisunge,powisunge,1,0,0,mzd,lawolu,z,powisunge,,,,,,0,140,595609,7911
3efko77scp,fmgb,7,0,critical,fbd,lawolu,lawolu,1,0,0,mzd,lawolu,z,powisunge,,,,,,3,141,600170,4559
3efko77scp,fmgb,7,0,critical,fbs,lawolu,lawolu,1,0,0,mzd,lawolu,z,powisunge,,,,,,3,142,601598,1425
3efko77scp,fmgb,7,0,critical,fzd,lawolu,lawolu,1,0,0,mzd,lawolu,z,powisunge,,,,,,3,143,602565,965
3efko77scp,fmgb,7,0,critical,fzs,lawolu,lawolu,1,0,0,mzd,lawolu,z,powisunge,,,,,,3,144,604235,1666
3efko77scp,fmgb,7,0,critical,mbd,lawolu,lawolu,1,0,0,mzd,lawolu,z,powisunge,,,,,,3,145,605700,1463
3efko77scp,fmgb,7,0,catch,z,powisunge,powisunge,1,0,0,mzd,lawolu,z,powisunge,,,,,False,0,146,608515,2813
3efko77scp,fmgb,7,0,critical,,DONE,,0,0,1,mzd,lawolu,z,powisunge,,,,,,5,147,612950,4432
3efko77scp,fmgb,8,5,critical,fzd,ryvïri,ryvïri,1,0,0,fzs,ryvïri,mbs,męwaqïfe,,,,,,2,159,647020,6050
3efko77scp,fmgb,8,5,critical,mbd,męwaqïfe,męwaqïfe,1,0,0,fzs,ryvïri,mbs,męwaqïfe,,,,,,0,160,650435,3412
3efko77scp,fmgb,8,5,critical,mzd,męwaqïfe,męwaqïfe,1,0,0,fzs,ryvïri,mbs,męwaqïfe,,,,,,0,161,652232,1795
3efko77scp,fmgb,8,5,critical,fbd,ryvïri,męwaqïfe,0,0,0,fzs,ryvïri,mbs,męwaqïfe,,,,,,2,162,655152,2917
3efko77scp,fmgb,8,5,critical,mzs,męwaqïfe,męwaqïfe,1,0,0,fzs,ryvïri,mbs,męwaqïfe,,,,,,0,163,657266,2112
3efko77scp,fmgb,8,5,catch,mbs,męwaqïfe,męwaqïfe,1,0,0,fzs,ryvïri,mbs,męwaqïfe,,,,,False,0,164,657369,101
3efko77scp,fmgb,8,5,critical,fbs,ryvïri,męwaqïfe,0,0,0,fzs,ryvïri,mbs,męwaqïfe,,,,,,2,165,659980,2608
3efko77scp,fmgb,8,5,critical,,DONE,,0,0,1,fzs,ryvïri,mbs,męwaqïfe,,,,,,5,166,666375,6393
by11zvzmpo,mfgb,1,3,critical,mbd,šïïnö,šïïnö,1,0,0,fzs,šïïnö,fbs,beiguumu,,,,,,2,26,99758,11998
by11zvzmpo,mfgb,1,3,critical,fzd,šïïnö,šïïnö,1,0,0,fzs,šïïnö,fbs,beiguumu,,,,,,2,27,102959,3197
by11zvzmpo,mfgb,1,3,critical,mbs,beiguumu,šïïnö,0,0,0,fzs,šïïnö,fbs,beiguumu,,,,,,3,28,106591,3630
by11zvzmpo,mfgb,1,3,catch,fzs,šïïnö,šïïnö,1,0,0,fzs,šïïnö,fbs,beiguumu,,,,,False,2,29,111919,5326
by11zvzmpo,mfgb,1,3,critical,mzd,šïïnö,beiguumu,0,0,0,fzs,šïïnö,fbs,beiguumu,,,,,,2,30,116831,4909
by11zvzmpo,mfgb,1,3,critical,fbd,šïïnö,beiguumu,0,0,0,fzs,šïïnö,fbs,beiguumu,,,,,,2,31,118327,1494
by11zvzmpo,mfgb,1,3,critical,mzs,beiguumu,beiguumu,1,0,0,fzs,šïïnö,fbs,beiguumu,,,,,,3,32,119247,918
by11zvzmpo,mfgb,1,3,critical,,DONE,,0,0,1,fzs,šïïnö,fbs,beiguumu,,,,,,5,33,122822,3573
by11zvzmpo,mfgb,2,6,critical,mbd,baumiă,hyonăo,0,0,0,mbs,hyonăo,fzs,baumiă,,,,,,2,45,216883,36640
by11zvzmpo,mfgb,2,6,catch,fzs,baumiă,baumiă,1,0,0,mbs,hyonăo,fzs,baumiă,,,,,False,2,46,221483,4597
by11zvzmpo,mfgb,2,6,critical,mzd,hyonăo,baumiă,0,0,0,mbs,hyonăo,fzs,baumiă,,,,,,3,47,232483,10998
by11zvzmpo,mfgb,2,6,critical,fbd,hyonăo,baumiă,0,0,0,mbs,hyonăo,fzs,baumiă,,,,,,3,48,235675,3190
by11zvzmpo,mfgb,2,6,critical,fbs,baumiă,baumiă,1,0,0,mbs,hyonăo,fzs,baumiă,,,,,,2,49,236875,1198
by11zvzmpo,mfgb,2,6,critical,mzs,baumiă,baumiă,1,0,0,mbs,hyonăo,fzs,baumiă,,,,,,2,50,237860,982
by11zvzmpo,mfgb,2,6,critical,fzd,hyonăo,baumiă,0,0,0,mbs,hyonăo,fzs,baumiă,,,,,,3,51,239612,1750
by11zvzmpo,mfgb,2,6,critical,,DONE,,0,0,1,mbs,hyonăo,fzs,baumiă,,,,,,5,52,240691,1077
by11zvzmpo,mfgb,3,4,critical,mbd,kvurddåh,kvurddåh,1,0,0,fbd,smêvskêv,mzd,kvurddåh,,,,,,0,64,316784,1935
by11zvzmpo,mfgb,3,4,critical,fzs,sfêvdok,kvurddåh,0,0,0,fbd,smêvskêv,mzd,kvurddåh,fzs,sfêvdok,,,,3,65,334247,17461
by11zvzmpo,mfgb,3,4,critical,fzd,kvurddåh,kvurddåh,1,0,0,fbd,smêvskêv,mzd,kvurddåh,fzs,sfêvdok,,,,0,66,336704,2455
by11zvzmpo,mfgb,3,4,critical,mzs,sfêvdok,kvurddåh,0,0,0,fbd,smêvskêv,mzd,kvurddåh,fzs,sfêvdok,mzs,sfêvdok,,3,67,338207,1501
by11zvzmpo,mfgb,3,4,catch,fbd,smêvskêv,smêvskêv,1,0,0,fbd,smêvskêv,mzd,kvurddåh,fzs,sfêvdok,mzs,sfêvdok,False,1,68,341911,3702
by11zvzmpo,mfgb,3,4,critical,fbs,smêvskêv,smêvskêv,1,0,0,fbd,smêvskêv,mzd,kvurddåh,fzs,sfêvdok,mzs,sfêvdok,,1,69,350457,8544
by11zvzmpo,mfgb,3,4,critical,mbs,sfêvdok,kvurddåh,0,0,0,fbd,smêvskêv,mzd,kvurddåh,fzs,sfêvdok,mzs,sfêvdok,,3,70,351696,1235
by11zvzmpo,mfgb,3,4,critical,,DONE,,0,0,1,fbd,smêvskêv,mzd,kvurddåh,fzs,sfêvdok,mzs,sfêvdok,,5,71,353041,1343
by11zvzmpo,mfgb,4,5,catch,fzs,powisunge,powisunge,1,0,0,fzs,powisunge,mbd,luge,,,,,False,2,83,461228,3022
by11zvzmpo,mfgb,4,5,critical,fbd,luge,luge,1,0,0,fzs,powisunge,mbd,luge,,,,,,1,84,462637,1406
by11zvzmpo,mfgb,4,5,critical,fbs,powisunge,luge,0,0,0,fzs,powisunge,mbd,luge,,,,,,2,85,463941,1301
by11zvzmpo,mfgb,4,5,critical,mbs,powisunge,luge,0,0,0,fzs,powisunge,mbd,luge,,,,,,2,86,466222,2278
by11zvzmpo,mfgb,4,5,critical,mzs,powisunge,luge,0,0,0,fzs,powisunge,mbd,luge,,,,,,2,87,467196,972
by11zvzmpo,mfgb,4,5,critical,fzd,luge,powisunge,0,0,0,fzs,powisunge,mbd,luge,,,,,,1,88,468876,1678
by11zvzmpo,mfgb,4,5,critical,mzd,luge,luge,1,0,0,fzs,powisunge,mbd,luge,,,,,,1,89,469508,630
by11zvzmpo,mfgb,4,5,critical,,DONE,,0,0,1,fzs,powisunge,mbd,luge,,,,,,5,90,471357,1846
by11zvzmpo,mfgb,5,2,critical,fzs,egezalat,ulywaf,0,0,0,mbs,egezalat,mzd,ulywaf,,,,,,0,102,498278,2375
by11zvzmpo,mfgb,5,2,critical,fbd,ulywaf,egezalat,0,0,0,mbs,egezalat,mzd,ulywaf,,,,,,2,103,500645,2365
by11zvzmpo,mfgb,5,2,critical,mbd,ulywaf,egezalat,0,0,0,mbs,egezalat,mzd,ulywaf,,,,,,2,104,502013,1366
by11zvzmpo,mfgb,5,2,critical,fzd,ulywaf,ulywaf,1,0,0,mbs,egezalat,mzd,ulywaf,,,,,,2,105,503527,1511
by11zvzmpo,mfgb,5,2,critical,mzs,egezalat,ulywaf,0,0,0,mbs,egezalat,mzd,ulywaf,,,,,,0,106,507598,4068
by11zvzmpo,mfgb,5,2,critical,fbs,egezalat,egezalat,1,0,0,mbs,egezalat,mzd,ulywaf,,,,,,0,107,508198,598
by11zvzmpo,mfgb,5,2,catch,mzd,ulywaf,ulywaf,1,0,0,mbs,egezalat,mzd,ulywaf,,,,,False,2,108,509605,1406
by11zvzmpo,mfgb,5,2,critical,,DONE,,0,0,1,mbs,egezalat,mzd,ulywaf,,,,,,5,109,510661,1054
by11zvzmpo,mfgb,6,0,critical,mbs,ryvïri,ryvïri,1,0,0,fbd,ryvïri,z,kïmy,,,,,,2,119,531654,9558
by11zvzmpo,mfgb,6,0,critical,mbd,kïmy,ryvïri,0,0,0,fbd,ryvïri,z,kïmy,,,,,,3,120,533646,1989
by11zvzmpo,mfgb,6,0,catch,z,kïmy,kïmy,1,0,0,fbd,ryvïri,z,kïmy,,,,,False,3,121,535671,2022
by11zvzmpo,mfgb,6,0,critical,mzs,ryvïri,ryvïri,1,0,0,fbd,ryvïri,z,kïmy,,,,,,2,122,537198,1525
by11zvzmpo,mfgb,6,0,critical,mzd,UNDO,ryvïri,0,1,0,fbd,ryvïri,z,kïmy,,,,,,4,123,543504,6303
by11zvzmpo,mfgb,6,0,critical,mzs,UNDO,ryvïri,0,1,0,fbd,ryvïri,z,kïmy,,,,,,4,124,543935,428
by11zvzmpo,mfgb,6,0,critical,mbd,UNDO,ryvïri,0,1,0,fbd,ryvïri,z,kïmy,,,,,,4,125,544286,350
by11zvzmpo,mfgb,6,0,critical,mbs,bokokohï,ryvïri,0,0,0,fbd,ryvïri,z,kïmy,mbs,bokokohï,,,,0,126,548815,4526
by11zvzmpo,mfgb,6,0,critical,mbd,ryvïri,ryvïri,1,0,0,fbd,ryvïri,z,kïmy,mbs,bokokohï,,,,2,127,550431,1613
by11zvzmpo,mfgb,6,0,critical,mzs,bokokohï,ryvïri,0,0,0,fbd,ryvïri,z,kïmy,mbs,bokokohï,,,,0,128,551391,958
by11zvzmpo,mfgb,6,0,critical,mzd,ryvïri,ryvïri,1,0,0,fbd,ryvïri,z,kïmy,mbs,bokokohï,,,,2,129,552463,1070
by11zvzmpo,mfgb,6,0,critical,fzd,ryvïri,ryvïri,1,0,0,fbd,ryvïri,z,kïmy,mbs,bokokohï,,,,2,130,554448,1982
by11zvzmpo,mfgb,6,0,critical,fzs,bokokohï,ryvïri,0,0,0,fbd,ryvïri,z,kïmy,mbs,bokokohï,,,,0,131,555287,837
by11zvzmpo,mfgb,6,0,critical,b,lobowaby,kïmy,0,0,0,fbd,ryvïri,z,kïmy,mbs,bokokohï,b,lobowaby,,1,132,561375,6086
by11zvzmpo,mfgb,6,0,critical,fbs,bokokohï,ryvïri,0,0,0,fbd,ryvïri,z,kïmy,mbs,bokokohï,b,lobowaby,,0,133,563863,2486
by11zvzmpo,mfgb,6,0,critical,,DONE,,0,0,1,fbd,ryvïri,z,kïmy,mbs,bokokohï,b,lobowaby,,5,134,564832,966
by11zvzmpo,mfgb,7,7,critical,mbd,adeçim,adeçim,1,0,0,mzs,aqinudød,fbd,adeçim,,,,,,0,146,628586,2703
by11zvzmpo,mfgb,7,7,catch,mzs,aqinudød,aqinudød,1,0,0,mzs,aqinudød,fbd,adeçim,,,,,False,1,147,630474,1886
by11zvzmpo,mfgb,7,7,critical,mbs,aqinudød,adeçim,0,0,0,mzs,aqinudød,fbd,adeçim,,,,,,1,148,631538,1062
by11zvzmpo,mfgb,7,7,critical,mzd,adeçim,aqinudød,0,0,0,mzs,aqinudød,fbd,adeçim,,,,,,0,149,633243,1702
by11zvzmpo,mfgb,7,7,critical,fbs,aqinudød,adeçim,0,0,0,mzs,aqinudød,fbd,adeçim,,,,,,1,150,634393,1148
by11zvzmpo,mfgb,7,7,critical,fzs,aqinudød,adeçim,0,0,0,mzs,aqinudød,fbd,adeçim,,,,,,1,151,635266,871
by11zvzmpo,mfgb,7,7,critical,fzd,adeçim,adeçim,1,0,0,mzs,aqinudød,fbd,adeçim,,,,,,0,152,636050,781
by11zvzmpo,mfgb,7,7,critical,,DONE,,0,0,1,mzs,aqinudød,fbd,adeçim,,,,,,5,153,637130,1078
by11zvzmpo,mfgb,8,1,critical,mzd,nžodo,vruži,0,0,0,fbs,cžunge,mbs,vruži,mzd,nžodo,,,,0,165,682627,16775
by11zvzmpo,mfgb,8,1,catch,mbs,vruži,vruži,1,0,0,fbs,cžunge,mbs,vruži,mzd,nžodo,,,False,1,166,684171,1541
by11zvzmpo,mfgb,8,1,critical,fbd,nžodo,cžunge,0,0,0,fbs,cžunge,mbs,vruži,mzd,nžodo,fbd,nžodo,,0,167,691228,7055
by11zvzmpo,mfgb,8,1,critical,fzd,nžodo,cžunge,0,0,0,fbs,cžunge,mbs,vruži,mzd,nžodo,fbd,nžodo,,0,168,696004,4775
by11zvzmpo,mfgb,8,1,critical,fzs,cžunge,cžunge,1,0,0,fbs,cžunge,mbs,vruži,mzd,nžodo,fbd,nžodo,,2,169,698076,2070
by11zvzmpo,mfgb,8,1,critical,mbd,nžodo,vruži,0,0,0,fbs,cžunge,mbs,vruži,mzd,nžodo,fbd,nžodo,,0,170,700941,2862
by11zvzmpo,mfgb,8,1,critical,mzs,vruži,vruži,1,0,0,fbs,cžunge,mbs,vruži,mzd,nžodo,fbd,nžodo,,1,171,702589,1646
by11zvzmpo,mfgb,8,1,critical,,DONE,,0,0,1,fbs,cžunge,mbs,vruži,mzd,nžodo,fbd,nžodo,,5,172,704117,1526
kbnum3y523,fmgb,1,2,critical,mzd,ktot,tsåvvses,0,0,0,mbd,ktot,fzd,tsåvvses,,,,,,1,26,125896,5833
kbnum3y523,fmgb,1,2,catch,mbd,ktot,ktot,1,0,0,mbd,ktot,fzd,tsåvvses,,,,,False,1,27,142770,16869
kbnum3y523,fmgb,1,2,critical,mbs,ktot,ktot,1,0,0,mbd,ktot,fzd,tsåvvses,,,,,,1,28,166834,24059
kbnum3y523,fmgb,1,2,critical,fzs,tsåvvses,tsåvvses,1,0,0,mbd,ktot,fzd,tsåvvses,,,,,,0,29,172385,5543
kbnum3y523,fmgb,1,2,critical,mzs,ktot,tsåvvses,0,0,0,mbd,ktot,fzd,tsåvvses,,,,,,1,30,173871,1479
kbnum3y523,fmgb,1,2,critical,fbd,tsåvvses,ktot,0,0,0,mbd,ktot,fzd,tsåvvses,,,,,,0,31,175983,2102
kbnum3y523,fmgb,1,2,critical,fbs,tsåvvses,ktot,0,0,0,mbd,ktot,fzd,tsåvvses,,,,,,0,32,177376,1384
kbnum3y523,fmgb,1,2,critical,,DONE,,0,0,1,mbd,ktot,fzd,tsåvvses,,,,,,5,33,179547,2165
kbnum3y523,fmgb,2,1,critical,fbd,awupav,awupav,1,0,0,fzs,awupav,mzd,agivud,,,,,,1,45,216813,5594
kbnum3y523,fmgb,2,1,critical,fbs,awupav,awupav,1,0,0,fzs,awupav,mzd,agivud,,,,,,1,46,218571,1752
kbnum3y523,fmgb,2,1,critical,mbs,agivud,agivud,1,0,0,fzs,awupav,mzd,agivud,,,,,,0,47,221587,3011
kbnum3y523,fmgb,2,1,catch,mzd,agivud,agivud,1,0,0,fzs,awupav,mzd,agivud,,,,,False,0,48,227609,6017
kbnum3y523,fmgb,2,1,critical,mzs,agivud,agivud,1,0,0,fzs,awupav,mzd,agivud,,,,,,0,49,228733,1121
kbnum3y523,fmgb,2,1,critical,mbd,agivud,agivud,1,0,0,fzs,awupav,mzd,agivud,,,,,,0,50,229717,973
kbnum3y523,fmgb,2,1,critical,fzd,awupav,awupav,1,0,0,fzs,awupav,mzd,agivud,,,,,,1,51,231171,1443
kbnum3y523,fmgb,2,1,critical,,DONE,,0,0,1,fzs,awupav,mzd,agivud,,,,,,5,52,233872,2697
kbnum3y523,fmgb,3,7,critical,fbs,uquçun,uquçun,1,0,0,mzs,orinoçim,mbs,uquçun,,,,,,3,64,281749,4250
kbnum3y523,fmgb,3,7,catch,mzs,orinoçim,orinoçim,1,0,0,mzs,orinoçim,mbs,uquçun,,,,,False,0,65,287538,5782
kbnum3y523,fmgb,3,7,critical,fbd,uquçun,uquçun,1,0,0,mzs,orinoçim,mbs,uquçun,,,,,,3,66,297119,9575
kbnum3y523,fmgb,3,7,critical,fzs,orinoçim,uquçun,0,0,0,mzs,orinoçim,mbs,uquçun,,,,,,0,67,309246,12116
kbnum3y523,fmgb,3,7,critical,mzd,orinoçim,orinoçim,1,0,0,mzs,orinoçim,mbs,uquçun,,,,,,0,68,312183,2932
kbnum3y523,fmgb,3,7,critical,mbd,orinoçim,uquçun,0,0,0,mzs,orinoçim,mbs,uquçun,,,,,,0,69,314363,2176
kbnum3y523,fmgb,3,7,critical,fzd,uquçun,uquçun,1,0,0,mzs,orinoçim,mbs,uquçun,,,,,,3,70,320482,6114
kbnum3y523,fmgb,3,7,critical,,UNDO,,0,1,0,mzs,orinoçim,mbs,uquçun,,,,,,4,71,324004,3516
kbnum3y523,fmgb,3,7,critical,fzd,UNDO,uquçun,0,1,0,mzs,orinoçim,mbs,uquçun,,,,,,4,72,328027,4019
kbnum3y523,fmgb,3,7,critical,mbd,UNDO,uquçun,0,1,0,mzs,orinoçim,mbs,uquçun,,,,,,4,73,328915,881
kbnum3y523,fmgb,3,7,critical,mzd,UNDO,orinoçim,0,1,0,mzs,orinoçim,mbs,uquçun,,,,,,4,74,329366,441
kbnum3y523,fmgb,3,7,critical,fzs,UNDO,uquçun,0,1,0,mzs,orinoçim,mbs,uquçun,,,,,,4,75,329767,391
kbnum3y523,fmgb,3,7,critical,fbd,uquçun,uquçun,1,0,0,mzs,orinoçim,mbs,uquçun,,,,,,3,76,332025,2252
kbnum3y523,fmgb,3,7,critical,fzs,uquçun,uquçun,1,0,0,mzs,orinoçim,mbs,uquçun,,,,,,3,77,333665,1628
kbnum3y523,fmgb,3,7,critical,mzd,orinoçim,orinoçim,1,0,0,mzs,orinoçim,mbs,uquçun,,,,,,0,78,335932,2262
kbnum3y523,fmgb,3,7,critical,mbd,orinoçim,uquçun,0,0,0,mzs,orinoçim,mbs,uquçun,,,,,,0,79,337592,1656
kbnum3y523,fmgb,3,7,critical,fzd,uquçun,uquçun,1,0,0,mzs,orinoçim,mbs,uquçun,,,,,,3,80,346143,8545
kbnum3y523,fmgb,3,7,critical,,DONE,,0,0,1,mzs,orinoçim,mbs,uquçun,,,,,,5,81,347628,1479
kbnum3y523,fmgb,4,5,critical,mbs,baumiă,baumiă,1,0,0,fzd,gêă,fbs,baumiă,,,,,,0,93,398819,5896
kbnum3y523,fmgb,4,5,critical,fzs,gêă,gêă,1,0,0,fzd,gêă,fbs,baumiă,,,,,,2,94,401094,2266
kbnum3y523,fmgb,4,5,critical,mbd,baumiă,baumiă,1,0,0,fzd,gêă,fbs,baumiă,,,,,,0,95,402947,1846
kbnum3y523,fmgb,4,5,catch,fzd,gêă,gêă,1,0,0,fzd,gêă,fbs,baumiă,,,,,False,2,96,404715,1758
kbnum3y523,fmgb,4,5,critical,mzd,baumiă,baumiă,1,0,0,fzd,gêă,fbs,baumiă,,,,,,0,97,408477,3754
kbnum3y523,fmgb,4,5,critical,fbd,baumiă,baumiă,1,0,0,fzd,gêă,fbs,baumiă,,,,,,0,98,409265,783
kbnum3y523,fmgb,4,5,critical,mzs,baumiă,baumiă,1,0,0,fzd,gêă,fbs,baumiă,,,,,,0,99,409699,429
kbnum3y523,fmgb,4,5,critical,,DONE,,0,0,1,fzd,gêă,fbs,baumiă,,,,,,5,100,411554,1842
kbnum3y523,fmgb,5,6,critical,fbd,vbāžo,vbāžo,1,0,0,mbd,vruži,mzd,vbāžo,,,,,,0,112,432668,4467
kbnum3y523,fmgb,5,6,critical,mzs,vbāžo,vbāžo,1,0,0,mbd,vruži,mzd,vbāžo,,,,,,0,113,434024,1349
kbnum3y523,fmgb,5,6,critical,fbs,vbāžo,vbāžo,1,0,0,mbd,vruži,mzd,vbāžo,,,,,,0,114,435588,1559
kbnum3y523,fmgb,5,6,critical,fzs,vbāžo,vbāžo,1,0,0,mbd,vruži,mzd,vbāžo,,,,,,0,115,437299,1693
kbnum3y523,fmgb,5,6,critical,fzd,vbāžo,vbāžo,1,0,0,mbd,vruži,mzd,vbāžo,,,,,,0,116,438790,1488
kbnum3y523,fmgb,5,6,critical,mbs,vruži,vruži,1,0,0,mbd,vruži,mzd,vbāžo,,,,,,3,117,440474,1672
kbnum3y523,fmgb,5,6,catch,mzd,vbāžo,vbāžo,1,0,0,mbd,vruži,mzd,vbāžo,,,,,False,0,118,444136,3652
kbnum3y523,fmgb,5,6,critical,,DONE,,0,0,1,mbd,vruži,mzd,vbāžo,,,,,,5,119,445584,1439
kbnum3y523,fmgb,6,0,critical,mbd,pygele,pygele,1,0,0,mzs,pygele,z,wupu,,,,,,3,129,462663,2422
kbnum3y523,fmgb,6,0,critical,mbs,pygele,pygele,1,0,0,mzs,pygele,z,wupu,,,,,,3,130,463714,1047
kbnum3y523,fmgb,6,0,critical,b,wupu,wupu,1,0,0,mzs,pygele,z,wupu,,,,,,1,131,465582,1864
kbnum3y523,fmgb,6,0,critical,fzd,pygele,pygele,1,0,0,mzs,pygele,z,wupu,,,,,,3,132,467618,2031
kbnum3y523,fmgb,6,0,catch,z,wupu,wupu,1,0,0,mzs,pygele,z,wupu,,,,,False,1,133,470801,3178
kbnum3y523,fmgb,6,0,critical,mzd,pygele,pygele,1,0,0,mzs,pygele,z,wupu,,,,,,3,134,472615,1810
kbnum3y523,fmgb,6,0,critical,fbs,pygele,pygele,1,0,0,mzs,pygele,z,wupu,,,,,,3,135,473711,1090
kbnum3y523,fmgb,6,0,critical,fzs,pygele,pygele,1,0,0,mzs,pygele,z,wupu,,,,,,3,136,474469,752
kbnum3y523,fmgb,6,0,critical,fbd,pygele,pygele,1,0,0,mzs,pygele,z,wupu,,,,,,3,137,475691,1217
kbnum3y523,fmgb,6,0,critical,,DONE,,0,0,1,mzs,pygele,z,wupu,,,,,,5,138,478313,2613
kbnum3y523,fmgb,7,3,critical,fzs,męwaqïfe,kïmy,0,0,0,fzd,kïmy,fbs,męwaqïfe,,,,,,2,150,515137,16110
kbnum3y523,fmgb,7,3,critical,mbs,męwaqïfe,kïmy,0,0,0,fzd,kïmy,fbs,męwaqïfe,,,,,,2,151,518123,2983
kbnum3y523,fmgb,7,3,critical,mbd,kïmy,kïmy,1,0,0,fzd,kïmy,fbs,męwaqïfe,,,,,,0,152,520969,2841
kbnum3y523,fmgb,7,3,critical,mzs,męwaqïfe,męwaqïfe,1,0,0,fzd,kïmy,fbs,męwaqïfe,,,,,,2,153,523019,2042
kbnum3y523,fmgb,7,3,critical,mzd,kïmy,męwaqïfe,0,0,0,fzd,kïmy,fbs,męwaqïfe,,,,,,0,154,525348,2324
kbnum3y523,fmgb,7,3,critical,fbd,kïmy,męwaqïfe,0,0,0,fzd,kïmy,fbs,męwaqïfe,,,,,,0,155,528477,3124
kbnum3y523,fmgb,7,3,catch,fzd,kïmy,kïmy,1,0,0,fzd,kïmy,fbs,męwaqïfe,,,,,False,0,156,530666,2184
kbnum3y523,fmgb,7,3,critical,,DONE,,0,0,1,fzd,kïmy,fbs,męwaqïfe,,,,,,5,157,532487,1811
kbnum3y523,fmgb,8,4,critical,fzs,canšuehu,canšuehu,1,0,0,fbs,šïïnö,mbd,canšuehu,,,,,,1,169,553735,2719
kbnum3y523,fmgb,8,4,critical,mbs,canšuehu,canšuehu,1,0,0,fbs,šïïnö,mbd,canšuehu,,,,,,1,170,557833,4093
kbnum3y523,fmgb,8,4,critical,fbd,šïïnö,šïïnö,1,0,0,fbs,šïïnö,mbd,canšuehu,,,,,,0,171,560174,2336
kbnum3y523,fmgb,8,4,critical,fzd,canšuehu,canšuehu,1,0,0,fbs,šïïnö,mbd,canšuehu,,,,,,1,172,562385,2203
kbnum3y523,fmgb,8,4,catch,fbs,šïïnö,šïïnö,1,0,0,fbs,šïïnö,mbd,canšuehu,,,,,False,0,173,564381,1989
kbnum3y523,fmgb,8,4,critical,mzs,canšuehu,canšuehu,1,0,0,fbs,šïïnö,mbd,canšuehu,,,,,,1,174,566260,1871
kbnum3y523,fmgb,8,4,critical,mzd,canšuehu,canšuehu,1,0,0,fbs,šïïnö,mbd,canšuehu,,,,,,1,175,567214,951
kbnum3y523,fmgb,8,4,critical,,DONE,,0,0,1,fbs,šïïnö,mbd,canšuehu,,,,,,5,176,568723,1506
hq1zhqhwaa,mfgb,1,0,critical,fzd,tuumïhu,tuumïhu,1,0,0,fbs,tuumïhu,z,beiguumu,,,,,,1,24,135536,16333
hq1zhqhwaa,mfgb,1,0,critical,mzd,tuumïhu,tuumïhu,1,0,0,fbs,tuumïhu,z,beiguumu,,,,,,1,25,137538,1998
hq1zhqhwaa,mfgb,1,0,critical,mzs,tuumïhu,tuumïhu,1,0,0,fbs,tuumïhu,z,beiguumu,,,,,,1,26,138699,1158
hq1zhqhwaa,mfgb,1,0,critical,fbd,tuumïhu,tuumïhu,1,0,0,fbs,tuumïhu,z,beiguumu,,,,,,1,27,139825,1124
hq1zhqhwaa,mfgb,1,0,critical,b,beiguumu,beiguumu,1,0,0,fbs,tuumïhu,z,beiguumu,,,,,,2,28,142262,2434
hq1zhqhwaa,mfgb,1,0,critical,mbd,tuumïhu,tuumïhu,1,0,0,fbs,tuumïhu,z,beiguumu,,,,,,1,29,143699,1434
hq1zhqhwaa,mfgb,1,0,catch,z,beiguumu,beiguumu,1,0,0,fbs,tuumïhu,z,beiguumu,,,,,False,2,30,148825,5123
hq1zhqhwaa,mfgb,1,0,critical,mbs,tuumïhu,tuumïhu,1,0,0,fbs,tuumïhu,z,beiguumu,,,,,,1,31,150275,1447
hq1zhqhwaa,mfgb,1,0,critical,fzs,tuumïhu,tuumïhu,1,0,0,fbs,tuumïhu,z,beiguumu,,,,,,1,32,153056,2778
hq1zhqhwaa,mfgb,1,0,critical,,DONE,,0,0,1,fbs,tuumïhu,z,beiguumu,,,,,,5,33,155447,2388
hq1zhqhwaa,mfgb,2,2,catch,mzd,luge,luge,1,0,0,mbs,powisunge,mzd,luge,,,,,False,0,45,178058,3508
hq1zhqhwaa,mfgb,2,2,critical,mbd,luge,powisunge,0,0,0,mbs,powisunge,mzd,luge,,,,,,0,46,179748,1687
hq1zhqhwaa,mfgb,2,2,critical,fzs,powisunge,luge,0,0,0,mbs,powisunge,mzd,luge,,,,,,3,47,183893,4143
hq1zhqhwaa,mfgb,2,2,critical,fzd,luge,luge,1,0,0,mbs,powisunge,mzd,luge,,,,,,0,48,186752,2857
hq1zhqhwaa,mfgb,2,2,critical,fbs,powisunge,powisunge,1,0,0,mbs,powisunge,mzd,luge,,,,,,3,49,188447,1692
hq1zhqhwaa,mfgb,2,2,critical,fbd,luge,powisunge,0,0,0,mbs,powisunge,mzd,luge,,,,,,0,50,189623,1174
hq1zhqhwaa,mfgb,2,2,critical,mzs,powisunge,luge,0,0,0,mbs,powisunge,mzd,luge,,,,,,3,51,191355,1729
hq1zhqhwaa,mfgb,2,2,critical,,DONE,,0,0,1,mbs,powisunge,mzd,luge,,,,,,5,52,194976,3620
hq1zhqhwaa,mfgb,3,5,critical,mzd,tsåvvses,tsåvvses,1,0,0,fzs,vrêd,fbd,tsåvvses,,,,,,3,64,231104,10473
hq1zhqhwaa,mfgb,3,5,critical,fbs,vrêd,tsåvvses,0,0,0,fzs,vrêd,fbd,tsåvvses,,,,,,1,65,236765,5658
hq1zhqhwaa,mfgb,3,5,critical,fzd,tsåvvses,vrêd,0,0,0,fzs,vrêd,fbd,tsåvvses,,,,,,3,66,238616,1848
hq1zhqhwaa,mfgb,3,5,catch,fbd,tsåvvses,tsåvvses,1,0,0,fzs,vrêd,fbd,tsåvvses,,,,,False,3,67,240606,1987
hq1zhqhwaa,mfgb,3,5,critical,mbs,vrêd,tsåvvses,0,0,0,fzs,vrêd,fbd,tsåvvses,,,,,,1,68,242239,1631
hq1zhqhwaa,mfgb,3,5,critical,mzs,vrêd,tsåvvses,0,0,0,fzs,vrêd,fbd,tsåvvses,,,,,,1,69,244345,2103
hq1zhqhwaa,mfgb,3,5,critical,mbd,tsåvvses,tsåvvses,1,0,0,fzs,vrêd,fbd,tsåvvses,,,,,,3,70,245490,1142
hq1zhqhwaa,mfgb,3,5,critical,,DONE,,0,0,1,fzs,vrêd,fbd,tsåvvses,,,,,,5,71,246715,1222
hq1zhqhwaa,mfgb,4,6,critical,fzd,etupol,etupol,1,0,0,mbs,otev,fzs,etupol,,,,,,0,83,273739,15175
hq1zhqhwaa,mfgb,4,6,critical,fbd,etupol,etupol,1,0,0,mbs,otev,fzs,etupol,,,,,,0,84,275296,1555
hq1zhqhwaa,mfgb,4,6,critical,mbd,otev,otev,1,0,0,mbs,otev,fzs,etupol,,,,,,1,85,277751,2452
hq1zhqhwaa,mfgb,4,6,critical,fbs,etupol,etupol,1,0,0,mbs,otev,fzs,etupol,,,,,,0,86,279381,1627
hq1zhqhwaa,mfgb,4,6,catch,fzs,etupol,etupol,1,0,0,mbs,otev,fzs,etupol,,,,,False,0,87,281341,1957
hq1zhqhwaa,mfgb,4,6,critical,mzs,etupol,etupol,1,0,0,mbs,otev,fzs,etupol,,,,,,0,88,282209,865
hq1zhqhwaa,mfgb,4,6,critical,mzd,etupol,etupol,1,0,0,mbs,otev,fzs,etupol,,,,,,0,89,282874,663
hq1zhqhwaa,mfgb,4,6,critical,,DONE,,0,0,1,mbs,otev,fzs,etupol,,,,,,5,90,284385,1509
hq1zhqhwaa,mfgb,5,3,critical,mbs,kïmy,kïmy,1,0,0,fzs,kïmy,mzd,qïru,,,,,,2,102,302868,3588
hq1zhqhwaa,mfgb,5,3,catch,mzd,qïru,qïru,1,0,0,fzs,kïmy,mzd,qïru,,,,,False,3,103,305755,2885
hq1zhqhwaa,mfgb,5,3,critical,fzd,kïmy,kïmy,1,0,0,fzs,kïmy,mzd,qïru,,,,,,2,104,307551,1793
hq1zhqhwaa,mfgb,5,3,critical,fbs,qïru,qïru,1,0,0,fzs,kïmy,mzd,qïru,,,,,,3,105,311069,3516
hq1zhqhwaa,mfgb,5,3,critical,mbd,kïmy,kïmy,1,0,0,fzs,kïmy,mzd,qïru,,,,,,2,106,313181,2110
hq1zhqhwaa,mfgb,5,3,critical,fbd,qïru,qïru,1,0,0,fzs,kïmy,mzd,qïru,,,,,,3,107,314519,1335
hq1zhqhwaa,mfgb,5,3,critical,mzs,qïru,qïru,1,0,0,fzs,kïmy,mzd,qïru,,,,,,3,108,315523,1002
hq1zhqhwaa,mfgb,5,3,critical,,DONE,,0,0,1,fzs,kïmy,mzd,qïru,,,,,,5,109,317015,1489
hq1zhqhwaa,mfgb,6,7,critical,mzd,byure,byure,1,0,0,mzs,byure,mbd,vruži,,,,,,1,121,333776,2655
hq1zhqhwaa,mfgb,6,7,critical,fzd,vruži,vruži,1,0,0,mzs,byure,mbd,vruži,,,,,,2,122,335775,1996
hq1zhqhwaa,mfgb,6,7,critical,fzs,vruži,vruži,1,0,0,mzs,byure,mbd,vruži,,,,,,2,123,337645,1867
hq1zhqhwaa,mfgb,6,7,critical,mbs,vruži,vruži,1,0,0,mzs,byure,mbd,vruži,,,,,,2,124,339041,1393
hq1zhqhwaa,mfgb,6,7,critical,fbd,vruži,vruži,1,0,0,mzs,byure,mbd,vruži,,,,,,2,125,340204,1161
hq1zhqhwaa,mfgb,6,7,catch,mzs,byure,byure,1,0,0,mzs,byure,mbd,vruži,,,,,False,1,126,341964,1757
hq1zhqhwaa,mfgb,6,7,critical,fbs,vruži,vruži,1,0,0,mzs,byure,mbd,vruži,,,,,,2,127,342991,1024
hq1zhqhwaa,mfgb,6,7,critical,,DONE,,0,0,1,mzs,byure,mbd,vruži,,,,,,5,128,344268,1274
hq1zhqhwaa,mfgb,7,4,critical,mzs,huanăa,huanăa,1,0,0,fbd,taobyo,mbd,huanăa,,,,,,0,140,361195,5438
hq1zhqhwaa,mfgb,7,4,critical,mbs,huanăa,huanăa,1,0,0,fbd,taobyo,mbd,huanăa,,,,,,0,141,362012,815
hq1zhqhwaa,mfgb,7,4,critical,fzs,huanăa,huanăa,1,0,0,fbd,taobyo,mbd,huanăa,,,,,,0,142,364258,2244
hq1zhqhwaa,mfgb,7,4,critical,mzd,huanăa,huanăa,1,0,0,fbd,taobyo,mbd,huanăa,,,,,,0,143,365529,1269
hq1zhqhwaa,mfgb,7,4,critical,fbs,taobyo,taobyo,1,0,0,fbd,taobyo,mbd,huanăa,,,,,,2,144,369048,3517
hq1zhqhwaa,mfgb,7,4,catch,fbd,taobyo,taobyo,1,0,0,fbd,taobyo,mbd,huanăa,,,,,False,2,145,370651,1601
hq1zhqhwaa,mfgb,7,4,critical,fzd,huanăa,huanăa,1,0,0,fbd,taobyo,mbd,huanăa,,,,,,0,146,371873,1220
hq1zhqhwaa,mfgb,7,4,critical,,DONE,,0,0,1,fbd,taobyo,mbd,huanăa,,,,,,5,147,373391,1516
hq1zhqhwaa,mfgb,8,1,critical,mbs,orinoçim,orinoçim,1,0,0,fbs,aqinudød,mzs,orinoçim,,,,,,2,159,390195,6667
hq1zhqhwaa,mfgb,8,1,critical,fbd,aqinudød,aqinudød,1,0,0,fbs,aqinudød,mzs,orinoçim,,,,,,1,160,392978,2781
hq1zhqhwaa,mfgb,8,1,critical,mbd,orinoçim,orinoçim,1,0,0,fbs,aqinudød,mzs,orinoçim,,,,,,2,161,394894,1914
hq1zhqhwaa,mfgb,8,1,critical,mzd,orinoçim,orinoçim,1,0,0,fbs,aqinudød,mzs,orinoçim,,,,,,2,162,398188,3291
hq1zhqhwaa,mfgb,8,1,critical,fzs,aqinudød,aqinudød,1,0,0,fbs,aqinudød,mzs,orinoçim,,,,,,1,163,399679,1488
hq1zhqhwaa,mfgb,8,1,catch,mzs,orinoçim,orinoçim,1,0,0,fbs,aqinudød,mzs,orinoçim,,,,,False,2,164,401455,1774
hq1zhqhwaa,mfgb,8,1,critical,fzd,aqinudød,aqinudød,1,0,0,fbs,aqinudød,mzs,orinoçim,,,,,,1,165,402700,1243
hq1zhqhwaa,mfgb,8,1,critical,,DONE,,0,0,1,fbs,aqinudød,mzs,orinoçim,,,,,,5,166,405924,3221
n82s617h3t,mfbg,1,4,critical,mzs,beiguumu,nuubö,0,0,0,fbs,yaöpe,fzs,nuubö,mzs,beiguumu,,,,0,26,127304,19783
n82s617h3t,mfbg,1,4,catch,fbs,yaöpe,yaöpe,1,0,0,fbs,yaöpe,fzs,nuubö,mzs,beiguumu,,,False,2,27,134391,7080
n82s617h3t,mfbg,1,4,critical,mbd,cöahido,nuubö,0,0,0,fbs,yaöpe,fzs,nuubö,mzs,beiguumu,mbd,cöahido,,3,28,146685,12289
n82s617h3t,mfbg,1,4,critical,fbd,nuubö,yaöpe,0,0,0,fbs,yaöpe,fzs,nuubö,mzs,beiguumu,mbd,cöahido,,1,29,160048,13361
n82s617h3t,mfbg,1,4,critical,fzd,nuubö,nuubö,1,0,0,fbs,yaöpe,fzs,nuubö,mzs,beiguumu,mbd,cöahido,,1,30,169559,9506
n82s617h3t,mfbg,1,4,critical,mbs,cöahido,nuubö,0,0,0,fbs,yaöpe,fzs,nuubö,mzs,beiguumu,mbd,cöahido,,3,31,173790,4227
n82s617h3t,mfbg,1,4,critical,mzd,beiguumu,nuubö,0,0,0,fbs,yaöpe,fzs,nuubö,mzs,beiguumu,mbd,cöahido,,0,32,177285,3492
n82s617h3t,mfbg,1,4,critical,,DONE,,0,0,1,fbs,yaöpe,fzs,nuubö,mzs,beiguumu,mbd,cöahido,,5,33,178823,1534
n82s617h3t,mfbg,2,1,critical,fzd,nyumuo,nyumuo,1,0,0,fbs,nyumuo,mzs,gêă,fzd,nyumuo,,,,0,45,233349,10805
n82s617h3t,mfbg,2,1,critical,fbd,nyumuo,nyumuo,1,0,0,fbs,nyumuo,mzs,gêă,fzd,nyumuo,fbd,nyumuo,,0,46,234593,1239
n82s617h3t,mfbg,2,1,catch,fbs,nyumuo,nyumuo,1,0,0,fbs,nyumuo,mzs,gêă,fzd,nyumuo,fbd,nyumuo,False,0,47,237430,2836
n82s617h3t,mfbg,2,1,critical,mbs,gêă,gêă,1,0,0,fbs,nyumuo,mzs,gêă,fzd,nyumuo,fbd,nyumuo,,1,48,241586,4154
n82s617h3t,mfbg,2,1,critical,mzd,gêă,gêă,1,0,0,fbs,nyumuo,mzs,gêă,fzd,nyumuo,fbd,nyumuo,,1,49,242912,1324
n82s617h3t,mfbg,2,1,critical,mbd,gêă,gêă,1,0,0,fbs,nyumuo,mzs,gêă,fzd,nyumuo,fbd,nyumuo,,1,50,243843,927
n82s617h3t,mfbg,2,1,critical,fzs,nyumuo,nyumuo,1,0,0,fbs,nyumuo,mzs,gêă,fzd,nyumuo,fbd,nyumuo,,0,51,245657,1809
n82s617h3t,mfbg,2,1,critical,,DONE,,0,0,1,fbs,nyumuo,mzs,gêă,fzd,nyumuo,fbd,nyumuo,,5,52,247158,1497
n82s617h3t,mfbg,3,6,catch,fzd,lobowaby,lobowaby,1,0,0,mbd,bokokohï,fzd,lobowaby,,,,,False,1,64,261738,6661
n82s617h3t,mfbg,3,6,critical,fbd,lobowaby,lobowaby,1,0,0,mbd,bokokohï,fzd,lobowaby,,,,,,1,65,267240,5498
n82s617h3t,mfbg,3,6,critical,fbs,lobowaby,lobowaby,1,0,0,mbd,bokokohï,fzd,lobowaby,,,,,,1,66,268838,1596
n82s617h3t,mfbg,3,6,critical,fzs,lobowaby,lobowaby,1,0,0,mbd,bokokohï,fzd,lobowaby,,,,,,1,67,270812,1969
n82s617h3t,mfbg,3,6,critical,mbs,bokokohï,bokokohï,1,0,0,mbd,bokokohï,fzd,lobowaby,,,,,,2,68,274515,3699
n82s617h3t,mfbg,3,6,critical,mzs,bokokohï,lobowaby,0,0,0,mbd,bokokohï,fzd,lobowaby,,,,,,2,69,275310,793
n82s617h3t,mfbg,3,6,critical,mzd,bokokohï,lobowaby,0,0,0,mbd,bokokohï,fzd,lobowaby,,,,,,2,70,276166,853
n82s617h3t,mfbg,3,6,critical,,DONE,,0,0,1,mbd,bokokohï,fzd,lobowaby,,,,,,5,71,277403,1233
n82s617h3t,mfbg,4,2,catch,mbd,rhåv,rhåv,1,0,0,mbd,rhåv,fzs,tsåvvses,,,,,False,1,83,284930,2501
n82s617h3t,mfbg,4,2,critical,fbs,tsåvvses,rhåv,0,0,0,mbd,rhåv,fzs,tsåvvses,,,,,,2,84,292507,7574
n82s617h3t,mfbg,4,2,critical,mzd,rhåv,tsåvvses,0,0,0,mbd,rhåv,fzs,tsåvvses,,,,,,1,85,294512,2003
n82s617h3t,mfbg,4,2,critical,fzd,tsåvvses,tsåvvses,1,0,0,mbd,rhåv,fzs,tsåvvses,,,,,,2,86,296384,1870
n82s617h3t,mfbg,4,2,critical,mzs,rhåv,tsåvvses,0,0,0,mbd,rhåv,fzs,tsåvvses,,,,,,1,87,297543,1155
n82s617h3t,mfbg,4,2,critical,mbs,rhåv,rhåv,1,0,0,mbd,rhåv,fzs,tsåvvses,,,,,,1,88,298714,1167
n82s617h3t,mfbg,4,2,critical,fbd,tsåvvses,rhåv,0,0,0,mbd,rhåv,fzs,tsåvvses,,,,,,2,89,299924,1207
n82s617h3t,mfbg,4,2,critical,,DONE,,0,0,1,mbd,rhåv,fzs,tsåvvses,,,,,,5,90,300749,822
n82s617h3t,mfbg,5,5,catch,fzd,orinoçim,orinoçim,1,0,0,fzd,orinoçim,mzd,iqur,,,,,False,2,102,331083,2377
n82s617h3t,mfbg,5,5,critical,fbs,iqur,iqur,1,0,0,fzd,orinoçim,mzd,iqur,,,,,,0,103,342066,10978
n82s617h3t,mfbg,5,5,critical,fbd,orinoçim,iqur,0,0,0,fzd,orinoçim,mzd,iqur,,,,,,2,104,344180,2110
n82s617h3t,mfbg,5,5,critical,mbd,iqur,iqur,1,0,0,fzd,orinoçim,mzd,iqur,,,,,,0,105,349725,5541
n82s617h3t,mfbg,5,5,critical,mbs,içiqusem,iqur,0,0,0,fzd,orinoçim,mzd,iqur,mbs,içiqusem,,,,1,106,352960,3231
n82s617h3t,mfbg,5,5,critical,mzs,içiqusem,iqur,0,0,0,fzd,orinoçim,mzd,iqur,mbs,içiqusem,,,,1,107,353842,879
n82s617h3t,mfbg,5,5,critical,fzs,adeçim,orinoçim,0,0,0,fzd,orinoçim,mzd,iqur,mbs,içiqusem,fzs,adeçim,,3,108,363145,9299
n82s617h3t,mfbg,5,5,critical,,DONE,,0,0,1,fzd,orinoçim,mzd,iqur,mbs,içiqusem,fzs,adeçim,,5,109,364569,1420
n82s617h3t,mfbg,6,7,critical,fzd,vbāžo,nžodo,0,0,0,mzs,rbāranžā,mbs,nžodo,fzd,vbāžo,,,,0,121,389060,19294
n82s617h3t,mfbg,6,7,critical,mzd,vbāžo,rbāranžā,0,0,0,mzs,rbāranžā,mbs,nžodo,fzd,vbāžo,mzd,vbāžo,,0,122,392420,3358
n82s617h3t,mfbg,6,7,critical,mbd,vbāžo,nžodo,0,0,0,mzs,rbāranžā,mbs,nžodo,fzd,vbāžo,mzd,vbāžo,,0,123,393605,1181
n82s617h3t,mfbg,6,7,critical,fbd,vbāžo,nžodo,0,0,0,mzs,rbāranžā,mbs,nžodo,fzd,vbāžo,mzd,vbāžo,,0,124,395081,1472
n82s617h3t,mfbg,6,7,catch,mbs,nžodo,nžodo,1,0,0,mzs,rbāranžā,mbs,nžodo,fzd,vbāžo,mzd,vbāžo,False,2,125,397253,2168
n82s617h3t,mfbg,6,7,critical,fzs,nžodo,nžodo,1,0,0,mzs,rbāranžā,mbs,nžodo,fzd,vbāžo,mzd,vbāžo,,2,126,398345,1089
n82s617h3t,mfbg,6,7,critical,fbs,nžodo,nžodo,1,0,0,mzs,rbāranžā,mbs,nžodo,fzd,vbāžo,mzd,vbāžo,,2,127,399825,1477
n82s617h3t,mfbg,6,7,critical,,DONE,,0,0,1,mzs,rbāranžā,mbs,nžodo,fzd,vbāžo,mzd,vbāžo,,5,128,400592,763
n82s617h3t,mfbg,7,0,critical,b,lepego,lepego,1,0,0,fzd,kawuka,z,lepego,,,,,,3,138,423218,16278
n82s617h3t,mfbg,7,0,critical,mbd,kawuka,kawuka,1,0,0,fzd,kawuka,z,lepego,,,,,,1,139,425962,2740
n82s617h3t,mfbg,7,0,critical,mzd,kawuka,kawuka,1,0,0,fzd,kawuka,z,lepego,,,,,,1,140,426907,940
n82s617h3t,mfbg,7,0,critical,mzs,kawuka,kawuka,1,0,0,fzd,kawuka,z,lepego,,,,,,1,141,427492,582
n82s617h3t,mfbg,7,0,critical,fbs,kawuka,kawuka,1,0,0,fzd,kawuka,z,lepego,,,,,,1,142,428284,790
n82s617h3t,mfbg,7,0,critical,mbs,kawuka,kawuka,1,0,0,fzd,kawuka,z,lepego,,,,,,1,143,428950,662
n82s617h3t,mfbg,7,0,critical,fzs,kawuka,kawuka,1,0,0,fzd,kawuka,z,lepego,,,,,,1,144,429590,638
n82s617h3t,mfbg,7,0,catch,fzd,kawuka,kawuka,1,0,0,fzd,kawuka,z,lepego,,,,,False,1,145,431339,1746
n82s617h3t,mfbg,7,0,critical,fbd,kawuka,kawuka,1,0,0,fzd,kawuka,z,lepego,,,,,,1,146,431985,643
n82s617h3t,mfbg,7,0,critical,,DONE,,0,0,1,fzd,kawuka,z,lepego,,,,,,5,147,432905,916
n82s617h3t,mfbg,8,3,critical,mbs,agivud,agivud,1,0,0,fzd,agivud,mzd,otev,,,,,,0,159,455992,17215
n82s617h3t,mfbg,8,3,critical,fbs,awupav,otev,0,0,0,fzd,agivud,mzd,otev,fbs,awupav,,,,3,160,462152,6155
n82s617h3t,mfbg,8,3,critical,fbd,agivud,otev,0,0,0,fzd,agivud,mzd,otev,fbs,awupav,,,,0,161,464421,2265
n82s617h3t,mfbg,8,3,critical,fzs,awupav,agivud,0,0,0,fzd,agivud,mzd,otev,fbs,awupav,,,,3,162,466292,1868
n82s617h3t,mfbg,8,3,critical,mzs,agivud,otev,0,0,0,fzd,agivud,mzd,otev,fbs,awupav,,,,0,163,468542,2246
n82s617h3t,mfbg,8,3,critical,mbd,otev,agivud,0,0,0,fzd,agivud,mzd,otev,fbs,awupav,,,,2,164,470379,1834
n82s617h3t,mfbg,8,3,catch,fzd,agivud,agivud,1,0,0,fzd,agivud,mzd,otev,fbs,awupav,,,False,0,165,472469,2088
n82s617h3t,mfbg,8,3,critical,,DONE,,0,0,1,fzd,agivud,mzd,otev,fbs,awupav,,,,5,166,473665,1194
8r1ew6w7kr,mfbg,1,7,critical,fzd,ryvïri,ryvïri,1,0,0,mzs,zuvewu,fbd,ryvïri,,,,,,0,26,377413,49446
8r1ew6w7kr,mfbg,1,7,critical,mbd,hïlaki,ryvïri,0,0,0,mzs,zuvewu,fbd,ryvïri,mbd,hïlaki,,,,2,27,388147,10730
8r1ew6w7kr,mfbg,1,7,critical,mzd,hïlaki,zuvewu,0,0,0,mzs,zuvewu,fbd,ryvïri,mbd,hïlaki,mzd,hïlaki,,2,28,397656,9506
8r1ew6w7kr,mfbg,1,7,critical,fbs,lobowaby,ryvïri,0,0,0,mzs,zuvewu,fbd,ryvïri,mbd,hïlaki,mzd,hïlaki,,3,29,404529,6871
8r1ew6w7kr,mfbg,1,7,catch,fbd,ryvïri,ryvïri,1,0,0,mzs,zuvewu,fbd,ryvïri,mbd,hïlaki,mzd,hïlaki,False,0,30,414001,9469
8r1ew6w7kr,mfbg,1,7,critical,mbs,lobowaby,ryvïri,0,0,0,mzs,zuvewu,fbd,ryvïri,mbd,hïlaki,mzd,hïlaki,,3,31,428917,14913
8r1ew6w7kr,mfbg,1,7,critical,fzs,zuvewu,ryvïri,0,0,0,mzs,zuvewu,fbd,ryvïri,mbd,hïlaki,mzd,hïlaki,,1,32,442536,13617
8r1ew6w7kr,mfbg,1,7,critical,,DONE,,0,0,1,mzs,zuvewu,fbd,ryvïri,mbd,hïlaki,mzd,hïlaki,,5,33,446831,4292
8r1ew6w7kr,mfbg,2,1,critical,fzd,adeçim,aweh,0,0,0,fzs,aweh,mzs,adeçim,,,,,,2,45,532107,27698
8r1ew6w7kr,mfbg,2,1,critical,fbd,adeçim,aweh,0,0,0,fzs,aweh,mzs,adeçim,,,,,,2,46,541071,8961
8r1ew6w7kr,mfbg,2,1,catch,mzs,adeçim,adeçim,1,0,0,fzs,aweh,mzs,adeçim,,,,,False,2,47,549463,8389
8r1ew6w7kr,mfbg,2,1,critical,mzd,adeçim,adeçim,1,0,0,fzs,aweh,mzs,adeçim,,,,,,2,48,590599,41134
8r1ew6w7kr,mfbg,2,1,critical,mbd,adeçim,adeçim,1,0,0,fzs,aweh,mzs,adeçim,,,,,,2,49,603468,12865
8r1ew6w7kr,mfbg,2,1,critical,fbs,aweh,aweh,1,0,0,fzs,aweh,mzs,adeçim,,,,,,1,50,606993,3523
8r1ew6w7kr,mfbg,2,1,critical,mbs,aweh,adeçim,0,0,0,fzs,aweh,mzs,adeçim,,,,,,1,51,609277,2281
8r1ew6w7kr,mfbg,2,1,critical,,DONE,,0,0,1,fzs,aweh,mzs,adeçim,,,,,,5,52,611411,2131
8r1ew6w7kr,mfbg,3,3,critical,mbs,svik,svik,1,0,0,fzs,svik,fbd,tsåvvses,,,,,,3,64,648973,25944
8r1ew6w7kr,mfbg,3,3,critical,mzd,tsåvvses,tsåvvses,1,0,0,fzs,svik,fbd,tsåvvses,,,,,,1,65,652401,3420
8r1ew6w7kr,mfbg,3,3,critical,mzs,svik,tsåvvses,0,0,0,fzs,svik,fbd,tsåvvses,,,,,,3,66,656589,4185
8r1ew6w7kr,mfbg,3,3,critical,fzd,tsåvvses,svik,0,0,0,fzs,svik,fbd,tsåvvses,,,,,,1,67,664139,7548
8r1ew6w7kr,mfbg,3,3,critical,fbs,svik,tsåvvses,0,0,0,fzs,svik,fbd,tsåvvses,,,,,,3,68,669415,5274
8r1ew6w7kr,mfbg,3,3,catch,fbd,tsåvvses,tsåvvses,1,0,0,fzs,svik,fbd,tsåvvses,,,,,False,1,69,674257,4839
8r1ew6w7kr,mfbg,3,3,critical,mbd,tsåvvses,svik,0,0,0,fzs,svik,fbd,tsåvvses,,,,,,1,70,679575,5315
8r1ew6w7kr,mfbg,3,3,critical,,DONE,,0,0,1,fzs,svik,fbd,tsåvvses,,,,,,5,71,681309,1732
8r1ew6w7kr,mfbg,4,2,critical,fbd,cöahido,beiguumu,0,0,0,mbd,beiguumu,mzd,cöahido,,,,,,0,83,750037,58532
8r1ew6w7kr,mfbg,4,2,critical,mbs,möïtu,beiguumu,0,0,0,mbd,beiguumu,mzd,cöahido,mbs,möïtu,,,,1,84,775392,25353
8r1ew6w7kr,mfbg,4,2,critical,fzd,beiguumu,cöahido,0,0,0,mbd,beiguumu,mzd,cöahido,mbs,möïtu,,,,3,85,780337,4943
8r1ew6w7kr,mfbg,4,2,catch,mbd,beiguumu,beiguumu,1,0,0,mbd,beiguumu,mzd,cöahido,mbs,möïtu,,,False,3,86,784744,4404
8r1ew6w7kr,mfbg,4,2,critical,mzs,möïtu,cöahido,0,0,0,mbd,beiguumu,mzd,cöahido,mbs,möïtu,mzs,möïtu,,1,87,791643,6897
8r1ew6w7kr,mfbg,4,2,critical,fbs,möïtu,beiguumu,0,0,0,mbd,beiguumu,mzd,cöahido,mbs,möïtu,mzs,möïtu,,1,88,793218,1572
8r1ew6w7kr,mfbg,4,2,critical,fzs,möïtu,cöahido,0,0,0,mbd,beiguumu,mzd,cöahido,mbs,möïtu,mzs,möïtu,,1,89,801523,8302
8r1ew6w7kr,mfbg,4,2,critical,,DONE,,0,0,1,mbd,beiguumu,mzd,cöahido,mbs,möïtu,mzs,möïtu,,5,90,802920,1395
8r1ew6w7kr,mfbg,5,0,critical,mzd,pygele,wupu,0,0,0,mbd,wupu,b,powisunge,mzd,pygele,,,,3,100,850423,40842
8r1ew6w7kr,mfbg,5,0,critical,fzd,goviku,wupu,0,0,0,mbd,wupu,b,powisunge,mzd,pygele,,,,2,101,858128,7703
8r1ew6w7kr,mfbg,5,0,critical,fbs,powisunge,wupu,0,0,0,mbd,wupu,b,powisunge,mzd,pygele,,,,1,102,878375,20245
8r1ew6w7kr,mfbg,5,0,catch,b,powisunge,powisunge,1,0,0,mbd,wupu,b,powisunge,mzd,pygele,,,False,1,103,881639,3262
8r1ew6w7kr,mfbg,5,0,critical,z,pygele,powisunge,0,0,0,mbd,wupu,b,powisunge,mzd,pygele,z,pygele,,3,104,895295,13653
8r1ew6w7kr,mfbg,5,0,critical,mzs,powisunge,wupu,0,0,0,mbd,wupu,b,powisunge,mzd,pygele,z,pygele,,1,105,900542,5245
8r1ew6w7kr,mfbg,5,0,critical,fzs,powisunge,wupu,0,0,0,mbd,wupu,b,powisunge,mzd,pygele,z,pygele,,1,106,903369,2825
8r1ew6w7kr,mfbg,5,0,critical,mbs,powisunge,wupu,0,0,0,mbd,wupu,b,powisunge,mzd,pygele,z,pygele,,1,107,910592,7220
8r1ew6w7kr,mfbg,5,0,critical,fbd,pygele,wupu,0,0,0,mbd,wupu,b,powisunge,mzd,pygele,z,pygele,,3,108,914227,3633
8r1ew6w7kr,mfbg,5,0,critical,,DONE,,0,0,1,mbd,wupu,b,powisunge,mzd,pygele,z,pygele,,5,109,915580,1350
8r1ew6w7kr,mfbg,6,6,catch,mbd,vbāžo,vbāžo,1,0,0,mbd,vbāžo,mzd,vropcāre,,,,,False,2,121,931371,6454
8r1ew6w7kr,mfbg,6,6,critical,fbs,cžunge,vropcāre,0,0,0,mbd,vbāžo,mzd,vropcāre,fbs,cžunge,,,,0,122,963028,31654
8r1ew6w7kr,mfbg,6,6,critical,fzd,ngcāžo,vropcāre,0,0,0,mbd,vbāžo,mzd,vropcāre,fbs,cžunge,fzd,ngcāžo,,3,123,970669,7639
8r1ew6w7kr,mfbg,6,6,critical,fbd,ngcāžo,vropcāre,0,0,0,mbd,vbāžo,mzd,vropcāre,fbs,cžunge,fzd,ngcāžo,,3,124,974981,4309
8r1ew6w7kr,mfbg,6,6,critical,fzs,cžunge,vropcāre,0,0,0,mbd,vbāžo,mzd,vropcāre,fbs,cžunge,fzd,ngcāžo,,0,125,978557,3574
8r1ew6w7kr,mfbg,6,6,critical,mbs,cžunge,vbāžo,0,0,0,mbd,vbāžo,mzd,vropcāre,fbs,cžunge,fzd,ngcāžo,,0,126,989859,11300
8r1ew6w7kr,mfbg,6,6,critical,mzs,cžunge,vropcāre,0,0,0,mbd,vbāžo,mzd,vropcāre,fbs,cžunge,fzd,ngcāžo,,0,127,991135,1273
8r1ew6w7kr,mfbg,6,6,critical,,DONE,,0,0,1,mbd,vbāžo,mzd,vropcāre,fbs,cžunge,fzd,ngcāžo,,5,128,992487,1349
8r1ew6w7kr,mfbg,7,4,critical,fzs,ilug,otev,0,0,0,fbd,egezalat,mzd,otev,fzs,ilug,,,,1,140,1022705,23509
8r1ew6w7kr,mfbg,7,4,catch,mzd,etupol,otev,0,0,0,fbd,egezalat,mzd,otev,fzs,ilug,,,True,2,141,1028197,5490
8r1ew6w7kr,mfbg,7,4,critical,mbs,ilug,otev,0,0,0,fbd,egezalat,mzd,otev,fzs,ilug,,,,1,142,1036410,8210
8r1ew6w7kr,mfbg,7,4,critical,mzs,ilug,otev,0,0,0,fbd,egezalat,mzd,otev,fzs,ilug,,,,1,143,1040651,4238
8r1ew6w7kr,mfbg,7,4,critical,mbd,otev,otev,1,0,0,fbd,egezalat,mzd,otev,fzs,ilug,,,,3,144,1049437,8783
8r1ew6w7kr,mfbg,7,4,critical,fzd,egezalat,otev,0,0,0,fbd,egezalat,mzd,otev,fzs,ilug,,,,0,145,1055111,5672
8r1ew6w7kr,mfbg,7,4,critical,fbs,ilug,egezalat,0,0,0,fbd,egezalat,mzd,otev,fzs,ilug,,,,1,146,1059035,3921
8r1ew6w7kr,mfbg,7,4,critical,,DONE,,0,0,1,fbd,egezalat,mzd,otev,fzs,ilug,,,,5,147,1060251,1214
8r1ew6w7kr,mfbg,8,5,critical,fbd,goozăi,qăo,0,0,0,fzd,hyonăo,fbs,qăo,fbd,goozăi,,,,1,159,1078113,11044
8r1ew6w7kr,mfbg,8,5,critical,fzs,qăo,hyonăo,0,0,0,fzd,hyonăo,fbs,qăo,fbd,goozăi,,,,3,160,1082577,4463
8r1ew6w7kr,mfbg,8,5,critical,mbs,hyonăo,qăo,0,0,0,fzd,hyonăo,fbs,qăo,fbd,goozăi,,,,2,161,1089729,7149
8r1ew6w7kr,mfbg,8,5,critical,mzd,goozăi,qăo,0,0,0,fzd,hyonăo,fbs,qăo,fbd,goozăi,mzd,goozăi,,1,162,1092357,2626
8r1ew6w7kr,mfbg,8,5,critical,mbd,goozăi,qăo,0,0,0,fzd,hyonăo,fbs,qăo,fbd,goozăi,mzd,goozăi,,1,163,1095097,2737
8r1ew6w7kr,mfbg,8,5,critical,mzs,UNDO,qăo,0,1,0,fzd,hyonăo,fbs,qăo,fbd,goozăi,mzd,goozăi,,4,164,1097337,2238
8r1ew6w7kr,mfbg,8,5,critical,mbd,goozăi,qăo,0,0,0,fzd,hyonăo,fbs,qăo,fbd,goozăi,mzd,goozăi,,1,165,1098395,1056
8r1ew6w7kr,mfbg,8,5,critical,mzs,hyonăo,qăo,0,0,0,fzd,hyonăo,fbs,qăo,fbd,goozăi,mzd,goozăi,,2,166,1099253,855
8r1ew6w7kr,mfbg,8,5,catch,fzd,goozăi,hyonăo,0,0,0,fzd,hyonăo,fbs,qăo,fbd,goozăi,mzd,goozăi,True,1,167,1103375,4120
8r1ew6w7kr,mfbg,8,5,critical,,DONE,,0,0,1,fzd,hyonăo,fbs,qăo,fbd,goozăi,mzd,goozăi,,5,168,1105003,1625
sspwqxgdcc,mfgb,1,4,catch,mbs,orinoçim,orinoçim,1,0,0,fbs,emøyeç,mbs,orinoçim,,,,,False,1,26,207692,7297
sspwqxgdcc,mfgb,1,4,critical,mzs,orinoçim,orinoçim,1,0,0,fbs,emøyeç,mbs,orinoçim,,,,,,1,27,226844,19148
sspwqxgdcc,mfgb,1,4,critical,fzd,emøyeç,orinoçim,0,0,0,fbs,emøyeç,mbs,orinoçim,,,,,,3,28,247759,20913
sspwqxgdcc,mfgb,1,4,critical,mbd,orinoçim,orinoçim,1,0,0,fbs,emøyeç,mbs,orinoçim,,,,,,1,29,256160,8399
sspwqxgdcc,mfgb,1,4,critical,fbd,emøyeç,emøyeç,1,0,0,fbs,emøyeç,mbs,orinoçim,,,,,,3,30,258942,2780
sspwqxgdcc,mfgb,1,4,critical,fzs,emøyeç,orinoçim,0,0,0,fbs,emøyeç,mbs,orinoçim,,,,,,3,31,280195,21251
sspwqxgdcc,mfgb,1,4,critical,mzd,orinoçim,orinoçim,1,0,0,fbs,emøyeç,mbs,orinoçim,,,,,,1,32,282943,2746
sspwqxgdcc,mfgb,1,4,critical,,UNDO,,0,1,0,fbs,emøyeç,mbs,orinoçim,,,,,,4,33,302461,19516
sspwqxgdcc,mfgb,1,4,critical,mzd,UNDO,orinoçim,0,1,0,fbs,emøyeç,mbs,orinoçim,,,,,,4,34,304911,2447
sspwqxgdcc,mfgb,1,4,critical,fzs,UNDO,orinoçim,0,1,0,fbs,emøyeç,mbs,orinoçim,,,,,,4,35,305577,665
sspwqxgdcc,mfgb,1,4,critical,fbd,UNDO,emøyeç,0,1,0,fbs,emøyeç,mbs,orinoçim,,,,,,4,36,306710,1130
sspwqxgdcc,mfgb,1,4,critical,mbd,UNDO,orinoçim,0,1,0,fbs,emøyeç,mbs,orinoçim,,,,,,4,37,307278,567
sspwqxgdcc,mfgb,1,4,critical,fzd,orinoçim,orinoçim,1,0,0,fbs,emøyeç,mbs,orinoçim,,,,,,1,38,312110,4830
sspwqxgdcc,mfgb,1,4,critical,mbd,orinoçim,orinoçim,1,0,0,fbs,emøyeç,mbs,orinoçim,,,,,,1,39,313843,1731
sspwqxgdcc,mfgb,1,4,critical,fbd,emøyeç,emøyeç,1,0,0,fbs,emøyeç,mbs,orinoçim,,,,,,3,40,315745,1900
sspwqxgdcc,mfgb,1,4,critical,fzs,orinoçim,orinoçim,1,0,0,fbs,emøyeç,mbs,orinoçim,,,,,,1,41,317777,2030
sspwqxgdcc,mfgb,1,4,critical,mzd,orinoçim,orinoçim,1,0,0,fbs,emøyeç,mbs,orinoçim,,,,,,1,42,318792,1013
sspwqxgdcc,mfgb,1,4,critical,,DONE,,0,0,1,fbs,emøyeç,mbs,orinoçim,,,,,,5,43,320228,1434
sspwqxgdcc,mfgb,2,2,critical,mbs,morïky,morïky,1,0,0,mbd,morïky,fzd,męwaqïfe,,,,,,0,55,389061,8565
sspwqxgdcc,mfgb,2,2,critical,mzd,męwaqïfe,męwaqïfe,1,0,0,mbd,morïky,fzd,męwaqïfe,,,,,,1,56,397846,8782
sspwqxgdcc,mfgb,2,2,critical,fbs,morïky,morïky,1,0,0,mbd,morïky,fzd,męwaqïfe,,,,,,0,57,401262,3414
sspwqxgdcc,mfgb,2,2,critical,mzs,męwaqïfe,męwaqïfe,1,0,0,mbd,morïky,fzd,męwaqïfe,,,,,,1,58,403278,2014
sspwqxgdcc,mfgb,2,2,catch,fzd,męwaqïfe,męwaqïfe,1,0,0,mbd,morïky,fzd,męwaqïfe,,,,,False,1,59,410545,7264
sspwqxgdcc,mfgb,2,2,critical,fzs,męwaqïfe,męwaqïfe,1,0,0,mbd,morïky,fzd,męwaqïfe,,,,,,1,60,415061,4515
sspwqxgdcc,mfgb,2,2,critical,fbd,morïky,morïky,1,0,0,mbd,morïky,fzd,męwaqïfe,,,,,,0,61,416862,1799
sspwqxgdcc,mfgb,2,2,critical,,DONE,,0,0,1,mbd,morïky,fzd,męwaqïfe,,,,,,5,62,418829,1966
sspwqxgdcc,mfgb,3,3,critical,mbd,lawolu,lawolu,1,0,0,fzs,lawolu,fbd,goviku,,,,,,0,74,511664,9765
sspwqxgdcc,mfgb,3,3,critical,fzd,lawolu,lawolu,1,0,0,fzs,lawolu,fbd,goviku,,,,,,0,75,517079,5414
sspwqxgdcc,mfgb,3,3,critical,fbs,goviku,goviku,1,0,0,fzs,lawolu,fbd,goviku,,,,,,3,76,519295,2214
sspwqxgdcc,mfgb,3,3,critical,mzs,goviku,goviku,1,0,0,fzs,lawolu,fbd,goviku,,,,,,3,77,522479,3182
sspwqxgdcc,mfgb,3,3,critical,mzd,goviku,goviku,1,0,0,fzs,lawolu,fbd,goviku,,,,,,3,78,523762,1282
sspwqxgdcc,mfgb,3,3,catch,fzs,lawolu,lawolu,1,0,0,fzs,lawolu,fbd,goviku,,,,,False,0,79,531463,7699
sspwqxgdcc,mfgb,3,3,critical,mbs,lawolu,lawolu,1,0,0,fzs,lawolu,fbd,goviku,,,,,,0,80,537663,6198
sspwqxgdcc,mfgb,3,3,critical,,DONE,,0,0,1,fzs,lawolu,fbd,goviku,,,,,,5,81,539497,1833
sspwqxgdcc,mfgb,4,0,critical,mbs,idanuluf,idanuluf,1,0,0,mzs,idanuluf,z,ozatof,,,,,,0,91,575097,8699
sspwqxgdcc,mfgb,4,0,critical,fzd,idanuluf,idanuluf,1,0,0,mzs,idanuluf,z,ozatof,,,,,,0,92,597897,22796
sspwqxgdcc,mfgb,4,0,critical,mzd,idanuluf,idanuluf,1,0,0,mzs,idanuluf,z,ozatof,,,,,,0,93,599381,1482
sspwqxgdcc,mfgb,4,0,critical,mbd,idanuluf,idanuluf,1,0,0,mzs,idanuluf,z,ozatof,,,,,,0,94,601481,2099
sspwqxgdcc,mfgb,4,0,catch,z,ozatof,ozatof,1,0,0,mzs,idanuluf,z,ozatof,,,,,False,2,95,606948,5465
sspwqxgdcc,mfgb,4,0,critical,fbd,idanuluf,idanuluf,1,0,0,mzs,idanuluf,z,ozatof,,,,,,0,96,608680,1730
sspwqxgdcc,mfgb,4,0,critical,fbs,idanuluf,idanuluf,1,0,0,mzs,idanuluf,z,ozatof,,,,,,0,97,610030,1348
sspwqxgdcc,mfgb,4,0,critical,fzs,idanuluf,idanuluf,1,0,0,mzs,idanuluf,z,ozatof,,,,,,0,98,611599,1567
sspwqxgdcc,mfgb,4,0,critical,b,ozatof,ozatof,1,0,0,mzs,idanuluf,z,ozatof,,,,,,2,99,620248,8648
sspwqxgdcc,mfgb,4,0,critical,,DONE,,0,0,1,mzs,idanuluf,z,ozatof,,,,,,5,100,622115,1864
sspwqxgdcc,mfgb,5,6,critical,fbd,baumiă,baumiă,1,0,0,mbd,nyumuo,fzd,baumiă,,,,,,1,112,662498,4732
sspwqxgdcc,mfgb,5,6,critical,fbs,baumiă,baumiă,1,0,0,mbd,nyumuo,fzd,baumiă,,,,,,1,113,664980,2480
sspwqxgdcc,mfgb,5,6,critical,mzd,baumiă,baumiă,1,0,0,mbd,nyumuo,fzd,baumiă,,,,,,1,114,667432,2450
sspwqxgdcc,mfgb,5,6,critical,mbs,nyumuo,nyumuo,1,0,0,mbd,nyumuo,fzd,baumiă,,,,,,0,115,671697,4264
sspwqxgdcc,mfgb,5,6,critical,fzs,baumiă,baumiă,1,0,0,mbd,nyumuo,fzd,baumiă,,,,,,1,116,673547,1847
sspwqxgdcc,mfgb,5,6,catch,fzd,baumiă,baumiă,1,0,0,mbd,nyumuo,fzd,baumiă,,,,,False,1,117,676964,3416
sspwqxgdcc,mfgb,5,6,critical,mzs,baumiă,baumiă,1,0,0,mbd,nyumuo,fzd,baumiă,,,,,,1,118,677980,1014
sspwqxgdcc,mfgb,5,6,critical,,DONE,,0,0,1,mbd,nyumuo,fzd,baumiă,,,,,,5,119,679915,1933
sspwqxgdcc,mfgb,6,5,critical,fzs,tsåvvses,tsåvvses,1,0,0,fzd,tsåvvses,fbs,vrêd,,,,,,1,131,709198,8583
sspwqxgdcc,mfgb,6,5,critical,mzd,vrêd,vrêd,1,0,0,fzd,tsåvvses,fbs,vrêd,,,,,,0,132,713214,4014
sspwqxgdcc,mfgb,6,5,critical,mbd,vrêd,vrêd,1,0,0,fzd,tsåvvses,fbs,vrêd,,,,,,0,133,715598,2383
sspwqxgdcc,mfgb,6,5,critical,mzs,vrêd,vrêd,1,0,0,fzd,tsåvvses,fbs,vrêd,,,,,,0,134,718481,2881
sspwqxgdcc,mfgb,6,5,catch,fbs,vrêd,vrêd,1,0,0,fzd,tsåvvses,fbs,vrêd,,,,,False,0,135,721898,3416
sspwqxgdcc,mfgb,6,5,critical,fbd,vrêd,vrêd,1,0,0,fzd,tsåvvses,fbs,vrêd,,,,,,0,136,724716,2816
sspwqxgdcc,mfgb,6,5,critical,mbs,vrêd,vrêd,1,0,0,fzd,tsåvvses,fbs,vrêd,,,,,,0,137,727266,2547
sspwqxgdcc,mfgb,6,5,critical,,DONE,,0,0,1,fzd,tsåvvses,fbs,vrêd,,,,,,5,138,729265,1997
sspwqxgdcc,mfgb,7,7,critical,fzs,möïtu,möïtu,1,0,0,mzd,nuubö,fzd,möïtu,,,,,,0,150,754832,4483
sspwqxgdcc,mfgb,7,7,critical,fbd,möïtu,möïtu,1,0,0,mzd,nuubö,fzd,möïtu,,,,,,0,151,757466,2632
sspwqxgdcc,mfgb,7,7,critical,mbd,möïtu,möïtu,1,0,0,mzd,nuubö,fzd,möïtu,,,,,,0,152,760765,3298
sspwqxgdcc,mfgb,7,7,critical,mbs,möïtu,möïtu,1,0,0,mzd,nuubö,fzd,möïtu,,,,,,0,153,762049,1282
sspwqxgdcc,mfgb,7,7,critical,fbs,möïtu,möïtu,1,0,0,mzd,nuubö,fzd,möïtu,,,,,,0,154,763649,1599
sspwqxgdcc,mfgb,7,7,catch,mzd,nuubö,nuubö,1,0,0,mzd,nuubö,fzd,möïtu,,,,,False,2,155,767049,3398
sspwqxgdcc,mfgb,7,7,critical,mzs,nuubö,nuubö,1,0,0,mzd,nuubö,fzd,möïtu,,,,,,2,156,768666,1615
sspwqxgdcc,mfgb,7,7,critical,,DONE,,0,0,1,mzd,nuubö,fzd,möïtu,,,,,,5,157,770693,2025
sspwqxgdcc,mfgb,8,1,critical,fzs,pžicā,pžicā,1,0,0,fbd,pžicā,mzs,ngcāžo,,,,,,3,169,789383,2716
sspwqxgdcc,mfgb,8,1,critical,fbs,pžicā,pžicā,1,0,0,fbd,pžicā,mzs,ngcāžo,,,,,,3,170,790748,1362
sspwqxgdcc,mfgb,8,1,critical,mbs,ngcāžo,ngcāžo,1,0,0,fbd,pžicā,mzs,ngcāžo,,,,,,2,171,794317,3567
sspwqxgdcc,mfgb,8,1,critical,fzd,pžicā,pžicā,1,0,0,fbd,pžicā,mzs,ngcāžo,,,,,,3,172,796649,2330
sspwqxgdcc,mfgb,8,1,critical,mzd,ngcāžo,ngcāžo,1,0,0,fbd,pžicā,mzs,ngcāžo,,,,,,2,173,798349,1698
sspwqxgdcc,mfgb,8,1,catch,mzs,ngcāžo,ngcāžo,1,0,0,fbd,pžicā,mzs,ngcāžo,,,,,False,2,174,801599,3248
sspwqxgdcc,mfgb,8,1,critical,mbd,ngcāžo,ngcāžo,1,0,0,fbd,pžicā,mzs,ngcāžo,,,,,,2,175,802799,1198
sspwqxgdcc,mfgb,8,1,critical,,DONE,,0,0,1,fbd,pžicā,mzs,ngcāžo,,,,,,5,176,804132,1331
0q8bzdvgxy,mfgb,1,7,catch,mzs,ngapapu,ngapapu,1,0,0,mzs,ngapapu,fzs,wupu,,,,,False,0,26,440604,8433
0q8bzdvgxy,mfgb,1,7,critical,mbs,ngapapu,wupu,0,0,0,mzs,ngapapu,fzs,wupu,,,,,,0,27,465189,24582
0q8bzdvgxy,mfgb,1,7,critical,mbd,wupu,wupu,1,0,0,mzs,ngapapu,fzs,wupu,,,,,,2,28,477939,12749
0q8bzdvgxy,mfgb,1,7,critical,mzd,wupu,ngapapu,0,0,0,mzs,ngapapu,fzs,wupu,,,,,,2,29,483229,5289
0q8bzdvgxy,mfgb,1,7,critical,fzd,ngapapu,wupu,0,0,0,mzs,ngapapu,fzs,wupu,,,,,,0,30,490314,7084
0q8bzdvgxy,mfgb,1,7,critical,fbd,ngapapu,wupu,0,0,0,mzs,ngapapu,fzs,wupu,,,,,,0,31,491664,1348
0q8bzdvgxy,mfgb,1,7,critical,fbs,ngapapu,wupu,0,0,0,mzs,ngapapu,fzs,wupu,,,,,,0,32,493077,1412
0q8bzdvgxy,mfgb,1,7,critical,,DONE,,0,0,1,mzs,ngapapu,fzs,wupu,,,,,,5,33,500678,7599
0q8bzdvgxy,mfgb,2,2,critical,mbs,baumiă,gêă,0,0,0,fbd,gêă,mzd,nyumuo,mbs,baumiă,,,,3,45,576594,37079
0q8bzdvgxy,mfgb,2,2,critical,mbd,nyumuo,gêă,0,0,0,fbd,gêă,mzd,nyumuo,mbs,baumiă,,,,0,46,581613,5017
0q8bzdvgxy,mfgb,2,2,critical,fzs,baumiă,nyumuo,0,0,0,fbd,gêă,mzd,nyumuo,mbs,baumiă,fzs,baumiă,,3,47,587219,5604
0q8bzdvgxy,mfgb,2,2,catch,fbd,gêă,gêă,1,0,0,fbd,gêă,mzd,nyumuo,mbs,baumiă,fzs,baumiă,False,1,48,592799,5578
0q8bzdvgxy,mfgb,2,2,critical,mzs,baumiă,nyumuo,0,0,0,fbd,gêă,mzd,nyumuo,mbs,baumiă,fzs,baumiă,,3,49,595208,2407
0q8bzdvgxy,mfgb,2,2,critical,fzd,gêă,nyumuo,0,0,0,fbd,gêă,mzd,nyumuo,mbs,baumiă,fzs,baumiă,,1,50,598747,3538
0q8bzdvgxy,mfgb,2,2,critical,fbs,UNDO,gêă,0,1,0,fbd,gêă,mzd,nyumuo,mbs,baumiă,fzs,baumiă,,4,51,600430,1681
0q8bzdvgxy,mfgb,2,2,critical,fzd,gêă,nyumuo,0,0,0,fbd,gêă,mzd,nyumuo,mbs,baumiă,fzs,baumiă,,1,52,602339,1908
0q8bzdvgxy,mfgb,2,2,critical,fbs,UNDO,gêă,0,1,0,fbd,gêă,mzd,nyumuo,mbs,baumiă,fzs,baumiă,,4,53,603602,1261
0q8bzdvgxy,mfgb,2,2,critical,fzd,nyumuo,nyumuo,1,0,0,fbd,gêă,mzd,nyumuo,mbs,baumiă,fzs,baumiă,,0,54,603916,312
0q8bzdvgxy,mfgb,2,2,critical,fbs,baumiă,gêă,0,0,0,fbd,gêă,mzd,nyumuo,mbs,baumiă,fzs,baumiă,,3,55,605672,1753
0q8bzdvgxy,mfgb,2,2,critical,,DONE,,0,0,1,fbd,gêă,mzd,nyumuo,mbs,baumiă,fzs,baumiă,,5,56,607077,1403
0q8bzdvgxy,mfgb,3,4,critical,fzd,içiqusem,içiqusem,1,0,0,fbs,emøyeç,mzd,içiqusem,,,,,,1,68,676953,9152
0q8bzdvgxy,mfgb,3,4,critical,fbd,emøyeç,emøyeç,1,0,0,fbs,emøyeç,mzd,içiqusem,,,,,,0,69,701230,24275
0q8bzdvgxy,mfgb,3,4,critical,fzs,içiqusem,içiqusem,1,0,0,fbs,emøyeç,mzd,içiqusem,,,,,,1,70,707933,6701
0q8bzdvgxy,mfgb,3,4,critical,mbs,içiqusem,içiqusem,1,0,0,fbs,emøyeç,mzd,içiqusem,,,,,,1,71,716575,8639
0q8bzdvgxy,mfgb,3,4,critical,mzs,içiqusem,içiqusem,1,0,0,fbs,emøyeç,mzd,içiqusem,,,,,,1,72,717305,728
0q8bzdvgxy,mfgb,3,4,critical,mbd,içiqusem,içiqusem,1,0,0,fbs,emøyeç,mzd,içiqusem,,,,,,1,73,718800,1493
0q8bzdvgxy,mfgb,3,4,catch,fbs,emøyeç,emøyeç,1,0,0,fbs,emøyeç,mzd,içiqusem,,,,,False,0,74,720999,2197
0q8bzdvgxy,mfgb,3,4,critical,,DONE,,0,0,1,fbs,emøyeç,mzd,içiqusem,,,,,,5,75,723326,2326
0q8bzdvgxy,mfgb,4,5,catch,mbd,etupol,etupol,1,0,0,fzs,ozatof,mbd,etupol,,,,,False,3,87,757338,5805
0q8bzdvgxy,mfgb,4,5,critical,mbs,ozatof,etupol,0,0,0,fzs,ozatof,mbd,etupol,,,,,,1,88,766140,8799
0q8bzdvgxy,mfgb,4,5,critical,fbs,UNDO,etupol,0,1,0,fzs,ozatof,mbd,etupol,,,,,,4,89,775677,9536
0q8bzdvgxy,mfgb,4,5,critical,mbs,awupav,etupol,0,0,0,fzs,ozatof,mbd,etupol,mbs,awupav,,,,2,90,787054,11374
0q8bzdvgxy,mfgb,4,5,critical,fbs,UNDO,etupol,0,1,0,fzs,ozatof,mbd,etupol,mbs,awupav,,,,4,91,793330,6275
0q8bzdvgxy,mfgb,4,5,critical,mbs,ozatof,etupol,0,0,0,fzs,ozatof,mbd,etupol,mbs,awupav,,,,1,92,811906,18573
0q8bzdvgxy,mfgb,4,5,critical,fbs,UNDO,etupol,0,1,0,fzs,ozatof,mbd,etupol,mbs,awupav,,,,4,93,819584,7677
0q8bzdvgxy,mfgb,4,5,critical,mbs,awupav,etupol,0,0,0,fzs,ozatof,mbd,etupol,mbs,awupav,mbs,awupav,,2,94,825615,6028
0q8bzdvgxy,mfgb,4,5,critical,fbs,awupav,etupol,0,0,0,fzs,ozatof,mbd,etupol,mbs,awupav,mbs,awupav,,2,95,828172,2555
0q8bzdvgxy,mfgb,4,5,critical,mzd,etupol,etupol,1,0,0,fzs,ozatof,mbd,etupol,mbs,awupav,mbs,awupav,,3,96,831239,3064
0q8bzdvgxy,mfgb,4,5,critical,fbd,etupol,etupol,1,0,0,fzs,ozatof,mbd,etupol,mbs,awupav,mbs,awupav,,3,97,834029,2789
0q8bzdvgxy,mfgb,4,5,critical,fzd,egezalat,ozatof,0,0,0,fzs,ozatof,mbd,etupol,mbs,awupav,mbs,awupav,,0,98,839884,5852
0q8bzdvgxy,mfgb,4,5,critical,mzs,awupav,etupol,0,0,0,fzs,ozatof,mbd,etupol,mbs,awupav,mbs,awupav,,2,99,847690,7804
0q8bzdvgxy,mfgb,4,5,critical,,DONE,,0,0,1,fzs,ozatof,mbd,etupol,mbs,awupav,mbs,awupav,,5,100,849438,1746
0q8bzdvgxy,mfgb,5,3,critical,fbd,zuvewu,zuvewu,1,0,0,mbs,morïky,mzd,zuvewu,,,,,,2,112,874417,7032
0q8bzdvgxy,mfgb,5,3,critical,fzd,hïlaki,morïky,0,0,0,mbs,morïky,mzd,zuvewu,fzd,hïlaki,,,,1,113,891748,17329
0q8bzdvgxy,mfgb,5,3,critical,fzs,morïky,morïky,1,0,0,mbs,morïky,mzd,zuvewu,fzd,hïlaki,,,,3,114,893029,1278
0q8bzdvgxy,mfgb,5,3,critical,fbs,ryvïri,zuvewu,0,0,0,mbs,morïky,mzd,zuvewu,fzd,hïlaki,fbs,ryvïri,,0,115,895511,2480
0q8bzdvgxy,mfgb,5,3,critical,mzs,ryvïri,zuvewu,0,0,0,mbs,morïky,mzd,zuvewu,fzd,hïlaki,fbs,ryvïri,,0,116,898706,3194
0q8bzdvgxy,mfgb,5,3,catch,mzd,zuvewu,zuvewu,1,0,0,mbs,morïky,mzd,zuvewu,fzd,hïlaki,fbs,ryvïri,False,2,117,900784,2077
0q8bzdvgxy,mfgb,5,3,critical,mbd,hïlaki,morïky,0,0,0,mbs,morïky,mzd,zuvewu,fzd,hïlaki,fbs,ryvïri,,1,118,903790,3003
0q8bzdvgxy,mfgb,5,3,critical,,DONE,,0,0,1,mbs,morïky,mzd,zuvewu,fzd,hïlaki,fbs,ryvïri,,5,119,904411,618
0q8bzdvgxy,mfgb,6,0,critical,z,möïtu,möïtu,1,0,0,mzd,yaöpe,b,möïtu,,,,,,0,129,941844,19421
0q8bzdvgxy,mfgb,6,0,critical,fbd,yaöpe,yaöpe,1,0,0,mzd,yaöpe,b,möïtu,,,,,,2,130,948925,7079
0q8bzdvgxy,mfgb,6,0,critical,fzd,yaöpe,yaöpe,1,0,0,mzd,yaöpe,b,möïtu,,,,,,2,131,951081,2154
0q8bzdvgxy,mfgb,6,0,catch,mzd,yaöpe,yaöpe,1,0,0,mzd,yaöpe,b,möïtu,,,,,False,2,132,952808,1725
0q8bzdvgxy,mfgb,6,0,critical,fzs,šaaqaude,yaöpe,0,0,0,mzd,yaöpe,b,möïtu,fzs,šaaqaude,,,,3,133,954209,1398
0q8bzdvgxy,mfgb,6,0,critical,mbd,yaöpe,yaöpe,1,0,0,mzd,yaöpe,b,möïtu,fzs,šaaqaude,,,,2,134,955285,1074
0q8bzdvgxy,mfgb,6,0,critical,mzs,šaaqaude,yaöpe,0,0,0,mzd,yaöpe,b,möïtu,fzs,šaaqaude,,,,3,135,956332,1045
0q8bzdvgxy,mfgb,6,0,critical,mbs,šaaqaude,yaöpe,0,0,0,mzd,yaöpe,b,möïtu,fzs,šaaqaude,,,,3,136,957045,711
0q8bzdvgxy,mfgb,6,0,critical,fbs,šaaqaude,yaöpe,0,0,0,mzd,yaöpe,b,möïtu,fzs,šaaqaude,,,,3,137,957764,717
0q8bzdvgxy,mfgb,6,0,critical,,DONE,,0,0,1,mzd,yaöpe,b,möïtu,fzs,šaaqaude,,,,5,138,959848,2082
0q8bzdvgxy,mfgb,7,1,critical,fbs,byure,byure,1,0,0,fzs,byure,mzs,vbāžo,,,,,,2,150,983684,11449
0q8bzdvgxy,mfgb,7,1,critical,fzd,cžunge,byure,0,0,0,fzs,byure,mzs,vbāžo,fzd,cžunge,,,,0,151,995497,11811
0q8bzdvgxy,mfgb,7,1,critical,fbd,cžunge,byure,0,0,0,fzs,byure,mzs,vbāžo,fzd,cžunge,,,,0,152,997688,2189
0q8bzdvgxy,mfgb,7,1,critical,mbs,vbāžo,vbāžo,1,0,0,fzs,byure,mzs,vbāžo,fzd,cžunge,,,,1,153,1000184,2494
0q8bzdvgxy,mfgb,7,1,catch,mzs,vbāžo,vbāžo,1,0,0,fzs,byure,mzs,vbāžo,fzd,cžunge,,,False,1,154,1003022,2837
0q8bzdvgxy,mfgb,7,1,critical,mbd,rbāranžā,vbāžo,0,0,0,fzs,byure,mzs,vbāžo,fzd,cžunge,mbd,rbāranžā,,3,155,1010402,7378
0q8bzdvgxy,mfgb,7,1,critical,mzd,rbāranžā,vbāžo,0,0,0,fzs,byure,mzs,vbāžo,fzd,cžunge,mbd,rbāranžā,,3,156,1010991,588
0q8bzdvgxy,mfgb,7,1,critical,,DONE,,0,0,1,fzs,byure,mzs,vbāžo,fzd,cžunge,mbd,rbāranžā,,5,157,1020047,9055
0q8bzdvgxy,mfgb,8,6,critical,fbs,kvurddåh,ktåvrhus,0,0,0,mbs,kvurddåh,fzd,ktåvrhus,,,,,,0,169,1069044,31235
0q8bzdvgxy,mfgb,8,6,catch,fzd,ktåvrhus,ktåvrhus,1,0,0,mbs,kvurddåh,fzd,ktåvrhus,,,,,False,2,170,1071086,2039
0q8bzdvgxy,mfgb,8,6,critical,mzs,kvurddåh,ktåvrhus,0,0,0,mbs,kvurddåh,fzd,ktåvrhus,,,,,,0,171,1074514,3426
0q8bzdvgxy,mfgb,8,6,critical,fbd,ktåvrhus,ktåvrhus,1,0,0,mbs,kvurddåh,fzd,ktåvrhus,,,,,,2,172,1076894,2377
0q8bzdvgxy,mfgb,8,6,critical,fzs,kvurddåh,ktåvrhus,0,0,0,mbs,kvurddåh,fzd,ktåvrhus,,,,,,0,173,1078356,1461
0q8bzdvgxy,mfgb,8,6,critical,mbd,ktåvrhus,kvurddåh,0,0,0,mbs,kvurddåh,fzd,ktåvrhus,,,,,,2,174,1086739,8381
0q8bzdvgxy,mfgb,8,6,critical,mzd,ktåvrhus,ktåvrhus,1,0,0,mbs,kvurddåh,fzd,ktåvrhus,,,,,,2,175,1087674,932
0q8bzdvgxy,mfgb,8,6,critical,,DONE,,0,0,1,mbs,kvurddåh,fzd,ktåvrhus,,,,,,5,176,1088928,1253
yfc8915946,mfgb,1,0,critical,mbs,hïlaki,męwaqïfe,0,0,0,fzs,męwaqïfe,z,bokokohï,mbs,hïlaki,,,,0,24,147158,6647
yfc8915946,mfgb,1,0,critical,mzs,qïru,męwaqïfe,0,0,0,fzs,męwaqïfe,z,bokokohï,mbs,hïlaki,,,,1,25,150421,3261
yfc8915946,mfgb,1,0,critical,mbd,bokokohï,męwaqïfe,0,0,0,fzs,męwaqïfe,z,bokokohï,mbs,hïlaki,,,,2,26,152717,2295
yfc8915946,mfgb,1,0,critical,b,męwaqïfe,bokokohï,0,0,0,fzs,męwaqïfe,z,bokokohï,mbs,hïlaki,,,,3,27,153797,1079
yfc8915946,mfgb,1,0,catch,fzs,męwaqïfe,męwaqïfe,1,0,0,fzs,męwaqïfe,z,bokokohï,mbs,hïlaki,,,False,3,28,162821,9022
yfc8915946,mfgb,1,0,critical,fbd,bokokohï,męwaqïfe,0,0,0,fzs,męwaqïfe,z,bokokohï,mbs,hïlaki,,,,2,29,167317,4494
yfc8915946,mfgb,1,0,critical,fzd,hïlaki,męwaqïfe,0,0,0,fzs,męwaqïfe,z,bokokohï,mbs,hïlaki,fzd,hïlaki,,0,30,170453,3134
yfc8915946,mfgb,1,0,critical,mzd,hïlaki,męwaqïfe,0,0,0,fzs,męwaqïfe,z,bokokohï,mbs,hïlaki,fzd,hïlaki,,0,31,177757,7302
yfc8915946,mfgb,1,0,critical,fbs,hïlaki,męwaqïfe,0,0,0,fzs,męwaqïfe,z,bokokohï,mbs,hïlaki,fzd,hïlaki,,0,32,182893,5134
yfc8915946,mfgb,1,0,critical,,DONE,,0,0,1,fzs,męwaqïfe,z,bokokohï,mbs,hïlaki,fzd,hïlaki,,5,33,187621,4726
yfc8915946,mfgb,2,3,critical,fbd,nuubö,šïïnö,0,0,0,mbs,tuumïhu,mzs,šïïnö,fbd,nuubö,,,,2,45,219701,12855
yfc8915946,mfgb,2,3,catch,mzs,šïïnö,šïïnö,1,0,0,mbs,tuumïhu,mzs,šïïnö,fbd,nuubö,,,False,3,46,223517,3814
yfc8915946,mfgb,2,3,critical,fzs,šïïnö,tuumïhu,0,0,0,mbs,tuumïhu,mzs,šïïnö,fbd,nuubö,,,,3,47,226669,3150
yfc8915946,mfgb,2,3,critical,mbd,tuumïhu,tuumïhu,1,0,0,mbs,tuumïhu,mzs,šïïnö,fbd,nuubö,,,,0,48,229541,2870
yfc8915946,mfgb,2,3,critical,mzd,tuumïhu,šïïnö,0,0,0,mbs,tuumïhu,mzs,šïïnö,fbd,nuubö,,,,0,49,233221,3679
yfc8915946,mfgb,2,3,critical,fbs,šïïnö,šïïnö,1,0,0,mbs,tuumïhu,mzs,šïïnö,fbd,nuubö,,,,3,50,238413,5190
yfc8915946,mfgb,2,3,critical,fzd,tuumïhu,tuumïhu,1,0,0,mbs,tuumïhu,mzs,šïïnö,fbd,nuubö,,,,0,51,242813,4399
yfc8915946,mfgb,2,3,critical,,DONE,,0,0,1,mbs,tuumïhu,mzs,šïïnö,fbd,nuubö,,,,5,52,245229,2415
yfc8915946,mfgb,3,7,catch,mzd,orinoçim,orinoçim,1,0,0,mzd,orinoçim,mbs,aqinudød,,,,,False,3,64,283477,14023
yfc8915946,mfgb,3,7,critical,fbs,aqinudød,aqinudød,1,0,0,mzd,orinoçim,mbs,aqinudød,,,,,,2,65,289085,5606
yfc8915946,mfgb,3,7,critical,fbd,orinoçim,aqinudød,0,0,0,mzd,orinoçim,mbs,aqinudød,,,,,,3,66,294477,5391
yfc8915946,mfgb,3,7,critical,fzs,aqinudød,aqinudød,1,0,0,mzd,orinoçim,mbs,aqinudød,,,,,,2,67,298365,3886
yfc8915946,mfgb,3,7,critical,fzd,orinoçim,aqinudød,0,0,0,mzd,orinoçim,mbs,aqinudød,,,,,,3,68,300229,1863
yfc8915946,mfgb,3,7,critical,mbd,orinoçim,aqinudød,0,0,0,mzd,orinoçim,mbs,aqinudød,,,,,,3,69,303597,3366
yfc8915946,mfgb,3,7,critical,mzs,aqinudød,orinoçim,0,0,0,mzd,orinoçim,mbs,aqinudød,,,,,,2,70,306589,2990
yfc8915946,mfgb,3,7,critical,,DONE,,0,0,1,mzd,orinoçim,mbs,aqinudød,,,,,,5,71,308989,2399
yfc8915946,mfgb,4,4,critical,fbd,awupav,awupav,1,0,0,fbs,awupav,mzd,ozatof,,,,,,0,83,339085,11727
yfc8915946,mfgb,4,4,critical,fzd,otev,ozatof,0,0,0,fbs,awupav,mzd,ozatof,fzd,otev,,,,2,84,344413,5327
yfc8915946,mfgb,4,4,catch,fbs,awupav,awupav,1,0,0,fbs,awupav,mzd,ozatof,fzd,otev,,,False,0,85,348573,4158
yfc8915946,mfgb,4,4,critical,mbs,awupav,ozatof,0,0,0,fbs,awupav,mzd,ozatof,fzd,otev,,,,0,86,361743,13182
yfc8915946,mfgb,4,4,critical,fzs,ozatof,ozatof,1,0,0,fbs,awupav,mzd,ozatof,fzd,otev,,,,1,87,366479,4735
yfc8915946,mfgb,4,4,critical,mbd,agivud,ozatof,0,0,0,fbs,awupav,mzd,ozatof,fzd,otev,,,,3,88,370711,4231
yfc8915946,mfgb,4,4,critical,mzs,otev,ozatof,0,0,0,fbs,awupav,mzd,ozatof,fzd,otev,mzs,otev,,2,89,375119,4407
yfc8915946,mfgb,4,4,critical,,DONE,,0,0,1,fbs,awupav,mzd,ozatof,fzd,otev,mzs,otev,,5,90,376983,1862
yfc8915946,mfgb,5,6,critical,fzd,goviku,goviku,1,0,0,mbd,lepego,mzd,goviku,,,,,,1,102,396335,10439
yfc8915946,mfgb,5,6,catch,mbd,lepego,lepego,1,0,0,mbd,lepego,mzd,goviku,,,,,False,2,103,400951,4614
yfc8915946,mfgb,5,6,critical,fzs,kawuka,goviku,0,0,0,mbd,lepego,mzd,goviku,fzs,kawuka,,,,3,104,407543,6591
yfc8915946,mfgb,5,6,critical,fbs,popingi,goviku,0,0,0,mbd,lepego,mzd,goviku,fzs,kawuka,,,,0,105,412934,5390
yfc8915946,mfgb,5,6,critical,mbs,popingi,lepego,0,0,0,mbd,lepego,mzd,goviku,fzs,kawuka,,,,0,106,419766,6831
yfc8915946,mfgb,5,6,critical,fbd,goviku,goviku,1,0,0,mbd,lepego,mzd,goviku,fzs,kawuka,,,,1,107,422549,2767
yfc8915946,mfgb,5,6,critical,mzs,popingi,goviku,0,0,0,mbd,lepego,mzd,goviku,fzs,kawuka,,,,0,108,424957,2407
yfc8915946,mfgb,5,6,critical,,DONE,,0,0,1,mbd,lepego,mzd,goviku,fzs,kawuka,,,,5,109,427437,2478
yfc8915946,mfgb,6,5,critical,fbs,hyonăo,qăo,0,0,0,fzd,goozăi,mzd,qăo,fbs,hyonăo,,,,1,121,454901,14495
yfc8915946,mfgb,6,5,critical,fzs,huanăa,goozăi,0,0,0,fzd,goozăi,mzd,qăo,fbs,hyonăo,,,,0,122,466045,11143
yfc8915946,mfgb,6,5,critical,fbd,qăo,qăo,1,0,0,fzd,goozăi,mzd,qăo,fbs,hyonăo,,,,3,123,474165,8118
yfc8915946,mfgb,6,5,critical,mbd,goozăi,qăo,0,0,0,fzd,goozăi,mzd,qăo,fbs,hyonăo,,,,2,124,479684,5518
yfc8915946,mfgb,6,5,critical,mbs,hyonăo,qăo,0,0,0,fzd,goozăi,mzd,qăo,fbs,hyonăo,mbs,hyonăo,,1,125,484444,4758
yfc8915946,mfgb,6,5,critical,mzs,hyonăo,qăo,0,0,0,fzd,goozăi,mzd,qăo,fbs,hyonăo,mbs,hyonăo,,1,126,488693,4247
yfc8915946,mfgb,6,5,catch,mzd,qăo,qăo,1,0,0,fzd,goozăi,mzd,qăo,fbs,hyonăo,mbs,hyonăo,False,3,127,491509,2814
yfc8915946,mfgb,6,5,critical,,DONE,,0,0,1,fzd,goozăi,mzd,qăo,fbs,hyonăo,mbs,hyonăo,,5,128,492413,903
yfc8915946,mfgb,7,2,critical,mzs,tsåvvses,rhymsvåd,0,0,0,mbs,sfêvdok,fzd,rhymsvåd,mzs,tsåvvses,,,,3,140,506157,8988
yfc8915946,mfgb,7,2,critical,mzd,rhymsvåd,rhymsvåd,1,0,0,mbs,sfêvdok,fzd,rhymsvåd,mzs,tsåvvses,,,,1,141,509060,2902
yfc8915946,mfgb,7,2,catch,fzd,rhymsvåd,rhymsvåd,1,0,0,mbs,sfêvdok,fzd,rhymsvåd,mzs,tsåvvses,,,False,1,142,510588,1527
yfc8915946,mfgb,7,2,critical,fbd,smêvskêv,sfêvdok,0,0,0,mbs,sfêvdok,fzd,rhymsvåd,mzs,tsåvvses,fbd,smêvskêv,,0,143,521764,11175
yfc8915946,mfgb,7,2,critical,fzs,tsåvvses,rhymsvåd,0,0,0,mbs,sfêvdok,fzd,rhymsvåd,mzs,tsåvvses,fbd,smêvskêv,,3,144,526580,4815
yfc8915946,mfgb,7,2,critical,mbd,rhymsvåd,sfêvdok,0,0,0,mbs,sfêvdok,fzd,rhymsvåd,mzs,tsåvvses,fbd,smêvskêv,,1,145,538660,12078
yfc8915946,mfgb,7,2,critical,fbs,sfêvdok,sfêvdok,1,0,0,mbs,sfêvdok,fzd,rhymsvåd,mzs,tsåvvses,fbd,smêvskêv,,2,146,544516,5855
yfc8915946,mfgb,7,2,critical,,DONE,,0,0,1,mbs,sfêvdok,fzd,rhymsvåd,mzs,tsåvvses,fbd,smêvskêv,,5,147,546292,1774
yfc8915946,mfgb,8,1,catch,fzs,žbodu,žbodu,1,0,0,fzs,žbodu,mbd,vruži,,,,,False,3,159,555108,4414
yfc8915946,mfgb,8,1,critical,mbs,vbāžo,vruži,0,0,0,fzs,žbodu,mbd,vruži,mbs,vbāžo,,,,0,160,560916,5806
yfc8915946,mfgb,8,1,critical,mzs,žbodu,vruži,0,0,0,fzs,žbodu,mbd,vruži,mbs,vbāžo,,,,3,161,564284,3367
yfc8915946,mfgb,8,1,critical,fzd,vruži,žbodu,0,0,0,fzs,žbodu,mbd,vruži,mbs,vbāžo,,,,2,162,567741,3455
yfc8915946,mfgb,8,1,critical,mzd,ngcāžo,vruži,0,0,0,fzs,žbodu,mbd,vruži,mbs,vbāžo,mzd,ngcāžo,,1,163,572436,4694
yfc8915946,mfgb,8,1,critical,fbs,žbodu,žbodu,1,0,0,fzs,žbodu,mbd,vruži,mbs,vbāžo,mzd,ngcāžo,,3,164,579884,7446
yfc8915946,mfgb,8,1,critical,fbd,ngcāžo,žbodu,0,0,0,fzs,žbodu,mbd,vruži,mbs,vbāžo,mzd,ngcāžo,,1,165,588868,8983
yfc8915946,mfgb,8,1,critical,,DONE,,0,0,1,fzs,žbodu,mbd,vruži,mbs,vbāžo,mzd,ngcāžo,,5,166,590444,1574
q7mqc1mst0,mfgb,1,5,critical,fbs,qăo,qăo,1,0,0,fzd,niuhiê,mbs,qăo,,,,,,2,26,391448,36938
q7mqc1mst0,mfgb,1,5,critical,mbd,qăo,qăo,1,0,0,fzd,niuhiê,mbs,qăo,,,,,,2,27,439238,47785
q7mqc1mst0,mfgb,1,5,critical,mzs,qăo,qăo,1,0,0,fzd,niuhiê,mbs,qăo,,,,,,2,28,487604,48362
q7mqc1mst0,mfgb,1,5,critical,fbd,qăo,qăo,1,0,0,fzd,niuhiê,mbs,qăo,,,,,,2,29,523467,35859
q7mqc1mst0,mfgb,1,5,critical,mzd,niuhiê,qăo,0,0,0,fzd,niuhiê,mbs,qăo,,,,,,0,30,541701,18230
q7mqc1mst0,mfgb,1,5,catch,mbs,qăo,qăo,1,0,0,fzd,niuhiê,mbs,qăo,,,,,False,2,31,562721,21016
q7mqc1mst0,mfgb,1,5,critical,fzs,qăo,niuhiê,0,0,0,fzd,niuhiê,mbs,qăo,,,,,,2,32,664480,101755
q7mqc1mst0,mfgb,1,5,critical,,UNDO,,0,1,0,fzd,niuhiê,mbs,qăo,,,,,,4,33,737331,72848
q7mqc1mst0,mfgb,1,5,critical,fzs,qăo,niuhiê,0,0,0,fzd,niuhiê,mbs,qăo,,,,,,2,34,765712,28378
q7mqc1mst0,mfgb,1,5,critical,,UNDO,,0,1,0,fzd,niuhiê,mbs,qăo,,,,,,4,35,769568,3853
q7mqc1mst0,mfgb,1,5,critical,fzs,UNDO,niuhiê,0,1,0,fzd,niuhiê,mbs,qăo,,,,,,4,36,770321,748
q7mqc1mst0,mfgb,1,5,critical,mzd,UNDO,qăo,0,1,0,fzd,niuhiê,mbs,qăo,,,,,,4,37,772281,1955
q7mqc1mst0,mfgb,1,5,critical,fbd,baumiă,qăo,0,0,0,fzd,niuhiê,mbs,qăo,fbd,baumiă,,,,3,38,786978,14693
q7mqc1mst0,mfgb,1,5,critical,mzd,niuhiê,qăo,0,0,0,fzd,niuhiê,mbs,qăo,fbd,baumiă,,,,0,39,798292,11311
q7mqc1mst0,mfgb,1,5,critical,fzs,qăo,niuhiê,0,0,0,fzd,niuhiê,mbs,qăo,fbd,baumiă,,,,2,40,803108,4813
q7mqc1mst0,mfgb,1,5,critical,,UNDO,,0,1,0,fzd,niuhiê,mbs,qăo,fbd,baumiă,,,,4,41,811574,8462
q7mqc1mst0,mfgb,1,5,critical,fzs,UNDO,niuhiê,0,1,0,fzd,niuhiê,mbs,qăo,fbd,baumiă,,,,4,42,812229,651
q7mqc1mst0,mfgb,1,5,critical,mzd,UNDO,qăo,0,1,0,fzd,niuhiê,mbs,qăo,fbd,baumiă,,,,4,43,812950,717
q7mqc1mst0,mfgb,1,5,critical,fbd,UNDO,qăo,0,1,0,fzd,niuhiê,mbs,qăo,fbd,baumiă,,,,4,44,813478,525
q7mqc1mst0,mfgb,1,5,critical,mzs,UNDO,qăo,0,1,0,fzd,niuhiê,mbs,qăo,fbd,baumiă,,,,4,45,814022,541
q7mqc1mst0,mfgb,1,5,critical,mbd,niuhiê,qăo,0,0,0,fzd,niuhiê,mbs,qăo,fbd,baumiă,,,,0,46,820510,6484
q7mqc1mst0,mfgb,1,5,critical,mzs,qăo,qăo,1,0,0,fzd,niuhiê,mbs,qăo,fbd,baumiă,,,,2,47,824448,3934
q7mqc1mst0,mfgb,1,5,critical,fbd,niuhiê,qăo,0,0,0,fzd,niuhiê,mbs,qăo,fbd,baumiă,,,,0,48,830529,6078
q7mqc1mst0,mfgb,1,5,critical,mzd,niuhiê,qăo,0,0,0,fzd,niuhiê,mbs,qăo,fbd,baumiă,,,,0,49,834929,4398
q7mqc1mst0,mfgb,1,5,critical,fzs,qăo,niuhiê,0,0,0,fzd,niuhiê,mbs,qăo,fbd,baumiă,,,,2,50,839498,4564
q7mqc1mst0,mfgb,1,5,critical,,DONE,,0,0,1,fzd,niuhiê,mbs,qăo,fbd,baumiă,,,,5,51,843082,3580
q7mqc1mst0,mfgb,2,3,critical,fzd,orinoçim,aweh,0,0,0,mbs,aweh,fbd,orinoçim,,,,,,3,63,1098873,18557
q7mqc1mst0,mfgb,2,3,critical,mzd,orinoçim,orinoçim,1,0,0,mbs,aweh,fbd,orinoçim,,,,,,3,64,1186431,87553
q7mqc1mst0,mfgb,2,3,critical,mbd,orinoçim,aweh,0,0,0,mbs,aweh,fbd,orinoçim,,,,,,3,65,1213027,26592
q7mqc1mst0,mfgb,2,3,critical,mzs,aweh,orinoçim,0,0,0,mbs,aweh,fbd,orinoçim,,,,,,0,66,1222771,9741
q7mqc1mst0,mfgb,2,3,critical,fbs,aweh,orinoçim,0,0,0,mbs,aweh,fbd,orinoçim,,,,,,0,67,1236598,13824
q7mqc1mst0,mfgb,2,3,catch,fbd,orinoçim,orinoçim,1,0,0,mbs,aweh,fbd,orinoçim,,,,,False,3,68,1250529,13928
q7mqc1mst0,mfgb,2,3,critical,fzs,aweh,aweh,1,0,0,mbs,aweh,fbd,orinoçim,,,,,,0,69,1289047,38514
q7mqc1mst0,mfgb,2,3,critical,,DONE,,0,0,1,mbs,aweh,fbd,orinoçim,,,,,,5,70,1297887,8837
q7mqc1mst0,mfgb,3,4,critical,fzs,yaöpe,yaöpe,1,0,0,fbd,töeqo,mzs,yaöpe,,,,,,1,82,1538370,13375
q7mqc1mst0,mfgb,3,4,critical,mbd,töeqo,yaöpe,0,0,0,fbd,töeqo,mzs,yaöpe,,,,,,0,83,1546573,8199
q7mqc1mst0,mfgb,3,4,critical,fbs,yaöpe,töeqo,0,0,0,fbd,töeqo,mzs,yaöpe,,,,,,1,84,1560494,13916
q7mqc1mst0,mfgb,3,4,catch,mzs,yaöpe,yaöpe,1,0,0,fbd,töeqo,mzs,yaöpe,,,,,False,1,85,1570431,9933
q7mqc1mst0,mfgb,3,4,critical,mbs,yaöpe,yaöpe,1,0,0,fbd,töeqo,mzs,yaöpe,,,,,,1,86,1576304,5870
q7mqc1mst0,mfgb,3,4,critical,mzd,töeqo,yaöpe,0,0,0,fbd,töeqo,mzs,yaöpe,,,,,,0,87,1580152,3845
q7mqc1mst0,mfgb,3,4,critical,fzd,töeqo,yaöpe,0,0,0,fbd,töeqo,mzs,yaöpe,,,,,,0,88,1592932,12776
q7mqc1mst0,mfgb,3,4,critical,,DONE,,0,0,1,fbd,töeqo,mzs,yaöpe,,,,,,5,89,1595076,2140
q7mqc1mst0,mfgb,4,2,critical,fbs,kawuka,lepego,0,0,0,mbd,lepego,fzs,kawuka,,,,,,2,101,1640194,6296
q7mqc1mst0,mfgb,4,2,critical,mzs,kawuka,kawuka,1,0,0,mbd,lepego,fzs,kawuka,,,,,,2,102,1645314,5117
q7mqc1mst0,mfgb,4,2,catch,mbd,lepego,lepego,1,0,0,mbd,lepego,fzs,kawuka,,,,,False,1,103,1651516,6199
q7mqc1mst0,mfgb,4,2,critical,fzd,lepego,kawuka,0,0,0,mbd,lepego,fzs,kawuka,,,,,,1,104,1657596,6078
q7mqc1mst0,mfgb,4,2,critical,fbd,lepego,lepego,1,0,0,mbd,lepego,fzs,kawuka,,,,,,1,105,1661445,3846
q7mqc1mst0,mfgb,5,1,critical,fbd,morïky,morïky,1,0,0,fzd,morïky,mbs,hïlaki,,,,,,0,120,1707771,5589
q7mqc1mst0,mfgb,4,2,critical,,DONE,,0,0,1,mbd,lepego,fzs,kawuka,,,,,,5,108,1674127,1742
q7mqc1mst0,mfgb,5,1,critical,mbd,morïky,hïlaki,0,0,0,fzd,morïky,mbs,hïlaki,,,,,,0,121,1741161,33387
q7mqc1mst0,mfgb,5,1,critical,mzd,morïky,hïlaki,0,0,0,fzd,morïky,mbs,hïlaki,,,,,,0,122,1745106,3941
q7mqc1mst0,mfgb,5,1,catch,fzd,morïky,morïky,1,0,0,fzd,morïky,mbs,hïlaki,,,,,False,0,123,1764516,19406
q7mqc1mst0,mfgb,5,1,critical,,DONE,,0,0,1,fzd,morïky,mbs,hïlaki,,,,,,5,127,1786440,3118
q7mqc1mst0,mfgb,5,1,critical,fzs,hïlaki,morïky,0,0,0,fzd,morïky,mbs,hïlaki,,,,,,2,126,1783319,8887
q7mqc1mst0,mfgb,5,1,critical,mzs,hïlaki,hïlaki,1,0,0,fzd,morïky,mbs,hïlaki,,,,,,2,125,1774430,2867
q7mqc1mst0,mfgb,5,1,critical,fbs,hïlaki,morïky,0,0,0,fzd,morïky,mbs,hïlaki,,,,,,2,124,1771559,7038
q7mqc1mst0,mfgb,6,6,critical,mbs,otev,azuf,0,0,0,mbd,azuf,fbs,otev,,,,,,2,139,1828622,10487
q7mqc1mst0,mfgb,6,6,critical,fbd,azuf,otev,0,0,0,mbd,azuf,fbs,otev,,,,,,0,140,1839944,11319
q7mqc1mst0,mfgb,6,6,catch,mbd,azuf,azuf,1,0,0,mbd,azuf,fbs,otev,,,,,False,0,141,1848161,8214
q7mqc1mst0,mfgb,6,6,critical,fzd,azuf,otev,0,0,0,mbd,azuf,fbs,otev,,,,,,0,142,1853282,5118
q7mqc1mst0,mfgb,6,6,critical,mzd,azuf,otev,0,0,0,mbd,azuf,fbs,otev,,,,,,0,143,1856163,2877
q7mqc1mst0,mfgb,6,6,critical,mzs,otev,otev,1,0,0,mbd,azuf,fbs,otev,,,,,,2,144,1860299,4133
q7mqc1mst0,mfgb,6,6,critical,fzs,otev,otev,1,0,0,mbd,azuf,fbs,otev,,,,,,2,145,1862163,1861
q7mqc1mst0,mfgb,6,6,critical,,DONE,,0,0,1,mbd,azuf,fbs,otev,,,,,,5,146,1863828,1661
q7mqc1mst0,mfgb,7,7,critical,fzs,kvurddåh,ktot,0,0,0,mzd,ktåvrhus,fbd,ktot,fzs,kvurddåh,,,,1,158,1946120,63032
q7mqc1mst0,mfgb,7,7,critical,fzd,ktot,ktot,1,0,0,mzd,ktåvrhus,fbd,ktot,fzs,kvurddåh,,,,2,159,1954897,8773
q7mqc1mst0,mfgb,7,7,critical,mzs,tsåvvses,ktåvrhus,0,0,0,mzd,ktåvrhus,fbd,ktot,fzs,kvurddåh,,,,3,160,1970683,15783
q7mqc1mst0,mfgb,7,7,critical,mbd,ktåvrhus,ktot,0,0,0,mzd,ktåvrhus,fbd,ktot,fzs,kvurddåh,,,,0,161,1978613,7927
q7mqc1mst0,mfgb,7,7,critical,fbs,tsåvvses,ktot,0,0,0,mzd,ktåvrhus,fbd,ktot,fzs,kvurddåh,,,,3,162,1986327,7711
q7mqc1mst0,mfgb,7,7,catch,fbd,ktot,ktot,1,0,0,mzd,ktåvrhus,fbd,ktot,fzs,kvurddåh,,,False,2,163,1996215,9885
q7mqc1mst0,mfgb,7,7,critical,mbs,tsåvvses,ktot,0,0,0,mzd,ktåvrhus,fbd,ktot,fzs,kvurddåh,,,,3,164,2009946,13728
q7mqc1mst0,mfgb,7,7,critical,,UNDO,,0,1,0,mzd,ktåvrhus,fbd,ktot,fzs,kvurddåh,,,,4,165,2041183,31233
q7mqc1mst0,mfgb,7,7,critical,mbs,UNDO,ktot,0,1,0,mzd,ktåvrhus,fbd,ktot,fzs,kvurddåh,,,,4,166,2042191,1005
q7mqc1mst0,mfgb,7,7,critical,fbs,kvurddåh,ktot,0,0,0,mzd,ktåvrhus,fbd,ktot,fzs,kvurddåh,fbs,kvurddåh,,1,167,2058529,16334
q7mqc1mst0,mfgb,7,7,critical,mbs,tsåvvses,ktot,0,0,0,mzd,ktåvrhus,fbd,ktot,fzs,kvurddåh,fbs,kvurddåh,,3,168,2067027,8493
q7mqc1mst0,mfgb,7,7,critical,,DONE,,0,0,1,mzd,ktåvrhus,fbd,ktot,fzs,kvurddåh,fbs,kvurddåh,,5,169,2078660,11629
q7mqc1mst0,mfgb,8,0,catch,b,žbodu,žbodu,1,0,0,mbs,rbāranžā,b,žbodu,,,,,False,0,179,2108328,9014
q7mqc1mst0,mfgb,8,0,critical,z,vbāžo,žbodu,0,0,0,mbs,rbāranžā,b,žbodu,z,vbāžo,,,,2,180,2140605,32273
q7mqc1mst0,mfgb,8,0,critical,fzs,rbāranžā,rbāranžā,1,0,0,mbs,rbāranžā,b,žbodu,z,vbāžo,,,,3,181,2149183,8575
q7mqc1mst0,mfgb,8,0,critical,fzd,ngcāžo,rbāranžā,0,0,0,mbs,rbāranžā,b,žbodu,z,vbāžo,,,,1,182,2160048,10862
q7mqc1mst0,mfgb,8,0,critical,fbs,rbāranžā,rbāranžā,1,0,0,mbs,rbāranžā,b,žbodu,z,vbāžo,,,,3,183,2165706,5653
q7mqc1mst0,mfgb,8,0,critical,mbd,ngcāžo,rbāranžā,0,0,0,mbs,rbāranžā,b,žbodu,z,vbāžo,,,,1,184,2177250,11542
q7mqc1mst0,mfgb,8,0,critical,mzd,ngcāžo,rbāranžā,0,0,0,mbs,rbāranžā,b,žbodu,z,vbāžo,,,,1,185,2179763,2510
q7mqc1mst0,mfgb,8,0,critical,fbd,rbāranžā,rbāranžā,1,0,0,mbs,rbāranžā,b,žbodu,z,vbāžo,,,,3,186,2184404,4637
q7mqc1mst0,mfgb,8,0,critical,mzs,UNDO,rbāranžā,0,1,0,mbs,rbāranžā,b,žbodu,z,vbāžo,,,,4,187,2194589,10181
q7mqc1mst0,mfgb,8,0,critical,fbd,ngcāžo,rbāranžā,0,0,0,mbs,rbāranžā,b,žbodu,z,vbāžo,,,,1,188,2196789,2197
q7mqc1mst0,mfgb,8,0,critical,mzs,rbāranžā,rbāranžā,1,0,0,mbs,rbāranžā,b,žbodu,z,vbāžo,,,,3,189,2203799,7006
q7mqc1mst0,mfgb,8,0,critical,,DONE,,0,0,1,mbs,rbāranžā,b,žbodu,z,vbāžo,,,,5,190,2220248,16445
eeyykmwnln,fmbg,1,5,critical,mzs,aweh,aweh,1,0,0,fzd,içiqusem,mbs,aweh,,,,,,2,26,261889,12459
eeyykmwnln,fmbg,1,5,critical,mzd,içiqusem,aweh,0,0,0,fzd,içiqusem,mbs,aweh,,,,,,3,27,276230,14340
eeyykmwnln,fmbg,1,5,critical,fbd,içiqusem,aweh,0,0,0,fzd,içiqusem,mbs,aweh,,,,,,3,28,280794,4563
eeyykmwnln,fmbg,1,5,critical,fzs,UNDO,içiqusem,0,1,0,fzd,içiqusem,mbs,aweh,,,,,,4,29,284749,3954
eeyykmwnln,fmbg,1,5,critical,fbd,UNDO,aweh,0,1,0,fzd,içiqusem,mbs,aweh,,,,,,4,30,285567,817
eeyykmwnln,fmbg,1,5,critical,mzd,aweh,aweh,1,0,0,fzd,içiqusem,mbs,aweh,,,,,,2,31,286848,1279
eeyykmwnln,fmbg,1,5,critical,fbd,aweh,aweh,1,0,0,fzd,içiqusem,mbs,aweh,,,,,,2,32,287342,493
eeyykmwnln,fmbg,1,5,critical,fzs,içiqusem,içiqusem,1,0,0,fzd,içiqusem,mbs,aweh,,,,,,3,33,290884,3541
eeyykmwnln,fmbg,1,5,catch,fzd,içiqusem,içiqusem,1,0,0,fzd,içiqusem,mbs,aweh,,,,,False,3,34,296164,5279
eeyykmwnln,fmbg,1,5,critical,mbd,aweh,aweh,1,0,0,fzd,içiqusem,mbs,aweh,,,,,,2,35,298350,2185
eeyykmwnln,fmbg,1,5,critical,fbs,aweh,aweh,1,0,0,fzd,içiqusem,mbs,aweh,,,,,,2,36,300389,2037
eeyykmwnln,fmbg,1,5,critical,,DONE,,0,0,1,fzd,içiqusem,mbs,aweh,,,,,,5,37,302029,1639
eeyykmwnln,fmbg,2,6,critical,mbd,goviku,goviku,1,0,0,mbs,goviku,fbs,lawolu,,,,,,1,49,397417,6707
eeyykmwnln,fmbg,2,6,critical,fbd,lawolu,lawolu,1,0,0,mbs,goviku,fbs,lawolu,,,,,,2,50,399090,1671
eeyykmwnln,fmbg,2,6,critical,mzd,lawolu,lawolu,1,0,0,mbs,goviku,fbs,lawolu,,,,,,2,51,408376,9284
eeyykmwnln,fmbg,2,6,critical,fzs,lawolu,lawolu,1,0,0,mbs,goviku,fbs,lawolu,,,,,,2,52,419258,10882
eeyykmwnln,fmbg,2,6,critical,mzs,lawolu,lawolu,1,0,0,mbs,goviku,fbs,lawolu,,,,,,2,53,422146,2887
eeyykmwnln,fmbg,2,6,critical,fzd,lawolu,lawolu,1,0,0,mbs,goviku,fbs,lawolu,,,,,,2,54,425269,3121
eeyykmwnln,fmbg,2,6,catch,mbs,goviku,goviku,1,0,0,mbs,goviku,fbs,lawolu,,,,,False,1,55,433571,8301
eeyykmwnln,fmbg,2,6,critical,,DONE,,0,0,1,mbs,goviku,fbs,lawolu,,,,,,5,56,435692,2119
eeyykmwnln,fmbg,3,7,critical,fzd,męwaqïfe,męwaqïfe,1,0,0,mzd,qïru,fzs,męwaqïfe,,,,,,1,68,497361,2280
eeyykmwnln,fmbg,3,7,critical,mbd,męwaqïfe,męwaqïfe,1,0,0,mzd,qïru,fzs,męwaqïfe,,,,,,1,69,500045,2683
eeyykmwnln,fmbg,3,7,critical,mbs,męwaqïfe,męwaqïfe,1,0,0,mzd,qïru,fzs,męwaqïfe,,,,,,1,70,501489,1443
eeyykmwnln,fmbg,3,7,catch,fzs,męwaqïfe,męwaqïfe,1,0,0,mzd,qïru,fzs,męwaqïfe,,,,,False,1,71,503301,1811
eeyykmwnln,fmbg,3,7,critical,fbs,męwaqïfe,męwaqïfe,1,0,0,mzd,qïru,fzs,męwaqïfe,,,,,,1,72,504602,1300
eeyykmwnln,fmbg,3,7,critical,mzs,qïru,qïru,1,0,0,mzd,qïru,fzs,męwaqïfe,,,,,,0,73,506411,1808
eeyykmwnln,fmbg,3,7,critical,fbd,męwaqïfe,męwaqïfe,1,0,0,mzd,qïru,fzs,męwaqïfe,,,,,,1,74,507730,1317
eeyykmwnln,fmbg,3,7,critical,,DONE,,0,0,1,mzd,qïru,fzs,męwaqïfe,,,,,,5,75,509551,1820
eeyykmwnln,fmbg,4,4,critical,fbd,cžunge,cžunge,1,0,0,fbs,cžunge,mzs,rbāranžā,,,,,,3,87,563143,2001
eeyykmwnln,fmbg,4,4,critical,mbd,rbāranžā,rbāranžā,1,0,0,fbs,cžunge,mzs,rbāranžā,,,,,,1,88,578554,15410
eeyykmwnln,fmbg,4,4,critical,fzs,rbāranžā,rbāranžā,1,0,0,fbs,cžunge,mzs,rbāranžā,,,,,,1,89,582198,3643
eeyykmwnln,fmbg,4,4,critical,fzd,rbāranžā,rbāranžā,1,0,0,fbs,cžunge,mzs,rbāranžā,,,,,,1,90,583251,1052
eeyykmwnln,fmbg,4,4,catch,mzs,rbāranžā,rbāranžā,1,0,0,fbs,cžunge,mzs,rbāranžā,,,,,False,1,91,584787,1535
eeyykmwnln,fmbg,4,4,critical,mzd,rbāranžā,rbāranžā,1,0,0,fbs,cžunge,mzs,rbāranžā,,,,,,1,92,585448,660
eeyykmwnln,fmbg,4,4,critical,mbs,rbāranžā,rbāranžā,1,0,0,fbs,cžunge,mzs,rbāranžā,,,,,,1,93,595339,9890
eeyykmwnln,fmbg,4,4,critical,,DONE,,0,0,1,fbs,cžunge,mzs,rbāranžā,,,,,,5,94,596689,1350
eeyykmwnln,fmbg,5,3,critical,fzs,idanuluf,idanuluf,1,0,0,mbs,idanuluf,mzs,awupav,,,,,,2,106,689182,3977
eeyykmwnln,fmbg,5,3,critical,mzd,awupav,awupav,1,0,0,mbs,idanuluf,mzs,awupav,,,,,,1,107,692254,3070
eeyykmwnln,fmbg,5,3,critical,mbd,idanuluf,idanuluf,1,0,0,mbs,idanuluf,mzs,awupav,,,,,,2,108,694031,1776
eeyykmwnln,fmbg,5,3,catch,mbs,idanuluf,idanuluf,1,0,0,mbs,idanuluf,mzs,awupav,,,,,False,2,109,695372,1340
eeyykmwnln,fmbg,5,3,critical,fzd,idanuluf,idanuluf,1,0,0,mbs,idanuluf,mzs,awupav,,,,,,2,110,697156,1783
eeyykmwnln,fmbg,5,3,critical,fbs,awupav,awupav,1,0,0,mbs,idanuluf,mzs,awupav,,,,,,1,111,700435,3278
eeyykmwnln,fmbg,5,3,critical,fbd,awupav,awupav,1,0,0,mbs,idanuluf,mzs,awupav,,,,,,1,112,701141,704
eeyykmwnln,fmbg,5,3,critical,,DONE,,0,0,1,mbs,idanuluf,mzs,awupav,,,,,,5,113,702506,1364
eeyykmwnln,fmbg,6,1,critical,mzs,šaaqaude,šaaqaude,1,0,0,fzd,töeqo,mbd,šaaqaude,,,,,,3,125,773959,9910
eeyykmwnln,fmbg,6,1,critical,fbd,töeqo,töeqo,1,0,0,fzd,töeqo,mbd,šaaqaude,,,,,,0,126,776380,2420
eeyykmwnln,fmbg,6,1,critical,mzd,šaaqaude,šaaqaude,1,0,0,fzd,töeqo,mbd,šaaqaude,,,,,,3,127,778581,2200
eeyykmwnln,fmbg,6,1,critical,fbs,töeqo,töeqo,1,0,0,fzd,töeqo,mbd,šaaqaude,,,,,,0,128,780439,1857
eeyykmwnln,fmbg,6,1,critical,fzs,töeqo,töeqo,1,0,0,fzd,töeqo,mbd,šaaqaude,,,,,,0,129,781682,1243
eeyykmwnln,fmbg,6,1,catch,fzd,töeqo,töeqo,1,0,0,fzd,töeqo,mbd,šaaqaude,,,,,False,0,130,783046,1363
eeyykmwnln,fmbg,6,1,critical,mbs,šaaqaude,šaaqaude,1,0,0,fzd,töeqo,mbd,šaaqaude,,,,,,3,131,784439,1391
eeyykmwnln,fmbg,6,1,critical,,DONE,,0,0,1,fzd,töeqo,mbd,šaaqaude,,,,,,5,132,785699,1259
eeyykmwnln,fmbg,7,0,critical,z,ktåvrhus,ktåvrhus,1,0,0,fbd,vrêd,b,ktåvrhus,,,,,,0,142,840742,2059
eeyykmwnln,fmbg,7,0,critical,fzd,vrêd,vrêd,1,0,0,fbd,vrêd,b,ktåvrhus,,,,,,2,143,843307,2563
eeyykmwnln,fmbg,7,0,critical,mbd,vrêd,vrêd,1,0,0,fbd,vrêd,b,ktåvrhus,,,,,,2,144,844239,931
eeyykmwnln,fmbg,7,0,catch,b,ktåvrhus,ktåvrhus,1,0,0,fbd,vrêd,b,ktåvrhus,,,,,False,0,145,846947,2707
eeyykmwnln,fmbg,7,0,critical,mzs,vrêd,vrêd,1,0,0,fbd,vrêd,b,ktåvrhus,,,,,,2,146,847939,990
eeyykmwnln,fmbg,7,0,critical,fzs,vrêd,vrêd,1,0,0,fbd,vrêd,b,ktåvrhus,,,,,,2,147,849140,1200
eeyykmwnln,fmbg,7,0,critical,fbs,vrêd,vrêd,1,0,0,fbd,vrêd,b,ktåvrhus,,,,,,2,148,849939,798
eeyykmwnln,fmbg,7,0,critical,mbs,vrêd,vrêd,1,0,0,fbd,vrêd,b,ktåvrhus,,,,,,2,149,851337,1397
eeyykmwnln,fmbg,7,0,critical,mzd,vrêd,vrêd,1,0,0,fbd,vrêd,b,ktåvrhus,,,,,,2,150,852494,1155
eeyykmwnln,fmbg,7,0,critical,,DONE,,0,0,1,fbd,vrêd,b,ktåvrhus,,,,,,5,151,853611,1116
eeyykmwnln,fmbg,8,2,critical,mzs,taobyo,taobyo,1,0,0,mbs,niuhiê,fzs,taobyo,,,,,,2,163,870417,3772
eeyykmwnln,fmbg,8,2,critical,fbd,niuhiê,niuhiê,1,0,0,mbs,niuhiê,fzs,taobyo,,,,,,3,164,874382,3964
eeyykmwnln,fmbg,8,2,critical,fbs,niuhiê,niuhiê,1,0,0,mbs,niuhiê,fzs,taobyo,,,,,,3,165,875529,1146
eeyykmwnln,fmbg,8,2,critical,mzd,taobyo,taobyo,1,0,0,mbs,niuhiê,fzs,taobyo,,,,,,2,166,877428,1898
eeyykmwnln,fmbg,8,2,catch,fzs,taobyo,taobyo,1,0,0,mbs,niuhiê,fzs,taobyo,,,,,False,2,167,879781,2351
eeyykmwnln,fmbg,8,2,critical,mbd,niuhiê,niuhiê,1,0,0,mbs,niuhiê,fzs,taobyo,,,,,,3,168,882302,2520
eeyykmwnln,fmbg,8,2,critical,fzd,taobyo,taobyo,1,0,0,mbs,niuhiê,fzs,taobyo,,,,,,2,169,883457,1154
eeyykmwnln,fmbg,8,2,critical,,DONE,,0,0,1,mbs,niuhiê,fzs,taobyo,,,,,,5,170,884657,1199
zvhnvbwa06,mfbg,1,2,critical,fbs,ulywaf,ulywaf,1,0,0,mbs,ulywaf,fzs,etupol,,,,,,1,26,90194,9321
zvhnvbwa06,mfbg,1,2,critical,mbd,azuf,ulywaf,0,0,0,mbs,ulywaf,fzs,etupol,mbd,azuf,,,,2,27,152180,61985
zvhnvbwa06,mfbg,1,2,critical,mzd,ozatof,etupol,0,0,0,mbs,ulywaf,fzs,etupol,mbd,azuf,mzd,ozatof,,0,28,159462,7281
zvhnvbwa06,mfbg,1,2,critical,fzd,ozatof,etupol,0,0,0,mbs,ulywaf,fzs,etupol,mbd,azuf,mzd,ozatof,,0,29,167165,7702
zvhnvbwa06,mfbg,1,2,critical,fbd,azuf,ulywaf,0,0,0,mbs,ulywaf,fzs,etupol,mbd,azuf,mzd,ozatof,,2,30,170470,3304
zvhnvbwa06,mfbg,1,2,critical,mzs,etupol,etupol,1,0,0,mbs,ulywaf,fzs,etupol,mbd,azuf,mzd,ozatof,,3,31,175027,4556
zvhnvbwa06,mfbg,1,2,catch,mbs,ulywaf,ulywaf,1,0,0,mbs,ulywaf,fzs,etupol,mbd,azuf,mzd,ozatof,False,1,32,184924,9896
zvhnvbwa06,mfbg,1,2,critical,,DONE,,0,0,1,mbs,ulywaf,fzs,etupol,mbd,azuf,mzd,ozatof,,5,33,186610,1685
zvhnvbwa06,mfbg,2,6,critical,mzs,uquçun,aqinudød,0,0,0,mbd,orinoçim,fbd,aqinudød,mzs,uquçun,,,,0,45,222112,24431
zvhnvbwa06,mfbg,2,6,critical,fzd,adeçim,aqinudød,0,0,0,mbd,orinoçim,fbd,aqinudød,mzs,uquçun,,,,3,46,227069,4955
zvhnvbwa06,mfbg,2,6,critical,fbs,aqinudød,aqinudød,1,0,0,mbd,orinoçim,fbd,aqinudød,mzs,uquçun,,,,2,47,232980,5910
zvhnvbwa06,mfbg,2,6,critical,mzd,aqinudød,aqinudød,1,0,0,mbd,orinoçim,fbd,aqinudød,mzs,uquçun,,,,2,48,238475,5494
zvhnvbwa06,mfbg,2,6,critical,mbs,adeçim,orinoçim,0,0,0,mbd,orinoçim,fbd,aqinudød,mzs,uquçun,,,,3,49,245401,6924
zvhnvbwa06,mfbg,2,6,catch,mbd,orinoçim,orinoçim,1,0,0,mbd,orinoçim,fbd,aqinudød,mzs,uquçun,,,False,1,50,250460,5058
zvhnvbwa06,mfbg,2,6,critical,fzs,uquçun,aqinudød,0,0,0,mbd,orinoçim,fbd,aqinudød,mzs,uquçun,fzs,uquçun,,0,51,254746,4285
zvhnvbwa06,mfbg,2,6,critical,,DONE,,0,0,1,mbd,orinoçim,fbd,aqinudød,mzs,uquçun,fzs,uquçun,,5,52,256093,1346
zvhnvbwa06,mfbg,3,1,critical,fbs,popingi,lawolu,0,0,0,fzd,lawolu,mbs,popingi,,,,,,3,64,268078,7607
zvhnvbwa06,mfbg,3,1,catch,mbs,wupu,popingi,0,0,0,fzd,lawolu,mbs,popingi,,,,,True,2,65,273444,5364
zvhnvbwa06,mfbg,3,1,critical,mzs,powisunge,popingi,0,0,0,fzd,lawolu,mbs,popingi,mzs,powisunge,,,,0,66,277287,3841
zvhnvbwa06,mfbg,3,1,critical,fbd,lawolu,lawolu,1,0,0,fzd,lawolu,mbs,popingi,mzs,powisunge,,,,1,67,284930,7642
zvhnvbwa06,mfbg,3,1,critical,mzd,lawolu,popingi,0,0,0,fzd,lawolu,mbs,popingi,mzs,powisunge,,,,1,68,289249,4318
zvhnvbwa06,mfbg,3,1,critical,fzs,powisunge,lawolu,0,0,0,fzd,lawolu,mbs,popingi,mzs,powisunge,fzs,powisunge,,0,69,293758,4507
zvhnvbwa06,mfbg,3,1,critical,mbd,lawolu,popingi,0,0,0,fzd,lawolu,mbs,popingi,mzs,powisunge,fzs,powisunge,,1,70,302400,8641
zvhnvbwa06,mfbg,3,1,critical,,UNDO,,0,1,0,fzd,lawolu,mbs,popingi,mzs,powisunge,fzs,powisunge,,4,71,305344,2943
zvhnvbwa06,mfbg,3,1,critical,mbd,lawolu,popingi,0,0,0,fzd,lawolu,mbs,popingi,mzs,powisunge,fzs,powisunge,,1,72,307666,2320
zvhnvbwa06,mfbg,3,1,critical,,UNDO,,0,1,0,fzd,lawolu,mbs,popingi,mzs,powisunge,fzs,powisunge,,4,73,308773,1105
zvhnvbwa06,mfbg,3,1,critical,mbd,UNDO,popingi,0,1,0,fzd,lawolu,mbs,popingi,mzs,powisunge,fzs,powisunge,,4,74,309097,322
zvhnvbwa06,mfbg,3,1,critical,fzs,powisunge,lawolu,0,0,0,fzd,lawolu,mbs,popingi,mzs,powisunge,fzs,powisunge,,0,75,313119,4021
zvhnvbwa06,mfbg,3,1,critical,mbd,lawolu,popingi,0,0,0,fzd,lawolu,mbs,popingi,mzs,powisunge,fzs,powisunge,,1,76,326538,13418
zvhnvbwa06,mfbg,3,1,critical,,DONE,,0,0,1,fzd,lawolu,mbs,popingi,mzs,powisunge,fzs,powisunge,,5,77,327494,954
zvhnvbwa06,mfbg,4,5,catch,mbd,vbāžo,žbodu,0,0,0,fzd,byure,mbd,žbodu,,,,,True,2,89,332486,170
zvhnvbwa06,mfbg,4,5,critical,mbs,vbāžo,žbodu,0,0,0,fzd,byure,mbd,žbodu,mbs,vbāžo,,,,2,90,344501,12014
zvhnvbwa06,mfbg,4,5,critical,fzs,vropcāre,byure,0,0,0,fzd,byure,mbd,žbodu,mbs,vbāžo,,,,3,91,351305,6803
zvhnvbwa06,mfbg,4,5,critical,fbs,vbāžo,žbodu,0,0,0,fzd,byure,mbd,žbodu,mbs,vbāžo,fbs,vbāžo,,2,92,355594,4288
zvhnvbwa06,mfbg,4,5,critical,fbd,žbodu,žbodu,1,0,0,fzd,byure,mbd,žbodu,mbs,vbāžo,fbs,vbāžo,,0,93,357390,1795
zvhnvbwa06,mfbg,4,5,critical,mzd,byure,žbodu,0,0,0,fzd,byure,mbd,žbodu,mbs,vbāžo,fbs,vbāžo,,1,94,360191,2800
zvhnvbwa06,mfbg,4,5,critical,mzs,vropcāre,žbodu,0,0,0,fzd,byure,mbd,žbodu,mbs,vbāžo,fbs,vbāžo,,3,95,365305,5113
zvhnvbwa06,mfbg,4,5,critical,,DONE,,0,0,1,fzd,byure,mbd,žbodu,mbs,vbāžo,fbs,vbāžo,,5,96,366936,1629
zvhnvbwa06,mfbg,5,3,critical,mzd,baumiă,taobyo,0,0,0,fzd,baumiă,fbs,taobyo,,,,,,2,108,378063,3784
zvhnvbwa06,mfbg,5,3,catch,fzd,baumiă,baumiă,1,0,0,fzd,baumiă,fbs,taobyo,,,,,False,2,109,380991,2926
zvhnvbwa06,mfbg,5,3,critical,fbd,nyumuo,taobyo,0,0,0,fzd,baumiă,fbs,taobyo,fbd,nyumuo,,,,0,110,383005,2012
zvhnvbwa06,mfbg,5,3,critical,mbs,taobyo,baumiă,0,0,0,fzd,baumiă,fbs,taobyo,fbd,nyumuo,,,,1,111,384534,1528
zvhnvbwa06,mfbg,5,3,critical,fzs,hyonăo,baumiă,0,0,0,fzd,baumiă,fbs,taobyo,fbd,nyumuo,fzs,hyonăo,,3,112,387991,3456
zvhnvbwa06,mfbg,5,3,critical,mbd,nyumuo,baumiă,0,0,0,fzd,baumiă,fbs,taobyo,fbd,nyumuo,fzs,hyonăo,,0,113,391188,3196
zvhnvbwa06,mfbg,5,3,critical,mzs,hyonăo,taobyo,0,0,0,fzd,baumiă,fbs,taobyo,fbd,nyumuo,fzs,hyonăo,,3,114,393473,2284
zvhnvbwa06,mfbg,5,3,critical,,DONE,,0,0,1,fzd,baumiă,fbs,taobyo,fbd,nyumuo,fzs,hyonăo,,5,115,394645,1170
zvhnvbwa06,mfbg,6,4,critical,fzs,cöahido,yaöpe,0,0,0,fbs,canšuehu,mbd,yaöpe,fzs,cöahido,,,,0,127,412664,11467
zvhnvbwa06,mfbg,6,4,critical,mbs,canšuehu,yaöpe,0,0,0,fbs,canšuehu,mbd,yaöpe,fzs,cöahido,,,,2,128,416440,3774
zvhnvbwa06,mfbg,6,4,critical,mzs,cöahido,yaöpe,0,0,0,fbs,canšuehu,mbd,yaöpe,fzs,cöahido,mzs,cöahido,,0,129,422963,6522
zvhnvbwa06,mfbg,6,4,critical,fzd,beiguumu,yaöpe,0,0,0,fbs,canšuehu,mbd,yaöpe,fzs,cöahido,mzs,cöahido,,3,130,427927,4962
zvhnvbwa06,mfbg,6,4,critical,fbd,yaöpe,canšuehu,0,0,0,fbs,canšuehu,mbd,yaöpe,fzs,cöahido,mzs,cöahido,,1,131,430505,2578
zvhnvbwa06,mfbg,6,4,critical,mzd,yaöpe,yaöpe,1,0,0,fbs,canšuehu,mbd,yaöpe,fzs,cöahido,mzs,cöahido,,1,132,435256,4750
zvhnvbwa06,mfbg,6,4,catch,mbd,yaöpe,yaöpe,1,0,0,fbs,canšuehu,mbd,yaöpe,fzs,cöahido,mzs,cöahido,False,1,133,437505,2248
zvhnvbwa06,mfbg,6,4,critical,,DONE,,0,0,1,fbs,canšuehu,mbd,yaöpe,fzs,cöahido,mzs,cöahido,,5,134,438714,1207
zvhnvbwa06,mfbg,7,0,critical,mbd,rhymsvåd,tsåvvses,0,0,0,fzd,tsåvvses,b,ktot,mbd,rhymsvåd,,,,0,144,448936,5842
zvhnvbwa06,mfbg,7,0,critical,fzs,smêvskêv,tsåvvses,0,0,0,fzd,tsåvvses,b,ktot,mbd,rhymsvåd,fzs,smêvskêv,,1,145,452190,3253
zvhnvbwa06,mfbg,7,0,critical,fbd,rhymsvåd,tsåvvses,0,0,0,fzd,tsåvvses,b,ktot,mbd,rhymsvåd,fzs,smêvskêv,,0,146,455699,3508
zvhnvbwa06,mfbg,7,0,critical,z,ktot,ktot,1,0,0,fzd,tsåvvses,b,ktot,mbd,rhymsvåd,fzs,smêvskêv,,3,147,459621,3920
zvhnvbwa06,mfbg,7,0,critical,fbs,smêvskêv,tsåvvses,0,0,0,fzd,tsåvvses,b,ktot,mbd,rhymsvåd,fzs,smêvskêv,,1,148,470942,11320
zvhnvbwa06,mfbg,7,0,catch,fzd,tsåvvses,tsåvvses,1,0,0,fzd,tsåvvses,b,ktot,mbd,rhymsvåd,fzs,smêvskêv,False,2,149,476508,5565
zvhnvbwa06,mfbg,7,0,critical,mbs,smêvskêv,tsåvvses,0,0,0,fzd,tsåvvses,b,ktot,mbd,rhymsvåd,fzs,smêvskêv,,1,150,480278,3769
zvhnvbwa06,mfbg,7,0,critical,mzd,smêvskêv,tsåvvses,0,0,0,fzd,tsåvvses,b,ktot,mbd,rhymsvåd,fzs,smêvskêv,,1,151,480499,219
zvhnvbwa06,mfbg,7,0,critical,mzs,rhymsvåd,tsåvvses,0,0,0,fzd,tsåvvses,b,ktot,mbd,rhymsvåd,fzs,smêvskêv,,0,152,482038,1538
zvhnvbwa06,mfbg,7,0,critical,,DONE,,0,0,1,fzd,tsåvvses,b,ktot,mbd,rhymsvåd,fzs,smêvskêv,,5,153,482792,753
zvhnvbwa06,mfbg,8,7,critical,fzs,zuvewu,męwaqïfe,0,0,0,mzs,zuvewu,fzd,męwaqïfe,,,,,,2,165,492935,5179
zvhnvbwa06,mfbg,8,7,catch,mzs,zuvewu,zuvewu,1,0,0,mzs,zuvewu,fzd,męwaqïfe,,,,,False,2,166,495544,2609
zvhnvbwa06,mfbg,8,7,critical,fbs,hïlaki,męwaqïfe,0,0,0,mzs,zuvewu,fzd,męwaqïfe,fbs,hïlaki,,,,3,167,502288,6743
zvhnvbwa06,mfbg,8,7,critical,mbs,hïlaki,męwaqïfe,0,0,0,mzs,zuvewu,fzd,męwaqïfe,fbs,hïlaki,mbs,hïlaki,,3,168,503152,862
zvhnvbwa06,mfbg,8,7,critical,mbd,męwaqïfe,męwaqïfe,1,0,0,mzs,zuvewu,fzd,męwaqïfe,fbs,hïlaki,mbs,hïlaki,,0,169,504983,1831
zvhnvbwa06,mfbg,8,7,critical,mzd,kïmy,zuvewu,0,0,0,mzs,zuvewu,fzd,męwaqïfe,fbs,hïlaki,mbs,hïlaki,,1,170,506654,1669
zvhnvbwa06,mfbg,8,7,critical,fbd,zuvewu,męwaqïfe,0,0,0,mzs,zuvewu,fzd,męwaqïfe,fbs,hïlaki,mbs,hïlaki,,2,171,507571,916
zvhnvbwa06,mfbg,8,7,critical,,DONE,,0,0,1,mzs,zuvewu,fzd,męwaqïfe,fbs,hïlaki,mbs,hïlaki,,5,172,508289,716
fmxtqnjbuc,mfgb,1,6,critical,fbd,lepego,lepego,1,0,0,mbd,powisunge,fzd,lepego,,,,,,1,26,455755,41327
fmxtqnjbuc,mfgb,1,6,critical,mzs,powisunge,lepego,0,0,0,mbd,powisunge,fzd,lepego,,,,,,2,27,477802,22037
fmxtqnjbuc,mfgb,1,6,critical,mbs,powisunge,powisunge,1,0,0,mbd,powisunge,fzd,lepego,,,,,,2,28,497918,20109
fmxtqnjbuc,mfgb,1,6,catch,fzd,lepego,lepego,1,0,0,mbd,powisunge,fzd,lepego,,,,,False,1,29,513445,15521
fmxtqnjbuc,mfgb,1,6,critical,mzd,powisunge,lepego,0,0,0,mbd,powisunge,fzd,lepego,,,,,,2,30,531842,18389
fmxtqnjbuc,mfgb,1,6,critical,fbs,lepego,lepego,1,0,0,mbd,powisunge,fzd,lepego,,,,,,1,31,542462,10614
fmxtqnjbuc,mfgb,1,6,critical,fzs,lepego,lepego,1,0,0,mbd,powisunge,fzd,lepego,,,,,,1,32,551054,8584
fmxtqnjbuc,mfgb,1,6,critical,,DONE,,0,0,1,mbd,powisunge,fzd,lepego,,,,,,5,33,554870,3810
fmxtqnjbuc,mfgb,2,7,critical,mzd,gêă,gêă,1,0,0,mzs,gêă,mbs,huanăa,,,,,,1,45,636573,24211
fmxtqnjbuc,mfgb,2,7,catch,mbs,huanăa,huanăa,1,0,0,mzs,gêă,mbs,huanăa,,,,,False,2,46,644570,7989
fmxtqnjbuc,mfgb,2,7,critical,fzd,huanăa,huanăa,1,0,0,mzs,gêă,mbs,huanăa,,,,,,2,47,680301,35725
fmxtqnjbuc,mfgb,2,7,critical,mbd,huanăa,huanăa,1,0,0,mzs,gêă,mbs,huanăa,,,,,,2,48,684017,3709
fmxtqnjbuc,mfgb,2,7,critical,fbs,huanăa,huanăa,1,0,0,mzs,gêă,mbs,huanăa,,,,,,2,49,690561,6537
fmxtqnjbuc,mfgb,2,7,critical,fbd,huanăa,huanăa,1,0,0,mzs,gêă,mbs,huanăa,,,,,,2,50,692921,2353
fmxtqnjbuc,mfgb,2,7,critical,fzs,huanăa,huanăa,1,0,0,mzs,gêă,mbs,huanăa,,,,,,2,51,696081,3153
fmxtqnjbuc,mfgb,2,7,critical,,DONE,,0,0,1,mzs,gêă,mbs,huanăa,,,,,,5,52,697347,1259
fmxtqnjbuc,mfgb,3,1,critical,mbd,bybï,hïlaki,0,0,0,fbs,bokokohï,mzs,hïlaki,mzd,bybï,mbd,bybï,,2,65,754806,3
fmxtqnjbuc,mfgb,3,1,critical,mzd,bybï,hïlaki,0,0,0,fbs,bokokohï,mzs,hïlaki,mzd,bybï,,,,2,64,754793,4
fmxtqnjbuc,mfgb,3,1,critical,fzs,bokokohï,bokokohï,1,0,0,fbs,bokokohï,mzs,hïlaki,mzd,bybï,mbd,bybï,,1,66,767147,12336
fmxtqnjbuc,mfgb,3,1,critical,fzd,bybï,bokokohï,0,0,0,fbs,bokokohï,mzs,hïlaki,mzd,bybï,mbd,bybï,,2,67,793969,26815
fmxtqnjbuc,mfgb,3,1,catch,mzs,hïlaki,hïlaki,1,0,0,fbs,bokokohï,mzs,hïlaki,mzd,bybï,mbd,bybï,False,0,68,801173,7197
fmxtqnjbuc,mfgb,3,1,critical,mbs,hïlaki,hïlaki,1,0,0,fbs,bokokohï,mzs,hïlaki,mzd,bybï,mbd,bybï,,0,69,806285,5105
fmxtqnjbuc,mfgb,3,1,critical,fbd,bybï,bokokohï,0,0,0,fbs,bokokohï,mzs,hïlaki,mzd,bybï,mbd,bybï,,2,70,810129,3838
fmxtqnjbuc,mfgb,3,1,critical,,DONE,,0,0,1,fbs,bokokohï,mzs,hïlaki,mzd,bybï,mbd,bybï,,5,71,811901,1766
fmxtqnjbuc,mfgb,4,3,critical,fbd,ngcāžo,ngcāžo,1,0,0,fzs,vruži,fbs,ngcāžo,,,,,,0,83,838889,5244
fmxtqnjbuc,mfgb,4,3,critical,fzd,vruži,vruži,1,0,0,fzs,vruži,fbs,ngcāžo,,,,,,2,84,841090,2194
fmxtqnjbuc,mfgb,4,3,critical,mzs,ngcāžo,ngcāžo,1,0,0,fzs,vruži,fbs,ngcāžo,,,,,,0,85,855549,14452
fmxtqnjbuc,mfgb,4,3,critical,mbs,vruži,vruži,1,0,0,fzs,vruži,fbs,ngcāžo,,,,,,2,86,860725,5170
fmxtqnjbuc,mfgb,4,3,critical,mzd,vruži,ngcāžo,0,0,0,fzs,vruži,fbs,ngcāžo,,,,,,2,87,865800,5070
fmxtqnjbuc,mfgb,4,3,catch,fbs,ngcāžo,ngcāžo,1,0,0,fzs,vruži,fbs,ngcāžo,,,,,False,0,88,872209,6402
fmxtqnjbuc,mfgb,4,3,critical,mbd,ngcāžo,vruži,0,0,0,fzs,vruži,fbs,ngcāžo,,,,,,0,89,877000,4785
fmxtqnjbuc,mfgb,4,3,critical,,DONE,,0,0,1,fzs,vruži,fbs,ngcāžo,,,,,,5,90,878121,1114
fmxtqnjbuc,mfgb,5,2,catch,fbs,ozatof,ozatof,1,0,0,fbs,ozatof,mzd,etupol,,,,,False,1,102,932205,6577
fmxtqnjbuc,mfgb,5,2,critical,mbd,etupol,ozatof,0,0,0,fbs,ozatof,mzd,etupol,,,,,,2,103,939896,7685
fmxtqnjbuc,mfgb,5,2,critical,fzs,ozatof,etupol,0,0,0,fbs,ozatof,mzd,etupol,,,,,,1,104,943512,3610
fmxtqnjbuc,mfgb,5,2,critical,mzs,etupol,etupol,1,0,0,fbs,ozatof,mzd,etupol,,,,,,2,105,949616,6098
fmxtqnjbuc,mfgb,5,2,critical,fbd,ozatof,ozatof,1,0,0,fbs,ozatof,mzd,etupol,,,,,,1,106,952752,3129
fmxtqnjbuc,mfgb,5,2,critical,fzd,ozatof,etupol,0,0,0,fbs,ozatof,mzd,etupol,,,,,,1,107,954896,2137
fmxtqnjbuc,mfgb,5,2,critical,mbs,etupol,ozatof,0,0,0,fbs,ozatof,mzd,etupol,,,,,,2,108,957312,2410
fmxtqnjbuc,mfgb,5,2,critical,,DONE,,0,0,1,fbs,ozatof,mzd,etupol,,,,,,5,109,958785,1465
fmxtqnjbuc,mfgb,6,5,critical,mzd,cöahido,beiguumu,0,0,0,fzd,cöahido,fbs,beiguumu,,,,,,1,121,981104,4816
fmxtqnjbuc,mfgb,6,5,critical,fzs,beiguumu,cöahido,0,0,0,fzd,cöahido,fbs,beiguumu,,,,,,3,122,986248,5138
fmxtqnjbuc,mfgb,6,5,critical,mbd,cöahido,beiguumu,0,0,0,fzd,cöahido,fbs,beiguumu,,,,,,1,123,989088,2833
fmxtqnjbuc,mfgb,6,5,catch,fzd,cöahido,cöahido,1,0,0,fzd,cöahido,fbs,beiguumu,,,,,False,1,124,995151,6058
fmxtqnjbuc,mfgb,6,5,critical,mbs,beiguumu,beiguumu,1,0,0,fzd,cöahido,fbs,beiguumu,,,,,,3,125,1000020,4862
fmxtqnjbuc,mfgb,6,5,critical,mzs,beiguumu,beiguumu,1,0,0,fzd,cöahido,fbs,beiguumu,,,,,,3,126,1002804,2777
fmxtqnjbuc,mfgb,6,5,critical,fbd,cöahido,beiguumu,0,0,0,fzd,cöahido,fbs,beiguumu,,,,,,1,127,1005744,2933
fmxtqnjbuc,mfgb,6,5,critical,,DONE,,0,0,1,fzd,cöahido,fbs,beiguumu,,,,,,5,128,1006776,1026
fmxtqnjbuc,mfgb,7,0,critical,mzs,orinoçim,orinoçim,1,0,0,fbd,orinoçim,z,içiqusem,,,,,,0,138,1046269,23080
fmxtqnjbuc,mfgb,7,0,critical,fbs,orinoçim,orinoçim,1,0,0,fbd,orinoçim,z,içiqusem,,,,,,0,139,1047484,1208
fmxtqnjbuc,mfgb,7,0,critical,mbd,orinoçim,orinoçim,1,0,0,fbd,orinoçim,z,içiqusem,,,,,,0,140,1049064,1573
fmxtqnjbuc,mfgb,7,0,critical,fzd,orinoçim,orinoçim,1,0,0,fbd,orinoçim,z,içiqusem,,,,,,0,141,1052700,3629
fmxtqnjbuc,mfgb,7,0,critical,mbs,orinoçim,orinoçim,1,0,0,fbd,orinoçim,z,içiqusem,,,,,,0,142,1054048,1343
fmxtqnjbuc,mfgb,7,0,catch,fbd,orinoçim,orinoçim,1,0,0,fbd,orinoçim,z,içiqusem,,,,,False,0,143,1057460,3406
fmxtqnjbuc,mfgb,7,0,critical,b,içiqusem,içiqusem,1,0,0,fbd,orinoçim,z,içiqusem,,,,,,2,144,1063528,6062
fmxtqnjbuc,mfgb,7,0,critical,mzd,orinoçim,orinoçim,1,0,0,fbd,orinoçim,z,içiqusem,,,,,,0,145,1066184,2649
fmxtqnjbuc,mfgb,7,0,critical,fzs,orinoçim,orinoçim,1,0,0,fbd,orinoçim,z,içiqusem,,,,,,0,146,1070648,4458
fmxtqnjbuc,mfgb,7,0,critical,,DONE,,0,0,1,fbd,orinoçim,z,içiqusem,,,,,,5,147,1071728,1072
fmxtqnjbuc,mfgb,8,4,critical,mzs,tsåvvses,smêvskêv,0,0,0,fbs,tsåvvses,fzs,smêvskêv,,,,,,1,159,1092520,5001
fmxtqnjbuc,mfgb,8,4,critical,mbd,smêvskêv,smêvskêv,1,0,0,fbs,tsåvvses,fzs,smêvskêv,,,,,,2,160,1099116,6590
fmxtqnjbuc,mfgb,8,4,critical,fzd,tsåvvses,smêvskêv,0,0,0,fbs,tsåvvses,fzs,smêvskêv,,,,,,1,161,1105800,6678
fmxtqnjbuc,mfgb,8,4,critical,fbd,smêvskêv,tsåvvses,0,0,0,fbs,tsåvvses,fzs,smêvskêv,,,,,,2,162,1112480,6674
fmxtqnjbuc,mfgb,8,4,catch,fzs,smêvskêv,smêvskêv,1,0,0,fbs,tsåvvses,fzs,smêvskêv,,,,,False,2,163,1117116,4629
fmxtqnjbuc,mfgb,8,4,critical,mbs,tsåvvses,smêvskêv,0,0,0,fbs,tsåvvses,fzs,smêvskêv,,,,,,1,164,1120863,3741
fmxtqnjbuc,mfgb,8,4,critical,mzd,smêvskêv,smêvskêv,1,0,0,fbs,tsåvvses,fzs,smêvskêv,,,,,,2,165,1124007,3136
fmxtqnjbuc,mfgb,8,4,critical,,DONE,,0,0,1,fbs,tsåvvses,fzs,smêvskêv,,,,,,5,166,1126503,2490
0j6k161n6d,fmgb,1,2,critical,mzd,egezalat,otev,0,0,0,mbs,egezalat,mzs,otev,,,,,,2,26,15728,885
0j6k161n6d,fmgb,1,2,catch,mbs,otev,egezalat,0,0,0,mbs,egezalat,mzs,otev,,,,,True,1,27,16169,435
0j6k161n6d,fmgb,1,2,critical,fzs,ilug,otev,0,0,0,mbs,egezalat,mzs,otev,fzs,ilug,,,,0,28,16636,461
0j6k161n6d,fmgb,1,2,critical,mbd,otev,egezalat,0,0,0,mbs,egezalat,mzs,otev,fzs,ilug,,,,1,29,17085,444
0j6k161n6d,fmgb,1,2,critical,fbs,egezalat,egezalat,1,0,0,mbs,egezalat,mzs,otev,fzs,ilug,,,,2,30,17705,616
0j6k161n6d,fmgb,1,2,critical,fbd,idanuluf,egezalat,0,0,0,mbs,egezalat,mzs,otev,fzs,ilug,fbd,idanuluf,,3,31,18311,600
0j6k161n6d,fmgb,1,2,critical,fzd,egezalat,otev,0,0,0,mbs,egezalat,mzs,otev,fzs,ilug,fbd,idanuluf,,2,32,19322,1006
0j6k161n6d,fmgb,1,2,critical,,UNDO,,0,1,0,mbs,egezalat,mzs,otev,fzs,ilug,fbd,idanuluf,,4,33,22544,3216
0j6k161n6d,fmgb,1,2,critical,fzd,UNDO,otev,0,1,0,mbs,egezalat,mzs,otev,fzs,ilug,fbd,idanuluf,,4,34,22689,141
0j6k161n6d,fmgb,1,2,critical,fbd,UNDO,egezalat,0,1,0,mbs,egezalat,mzs,otev,fzs,ilug,fbd,idanuluf,,4,35,22830,135
0j6k161n6d,fmgb,1,2,critical,fbs,UNDO,egezalat,0,1,0,mbs,egezalat,mzs,otev,fzs,ilug,fbd,idanuluf,,4,36,23003,170
0j6k161n6d,fmgb,1,2,critical,mbd,UNDO,egezalat,0,1,0,mbs,egezalat,mzs,otev,fzs,ilug,fbd,idanuluf,,4,37,23157,151
0j6k161n6d,fmgb,1,2,critical,fzs,UNDO,otev,0,1,0,mbs,egezalat,mzs,otev,fzs,ilug,fbd,idanuluf,,4,38,23329,170
crh28aq5c9,mfbg,1,5,critical,fbd,iqur,aweh,0,0,0,fzd,iqur,mzd,aweh,,,,,,3,26,535270,58286
crh28aq5c9,mfbg,1,5,critical,mbs,UNDO,aweh,0,1,0,fzd,iqur,mzd,aweh,,,,,,4,27,560237,24962
crh28aq5c9,mfbg,1,5,critical,fbd,aweh,aweh,1,0,0,fzd,iqur,mzd,aweh,,,,,,1,28,601070,40831
crh28aq5c9,mfbg,1,5,critical,mbs,adeçim,aweh,0,0,0,fzd,iqur,mzd,aweh,mbs,adeçim,,,,0,29,752113,151040
crh28aq5c9,mfbg,1,5,critical,fzs,emøyeç,iqur,0,0,0,fzd,iqur,mzd,aweh,mbs,adeçim,fzs,emøyeç,,2,30,778067,25950
crh28aq5c9,mfbg,1,5,critical,mbd,aweh,aweh,1,0,0,fzd,iqur,mzd,aweh,mbs,adeçim,fzs,emøyeç,,1,31,791808,13739
crh28aq5c9,mfbg,1,5,critical,fbs,adeçim,aweh,0,0,0,fzd,iqur,mzd,aweh,mbs,adeçim,fzs,emøyeç,,0,32,806536,14725
crh28aq5c9,mfbg,1,5,critical,mzs,adeçim,aweh,0,0,0,fzd,iqur,mzd,aweh,mbs,adeçim,fzs,emøyeç,,0,33,817579,11039
crh28aq5c9,mfbg,1,5,catch,mzd,aweh,aweh,1,0,0,fzd,iqur,mzd,aweh,mbs,adeçim,fzs,emøyeç,False,1,34,844575,26993
crh28aq5c9,mfbg,1,5,critical,,DONE,,0,0,1,fzd,iqur,mzd,aweh,mbs,adeçim,fzs,emøyeç,,5,35,851307,6729
crh28aq5c9,mfbg,2,0,critical,fbs,lepego,lepego,1,0,0,mbs,lepego,z,ngapapu,,,,,,3,45,989729,50640
crh28aq5c9,mfbg,2,0,critical,mzd,ngapapu,lepego,0,0,0,mbs,lepego,z,ngapapu,,,,,,1,46,1055686,65954
crh28aq5c9,mfbg,2,0,critical,fzs,lepego,lepego,1,0,0,mbs,lepego,z,ngapapu,,,,,,3,47,1068906,13217
crh28aq5c9,mfbg,2,0,critical,mbd,UNDO,lepego,0,1,0,mbs,lepego,z,ngapapu,,,,,,4,48,1118485,49577
crh28aq5c9,mfbg,2,0,critical,fzs,UNDO,lepego,0,1,0,mbs,lepego,z,ngapapu,,,,,,4,49,1120353,1865
crh28aq5c9,mfbg,2,0,critical,mzd,lepego,lepego,1,0,0,mbs,lepego,z,ngapapu,,,,,,3,50,1144361,24005
crh28aq5c9,mfbg,2,0,critical,fzs,UNDO,lepego,0,1,0,mbs,lepego,z,ngapapu,,,,,,4,51,1154994,10631
crh28aq5c9,mfbg,2,0,critical,mzd,ngapapu,lepego,0,0,0,mbs,lepego,z,ngapapu,,,,,,1,52,1158564,3567
crh28aq5c9,mfbg,2,0,critical,fzs,lepego,lepego,1,0,0,mbs,lepego,z,ngapapu,,,,,,3,53,1169482,10915
crh28aq5c9,mfbg,2,0,critical,mbd,ngapapu,lepego,0,0,0,mbs,lepego,z,ngapapu,,,,,,1,54,1180226,10741
crh28aq5c9,mfbg,2,0,critical,fbd,ngapapu,lepego,0,0,0,mbs,lepego,z,ngapapu,,,,,,1,55,1192612,12383
crh28aq5c9,mfbg,2,0,catch,mbs,lepego,lepego,1,0,0,mbs,lepego,z,ngapapu,,,,,False,3,56,1216148,23533
crh28aq5c9,mfbg,2,0,critical,mzs,lepego,lepego,1,0,0,mbs,lepego,z,ngapapu,,,,,,3,57,1227228,11076
crh28aq5c9,mfbg,2,0,critical,fzd,ngapapu,lepego,0,0,0,mbs,lepego,z,ngapapu,,,,,,1,58,1235577,8346
crh28aq5c9,mfbg,2,0,critical,b,lepego,ngapapu,0,0,0,mbs,lepego,z,ngapapu,,,,,,3,59,1258027,22447
crh28aq5c9,mfbg,2,0,critical,,DONE,,0,0,1,mbs,lepego,z,ngapapu,,,,,,5,60,1260079,2049
crh28aq5c9,mfbg,3,2,critical,fzd,goozăi,goozăi,1,0,0,mbd,huanăa,mzs,goozăi,,,,,,1,72,1395565,36587
crh28aq5c9,mfbg,3,2,critical,mzd,goozăi,goozăi,1,0,0,mbd,huanăa,mzs,goozăi,,,,,,1,73,1410817,15247
crh28aq5c9,mfbg,3,2,critical,fbs,huanăa,huanăa,1,0,0,mbd,huanăa,mzs,goozăi,,,,,,2,74,1423179,12359
crh28aq5c9,mfbg,3,2,critical,fzs,goozăi,goozăi,1,0,0,mbd,huanăa,mzs,goozăi,,,,,,1,75,1436132,12951
crh28aq5c9,mfbg,3,2,catch,mzs,goozăi,goozăi,1,0,0,mbd,huanăa,mzs,goozăi,,,,,False,1,76,1455956,19820
crh28aq5c9,mfbg,3,2,critical,mbs,huanăa,huanăa,1,0,0,mbd,huanăa,mzs,goozăi,,,,,,2,77,1465970,10011
crh28aq5c9,mfbg,3,2,critical,fbd,huanăa,huanăa,1,0,0,mbd,huanăa,mzs,goozăi,,,,,,2,78,1475346,9373
crh28aq5c9,mfbg,3,2,critical,,DONE,,0,0,1,mbd,huanăa,mzs,goozăi,,,,,,5,79,1477810,2461
crh28aq5c9,mfbg,4,4,critical,mzs,ngcāžo,ngcāžo,1,0,0,fbd,rbāranžā,fzs,ngcāžo,,,,,,2,91,1589134,12338
crh28aq5c9,mfbg,4,4,critical,fzd,pžicā,ngcāžo,0,0,0,fbd,rbāranžā,fzs,ngcāžo,fzd,pžicā,,,,0,92,1677673,88536
crh28aq5c9,mfbg,4,4,catch,fbd,rbāranžā,rbāranžā,1,0,0,fbd,rbāranžā,fzs,ngcāžo,fzd,pžicā,,,False,1,93,1691269,13592
crh28aq5c9,mfbg,4,4,critical,mbs,ngcāžo,ngcāžo,1,0,0,fbd,rbāranžā,fzs,ngcāžo,fzd,pžicā,,,,2,94,1710390,19118
crh28aq5c9,mfbg,4,4,critical,mbd,pžicā,ngcāžo,0,0,0,fbd,rbāranžā,fzs,ngcāžo,fzd,pžicā,,,,0,95,1719838,9445
crh28aq5c9,mfbg,4,4,critical,fbs,žbodu,rbāranžā,0,0,0,fbd,rbāranžā,fzs,ngcāžo,fzd,pžicā,fbs,žbodu,,3,96,1739824,19983
crh28aq5c9,mfbg,4,4,critical,mzd,pžicā,ngcāžo,0,0,0,fbd,rbāranžā,fzs,ngcāžo,fzd,pžicā,fbs,žbodu,,0,97,1751156,11328
crh28aq5c9,mfbg,4,4,critical,,DONE,,0,0,1,fbd,rbāranžā,fzs,ngcāžo,fzd,pžicā,fbs,žbodu,,5,98,1753406,2247
crh28aq5c9,mfbg,5,1,critical,fbs,egezalat,egezalat,1,0,0,fzs,egezalat,mbd,otev,,,,,,1,110,1847465,15004
crh28aq5c9,mfbg,5,1,critical,mzd,otev,otev,1,0,0,fzs,egezalat,mbd,otev,,,,,,2,111,1864049,16581
crh28aq5c9,mfbg,5,1,critical,fbd,egezalat,egezalat,1,0,0,fzs,egezalat,mbd,otev,,,,,,1,112,1875524,11473
crh28aq5c9,mfbg,5,1,critical,mbs,otev,otev,1,0,0,fzs,egezalat,mbd,otev,,,,,,2,113,1884690,9163
crh28aq5c9,mfbg,5,1,critical,fzd,egezalat,egezalat,1,0,0,fzs,egezalat,mbd,otev,,,,,,1,114,1896118,11425
crh28aq5c9,mfbg,5,1,catch,fzs,egezalat,egezalat,1,0,0,fzs,egezalat,mbd,otev,,,,,False,1,115,1921734,25613
crh28aq5c9,mfbg,5,1,critical,mzs,otev,otev,1,0,0,fzs,egezalat,mbd,otev,,,,,,2,116,1929624,7887
crh28aq5c9,mfbg,5,1,critical,,DONE,,0,0,1,fzs,egezalat,mbd,otev,,,,,,5,117,1931762,2136
crh28aq5c9,mfbg,6,3,critical,mbs,tsåvvses,tsåvvses,1,0,0,mbd,tsåvvses,fbd,vrêd,,,,,,3,129,2056106,21382
crh28aq5c9,mfbg,6,3,critical,fzs,tsåvvses,tsåvvses,1,0,0,mbd,tsåvvses,fbd,vrêd,,,,,,3,130,2068748,12638
crh28aq5c9,mfbg,6,3,catch,mbd,tsåvvses,tsåvvses,1,0,0,mbd,tsåvvses,fbd,vrêd,,,,,False,3,131,2081866,13115
crh28aq5c9,mfbg,6,3,critical,fbs,vrêd,vrêd,1,0,0,mbd,tsåvvses,fbd,vrêd,,,,,,1,132,2089988,8119
crh28aq5c9,mfbg,6,3,critical,fzd,tsåvvses,tsåvvses,1,0,0,mbd,tsåvvses,fbd,vrêd,,,,,,3,133,2102219,12229
crh28aq5c9,mfbg,6,3,critical,mzs,vrêd,vrêd,1,0,0,mbd,tsåvvses,fbd,vrêd,,,,,,1,134,2112283,10061
crh28aq5c9,mfbg,6,3,critical,mzd,vrêd,vrêd,1,0,0,mbd,tsåvvses,fbd,vrêd,,,,,,1,135,2119003,6717
crh28aq5c9,mfbg,6,3,critical,,DONE,,0,0,1,mbd,tsåvvses,fbd,vrêd,,,,,,5,136,2120437,1431
crh28aq5c9,mfbg,7,6,critical,mbs,šaaqaude,šaaqaude,1,0,0,mbd,šaaqaude,mzd,nuubö,,,,,,0,148,2225716,25918
crh28aq5c9,mfbg,7,6,critical,fzs,nuubö,nuubö,1,0,0,mbd,šaaqaude,mzd,nuubö,,,,,,1,149,2238589,12871
crh28aq5c9,mfbg,7,6,critical,fbd,nuubö,nuubö,1,0,0,mbd,šaaqaude,mzd,nuubö,,,,,,1,150,2249815,11223
crh28aq5c9,mfbg,7,6,critical,fbs,nuubö,nuubö,1,0,0,mbd,šaaqaude,mzd,nuubö,,,,,,1,151,2256869,7051
crh28aq5c9,mfbg,7,6,critical,mzs,nuubö,nuubö,1,0,0,mbd,šaaqaude,mzd,nuubö,,,,,,1,152,2264441,7569
crh28aq5c9,mfbg,7,6,catch,mbd,šaaqaude,šaaqaude,1,0,0,mbd,šaaqaude,mzd,nuubö,,,,,False,0,153,2274803,10359
crh28aq5c9,mfbg,7,6,critical,fzd,nuubö,nuubö,1,0,0,mbd,šaaqaude,mzd,nuubö,,,,,,1,154,2283847,9041
crh28aq5c9,mfbg,7,6,critical,,DONE,,0,0,1,mbd,šaaqaude,mzd,nuubö,,,,,,5,155,2285865,2015
crh28aq5c9,mfbg,8,7,critical,mzd,bokokohï,bokokohï,1,0,0,mzs,bokokohï,fzs,ryvïri,,,,,,1,167,2363550,6256
crh28aq5c9,mfbg,8,7,critical,fbd,ryvïri,ryvïri,1,0,0,mzs,bokokohï,fzs,ryvïri,,,,,,2,168,2375182,11629
crh28aq5c9,mfbg,8,7,critical,mbs,ryvïri,ryvïri,1,0,0,mzs,bokokohï,fzs,ryvïri,,,,,,2,169,2384515,9331
crh28aq5c9,mfbg,8,7,critical,fbs,ryvïri,ryvïri,1,0,0,mzs,bokokohï,fzs,ryvïri,,,,,,2,170,2393549,9031
crh28aq5c9,mfbg,8,7,critical,fzd,ryvïri,ryvïri,1,0,0,mzs,bokokohï,fzs,ryvïri,,,,,,2,171,2400647,7095
crh28aq5c9,mfbg,8,7,catch,fzs,ryvïri,ryvïri,1,0,0,mzs,bokokohï,fzs,ryvïri,,,,,False,2,172,2408729,8078
crh28aq5c9,mfbg,8,7,critical,mbd,ryvïri,ryvïri,1,0,0,mzs,bokokohï,fzs,ryvïri,,,,,,2,173,2415035,6303
crh28aq5c9,mfbg,8,7,critical,,DONE,,0,0,1,mzs,bokokohï,fzs,ryvïri,,,,,,5,174,2416603,1565
1bxqdvpn5q,mfgb,1,2,catch,fbd,ktot,ktot,1,0,0,fbd,ktot,mzs,ktåvrhus,,,,,False,2,26,511520,5491
1bxqdvpn5q,mfgb,1,2,critical,fzd,ktot,ktåvrhus,0,0,0,fbd,ktot,mzs,ktåvrhus,,,,,,2,27,524980,13455
1bxqdvpn5q,mfgb,1,2,critical,mbd,ktåvrhus,ktot,0,0,0,fbd,ktot,mzs,ktåvrhus,,,,,,0,28,530631,5649
1bxqdvpn5q,mfgb,1,2,critical,fbs,ktåvrhus,ktot,0,0,0,fbd,ktot,mzs,ktåvrhus,,,,,,0,29,536279,5644
1bxqdvpn5q,mfgb,1,2,critical,mzd,smêvskêv,ktåvrhus,0,0,0,fbd,ktot,mzs,ktåvrhus,mzd,smêvskêv,,,,1,30,538275,1992
1bxqdvpn5q,mfgb,1,2,critical,mbs,smêvskêv,ktot,0,0,0,fbd,ktot,mzs,ktåvrhus,mzd,smêvskêv,mbs,smêvskêv,,1,31,543268,4990
1bxqdvpn5q,mfgb,1,2,critical,fzs,vrêd,ktåvrhus,0,0,0,fbd,ktot,mzs,ktåvrhus,mzd,smêvskêv,mbs,smêvskêv,,3,32,547158,3887
1bxqdvpn5q,mfgb,1,2,critical,,DONE,,0,0,1,fbd,ktot,mzs,ktåvrhus,mzd,smêvskêv,mbs,smêvskêv,,5,33,549002,1841
1bxqdvpn5q,mfgb,2,5,critical,fbd,wupu,pygele,0,0,0,fzd,wupu,mbs,pygele,,,,,,1,45,595708,3856
1bxqdvpn5q,mfgb,2,5,catch,mbs,pygele,pygele,1,0,0,fzd,wupu,mbs,pygele,,,,,False,0,46,607223,11511
1bxqdvpn5q,mfgb,2,5,critical,mzs,lepego,pygele,0,0,0,fzd,wupu,mbs,pygele,mzs,lepego,,,,3,47,611405,4179
1bxqdvpn5q,mfgb,2,5,critical,mbd,pygele,pygele,1,0,0,fzd,wupu,mbs,pygele,mzs,lepego,,,,0,48,614280,2872
1bxqdvpn5q,mfgb,2,5,critical,mzd,wupu,pygele,0,0,0,fzd,wupu,mbs,pygele,mzs,lepego,,,,1,49,621533,7250
1bxqdvpn5q,mfgb,2,5,critical,fbs,lepego,pygele,0,0,0,fzd,wupu,mbs,pygele,mzs,lepego,,,,3,50,624194,2657
1bxqdvpn5q,mfgb,2,5,critical,fzs,wupu,wupu,1,0,0,fzd,wupu,mbs,pygele,mzs,lepego,,,,1,51,628967,4771
1bxqdvpn5q,mfgb,2,5,critical,,DONE,,0,0,1,fzd,wupu,mbs,pygele,mzs,lepego,,,,5,52,637583,8612
1bxqdvpn5q,mfgb,3,3,critical,fzs,pžicā,vruži,0,0,0,fzd,vruži,mzd,pžicā,,,,,,1,64,665424,5452
1bxqdvpn5q,mfgb,3,3,critical,mzs,pžicā,pžicā,1,0,0,fzd,vruži,mzd,pžicā,,,,,,1,65,670955,5526
1bxqdvpn5q,mfgb,3,3,critical,mbs,vruži,vruži,1,0,0,fzd,vruži,mzd,pžicā,,,,,,0,66,673112,2153
1bxqdvpn5q,mfgb,3,3,critical,fbs,cžunge,pžicā,0,0,0,fzd,vruži,mzd,pžicā,fbs,cžunge,,,,3,67,674203,1088
1bxqdvpn5q,mfgb,3,3,critical,fbd,ngcāžo,pžicā,0,0,0,fzd,vruži,mzd,pžicā,fbs,cžunge,,,,2,68,675495,1289
1bxqdvpn5q,mfgb,3,3,critical,mbd,pžicā,vruži,0,0,0,fzd,vruži,mzd,pžicā,fbs,cžunge,,,,1,69,678969,3472
1bxqdvpn5q,mfgb,3,3,catch,mzd,ngcāžo,pžicā,0,0,0,fzd,vruži,mzd,pžicā,fbs,cžunge,,,True,2,70,679992,1019
1bxqdvpn5q,mfgb,3,3,critical,,DONE,,0,0,1,fzd,vruži,mzd,pžicā,fbs,cžunge,,,,5,71,681247,1250
1bxqdvpn5q,mfgb,4,4,critical,fbd,nyumuo,baumiă,0,0,0,fbs,baumiă,mbs,gêă,fbd,nyumuo,,,,3,83,819865,3893
1bxqdvpn5q,mfgb,4,4,critical,fzs,gêă,gêă,1,0,0,fbs,baumiă,mbs,gêă,fbd,nyumuo,,,,2,84,823493,3625
1bxqdvpn5q,mfgb,4,4,critical,fzd,nyumuo,gêă,0,0,0,fbs,baumiă,mbs,gêă,fbd,nyumuo,fzd,nyumuo,,3,85,827307,3810
1bxqdvpn5q,mfgb,4,4,catch,mbs,gêă,gêă,1,0,0,fbs,baumiă,mbs,gêă,fbd,nyumuo,fzd,nyumuo,False,2,86,830170,2860
1bxqdvpn5q,mfgb,4,4,critical,mzs,gêă,gêă,1,0,0,fbs,baumiă,mbs,gêă,fbd,nyumuo,fzd,nyumuo,,2,87,833553,3381
1bxqdvpn5q,mfgb,4,4,critical,mzd,baumiă,gêă,0,0,0,fbs,baumiă,mbs,gêă,fbd,nyumuo,fzd,nyumuo,,1,88,835451,1894
1bxqdvpn5q,mfgb,4,4,critical,mbd,taobyo,gêă,0,0,0,fbs,baumiă,mbs,gêă,fbd,nyumuo,fzd,nyumuo,,0,89,838987,3533
1bxqdvpn5q,mfgb,4,4,critical,,DONE,,0,0,1,fbs,baumiă,mbs,gêă,fbd,nyumuo,fzd,nyumuo,,5,90,840738,1748
1bxqdvpn5q,mfgb,5,1,critical,mbd,kïmy,morïky,0,0,0,fbs,kïmy,mbs,morïky,,,,,,2,102,916889,186
1bxqdvpn5q,mfgb,5,1,critical,fzd,morïky,kïmy,0,0,0,fbs,kïmy,mbs,morïky,,,,,,1,103,918985,2091
1bxqdvpn5q,mfgb,5,1,critical,fzs,bybï,kïmy,0,0,0,fbs,kïmy,mbs,morïky,fzs,bybï,,,,3,104,920105,1117
1bxqdvpn5q,mfgb,5,1,critical,mzd,lobowaby,morïky,0,0,0,fbs,kïmy,mbs,morïky,fzs,bybï,,,,0,105,921141,1032
1bxqdvpn5q,mfgb,5,1,critical,fbd,kïmy,kïmy,1,0,0,fbs,kïmy,mbs,morïky,fzs,bybï,,,,2,106,922595,1451
1bxqdvpn5q,mfgb,5,1,catch,fbs,kïmy,kïmy,1,0,0,fbs,kïmy,mbs,morïky,fzs,bybï,,,False,2,107,925135,2537
1bxqdvpn5q,mfgb,5,1,critical,mzs,bybï,morïky,0,0,0,fbs,kïmy,mbs,morïky,fzs,bybï,mzs,bybï,,3,108,926618,1480
1bxqdvpn5q,mfgb,5,1,critical,,DONE,,0,0,1,fbs,kïmy,mbs,morïky,fzs,bybï,mzs,bybï,,5,109,928309,1689
1bxqdvpn5q,mfgb,6,6,critical,mzs,agivud,agivud,1,0,0,mbd,ilug,fbd,agivud,,,,,,1,121,945683,6873
1bxqdvpn5q,mfgb,6,6,critical,fbs,etupol,agivud,0,0,0,mbd,ilug,fbd,agivud,fbs,etupol,,,,3,122,959801,14115
1bxqdvpn5q,mfgb,6,6,catch,mbd,ilug,ilug,1,0,0,mbd,ilug,fbd,agivud,fbs,etupol,,,False,2,123,962393,2589
1bxqdvpn5q,mfgb,6,6,critical,mbs,etupol,ilug,0,0,0,mbd,ilug,fbd,agivud,fbs,etupol,mbs,etupol,,3,124,965517,3122
1bxqdvpn5q,mfgb,6,6,critical,fzs,ulywaf,agivud,0,0,0,mbd,ilug,fbd,agivud,fbs,etupol,mbs,etupol,,0,125,969989,4469
1bxqdvpn5q,mfgb,6,6,critical,mzd,agivud,agivud,1,0,0,mbd,ilug,fbd,agivud,fbs,etupol,mbs,etupol,,1,126,972941,2949
1bxqdvpn5q,mfgb,6,6,critical,fzd,etupol,agivud,0,0,0,mbd,ilug,fbd,agivud,fbs,etupol,mbs,etupol,,3,127,974523,1579
1bxqdvpn5q,mfgb,6,6,critical,,DONE,,0,0,1,mbd,ilug,fbd,agivud,fbs,etupol,mbs,etupol,,5,128,975905,1380
1bxqdvpn5q,mfgb,7,0,catch,b,iqur,iqur,1,0,0,mzd,aweh,b,iqur,,,,,False,0,138,990189,3971
1bxqdvpn5q,mfgb,7,0,critical,fzs,iqur,aweh,0,0,0,mzd,aweh,b,iqur,,,,,,0,139,993677,3484
1bxqdvpn5q,mfgb,7,0,critical,mzs,içiqusem,aweh,0,0,0,mzd,aweh,b,iqur,mzs,içiqusem,,,,1,140,995267,1586
1bxqdvpn5q,mfgb,7,0,critical,fbd,orinoçim,aweh,0,0,0,mzd,aweh,b,iqur,mzs,içiqusem,fbd,orinoçim,,3,141,1001149,5880
1bxqdvpn5q,mfgb,7,0,critical,mbs,içiqusem,aweh,0,0,0,mzd,aweh,b,iqur,mzs,içiqusem,fbd,orinoçim,,1,142,1004375,3223
1bxqdvpn5q,mfgb,7,0,critical,mbd,orinoçim,aweh,0,0,0,mzd,aweh,b,iqur,mzs,içiqusem,fbd,orinoçim,,3,143,1011685,7306
1bxqdvpn5q,mfgb,7,0,critical,fbs,aweh,aweh,1,0,0,mzd,aweh,b,iqur,mzs,içiqusem,fbd,orinoçim,,2,144,1014319,2632
1bxqdvpn5q,mfgb,7,0,critical,z,içiqusem,iqur,0,0,0,mzd,aweh,b,iqur,mzs,içiqusem,fbd,orinoçim,,1,145,1015803,1480
1bxqdvpn5q,mfgb,7,0,critical,fzd,iqur,aweh,0,0,0,mzd,aweh,b,iqur,mzs,içiqusem,fbd,orinoçim,,0,146,1018500,2694
1bxqdvpn5q,mfgb,7,0,critical,,DONE,,0,0,1,mzd,aweh,b,iqur,mzs,içiqusem,fbd,orinoçim,,5,147,1019802,1298
1bxqdvpn5q,mfgb,8,7,critical,fbd,töeqo,canšuehu,0,0,0,mzd,šaaqaude,fbs,canšuehu,fbd,töeqo,,,,3,159,1056043,5841
1bxqdvpn5q,mfgb,8,7,critical,mbs,cöahido,canšuehu,0,0,0,mzd,šaaqaude,fbs,canšuehu,fbd,töeqo,mbs,cöahido,,1,160,1058007,1961
1bxqdvpn5q,mfgb,8,7,critical,mzs,šaaqaude,šaaqaude,1,0,0,mzd,šaaqaude,fbs,canšuehu,fbd,töeqo,mbs,cöahido,,0,161,1061146,3136
1bxqdvpn5q,mfgb,8,7,critical,fzs,canšuehu,canšuehu,1,0,0,mzd,šaaqaude,fbs,canšuehu,fbd,töeqo,mbs,cöahido,,2,162,1064201,3052
1bxqdvpn5q,mfgb,8,7,catch,mzd,canšuehu,šaaqaude,0,0,0,mzd,šaaqaude,fbs,canšuehu,fbd,töeqo,mbs,cöahido,True,2,163,1067312,3108
1bxqdvpn5q,mfgb,8,7,critical,fzd,töeqo,canšuehu,0,0,0,mzd,šaaqaude,fbs,canšuehu,fbd,töeqo,mbs,cöahido,,3,164,1070092,2777
1bxqdvpn5q,mfgb,8,7,critical,mbd,šaaqaude,canšuehu,0,0,0,mzd,šaaqaude,fbs,canšuehu,fbd,töeqo,mbs,cöahido,,0,165,1073913,3818
1bxqdvpn5q,mfgb,8,7,critical,,DONE,,0,0,1,mzd,šaaqaude,fbs,canšuehu,fbd,töeqo,mbs,cöahido,,5,166,1075569,1653
uf9y22kc7h,fmbg,1,5,critical,fzd,rbāranžā,rbāranžā,1,0,0,fzs,rbāranžā,mbd,žbodu,,,,,,3,26,336049,11116
uf9y22kc7h,fmbg,1,5,critical,mzd,žbodu,žbodu,1,0,0,fzs,rbāranžā,mbd,žbodu,,,,,,0,27,362164,26106
uf9y22kc7h,fmbg,1,5,critical,mzs,žbodu,žbodu,1,0,0,fzs,rbāranžā,mbd,žbodu,,,,,,0,28,374598,12432
uf9y22kc7h,fmbg,1,5,critical,fbd,žbodu,žbodu,1,0,0,fzs,rbāranžā,mbd,žbodu,,,,,,0,29,380999,6399
uf9y22kc7h,fmbg,1,5,critical,fbs,rbāranžā,žbodu,0,0,0,fzs,rbāranžā,mbd,žbodu,,,,,,3,30,384575,3574
uf9y22kc7h,fmbg,1,5,catch,mbd,žbodu,žbodu,1,0,0,fzs,rbāranžā,mbd,žbodu,,,,,False,0,31,412141,27564
uf9y22kc7h,fmbg,1,5,critical,mbs,byure,žbodu,0,0,0,fzs,rbāranžā,mbd,žbodu,mbs,byure,,,,2,32,426013,13870
uf9y22kc7h,fmbg,1,5,critical,,DONE,,0,0,1,fzs,rbāranžā,mbd,žbodu,mbs,byure,,,,5,33,428540,2526
uf9y22kc7h,fmbg,2,0,critical,fbs,kïmy,ryvïri,0,0,0,mzs,ryvïri,b,męwaqïfe,fbs,kïmy,,,,0,43,486897,26988
uf9y22kc7h,fmbg,2,0,catch,mzs,ryvïri,ryvïri,1,0,0,mzs,ryvïri,b,męwaqïfe,fbs,kïmy,,,False,3,44,499323,12424
uf9y22kc7h,fmbg,2,0,critical,mzd,męwaqïfe,ryvïri,0,0,0,mzs,ryvïri,b,męwaqïfe,fbs,kïmy,,,,2,45,514617,15291
uf9y22kc7h,fmbg,2,0,critical,fbd,ryvïri,ryvïri,1,0,0,mzs,ryvïri,b,męwaqïfe,fbs,kïmy,,,,3,46,521756,7133
uf9y22kc7h,fmbg,2,0,critical,z,męwaqïfe,męwaqïfe,1,0,0,mzs,ryvïri,b,męwaqïfe,fbs,kïmy,,,,2,47,534912,13153
uf9y22kc7h,fmbg,2,0,critical,fzs,lobowaby,ryvïri,0,0,0,mzs,ryvïri,b,męwaqïfe,fbs,kïmy,,,,1,48,581177,46263
uf9y22kc7h,fmbg,2,0,critical,fzd,kïmy,ryvïri,0,0,0,mzs,ryvïri,b,męwaqïfe,fbs,kïmy,fzd,kïmy,,0,49,594202,13022
uf9y22kc7h,fmbg,2,0,critical,mbd,męwaqïfe,ryvïri,0,0,0,mzs,ryvïri,b,męwaqïfe,fbs,kïmy,fzd,kïmy,,2,50,605956,11748
uf9y22kc7h,fmbg,2,0,critical,mbs,ryvïri,ryvïri,1,0,0,mzs,ryvïri,b,męwaqïfe,fbs,kïmy,fzd,kïmy,,3,51,616734,10775
uf9y22kc7h,fmbg,2,0,critical,,DONE,,0,0,1,mzs,ryvïri,b,męwaqïfe,fbs,kïmy,fzd,kïmy,,5,52,618140,1399
uf9y22kc7h,fmbg,3,3,critical,mbs,niuhiê,qăo,0,0,0,mbd,qăo,fbs,baumiă,mbs,niuhiê,,,,0,64,684347,48838
uf9y22kc7h,fmbg,3,3,critical,fbd,qăo,baumiă,0,0,0,mbd,qăo,fbs,baumiă,mbs,niuhiê,,,,1,65,700326,15978
uf9y22kc7h,fmbg,3,3,critical,fzd,huanăa,qăo,0,0,0,mbd,qăo,fbs,baumiă,mbs,niuhiê,fzd,huanăa,,2,66,707044,6716
uf9y22kc7h,fmbg,3,3,critical,mzs,baumiă,baumiă,1,0,0,mbd,qăo,fbs,baumiă,mbs,niuhiê,fzd,huanăa,,3,67,721029,13983
uf9y22kc7h,fmbg,3,3,critical,fzs,baumiă,qăo,0,0,0,mbd,qăo,fbs,baumiă,mbs,niuhiê,fzd,huanăa,,3,68,754357,33325
uf9y22kc7h,fmbg,3,3,critical,mzd,niuhiê,baumiă,0,0,0,mbd,qăo,fbs,baumiă,mbs,niuhiê,fzd,huanăa,,0,69,759707,5347
uf9y22kc7h,fmbg,3,3,catch,mbd,qăo,qăo,1,0,0,mbd,qăo,fbs,baumiă,mbs,niuhiê,fzd,huanăa,False,1,70,767325,7615
uf9y22kc7h,fmbg,3,3,critical,,DONE,,0,0,1,mbd,qăo,fbs,baumiă,mbs,niuhiê,fzd,huanăa,,5,71,768932,1606
uf9y22kc7h,fmbg,4,7,critical,fzd,aweh,aweh,1,0,0,mzs,emøyeç,fbs,aweh,,,,,,2,83,791411,16087
uf9y22kc7h,fmbg,4,7,catch,fbs,aweh,aweh,1,0,0,mzs,emøyeç,fbs,aweh,,,,,False,2,84,794923,3511
uf9y22kc7h,fmbg,4,7,critical,mbs,emøyeç,aweh,0,0,0,mzs,emøyeç,fbs,aweh,,,,,,3,85,810349,15422
uf9y22kc7h,fmbg,4,7,critical,fbd,aweh,aweh,1,0,0,mzs,emøyeç,fbs,aweh,,,,,,2,86,819832,9481
uf9y22kc7h,fmbg,4,7,critical,mzd,aweh,emøyeç,0,0,0,mzs,emøyeç,fbs,aweh,,,,,,2,87,826609,6774
uf9y22kc7h,fmbg,4,7,critical,fzs,aqinudød,aweh,0,0,0,mzs,emøyeç,fbs,aweh,fzs,aqinudød,,,,1,88,830607,3990
uf9y22kc7h,fmbg,4,7,critical,mbd,aweh,aweh,1,0,0,mzs,emøyeç,fbs,aweh,fzs,aqinudød,,,,2,89,833915,3303
uf9y22kc7h,fmbg,4,7,critical,,DONE,,0,0,1,mzs,emøyeç,fbs,aweh,fzs,aqinudød,,,,5,90,835008,1091
uf9y22kc7h,fmbg,5,6,critical,fbs,töeqo,tuumïhu,0,0,0,mbs,šïïnö,mzd,tuumïhu,fbs,töeqo,,,,0,102,859323,18315
uf9y22kc7h,fmbg,5,6,critical,mzs,šaaqaude,tuumïhu,0,0,0,mbs,šïïnö,mzd,tuumïhu,fbs,töeqo,mzs,šaaqaude,,1,103,865901,6575
uf9y22kc7h,fmbg,5,6,critical,fbd,šïïnö,tuumïhu,0,0,0,mbs,šïïnö,mzd,tuumïhu,fbs,töeqo,mzs,šaaqaude,,2,104,869762,3854
uf9y22kc7h,fmbg,5,6,critical,fzs,šaaqaude,tuumïhu,0,0,0,mbs,šïïnö,mzd,tuumïhu,fbs,töeqo,mzs,šaaqaude,,1,105,875089,5323
uf9y22kc7h,fmbg,5,6,critical,mbd,šïïnö,šïïnö,1,0,0,mbs,šïïnö,mzd,tuumïhu,fbs,töeqo,mzs,šaaqaude,,2,106,877410,2318
uf9y22kc7h,fmbg,5,6,catch,mzd,tuumïhu,tuumïhu,1,0,0,mbs,šïïnö,mzd,tuumïhu,fbs,töeqo,mzs,šaaqaude,False,3,107,886024,8612
uf9y22kc7h,fmbg,5,6,critical,fzd,tuumïhu,tuumïhu,1,0,0,mbs,šïïnö,mzd,tuumïhu,fbs,töeqo,mzs,šaaqaude,,3,108,896473,10447
uf9y22kc7h,fmbg,5,6,critical,,DONE,,0,0,1,mbs,šïïnö,mzd,tuumïhu,fbs,töeqo,mzs,šaaqaude,,5,109,898773,2297
uf9y22kc7h,fmbg,6,2,critical,fzd,wupu,kawuka,0,0,0,mbs,luge,mzd,kawuka,fzd,wupu,,,,0,121,913698,8055
uf9y22kc7h,fmbg,6,2,critical,fbs,lepego,luge,0,0,0,mbs,luge,mzd,kawuka,fzd,wupu,,,,1,122,916341,2641
uf9y22kc7h,fmbg,6,2,critical,mzs,lepego,kawuka,0,0,0,mbs,luge,mzd,kawuka,fzd,wupu,,,,1,123,920790,4447
uf9y22kc7h,fmbg,6,2,critical,fbd,lepego,luge,0,0,0,mbs,luge,mzd,kawuka,fzd,wupu,,,,1,124,932989,12194
uf9y22kc7h,fmbg,6,2,catch,mzd,kawuka,kawuka,1,0,0,mbs,luge,mzd,kawuka,fzd,wupu,,,False,3,125,938294,5302
uf9y22kc7h,fmbg,6,2,critical,fzs,luge,kawuka,0,0,0,mbs,luge,mzd,kawuka,fzd,wupu,,,,2,126,953874,15579
uf9y22kc7h,fmbg,6,2,critical,mbd,lepego,luge,0,0,0,mbs,luge,mzd,kawuka,fzd,wupu,,,,1,127,962974,9097
uf9y22kc7h,fmbg,6,2,critical,,DONE,,0,0,1,mbs,luge,mzd,kawuka,fzd,wupu,,,,5,128,965225,2249
uf9y22kc7h,fmbg,7,4,critical,mzs,rhymsvåd,kvurddåh,0,0,0,fbd,rhymsvåd,fzs,kvurddåh,,,,,,2,140,998325,26699
uf9y22kc7h,fmbg,7,4,critical,mzd,smêvskêv,kvurddåh,0,0,0,fbd,rhymsvåd,fzs,kvurddåh,mzd,smêvskêv,,,,1,141,1015623,17296
uf9y22kc7h,fmbg,7,4,critical,mbd,ktåvrhus,kvurddåh,0,0,0,fbd,rhymsvåd,fzs,kvurddåh,mzd,smêvskêv,,,,3,142,1032291,16665
uf9y22kc7h,fmbg,7,4,critical,mbs,kvurddåh,kvurddåh,1,0,0,fbd,rhymsvåd,fzs,kvurddåh,mzd,smêvskêv,,,,0,143,1037791,5498
uf9y22kc7h,fmbg,7,4,critical,fbs,kvurddåh,rhymsvåd,0,0,0,fbd,rhymsvåd,fzs,kvurddåh,mzd,smêvskêv,,,,0,144,1043313,5520
uf9y22kc7h,fmbg,7,4,critical,fzd,smêvskêv,kvurddåh,0,0,0,fbd,rhymsvåd,fzs,kvurddåh,mzd,smêvskêv,fzd,smêvskêv,,1,145,1051317,8002
uf9y22kc7h,fmbg,7,4,catch,fzs,kvurddåh,kvurddåh,1,0,0,fbd,rhymsvåd,fzs,kvurddåh,mzd,smêvskêv,fzd,smêvskêv,False,0,146,1055591,4269
uf9y22kc7h,fmbg,7,4,critical,,DONE,,0,0,1,fbd,rhymsvåd,fzs,kvurddåh,mzd,smêvskêv,fzd,smêvskêv,,5,147,1056682,1089
uf9y22kc7h,fmbg,8,1,catch,fzd,awupav,awupav,1,0,0,fzd,awupav,mbd,ilug,,,,,False,3,159,1066125,5503
uf9y22kc7h,fmbg,8,1,critical,fbd,ilug,awupav,0,0,0,fzd,awupav,mbd,ilug,,,,,,0,160,1083462,17334
uf9y22kc7h,fmbg,8,1,critical,mzs,azuf,ilug,0,0,0,fzd,awupav,mbd,ilug,mzs,azuf,,,,2,161,1089207,5744
uf9y22kc7h,fmbg,8,1,critical,fzs,agivud,awupav,0,0,0,fzd,awupav,mbd,ilug,mzs,azuf,fzs,agivud,,1,162,1099808,10599
uf9y22kc7h,fmbg,8,1,critical,fbs,azuf,awupav,0,0,0,fzd,awupav,mbd,ilug,mzs,azuf,fzs,agivud,,2,163,1106291,6481
uf9y22kc7h,fmbg,8,1,critical,mbs,azuf,ilug,0,0,0,fzd,awupav,mbd,ilug,mzs,azuf,fzs,agivud,,2,164,1110107,3814
uf9y22kc7h,fmbg,8,1,critical,mzd,awupav,ilug,0,0,0,fzd,awupav,mbd,ilug,mzs,azuf,fzs,agivud,,3,165,1114214,4105
uf9y22kc7h,fmbg,8,1,critical,,DONE,,0,0,1,fzd,awupav,mbd,ilug,mzs,azuf,fzs,agivud,,5,166,1115476,1260
172k2sma4r,fmgb,1,5,critical,mbs,nuubö,nuubö,1,0,0,fzs,šaaqaude,mzd,nuubö,,,,,,2,26,182732,7878
172k2sma4r,fmgb,1,5,critical,fbd,šaaqaude,nuubö,0,0,0,fzs,šaaqaude,mzd,nuubö,,,,,,0,27,189088,6341
172k2sma4r,fmgb,1,5,critical,mbd,nuubö,nuubö,1,0,0,fzs,šaaqaude,mzd,nuubö,,,,,,2,28,200417,11327
172k2sma4r,fmgb,1,5,critical,mzs,nuubö,nuubö,1,0,0,fzs,šaaqaude,mzd,nuubö,,,,,,2,29,200488,70
172k2sma4r,fmgb,1,5,critical,fbs,šaaqaude,nuubö,0,0,0,fzs,šaaqaude,mzd,nuubö,,,,,,0,30,205048,4558
172k2sma4r,fmgb,1,5,critical,fzd,šaaqaude,šaaqaude,1,0,0,fzs,šaaqaude,mzd,nuubö,,,,,,0,31,207881,2831
172k2sma4r,fmgb,1,5,catch,mzd,nuubö,nuubö,1,0,0,fzs,šaaqaude,mzd,nuubö,,,,,False,2,32,216784,8902
172k2sma4r,fmgb,1,5,critical,,DONE,,0,0,1,fzs,šaaqaude,mzd,nuubö,,,,,,5,33,226401,9616
172k2sma4r,fmgb,2,6,critical,mzd,nyumuo,qăo,0,0,0,mbd,nyumuo,mzs,qăo,mzd,nyumuo,,,,2,45,309105,7671
172k2sma4r,fmgb,2,6,catch,mbd,nyumuo,nyumuo,1,0,0,mbd,nyumuo,mzs,qăo,mzd,nyumuo,,,False,2,46,319208,10101
172k2sma4r,fmgb,2,6,critical,fbd,nyumuo,qăo,0,0,0,mbd,nyumuo,mzs,qăo,mzd,nyumuo,,,,0,47,345657,26447
172k2sma4r,fmgb,2,6,critical,mbs,qăo,nyumuo,0,0,0,mbd,nyumuo,mzs,qăo,mzd,nyumuo,,,,3,48,354056,8397
172k2sma4r,fmgb,2,6,critical,fzs,qăo,qăo,1,0,0,mbd,nyumuo,mzs,qăo,mzd,nyumuo,,,,3,49,357152,3095
172k2sma4r,fmgb,2,6,critical,fzd,nyumuo,qăo,0,0,0,mbd,nyumuo,mzs,qăo,mzd,nyumuo,,,,0,50,359409,2255
172k2sma4r,fmgb,2,6,critical,fbs,qăo,qăo,1,0,0,mbd,nyumuo,mzs,qăo,mzd,nyumuo,,,,3,51,361105,1695
172k2sma4r,fmgb,2,6,critical,,DONE,,0,0,1,mbd,nyumuo,mzs,qăo,mzd,nyumuo,,,,5,52,364241,3135
172k2sma4r,fmgb,3,7,critical,fbs,byure,byure,1,0,0,mzs,ngcāžo,fzs,byure,,,,,,2,64,422537,10087
172k2sma4r,fmgb,3,7,critical,fbd,byure,byure,1,0,0,mzs,ngcāžo,fzs,byure,,,,,,2,65,445937,23399
172k2sma4r,fmgb,3,7,catch,fzs,byure,byure,1,0,0,mzs,ngcāžo,fzs,byure,,,,,False,2,66,450248,4309
172k2sma4r,fmgb,3,7,critical,mbd,byure,byure,1,0,0,mzs,ngcāžo,fzs,byure,,,,,,2,67,453121,2872
172k2sma4r,fmgb,3,7,critical,mzd,ngcāžo,ngcāžo,1,0,0,mzs,ngcāžo,fzs,byure,,,,,,1,68,458408,5285
172k2sma4r,fmgb,3,7,critical,mbs,byure,byure,1,0,0,mzs,ngcāžo,fzs,byure,,,,,,2,69,460497,2087
172k2sma4r,fmgb,3,7,critical,fzd,byure,byure,1,0,0,mzs,ngcāžo,fzs,byure,,,,,,2,70,462976,2478
172k2sma4r,fmgb,3,7,critical,,DONE,,0,0,1,mzs,ngcāžo,fzs,byure,,,,,,5,71,464824,1847
172k2sma4r,fmgb,4,1,critical,mbd,uquçun,uquçun,1,0,0,fbd,adeçim,mzs,uquçun,,,,,,2,83,856224,8983
172k2sma4r,fmgb,4,1,critical,fbs,adeçim,adeçim,1,0,0,fbd,adeçim,mzs,uquçun,,,,,,3,84,859799,3574
172k2sma4r,fmgb,4,1,critical,fzs,adeçim,adeçim,1,0,0,fbd,adeçim,mzs,uquçun,,,,,,3,85,861087,1286
172k2sma4r,fmgb,4,1,critical,mbs,uquçun,uquçun,1,0,0,fbd,adeçim,mzs,uquçun,,,,,,2,86,865240,4151
172k2sma4r,fmgb,4,1,critical,mzd,uquçun,uquçun,1,0,0,fbd,adeçim,mzs,uquçun,,,,,,2,87,868208,2966
172k2sma4r,fmgb,4,1,catch,mzs,uquçun,uquçun,1,0,0,fbd,adeçim,mzs,uquçun,,,,,False,2,88,871191,2982
172k2sma4r,fmgb,4,1,critical,fzd,adeçim,adeçim,1,0,0,fbd,adeçim,mzs,uquçun,,,,,,3,89,874648,3455
172k2sma4r,fmgb,4,1,critical,,DONE,,0,0,1,fbd,adeçim,mzs,uquçun,,,,,,5,90,875871,1222
172k2sma4r,fmgb,5,2,critical,mzd,popingi,popingi,1,0,0,fbs,lawolu,mzs,popingi,,,,,,3,102,913639,12566
172k2sma4r,fmgb,5,2,critical,mbs,popingi,lawolu,0,0,0,fbs,lawolu,mzs,popingi,,,,,,3,103,914311,670
172k2sma4r,fmgb,5,2,critical,fzd,lawolu,popingi,0,0,0,fbs,lawolu,mzs,popingi,,,,,,2,104,916408,2095
172k2sma4r,fmgb,5,2,critical,fzs,lawolu,popingi,0,0,0,fbs,lawolu,mzs,popingi,,,,,,2,105,917647,1238
172k2sma4r,fmgb,5,2,catch,fbs,lawolu,lawolu,1,0,0,fbs,lawolu,mzs,popingi,,,,,False,2,106,918455,806
172k2sma4r,fmgb,5,2,critical,fbd,lawolu,lawolu,1,0,0,fbs,lawolu,mzs,popingi,,,,,,2,107,919711,1254
172k2sma4r,fmgb,5,2,critical,mbd,popingi,lawolu,0,0,0,fbs,lawolu,mzs,popingi,,,,,,3,108,920694,982
172k2sma4r,fmgb,5,2,critical,,DONE,,0,0,1,fbs,lawolu,mzs,popingi,,,,,,5,109,926535,5839
172k2sma4r,fmgb,6,3,critical,fzs,tsåvvses,kvurddåh,0,0,0,mbd,kvurddåh,fbd,tsåvvses,,,,,,0,121,947711,6943
172k2sma4r,fmgb,6,3,critical,fbs,tsåvvses,tsåvvses,1,0,0,mbd,kvurddåh,fbd,tsåvvses,,,,,,0,122,947735,22
172k2sma4r,fmgb,6,3,critical,fzd,tsåvvses,kvurddåh,0,0,0,mbd,kvurddåh,fbd,tsåvvses,,,,,,0,123,950679,2943
172k2sma4r,fmgb,6,3,critical,mbs,kvurddåh,kvurddåh,1,0,0,mbd,kvurddåh,fbd,tsåvvses,,,,,,1,124,952791,2110
172k2sma4r,fmgb,6,3,critical,mzd,kvurddåh,tsåvvses,0,0,0,mbd,kvurddåh,fbd,tsåvvses,,,,,,1,125,954831,2039
172k2sma4r,fmgb,6,3,critical,mzs,kvurddåh,tsåvvses,0,0,0,mbd,kvurddåh,fbd,tsåvvses,,,,,,1,126,957031,2198
172k2sma4r,fmgb,6,3,catch,mbd,kvurddåh,kvurddåh,1,0,0,mbd,kvurddåh,fbd,tsåvvses,,,,,False,1,127,958951,1918
172k2sma4r,fmgb,6,3,critical,,DONE,,0,0,1,mbd,kvurddåh,fbd,tsåvvses,,,,,,5,128,960383,1431
172k2sma4r,fmgb,7,4,critical,mzs,bokokohï,bokokohï,1,0,0,fbd,kïmy,fzs,bokokohï,,,,,,2,140,1024111,4582
172k2sma4r,fmgb,7,4,catch,fzs,bokokohï,bokokohï,1,0,0,fbd,kïmy,fzs,bokokohï,,,,,False,2,141,1025784,1671
172k2sma4r,fmgb,7,4,critical,mbs,bokokohï,bokokohï,1,0,0,fbd,kïmy,fzs,bokokohï,,,,,,2,142,1026920,1135
172k2sma4r,fmgb,7,4,critical,fbs,bokokohï,kïmy,0,0,0,fbd,kïmy,fzs,bokokohï,,,,,,2,143,1029703,2781
172k2sma4r,fmgb,7,4,critical,fzd,kïmy,bokokohï,0,0,0,fbd,kïmy,fzs,bokokohï,,,,,,0,144,1031968,2263
172k2sma4r,fmgb,7,4,critical,mzd,kïmy,bokokohï,0,0,0,fbd,kïmy,fzs,bokokohï,,,,,,0,145,1032943,973
172k2sma4r,fmgb,7,4,critical,mbd,kïmy,bokokohï,0,0,0,fbd,kïmy,fzs,bokokohï,,,,,,0,146,1033728,783
172k2sma4r,fmgb,7,4,critical,mzd,UNDO,bokokohï,0,1,0,fbd,kïmy,fzs,bokokohï,,,,,,4,149,1042152,166
172k2sma4r,fmgb,7,4,critical,mbd,UNDO,bokokohï,0,1,0,fbd,kïmy,fzs,bokokohï,,,,,,4,148,1041984,182
172k2sma4r,fmgb,7,4,critical,,UNDO,,0,1,0,fbd,kïmy,fzs,bokokohï,,,,,,4,147,1041800,8070
172k2sma4r,fmgb,7,4,critical,fzd,UNDO,bokokohï,0,1,0,fbd,kïmy,fzs,bokokohï,,,,,,4,150,1042335,182
172k2sma4r,fmgb,7,4,critical,fbs,UNDO,kïmy,0,1,0,fbd,kïmy,fzs,bokokohï,,,,,,4,151,1042520,182
172k2sma4r,fmgb,7,4,critical,mbs,UNDO,bokokohï,0,1,0,fbd,kïmy,fzs,bokokohï,,,,,,4,152,1042727,206
172k2sma4r,fmgb,7,4,critical,mzs,bokokohï,bokokohï,1,0,0,fbd,kïmy,fzs,bokokohï,,,,,,2,153,1089191,46462
172k2sma4r,fmgb,7,4,critical,mbs,bokokohï,bokokohï,1,0,0,fbd,kïmy,fzs,bokokohï,,,,,,2,154,1090744,1551
172k2sma4r,fmgb,7,4,critical,fbs,kïmy,kïmy,1,0,0,fbd,kïmy,fzs,bokokohï,,,,,,0,155,1093736,2990
172k2sma4r,fmgb,7,4,critical,fzd,bokokohï,bokokohï,1,0,0,fbd,kïmy,fzs,bokokohï,,,,,,2,156,1095888,2151
172k2sma4r,fmgb,7,4,critical,mzd,bokokohï,bokokohï,1,0,0,fbd,kïmy,fzs,bokokohï,,,,,,2,157,1098016,2126
172k2sma4r,fmgb,7,4,critical,mbd,bokokohï,bokokohï,1,0,0,fbd,kïmy,fzs,bokokohï,,,,,,2,158,1098656,638
172k2sma4r,fmgb,7,4,critical,,DONE,,0,0,1,fbd,kïmy,fzs,bokokohï,,,,,,5,159,1100888,2230
172k2sma4r,fmgb,8,0,critical,fzd,awupav,awupav,1,0,0,mzd,awupav,z,agivud,,,,,,0,169,1126671,11319
172k2sma4r,fmgb,8,0,critical,mbd,awupav,awupav,1,0,0,mzd,awupav,z,agivud,,,,,,0,170,1130768,4095
172k2sma4r,fmgb,8,0,critical,fbs,awupav,awupav,1,0,0,mzd,awupav,z,agivud,,,,,,0,171,1132040,1270
172k2sma4r,fmgb,8,0,critical,b,agivud,agivud,1,0,0,mzd,awupav,z,agivud,,,,,,1,172,1133967,1926
172k2sma4r,fmgb,8,0,critical,fbd,agivud,awupav,0,0,0,mzd,awupav,z,agivud,,,,,,1,173,1134055,87
172k2sma4r,fmgb,8,0,critical,mbs,UNDO,awupav,0,1,0,mzd,awupav,z,agivud,,,,,,4,174,1137160,3103
172k2sma4r,fmgb,8,0,critical,fbd,UNDO,awupav,0,1,0,mzd,awupav,z,agivud,,,,,,4,175,1137328,166
172k2sma4r,fmgb,8,0,critical,b,UNDO,agivud,0,1,0,mzd,awupav,z,agivud,,,,,,4,176,1137496,167
172k2sma4r,fmgb,8,0,critical,fbs,UNDO,awupav,0,1,0,mzd,awupav,z,agivud,,,,,,4,177,1137672,174
172k2sma4r,fmgb,8,0,critical,mbd,UNDO,awupav,0,1,0,mzd,awupav,z,agivud,,,,,,4,178,1137848,174
172k2sma4r,fmgb,8,0,critical,fzd,awupav,awupav,1,0,0,mzd,awupav,z,agivud,,,,,,0,179,1141664,3815
172k2sma4r,fmgb,8,0,critical,mbd,awupav,awupav,1,0,0,mzd,awupav,z,agivud,,,,,,0,180,1142464,798
172k2sma4r,fmgb,8,0,critical,fbs,awupav,awupav,1,0,0,mzd,awupav,z,agivud,,,,,,0,181,1143184,718
172k2sma4r,fmgb,8,0,critical,b,agivud,agivud,1,0,0,mzd,awupav,z,agivud,,,,,,1,182,1144688,1502
172k2sma4r,fmgb,8,0,critical,fbd,agivud,awupav,0,0,0,mzd,awupav,z,agivud,,,,,,1,183,1144711,22
172k2sma4r,fmgb,8,0,critical,mbs,awupav,awupav,1,0,0,mzd,awupav,z,agivud,,,,,,0,184,1146119,1406
172k2sma4r,fmgb,8,0,catch,mzd,awupav,awupav,1,0,0,mzd,awupav,z,agivud,,,,,False,0,185,1148719,2599
172k2sma4r,fmgb,8,0,critical,mzs,awupav,awupav,1,0,0,mzd,awupav,z,agivud,,,,,,0,186,1148751,30
172k2sma4r,fmgb,8,0,critical,fbd,UNDO,awupav,0,1,0,mzd,awupav,z,agivud,,,,,,4,190,1155168,143
172k2sma4r,fmgb,8,0,critical,mbs,UNDO,awupav,0,1,0,mzd,awupav,z,agivud,,,,,,4,189,1155023,190
172k2sma4r,fmgb,8,0,critical,fzs,UNDO,awupav,0,1,0,mzd,awupav,z,agivud,,,,,,4,187,1154655,5903
172k2sma4r,fmgb,8,0,critical,mzs,UNDO,awupav,0,1,0,mzd,awupav,z,agivud,,,,,,4,188,1154831,174
172k2sma4r,fmgb,8,0,critical,b,UNDO,agivud,0,1,0,mzd,awupav,z,agivud,,,,,,4,191,1155344,175
172k2sma4r,fmgb,8,0,critical,fbs,UNDO,awupav,0,1,0,mzd,awupav,z,agivud,,,,,,4,192,1155528,182
172k2sma4r,fmgb,8,0,critical,mbd,UNDO,awupav,0,1,0,mzd,awupav,z,agivud,,,,,,4,193,1156047,518
172k2sma4r,fmgb,8,0,critical,fzd,awupav,awupav,1,0,0,mzd,awupav,z,agivud,,,,,,0,194,1159560,3511
172k2sma4r,fmgb,8,0,critical,mbd,awupav,awupav,1,0,0,mzd,awupav,z,agivud,,,,,,0,195,1161008,1447
172k2sma4r,fmgb,8,0,critical,fbs,awupav,awupav,1,0,0,mzd,awupav,z,agivud,,,,,,0,196,1162471,1462
172k2sma4r,fmgb,8,0,critical,b,awupav,agivud,0,0,0,mzd,awupav,z,agivud,,,,,,0,197,1162567,95
172k2sma4r,fmgb,8,0,critical,fbd,awupav,awupav,1,0,0,mzd,awupav,z,agivud,,,,,,0,198,1162599,30
172k2sma4r,fmgb,8,0,critical,mbs,awupav,awupav,1,0,0,mzd,awupav,z,agivud,,,,,,0,199,1166111,3511
172k2sma4r,fmgb,8,0,critical,mzs,awupav,awupav,1,0,0,mzd,awupav,z,agivud,,,,,,0,200,1166303,191
172k2sma4r,fmgb,8,0,critical,fzs,awupav,awupav,1,0,0,mzd,awupav,z,agivud,,,,,,0,201,1169152,2847
172k2sma4r,fmgb,8,0,critical,,UNDO,,0,1,0,mzd,awupav,z,agivud,,,,,,4,202,1172431,3278
172k2sma4r,fmgb,8,0,critical,fzs,UNDO,awupav,0,1,0,mzd,awupav,z,agivud,,,,,,4,203,1172815,382
172k2sma4r,fmgb,8,0,critical,mzs,UNDO,awupav,0,1,0,mzd,awupav,z,agivud,,,,,,4,204,1173208,391
172k2sma4r,fmgb,8,0,critical,mbs,UNDO,awupav,0,1,0,mzd,awupav,z,agivud,,,,,,4,205,1173456,247
172k2sma4r,fmgb,8,0,critical,fbd,UNDO,awupav,0,1,0,mzd,awupav,z,agivud,,,,,,4,206,1173672,215
172k2sma4r,fmgb,8,0,critical,b,agivud,agivud,1,0,0,mzd,awupav,z,agivud,,,,,,1,207,1175495,1822
172k2sma4r,fmgb,8,0,critical,fbd,awupav,awupav,1,0,0,mzd,awupav,z,agivud,,,,,,0,208,1177440,1943
172k2sma4r,fmgb,8,0,critical,mbs,awupav,awupav,1,0,0,mzd,awupav,z,agivud,,,,,,0,209,1178847,1406
172k2sma4r,fmgb,8,0,critical,mzs,awupav,awupav,1,0,0,mzd,awupav,z,agivud,,,,,,0,210,1178895,47
172k2sma4r,fmgb,8,0,critical,fzs,awupav,awupav,1,0,0,mzd,awupav,z,agivud,,,,,,0,211,1181191,2294
172k2sma4r,fmgb,8,0,critical,,DONE,,0,0,1,mzd,awupav,z,agivud,,,,,,5,212,1185488,4295
wa2j69ws6s,fmbg,1,7,catch,fbd,luge,luge,1,0,0,mzd,lepego,fbd,luge,,,,,False,0,26,139046,6324
wa2j69ws6s,fmbg,1,7,critical,fbs,luge,luge,1,0,0,mzd,lepego,fbd,luge,,,,,,0,27,147351,8294
wa2j69ws6s,fmbg,1,7,critical,mzs,luge,lepego,0,0,0,mzd,lepego,fbd,luge,,,,,,0,28,154380,7023
wa2j69ws6s,fmbg,1,7,critical,fzs,luge,luge,1,0,0,mzd,lepego,fbd,luge,,,,,,0,29,160429,6045
wa2j69ws6s,fmbg,1,7,critical,fzd,lepego,luge,0,0,0,mzd,lepego,fbd,luge,,,,,,1,30,162878,2440
wa2j69ws6s,fmbg,1,7,critical,mbs,luge,luge,1,0,0,mzd,lepego,fbd,luge,,,,,,0,31,165849,2966
wa2j69ws6s,fmbg,1,7,critical,mbd,lepego,luge,0,0,0,mzd,lepego,fbd,luge,,,,,,1,32,168074,2219
wa2j69ws6s,fmbg,1,7,critical,,DONE,,0,0,1,mzd,lepego,fbd,luge,,,,,,5,33,170563,2482
wa2j69ws6s,fmbg,2,1,critical,mzs,morïky,morïky,1,0,0,fzs,bybï,mbs,morïky,,,,,,3,45,206081,7552
wa2j69ws6s,fmbg,2,1,critical,mzd,morïky,morïky,1,0,0,fzs,bybï,mbs,morïky,,,,,,3,46,212357,6271
wa2j69ws6s,fmbg,2,1,critical,fzd,bybï,bybï,1,0,0,fzs,bybï,mbs,morïky,,,,,,1,47,214568,2202
wa2j69ws6s,fmbg,2,1,critical,fbd,bybï,bybï,1,0,0,fzs,bybï,mbs,morïky,,,,,,1,48,216258,1685
wa2j69ws6s,fmbg,2,1,critical,mbd,morïky,morïky,1,0,0,fzs,bybï,mbs,morïky,,,,,,3,49,218210,1944
wa2j69ws6s,fmbg,2,1,critical,fbs,bybï,bybï,1,0,0,fzs,bybï,mbs,morïky,,,,,,1,50,220049,1833
wa2j69ws6s,fmbg,2,1,catch,mbs,morïky,morïky,1,0,0,fzs,bybï,mbs,morïky,,,,,False,3,51,225189,5135
wa2j69ws6s,fmbg,2,1,critical,,DONE,,0,0,1,fzs,bybï,mbs,morïky,,,,,,5,52,226446,1250
wa2j69ws6s,fmbg,3,4,critical,mbd,šïïnö,šïïnö,1,0,0,fbd,tuumïhu,mbs,šïïnö,,,,,,1,64,270136,4434
wa2j69ws6s,fmbg,3,4,critical,mzs,šïïnö,šïïnö,1,0,0,fbd,tuumïhu,mbs,šïïnö,,,,,,1,65,271179,1037
wa2j69ws6s,fmbg,3,4,catch,mbs,šïïnö,šïïnö,1,0,0,fbd,tuumïhu,mbs,šïïnö,,,,,False,1,66,274065,2879
wa2j69ws6s,fmbg,3,4,critical,fzd,šïïnö,šïïnö,1,0,0,fbd,tuumïhu,mbs,šïïnö,,,,,,1,67,277578,3508
wa2j69ws6s,fmbg,3,4,critical,mzd,šïïnö,šïïnö,1,0,0,fbd,tuumïhu,mbs,šïïnö,,,,,,1,68,278970,1383
wa2j69ws6s,fmbg,3,4,critical,fzs,šïïnö,šïïnö,1,0,0,fbd,tuumïhu,mbs,šïïnö,,,,,,1,69,280356,1381
wa2j69ws6s,fmbg,3,4,critical,fbs,tuumïhu,tuumïhu,1,0,0,fbd,tuumïhu,mbs,šïïnö,,,,,,2,70,281849,1487
wa2j69ws6s,fmbg,3,4,critical,,DONE,,0,0,1,fbd,tuumïhu,mbs,šïïnö,,,,,,5,71,284669,2814
wa2j69ws6s,fmbg,4,3,critical,mbs,gêă,taobyo,0,0,0,fzd,taobyo,fbd,gêă,,,,,,3,83,311459,8934
wa2j69ws6s,fmbg,4,3,catch,fzd,taobyo,taobyo,1,0,0,fzd,taobyo,fbd,gêă,,,,,False,2,84,314806,3341
wa2j69ws6s,fmbg,4,3,critical,mzd,taobyo,gêă,0,0,0,fzd,taobyo,fbd,gêă,,,,,,2,85,318785,3973
wa2j69ws6s,fmbg,4,3,critical,fzs,taobyo,taobyo,1,0,0,fzd,taobyo,fbd,gêă,,,,,,2,86,322109,3318
wa2j69ws6s,fmbg,4,3,critical,mbd,gêă,taobyo,0,0,0,fzd,taobyo,fbd,gêă,,,,,,3,87,324500,2384
wa2j69ws6s,fmbg,4,3,critical,mzs,taobyo,gêă,0,0,0,fzd,taobyo,fbd,gêă,,,,,,2,88,326012,1507
wa2j69ws6s,fmbg,4,3,critical,fbs,gêă,gêă,1,0,0,fzd,taobyo,fbd,gêă,,,,,,3,89,327405,1386
wa2j69ws6s,fmbg,4,3,critical,,DONE,,0,0,1,fzd,taobyo,fbd,gêă,,,,,,5,90,329151,1740
wa2j69ws6s,fmbg,5,0,critical,fbd,adeçim,adeçim,1,0,0,mzs,adeçim,z,emøyeç,,,,,,3,100,347053,8106
wa2j69ws6s,fmbg,5,0,catch,mzs,adeçim,adeçim,1,0,0,mzs,adeçim,z,emøyeç,,,,,False,3,101,348650,1592
wa2j69ws6s,fmbg,5,0,critical,mbd,adeçim,adeçim,1,0,0,mzs,adeçim,z,emøyeç,,,,,,3,102,351704,3050
wa2j69ws6s,fmbg,5,0,critical,fzs,adeçim,adeçim,1,0,0,mzs,adeçim,z,emøyeç,,,,,,3,103,352917,1207
wa2j69ws6s,fmbg,5,0,critical,mbs,adeçim,adeçim,1,0,0,mzs,adeçim,z,emøyeç,,,,,,3,104,353854,932
wa2j69ws6s,fmbg,5,0,critical,b,emøyeç,emøyeç,1,0,0,mzs,adeçim,z,emøyeç,,,,,,1,105,357667,3807
wa2j69ws6s,fmbg,5,0,critical,mzd,adeçim,adeçim,1,0,0,mzs,adeçim,z,emøyeç,,,,,,3,106,359646,1972
wa2j69ws6s,fmbg,5,0,critical,fbs,adeçim,adeçim,1,0,0,mzs,adeçim,z,emøyeç,,,,,,3,107,360977,1324
wa2j69ws6s,fmbg,5,0,critical,fzd,adeçim,adeçim,1,0,0,mzs,adeçim,z,emøyeç,,,,,,3,108,363070,2085
wa2j69ws6s,fmbg,5,0,critical,,DONE,,0,0,1,mzs,adeçim,z,emøyeç,,,,,,5,109,364421,1346
wa2j69ws6s,fmbg,6,6,critical,fbs,egezalat,egezalat,1,0,0,mbs,awupav,mzs,egezalat,,,,,,3,121,383081,2262
wa2j69ws6s,fmbg,6,6,critical,mbd,awupav,awupav,1,0,0,mbs,awupav,mzs,egezalat,,,,,,1,122,386875,3787
wa2j69ws6s,fmbg,6,6,catch,mzs,egezalat,egezalat,1,0,0,mbs,awupav,mzs,egezalat,,,,,False,3,123,389091,2210
wa2j69ws6s,fmbg,6,6,critical,fzs,egezalat,egezalat,1,0,0,mbs,awupav,mzs,egezalat,,,,,,3,124,392935,3837
wa2j69ws6s,fmbg,6,6,critical,fbd,egezalat,egezalat,1,0,0,mbs,awupav,mzs,egezalat,,,,,,3,125,394021,1080
wa2j69ws6s,fmbg,6,6,critical,fzd,egezalat,egezalat,1,0,0,mbs,awupav,mzs,egezalat,,,,,,3,126,394834,808
wa2j69ws6s,fmbg,6,6,critical,mzd,egezalat,egezalat,1,0,0,mbs,awupav,mzs,egezalat,,,,,,3,127,395901,1062
wa2j69ws6s,fmbg,6,6,critical,,DONE,,0,0,1,mbs,awupav,mzs,egezalat,,,,,,5,128,397760,1853
wa2j69ws6s,fmbg,7,2,critical,mbs,sfêvdok,sfêvdok,1,0,0,fbs,sfêvdok,mzd,kvurddåh,,,,,,1,140,425424,9543
wa2j69ws6s,fmbg,7,2,critical,fbd,sfêvdok,sfêvdok,1,0,0,fbs,sfêvdok,mzd,kvurddåh,,,,,,1,141,427148,1718
wa2j69ws6s,fmbg,7,2,critical,fzd,kvurddåh,kvurddåh,1,0,0,fbs,sfêvdok,mzd,kvurddåh,,,,,,3,142,430416,3258
wa2j69ws6s,fmbg,7,2,critical,fzs,kvurddåh,kvurddåh,1,0,0,fbs,sfêvdok,mzd,kvurddåh,,,,,,3,143,431342,920
wa2j69ws6s,fmbg,7,2,catch,fbs,sfêvdok,sfêvdok,1,0,0,fbs,sfêvdok,mzd,kvurddåh,,,,,False,1,144,433410,2063
wa2j69ws6s,fmbg,7,2,critical,mzs,kvurddåh,kvurddåh,1,0,0,fbs,sfêvdok,mzd,kvurddåh,,,,,,3,145,434967,1550
wa2j69ws6s,fmbg,7,2,critical,mbd,sfêvdok,sfêvdok,1,0,0,fbs,sfêvdok,mzd,kvurddåh,,,,,,1,146,436614,1640
wa2j69ws6s,fmbg,7,2,critical,,DONE,,0,0,1,fbs,sfêvdok,mzd,kvurddåh,,,,,,5,147,438219,1598
wa2j69ws6s,fmbg,8,5,critical,fbs,žbodu,žbodu,1,0,0,fzd,pžicā,mzd,žbodu,,,,,,0,159,457093,3737
wa2j69ws6s,fmbg,8,5,critical,mbs,UNDO,žbodu,0,1,0,fzd,pžicā,mzd,žbodu,,,,,,4,160,462214,5115
wa2j69ws6s,fmbg,8,5,critical,fbs,žbodu,žbodu,1,0,0,fzd,pžicā,mzd,žbodu,,,,,,0,161,469135,6914
wa2j69ws6s,fmbg,8,5,critical,mbs,žbodu,žbodu,1,0,0,fzd,pžicā,mzd,žbodu,,,,,,0,162,472954,3814
wa2j69ws6s,fmbg,8,5,critical,mbd,žbodu,žbodu,1,0,0,fzd,pžicā,mzd,žbodu,,,,,,0,163,473926,966
wa2j69ws6s,fmbg,8,5,catch,mzd,žbodu,žbodu,1,0,0,fzd,pžicā,mzd,žbodu,,,,,False,0,164,475236,1305
wa2j69ws6s,fmbg,8,5,critical,fzs,pžicā,pžicā,1,0,0,fzd,pžicā,mzd,žbodu,,,,,,2,165,477277,2034
wa2j69ws6s,fmbg,8,5,critical,mzs,žbodu,žbodu,1,0,0,fzd,pžicā,mzd,žbodu,,,,,,0,166,480035,2753
wa2j69ws6s,fmbg,8,5,critical,fbd,žbodu,žbodu,1,0,0,fzd,pžicā,mzd,žbodu,,,,,,0,167,480828,787
wa2j69ws6s,fmbg,8,5,critical,,DONE,,0,0,1,fzd,pžicā,mzd,žbodu,,,,,,5,168,482324,1489
1mxy428t9t,mfgb,1,4,critical,fzd,ozatof,ilug,0,0,0,fbd,ulywaf,mzs,ilug,fzd,ozatof,,,,1,26,164120,22776
1mxy428t9t,mfgb,1,4,critical,mbd,ilug,ilug,1,0,0,fbd,ulywaf,mzs,ilug,fzd,ozatof,,,,0,27,170098,5975
1mxy428t9t,mfgb,1,4,critical,mzd,ilug,ilug,1,0,0,fbd,ulywaf,mzs,ilug,fzd,ozatof,,,,0,28,172911,2809
1mxy428t9t,mfgb,1,4,critical,fbs,ulywaf,ulywaf,1,0,0,fbd,ulywaf,mzs,ilug,fzd,ozatof,,,,3,29,179911,6998
1mxy428t9t,mfgb,1,4,critical,fzs,ulywaf,ilug,0,0,0,fbd,ulywaf,mzs,ilug,fzd,ozatof,,,,3,30,182291,2377
1mxy428t9t,mfgb,1,4,critical,mbs,ilug,ilug,1,0,0,fbd,ulywaf,mzs,ilug,fzd,ozatof,,,,0,31,184928,2636
1mxy428t9t,mfgb,1,4,catch,mzs,ilug,ilug,1,0,0,fbd,ulywaf,mzs,ilug,fzd,ozatof,,,False,0,32,188731,3800
1mxy428t9t,mfgb,1,4,critical,,DONE,,0,0,1,fbd,ulywaf,mzs,ilug,fzd,ozatof,,,,5,33,190694,1962
1mxy428t9t,mfgb,2,5,critical,mbd,rbāranžā,rbāranžā,1,0,0,fzs,nžodo,mzs,rbāranžā,,,,,,0,45,226868,4436
1mxy428t9t,mfgb,2,5,catch,mzs,rbāranžā,rbāranžā,1,0,0,fzs,nžodo,mzs,rbāranžā,,,,,False,0,46,230691,3821
1mxy428t9t,mfgb,2,5,critical,fzd,vbāžo,nžodo,0,0,0,fzs,nžodo,mzs,rbāranžā,fzd,vbāžo,,,,1,47,239352,8659
1mxy428t9t,mfgb,2,5,critical,mbs,rbāranžā,rbāranžā,1,0,0,fzs,nžodo,mzs,rbāranžā,fzd,vbāžo,,,,0,48,241691,2339
1mxy428t9t,mfgb,2,5,critical,mzd,rbāranžā,rbāranžā,1,0,0,fzs,nžodo,mzs,rbāranžā,fzd,vbāžo,,,,0,49,243794,2100
1mxy428t9t,mfgb,2,5,critical,fbs,nžodo,rbāranžā,0,0,0,fzs,nžodo,mzs,rbāranžā,fzd,vbāžo,,,,2,50,249768,5973
1mxy428t9t,mfgb,2,5,critical,fbd,vbāžo,rbāranžā,0,0,0,fzs,nžodo,mzs,rbāranžā,fzd,vbāžo,,,,1,51,252005,2234
1mxy428t9t,mfgb,2,5,critical,,DONE,,0,0,1,fzs,nžodo,mzs,rbāranžā,fzd,vbāžo,,,,5,52,253591,1584
1mxy428t9t,mfgb,3,6,critical,fbd,popingi,lepego,0,0,0,mbd,popingi,mzd,lepego,,,,,,0,64,292449,6666
1mxy428t9t,mfgb,3,6,critical,fbs,lepego,lepego,1,0,0,mbd,popingi,mzd,lepego,,,,,,3,65,303509,11057
1mxy428t9t,mfgb,3,6,critical,fzs,kawuka,lepego,0,0,0,mbd,popingi,mzd,lepego,fzs,kawuka,,,,1,66,305954,2443
1mxy428t9t,mfgb,3,6,critical,mzs,lepego,lepego,1,0,0,mbd,popingi,mzd,lepego,fzs,kawuka,,,,3,67,310876,4919
1mxy428t9t,mfgb,3,6,critical,fzd,pygele,lepego,0,0,0,mbd,popingi,mzd,lepego,fzs,kawuka,fzd,pygele,,2,68,312621,1742
1mxy428t9t,mfgb,3,6,catch,mbd,popingi,popingi,1,0,0,mbd,popingi,mzd,lepego,fzs,kawuka,fzd,pygele,False,0,69,314852,2229
1mxy428t9t,mfgb,3,6,critical,mbs,popingi,popingi,1,0,0,mbd,popingi,mzd,lepego,fzs,kawuka,fzd,pygele,,0,70,317514,2660
1mxy428t9t,mfgb,3,6,critical,,DONE,,0,0,1,mbd,popingi,mzd,lepego,fzs,kawuka,fzd,pygele,,5,71,318901,1383
1mxy428t9t,mfgb,4,1,critical,mbd,øqoç,øqoç,1,0,0,fbd,orinoçim,mzd,øqoç,,,,,,0,83,349000,4243
1mxy428t9t,mfgb,4,1,critical,fzs,orinoçim,orinoçim,1,0,0,fbd,orinoçim,mzd,øqoç,,,,,,1,84,352000,2998
1mxy428t9t,mfgb,4,1,catch,mzd,øqoç,øqoç,1,0,0,fbd,orinoçim,mzd,øqoç,,,,,False,0,85,354213,2210
1mxy428t9t,mfgb,4,1,critical,mzs,øqoç,øqoç,1,0,0,fbd,orinoçim,mzd,øqoç,,,,,,0,86,355864,1650
1mxy428t9t,mfgb,4,1,critical,mbs,øqoç,øqoç,1,0,0,fbd,orinoçim,mzd,øqoç,,,,,,0,87,357042,1176
1mxy428t9t,mfgb,4,1,critical,fzd,orinoçim,orinoçim,1,0,0,fbd,orinoçim,mzd,øqoç,,,,,,1,88,358738,1693
1mxy428t9t,mfgb,4,1,critical,fbs,orinoçim,orinoçim,1,0,0,fbd,orinoçim,mzd,øqoç,,,,,,1,89,359556,817
1mxy428t9t,mfgb,4,1,critical,,DONE,,0,0,1,fbd,orinoçim,mzd,øqoç,,,,,,5,90,360884,1326
1mxy428t9t,mfgb,5,0,catch,z,hyonăo,hyonăo,1,0,0,mbs,goozăi,z,hyonăo,,,,,False,0,100,383441,2990
1mxy428t9t,mfgb,5,0,critical,mbd,goozăi,goozăi,1,0,0,mbs,goozăi,z,hyonăo,,,,,,3,101,386294,2852
1mxy428t9t,mfgb,5,0,critical,mzs,goozăi,goozăi,1,0,0,mbs,goozăi,z,hyonăo,,,,,,3,102,387698,1402
1mxy428t9t,mfgb,5,0,critical,fzs,goozăi,goozăi,1,0,0,mbs,goozăi,z,hyonăo,,,,,,3,103,390279,2579
1mxy428t9t,mfgb,5,0,critical,mzd,goozăi,goozăi,1,0,0,mbs,goozăi,z,hyonăo,,,,,,3,104,391491,1210
1mxy428t9t,mfgb,5,0,critical,fbd,goozăi,goozăi,1,0,0,mbs,goozăi,z,hyonăo,,,,,,3,105,392346,852
1mxy428t9t,mfgb,5,0,critical,b,goozăi,hyonăo,0,0,0,mbs,goozăi,z,hyonăo,,,,,,3,106,393482,1133
1mxy428t9t,mfgb,5,0,critical,fzd,goozăi,goozăi,1,0,0,mbs,goozăi,z,hyonăo,,,,,,3,107,394378,894
1mxy428t9t,mfgb,5,0,critical,fbs,goozăi,goozăi,1,0,0,mbs,goozăi,z,hyonăo,,,,,,3,108,395203,822
1mxy428t9t,mfgb,5,0,critical,,DONE,,0,0,1,mbs,goozăi,z,hyonăo,,,,,,5,109,396561,1356
1mxy428t9t,mfgb,6,7,critical,mbs,morïky,kïmy,0,0,0,mzs,morïky,fzd,kïmy,,,,,,3,121,422592,3195
1mxy428t9t,mfgb,6,7,critical,fbd,kïmy,kïmy,1,0,0,mzs,morïky,fzd,kïmy,,,,,,2,122,424809,2215
1mxy428t9t,mfgb,6,7,critical,mbd,kïmy,kïmy,1,0,0,mzs,morïky,fzd,kïmy,,,,,,2,123,426764,1953
1mxy428t9t,mfgb,6,7,critical,fbs,morïky,kïmy,0,0,0,mzs,morïky,fzd,kïmy,,,,,,3,124,429289,2523
1mxy428t9t,mfgb,6,7,critical,fzs,morïky,kïmy,0,0,0,mzs,morïky,fzd,kïmy,,,,,,3,125,430671,1380
1mxy428t9t,mfgb,6,7,critical,mzd,kïmy,morïky,0,0,0,mzs,morïky,fzd,kïmy,,,,,,2,126,432120,1448
1mxy428t9t,mfgb,6,7,catch,mzs,morïky,morïky,1,0,0,mzs,morïky,fzd,kïmy,,,,,False,3,127,433987,1865
1mxy428t9t,mfgb,6,7,critical,,DONE,,0,0,1,mzs,morïky,fzd,kïmy,,,,,,5,128,435174,1185
1mxy428t9t,mfgb,7,2,catch,fbs,ktot,ktot,1,0,0,fbs,ktot,fzs,tsåvvses,,,,,False,2,140,462743,2383
1mxy428t9t,mfgb,7,2,critical,fbd,ktot,ktot,1,0,0,fbs,ktot,fzs,tsåvvses,,,,,,2,141,476686,13941
1mxy428t9t,mfgb,7,2,critical,mbs,tsåvvses,ktot,0,0,0,fbs,ktot,fzs,tsåvvses,,,,,,1,142,480252,3563
1mxy428t9t,mfgb,7,2,critical,mbd,ktot,ktot,1,0,0,fbs,ktot,fzs,tsåvvses,,,,,,2,143,481515,1260
1mxy428t9t,mfgb,7,2,critical,fzd,ktot,tsåvvses,0,0,0,fbs,ktot,fzs,tsåvvses,,,,,,2,144,483106,1588
1mxy428t9t,mfgb,7,2,critical,mzs,tsåvvses,tsåvvses,1,0,0,fbs,ktot,fzs,tsåvvses,,,,,,1,145,484864,1756
1mxy428t9t,mfgb,7,2,critical,mzd,ktot,tsåvvses,0,0,0,fbs,ktot,fzs,tsåvvses,,,,,,2,146,485690,825
1mxy428t9t,mfgb,7,2,critical,,DONE,,0,0,1,fbs,ktot,fzs,tsåvvses,,,,,,5,147,486967,1275
1mxy428t9t,mfgb,8,3,catch,fbs,yaöpe,yaöpe,1,0,0,mbd,šïïnö,fbs,yaöpe,,,,,False,1,159,513419,3055
1mxy428t9t,mfgb,8,3,critical,fzs,yaöpe,šïïnö,0,0,0,mbd,šïïnö,fbs,yaöpe,,,,,,1,160,514725,1305
1mxy428t9t,mfgb,8,3,critical,mzs,yaöpe,yaöpe,1,0,0,mbd,šïïnö,fbs,yaöpe,,,,,,1,161,516270,1543
1mxy428t9t,mfgb,8,3,critical,mzd,šïïnö,yaöpe,0,0,0,mbd,šïïnö,fbs,yaöpe,,,,,,2,162,518123,1850
1mxy428t9t,mfgb,8,3,critical,fbd,šïïnö,yaöpe,0,0,0,mbd,šïïnö,fbs,yaöpe,,,,,,2,163,519420,1294
1mxy428t9t,mfgb,8,3,critical,mbs,yaöpe,šïïnö,0,0,0,mbd,šïïnö,fbs,yaöpe,,,,,,1,164,521168,1746
1mxy428t9t,mfgb,8,3,critical,fzd,šïïnö,šïïnö,1,0,0,mbd,šïïnö,fbs,yaöpe,,,,,,2,165,524750,3580
1mxy428t9t,mfgb,8,3,critical,,DONE,,0,0,1,mbd,šïïnö,fbs,yaöpe,,,,,,5,166,525903,1151
9drp8p96ut,mfbg,1,3,critical,fzd,øqoç,orinoçim,0,0,0,mbd,orinoçim,fbd,øqoç,,,,,,1,26,117388,6589
9drp8p96ut,mfbg,1,3,critical,mbs,øqoç,orinoçim,0,0,0,mbd,orinoçim,fbd,øqoç,,,,,,1,27,122912,5522
9drp8p96ut,mfbg,1,3,critical,mzd,orinoçim,øqoç,0,0,0,mbd,orinoçim,fbd,øqoç,,,,,,3,28,132932,10018
9drp8p96ut,mfbg,1,3,critical,fzs,orinoçim,orinoçim,1,0,0,mbd,orinoçim,fbd,øqoç,,,,,,3,29,135732,2799
9drp8p96ut,mfbg,1,3,critical,mzs,øqoç,øqoç,1,0,0,mbd,orinoçim,fbd,øqoç,,,,,,1,30,138904,3171
9drp8p96ut,mfbg,1,3,critical,fbs,orinoçim,øqoç,0,0,0,mbd,orinoçim,fbd,øqoç,,,,,,3,31,143174,4268
9drp8p96ut,mfbg,1,3,catch,mbd,orinoçim,orinoçim,1,0,0,mbd,orinoçim,fbd,øqoç,,,,,False,3,32,156958,13783
9drp8p96ut,mfbg,1,3,critical,,DONE,,0,0,1,mbd,orinoçim,fbd,øqoç,,,,,,5,33,158906,1947
9drp8p96ut,mfbg,2,4,catch,mbs,etupol,etupol,1,0,0,fbs,awupav,mbs,etupol,,,,,False,0,45,218476,2805
9drp8p96ut,mfbg,2,4,critical,mzd,etupol,etupol,1,0,0,fbs,awupav,mbs,etupol,,,,,,0,46,223076,4599
9drp8p96ut,mfbg,2,4,critical,mzs,etupol,etupol,1,0,0,fbs,awupav,mbs,etupol,,,,,,0,47,228266,5189
9drp8p96ut,mfbg,2,4,critical,fzs,awupav,etupol,0,0,0,fbs,awupav,mbs,etupol,,,,,,2,48,232693,4426
9drp8p96ut,mfbg,2,4,critical,fbd,etupol,awupav,0,0,0,fbs,awupav,mbs,etupol,,,,,,0,49,234574,1879
9drp8p96ut,mfbg,2,4,critical,mbd,etupol,etupol,1,0,0,fbs,awupav,mbs,etupol,,,,,,0,50,236420,1845
9drp8p96ut,mfbg,2,4,critical,fzd,etupol,etupol,1,0,0,fbs,awupav,mbs,etupol,,,,,,0,51,237732,1310
9drp8p96ut,mfbg,2,4,critical,,DONE,,0,0,1,fbs,awupav,mbs,etupol,,,,,,5,52,243726,5993
9drp8p96ut,mfbg,3,1,critical,mzd,hyonăo,hyonăo,1,0,0,fzs,nyumuo,mbd,hyonăo,,,,,,1,64,271692,4745
9drp8p96ut,mfbg,3,1,critical,fbs,nyumuo,nyumuo,1,0,0,fzs,nyumuo,mbd,hyonăo,,,,,,3,65,273698,2005
9drp8p96ut,mfbg,3,1,critical,mbs,hyonăo,hyonăo,1,0,0,fzs,nyumuo,mbd,hyonăo,,,,,,1,66,278926,5227
9drp8p96ut,mfbg,3,1,catch,mbd,hyonăo,hyonăo,1,0,0,fzs,nyumuo,mbd,hyonăo,,,,,False,1,67,281466,2539
9drp8p96ut,mfbg,3,1,critical,fzd,nyumuo,nyumuo,1,0,0,fzs,nyumuo,mbd,hyonăo,,,,,,3,68,283984,2517
9drp8p96ut,mfbg,3,1,critical,fbd,nyumuo,nyumuo,1,0,0,fzs,nyumuo,mbd,hyonăo,,,,,,3,69,286334,2349
9drp8p96ut,mfbg,3,1,critical,mzs,hyonăo,hyonăo,1,0,0,fzs,nyumuo,mbd,hyonăo,,,,,,1,70,288022,1687
9drp8p96ut,mfbg,3,1,critical,,DONE,,0,0,1,fzs,nyumuo,mbd,hyonăo,,,,,,5,71,289708,1685
9drp8p96ut,mfbg,4,7,critical,fzd,pygele,pygele,1,0,0,mzs,goviku,mbs,pygele,,,,,,3,83,329818,6207
9drp8p96ut,mfbg,4,7,critical,mbd,pygele,pygele,1,0,0,mzs,goviku,mbs,pygele,,,,,,3,84,342639,12820
9drp8p96ut,mfbg,4,7,critical,fbs,pygele,pygele,1,0,0,mzs,goviku,mbs,pygele,,,,,,3,85,344557,1917
9drp8p96ut,mfbg,4,7,critical,mzd,goviku,goviku,1,0,0,mzs,goviku,mbs,pygele,,,,,,1,86,347643,3085
9drp8p96ut,mfbg,4,7,catch,mbs,pygele,pygele,1,0,0,mzs,goviku,mbs,pygele,,,,,False,3,87,349649,2005
9drp8p96ut,mfbg,4,7,critical,fbd,pygele,pygele,1,0,0,mzs,goviku,mbs,pygele,,,,,,3,88,351473,1823
9drp8p96ut,mfbg,4,7,critical,fzs,pygele,pygele,1,0,0,mzs,goviku,mbs,pygele,,,,,,3,89,352209,735
9drp8p96ut,mfbg,4,7,critical,,DONE,,0,0,1,mzs,goviku,mbs,pygele,,,,,,5,90,356937,4727
9drp8p96ut,mfbg,5,5,critical,fbs,rbāranžā,rbāranžā,1,0,0,fzd,pžicā,mbd,rbāranžā,,,,,,2,102,387086,6627
9drp8p96ut,mfbg,5,5,critical,mzs,rbāranžā,rbāranžā,1,0,0,fzd,pžicā,mbd,rbāranžā,,,,,,2,103,389058,1971
9drp8p96ut,mfbg,5,5,critical,mzd,rbāranžā,rbāranžā,1,0,0,fzd,pžicā,mbd,rbāranžā,,,,,,2,104,390271,1212
9drp8p96ut,mfbg,5,5,critical,mbs,rbāranžā,rbāranžā,1,0,0,fzd,pžicā,mbd,rbāranžā,,,,,,2,105,391453,1181
9drp8p96ut,mfbg,5,5,catch,fzd,pžicā,pžicā,1,0,0,fzd,pžicā,mbd,rbāranžā,,,,,False,1,106,393419,1965
9drp8p96ut,mfbg,5,5,critical,fbd,rbāranžā,rbāranžā,1,0,0,fzd,pžicā,mbd,rbāranžā,,,,,,2,107,394570,1149
9drp8p96ut,mfbg,5,5,critical,fzs,pžicā,pžicā,1,0,0,fzd,pžicā,mbd,rbāranžā,,,,,,1,108,395345,775
9drp8p96ut,mfbg,5,5,critical,,DONE,,0,0,1,fzd,pžicā,mbd,rbāranžā,,,,,,5,109,396319,973
9drp8p96ut,mfbg,6,2,critical,mbd,šaaqaude,šaaqaude,1,0,0,mbs,šaaqaude,fzs,töeqo,,,,,,2,121,427700,14347
9drp8p96ut,mfbg,6,2,critical,mzd,töeqo,töeqo,1,0,0,mbs,šaaqaude,fzs,töeqo,,,,,,0,122,431200,3499
9drp8p96ut,mfbg,6,2,catch,mbs,šaaqaude,šaaqaude,1,0,0,mbs,šaaqaude,fzs,töeqo,,,,,False,2,123,432478,1276
9drp8p96ut,mfbg,6,2,critical,mzs,töeqo,töeqo,1,0,0,mbs,šaaqaude,fzs,töeqo,,,,,,0,124,433334,855
9drp8p96ut,mfbg,6,2,critical,fzd,töeqo,töeqo,1,0,0,mbs,šaaqaude,fzs,töeqo,,,,,,0,125,434196,861
9drp8p96ut,mfbg,6,2,critical,fbd,šaaqaude,šaaqaude,1,0,0,mbs,šaaqaude,fzs,töeqo,,,,,,2,126,439718,5521
9drp8p96ut,mfbg,6,2,critical,fbs,šaaqaude,šaaqaude,1,0,0,mbs,šaaqaude,fzs,töeqo,,,,,,2,127,440430,711
9drp8p96ut,mfbg,6,2,critical,,DONE,,0,0,1,mbs,šaaqaude,fzs,töeqo,,,,,,5,128,441580,1149
9drp8p96ut,mfbg,7,0,critical,fbs,bybï,bybï,1,0,0,mbd,bybï,z,bokokohï,,,,,,2,138,461854,4471
9drp8p96ut,mfbg,7,0,critical,b,bybï,bokokohï,0,0,0,mbd,bybï,z,bokokohï,,,,,,2,139,463196,1341
9drp8p96ut,mfbg,7,0,catch,mbd,bybï,bybï,1,0,0,mbd,bybï,z,bokokohï,,,,,False,2,140,464770,1573
9drp8p96ut,mfbg,7,0,critical,mbs,bybï,bybï,1,0,0,mbd,bybï,z,bokokohï,,,,,,2,141,466242,1470
9drp8p96ut,mfbg,7,0,critical,mzd,bybï,bybï,1,0,0,mbd,bybï,z,bokokohï,,,,,,2,142,470548,4305
9drp8p96ut,mfbg,7,0,critical,fbd,bybï,bybï,1,0,0,mbd,bybï,z,bokokohï,,,,,,2,143,472024,1474
9drp8p96ut,mfbg,7,0,critical,fzs,bybï,bybï,1,0,0,mbd,bybï,z,bokokohï,,,,,,2,144,473334,1308
9drp8p96ut,mfbg,7,0,critical,mzs,bybï,bybï,1,0,0,mbd,bybï,z,bokokohï,,,,,,2,145,473990,655
9drp8p96ut,mfbg,7,0,critical,fzd,bybï,bybï,1,0,0,mbd,bybï,z,bokokohï,,,,,,2,146,475372,1380
9drp8p96ut,mfbg,7,0,critical,,DONE,,0,0,1,mbd,bybï,z,bokokohï,,,,,,5,147,476812,1439
9drp8p96ut,mfbg,8,6,critical,mzd,sfêvdok,sfêvdok,1,0,0,mbd,kvurddåh,fbs,sfêvdok,,,,,,0,159,506814,7375
9drp8p96ut,mfbg,8,6,critical,mzs,sfêvdok,sfêvdok,1,0,0,mbd,kvurddåh,fbs,sfêvdok,,,,,,0,160,508424,1609
9drp8p96ut,mfbg,8,6,critical,fzd,sfêvdok,sfêvdok,1,0,0,mbd,kvurddåh,fbs,sfêvdok,,,,,,0,161,510430,2005
9drp8p96ut,mfbg,8,6,critical,mbs,kvurddåh,kvurddåh,1,0,0,mbd,kvurddåh,fbs,sfêvdok,,,,,,1,162,512132,1700
9drp8p96ut,mfbg,8,6,critical,fzs,sfêvdok,sfêvdok,1,0,0,mbd,kvurddåh,fbs,sfêvdok,,,,,,0,163,514562,2429
9drp8p96ut,mfbg,8,6,catch,fbs,sfêvdok,sfêvdok,1,0,0,mbd,kvurddåh,fbs,sfêvdok,,,,,False,0,164,515800,1237
9drp8p96ut,mfbg,8,6,critical,fbd,sfêvdok,sfêvdok,1,0,0,mbd,kvurddåh,fbs,sfêvdok,,,,,,0,165,516256,455
9drp8p96ut,mfbg,8,6,critical,,DONE,,0,0,1,mbd,kvurddåh,fbs,sfêvdok,,,,,,5,166,519332,3075
llelh1mjm8,mfbg,1,0,catch,z,popingi,popingi,1,0,0,fbs,lepego,z,popingi,,,,,False,2,24,273656,5072
llelh1mjm8,mfbg,1,0,critical,mzd,lepego,lepego,1,0,0,fbs,lepego,z,popingi,,,,,,1,25,297626,23969
llelh1mjm8,mfbg,1,0,critical,mzs,lepego,lepego,1,0,0,fbs,lepego,z,popingi,,,,,,1,26,301011,3383
llelh1mjm8,mfbg,1,0,critical,fzd,lepego,lepego,1,0,0,fbs,lepego,z,popingi,,,,,,1,27,304907,3896
llelh1mjm8,mfbg,1,0,critical,fzs,lepego,lepego,1,0,0,fbs,lepego,z,popingi,,,,,,1,28,305531,623
llelh1mjm8,mfbg,1,0,critical,mbs,lepego,lepego,1,0,0,fbs,lepego,z,popingi,,,,,,1,29,306276,743
llelh1mjm8,mfbg,1,0,critical,fbd,lepego,lepego,1,0,0,fbs,lepego,z,popingi,,,,,,1,30,306716,439
llelh1mjm8,mfbg,1,0,critical,mbd,UNDO,lepego,0,1,0,fbs,lepego,z,popingi,,,,,,4,31,309668,2951
llelh1mjm8,mfbg,1,0,critical,fbd,UNDO,lepego,0,1,0,fbs,lepego,z,popingi,,,,,,4,32,313132,3463
llelh1mjm8,mfbg,1,0,critical,mbs,UNDO,lepego,0,1,0,fbs,lepego,z,popingi,,,,,,4,33,316917,3783
llelh1mjm8,mfbg,1,0,critical,fzs,UNDO,lepego,0,1,0,fbs,lepego,z,popingi,,,,,,4,34,317525,607
llelh1mjm8,mfbg,1,0,critical,fzd,UNDO,lepego,0,1,0,fbs,lepego,z,popingi,,,,,,4,35,319245,1719
llelh1mjm8,mfbg,1,0,critical,mzs,UNDO,lepego,0,1,0,fbs,lepego,z,popingi,,,,,,4,36,319693,447
llelh1mjm8,mfbg,1,0,critical,mzd,lepego,lepego,1,0,0,fbs,lepego,z,popingi,,,,,,1,37,322269,2575
llelh1mjm8,mfbg,1,0,critical,mzs,lepego,lepego,1,0,0,fbs,lepego,z,popingi,,,,,,1,38,322613,343
llelh1mjm8,mfbg,1,0,critical,fzd,lepego,lepego,1,0,0,fbs,lepego,z,popingi,,,,,,1,39,322925,311
llelh1mjm8,mfbg,1,0,critical,fzs,lepego,lepego,1,0,0,fbs,lepego,z,popingi,,,,,,1,40,323261,334
llelh1mjm8,mfbg,1,0,critical,mbs,lepego,lepego,1,0,0,fbs,lepego,z,popingi,,,,,,1,41,323605,343
llelh1mjm8,mfbg,1,0,critical,fbd,lepego,lepego,1,0,0,fbs,lepego,z,popingi,,,,,,1,42,324509,903
llelh1mjm8,mfbg,1,0,critical,mbd,lepego,lepego,1,0,0,fbs,lepego,z,popingi,,,,,,1,43,325389,879
llelh1mjm8,mfbg,1,0,critical,b,lepego,popingi,0,0,0,fbs,lepego,z,popingi,,,,,,1,44,326453,1063
llelh1mjm8,mfbg,1,0,critical,,UNDO,,0,1,0,fbs,lepego,z,popingi,,,,,,4,45,329102,2647
llelh1mjm8,mfbg,1,0,critical,b,popingi,popingi,1,0,0,fbs,lepego,z,popingi,,,,,,2,46,337543,8440
llelh1mjm8,mfbg,1,0,critical,,DONE,,0,0,1,fbs,lepego,z,popingi,,,,,,5,47,340231,2687
llelh1mjm8,mfbg,2,7,catch,fzd,rhåv,rhåv,1,0,0,mzd,smêvskêv,fzd,rhåv,,,,,False,1,59,399078,12265
llelh1mjm8,mfbg,2,7,critical,mbs,smêvskêv,rhåv,0,0,0,mzd,smêvskêv,fzd,rhåv,,,,,,0,60,409871,10792
llelh1mjm8,mfbg,2,7,critical,fzs,rhåv,rhåv,1,0,0,mzd,smêvskêv,fzd,rhåv,,,,,,1,61,411944,2071
llelh1mjm8,mfbg,2,7,critical,fbs,rhåv,rhåv,1,0,0,mzd,smêvskêv,fzd,rhåv,,,,,,1,62,413120,1175
llelh1mjm8,mfbg,2,7,critical,mbd,smêvskêv,rhåv,0,0,0,mzd,smêvskêv,fzd,rhåv,,,,,,0,63,415672,2552
llelh1mjm8,mfbg,2,7,critical,fbd,rhåv,rhåv,1,0,0,mzd,smêvskêv,fzd,rhåv,,,,,,1,64,417024,1351
llelh1mjm8,mfbg,2,7,critical,mzs,smêvskêv,smêvskêv,1,0,0,mzd,smêvskêv,fzd,rhåv,,,,,,0,65,418232,1207
llelh1mjm8,mfbg,2,7,critical,,UNDO,,0,1,0,mzd,smêvskêv,fzd,rhåv,,,,,,4,66,421185,2951
llelh1mjm8,mfbg,2,7,critical,mzs,UNDO,smêvskêv,0,1,0,mzd,smêvskêv,fzd,rhåv,,,,,,4,67,422481,1295
llelh1mjm8,mfbg,2,7,critical,fbd,rhåv,rhåv,1,0,0,mzd,smêvskêv,fzd,rhåv,,,,,,1,68,428674,6192
llelh1mjm8,mfbg,2,7,critical,mzs,smêvskêv,smêvskêv,1,0,0,mzd,smêvskêv,fzd,rhåv,,,,,,0,69,429754,1079
llelh1mjm8,mfbg,2,7,critical,,DONE,,0,0,1,mzd,smêvskêv,fzd,rhåv,,,,,,5,70,430634,879
llelh1mjm8,mfbg,3,6,critical,fbd,goozăi,goozăi,1,0,0,mbd,baumiă,fbs,goozăi,,,,,,3,82,458717,10680
llelh1mjm8,mfbg,3,6,critical,mzd,baumiă,goozăi,0,0,0,mbd,baumiă,fbs,goozăi,,,,,,1,83,464622,5904
llelh1mjm8,mfbg,3,6,critical,fzd,goozăi,goozăi,1,0,0,mbd,baumiă,fbs,goozăi,,,,,,3,84,468582,3960
llelh1mjm8,mfbg,3,6,critical,mzs,baumiă,goozăi,0,0,0,mbd,baumiă,fbs,goozăi,,,,,,1,85,470246,1663
llelh1mjm8,mfbg,3,6,catch,mbd,baumiă,baumiă,1,0,0,mbd,baumiă,fbs,goozăi,,,,,False,1,86,475463,5216
llelh1mjm8,mfbg,3,6,critical,mbs,baumiă,baumiă,1,0,0,mbd,baumiă,fbs,goozăi,,,,,,1,87,476567,1103
llelh1mjm8,mfbg,3,6,critical,fzs,goozăi,goozăi,1,0,0,mbd,baumiă,fbs,goozăi,,,,,,3,88,477727,1159
llelh1mjm8,mfbg,3,6,critical,,DONE,,0,0,1,mbd,baumiă,fbs,goozăi,,,,,,5,89,479135,1407
llelh1mjm8,mfbg,4,5,critical,fbs,bybï,zuvewu,0,0,0,fzd,bybï,mzs,zuvewu,,,,,,3,101,546583,4256
llelh1mjm8,mfbg,4,5,critical,mzd,zuvewu,zuvewu,1,0,0,fzd,bybï,mzs,zuvewu,,,,,,2,102,550623,4040
llelh1mjm8,mfbg,4,5,critical,mbs,zuvewu,zuvewu,1,0,0,fzd,bybï,mzs,zuvewu,,,,,,2,103,552200,1575
llelh1mjm8,mfbg,4,5,critical,fzs,bybï,bybï,1,0,0,fzd,bybï,mzs,zuvewu,,,,,,3,104,553808,1607
llelh1mjm8,mfbg,4,5,critical,mbd,zuvewu,zuvewu,1,0,0,fzd,bybï,mzs,zuvewu,,,,,,2,105,555216,1407
llelh1mjm8,mfbg,4,5,critical,fbd,bybï,zuvewu,0,0,0,fzd,bybï,mzs,zuvewu,,,,,,3,106,556640,1423
llelh1mjm8,mfbg,4,5,catch,mzs,zuvewu,zuvewu,1,0,0,fzd,bybï,mzs,zuvewu,,,,,False,2,107,561825,5184
llelh1mjm8,mfbg,4,5,critical,,DONE,,0,0,1,fzd,bybï,mzs,zuvewu,,,,,,5,108,563705,1879
llelh1mjm8,mfbg,5,3,critical,mbd,orinoçim,orinoçim,1,0,0,mbs,orinoçim,fbs,øqoç,,,,,,2,120,575978,2728
llelh1mjm8,mfbg,5,3,catch,fbs,øqoç,øqoç,1,0,0,mbs,orinoçim,fbs,øqoç,,,,,False,0,121,579835,3855
llelh1mjm8,mfbg,5,3,critical,mzs,orinoçim,øqoç,0,0,0,mbs,orinoçim,fbs,øqoç,,,,,,2,122,583627,3792
llelh1mjm8,mfbg,5,3,critical,mzd,orinoçim,øqoç,0,0,0,mbs,orinoçim,fbs,øqoç,,,,,,2,123,584507,879
llelh1mjm8,mfbg,5,3,critical,fbd,øqoç,øqoç,1,0,0,mbs,orinoçim,fbs,øqoç,,,,,,0,124,586884,2375
llelh1mjm8,mfbg,5,3,critical,fzs,øqoç,orinoçim,0,0,0,mbs,orinoçim,fbs,øqoç,,,,,,0,125,588252,1367
llelh1mjm8,mfbg,5,3,critical,fzd,øqoç,orinoçim,0,0,0,mbs,orinoçim,fbs,øqoç,,,,,,0,126,589052,799
llelh1mjm8,mfbg,5,3,critical,,DONE,,0,0,1,mbs,orinoçim,fbs,øqoç,,,,,,5,127,590380,1327
llelh1mjm8,mfbg,6,4,catch,fzs,vbāžo,vbāžo,1,0,0,fbs,ngcāžo,fzs,vbāžo,,,,,False,3,139,601765,3232
llelh1mjm8,mfbg,6,4,critical,mzd,vbāžo,vbāžo,1,0,0,fbs,ngcāžo,fzs,vbāžo,,,,,,3,140,623336,21569
llelh1mjm8,mfbg,6,4,critical,fbd,ngcāžo,ngcāžo,1,0,0,fbs,ngcāžo,fzs,vbāžo,,,,,,1,141,625512,2175
llelh1mjm8,mfbg,6,4,critical,mbs,ngcāžo,vbāžo,0,0,0,fbs,ngcāžo,fzs,vbāžo,,,,,,1,142,630017,4504
llelh1mjm8,mfbg,6,4,critical,fzd,vbāžo,vbāžo,1,0,0,fbs,ngcāžo,fzs,vbāžo,,,,,,3,143,632737,2719
llelh1mjm8,mfbg,6,4,critical,mzs,vbāžo,vbāžo,1,0,0,fbs,ngcāžo,fzs,vbāžo,,,,,,3,144,635977,3239
llelh1mjm8,mfbg,6,4,critical,mbd,ngcāžo,vbāžo,0,0,0,fbs,ngcāžo,fzs,vbāžo,,,,,,1,145,636865,887
llelh1mjm8,mfbg,6,4,critical,,DONE,,0,0,1,fbs,ngcāžo,fzs,vbāžo,,,,,,5,146,638418,1551
llelh1mjm8,mfbg,7,2,critical,fbs,möïtu,möïtu,1,0,0,mbd,möïtu,fzs,nuubö,,,,,,1,158,655771,8896
llelh1mjm8,mfbg,7,2,critical,mbs,möïtu,möïtu,1,0,0,mbd,möïtu,fzs,nuubö,,,,,,1,159,657900,2127
llelh1mjm8,mfbg,7,2,critical,mzd,nuubö,nuubö,1,0,0,mbd,möïtu,fzs,nuubö,,,,,,3,160,661804,3903
llelh1mjm8,mfbg,7,2,critical,fzd,nuubö,nuubö,1,0,0,mbd,möïtu,fzs,nuubö,,,,,,3,161,663260,1455
llelh1mjm8,mfbg,7,2,critical,mzs,nuubö,nuubö,1,0,0,mbd,möïtu,fzs,nuubö,,,,,,3,162,665764,2503
llelh1mjm8,mfbg,7,2,critical,fbd,möïtu,möïtu,1,0,0,mbd,möïtu,fzs,nuubö,,,,,,1,163,670046,4280
llelh1mjm8,mfbg,7,2,catch,fzs,nuubö,nuubö,1,0,0,mbd,möïtu,fzs,nuubö,,,,,False,3,164,673045,2999
llelh1mjm8,mfbg,7,2,critical,,DONE,,0,0,1,mbd,möïtu,fzs,nuubö,,,,,,5,165,674573,1527
llelh1mjm8,mfbg,8,1,critical,mzs,agivud,agivud,1,0,0,fbs,azuf,mzd,agivud,,,,,,3,177,689591,4056
llelh1mjm8,mfbg,8,1,critical,mbd,azuf,agivud,0,0,0,fbs,azuf,mzd,agivud,,,,,,0,178,699552,9960
llelh1mjm8,mfbg,8,1,critical,mbs,azuf,agivud,0,0,0,fbs,azuf,mzd,agivud,,,,,,0,179,700744,1191
llelh1mjm8,mfbg,8,1,critical,fzs,agivud,azuf,0,0,0,fbs,azuf,mzd,agivud,,,,,,3,180,705385,4640
llelh1mjm8,mfbg,8,1,critical,fzd,agivud,azuf,0,0,0,fbs,azuf,mzd,agivud,,,,,,3,181,707705,2319
llelh1mjm8,mfbg,8,1,critical,fbd,azuf,azuf,1,0,0,fbs,azuf,mzd,agivud,,,,,,0,182,710114,2407
llelh1mjm8,mfbg,8,1,catch,fbs,azuf,azuf,1,0,0,fbs,azuf,mzd,agivud,,,,,False,0,183,712738,2623
llelh1mjm8,mfbg,8,1,critical,,DONE,,0,0,1,fbs,azuf,mzd,agivud,,,,,,5,184,714474,1735
srcyko4mfl,fmbg,1,7,critical,mzs,kvurddåh,rhymsvåd,0,0,0,mzd,rhymsvåd,fbs,kvurddåh,,,,,,1,26,136291,7529
srcyko4mfl,fmbg,1,7,catch,fbs,kvurddåh,kvurddåh,1,0,0,mzd,rhymsvåd,fbs,kvurddåh,,,,,False,1,27,143658,7360
srcyko4mfl,fmbg,1,7,critical,fzs,kvurddåh,kvurddåh,1,0,0,mzd,rhymsvåd,fbs,kvurddåh,,,,,,1,28,152207,8546
srcyko4mfl,fmbg,1,7,critical,fbd,rhymsvåd,kvurddåh,0,0,0,mzd,rhymsvåd,fbs,kvurddåh,,,,,,0,29,158492,6282
srcyko4mfl,fmbg,1,7,critical,mbd,rhymsvåd,kvurddåh,0,0,0,mzd,rhymsvåd,fbs,kvurddåh,,,,,,0,30,161593,3099
srcyko4mfl,fmbg,1,7,critical,fzd,rhymsvåd,kvurddåh,0,0,0,mzd,rhymsvåd,fbs,kvurddåh,,,,,,0,31,162860,1265
srcyko4mfl,fmbg,1,7,critical,mbs,kvurddåh,kvurddåh,1,0,0,mzd,rhymsvåd,fbs,kvurddåh,,,,,,1,32,164673,1810
srcyko4mfl,fmbg,1,7,critical,,DONE,,0,0,1,mzd,rhymsvåd,fbs,kvurddåh,,,,,,5,33,167074,2399
srcyko4mfl,fmbg,2,2,critical,mbd,byure,cžunge,0,0,0,mbs,cžunge,fzs,vruži,mbd,byure,,,,3,45,204624,29648
srcyko4mfl,fmbg,2,2,catch,mbs,cžunge,cžunge,1,0,0,mbs,cžunge,fzs,vruži,mbd,byure,,,False,2,46,207708,3080
srcyko4mfl,fmbg,2,2,critical,mzd,byure,vruži,0,0,0,mbs,cžunge,fzs,vruži,mbd,byure,mzd,byure,,3,47,209392,1681
srcyko4mfl,fmbg,2,2,critical,fzd,vruži,vruži,1,0,0,mbs,cžunge,fzs,vruži,mbd,byure,mzd,byure,,0,48,214525,5131
srcyko4mfl,fmbg,2,2,critical,fbs,vruži,cžunge,0,0,0,mbs,cžunge,fzs,vruži,mbd,byure,mzd,byure,,0,49,221091,6563
srcyko4mfl,fmbg,2,2,critical,fbd,vruži,cžunge,0,0,0,mbs,cžunge,fzs,vruži,mbd,byure,mzd,byure,,0,50,228075,6980
srcyko4mfl,fmbg,2,2,critical,mzs,cžunge,vruži,0,0,0,mbs,cžunge,fzs,vruži,mbd,byure,mzd,byure,,2,51,230291,2213
srcyko4mfl,fmbg,2,2,critical,,DONE,,0,0,1,mbs,cžunge,fzs,vruži,mbd,byure,mzd,byure,,5,52,232492,2197
srcyko4mfl,fmbg,3,5,critical,mbs,goviku,goviku,1,0,0,fzs,ngapapu,fbs,goviku,,,,,,3,64,251576,4349
srcyko4mfl,fmbg,3,5,critical,mbd,goviku,goviku,1,0,0,fzs,ngapapu,fbs,goviku,,,,,,3,65,254710,3131
srcyko4mfl,fmbg,3,5,critical,mzs,goviku,goviku,1,0,0,fzs,ngapapu,fbs,goviku,,,,,,3,66,265343,10631
srcyko4mfl,fmbg,3,5,critical,fzd,goviku,ngapapu,0,0,0,fzs,ngapapu,fbs,goviku,,,,,,3,67,265876,530
srcyko4mfl,fmbg,3,5,critical,fbd,UNDO,goviku,0,1,0,fzs,ngapapu,fbs,goviku,,,,,,4,68,268059,2180
srcyko4mfl,fmbg,3,5,critical,fzd,ngapapu,ngapapu,1,0,0,fzs,ngapapu,fbs,goviku,,,,,,1,69,271841,3780
srcyko4mfl,fmbg,3,5,critical,fbd,goviku,goviku,1,0,0,fzs,ngapapu,fbs,goviku,,,,,,3,70,274592,2747
srcyko4mfl,fmbg,3,5,catch,fzs,ngapapu,ngapapu,1,0,0,fzs,ngapapu,fbs,goviku,,,,,False,1,71,278725,4131
srcyko4mfl,fmbg,3,5,critical,mzd,goviku,goviku,1,0,0,fzs,ngapapu,fbs,goviku,,,,,,3,72,282027,3298
srcyko4mfl,fmbg,3,5,critical,,DONE,,0,0,1,fzs,ngapapu,fbs,goviku,,,,,,5,73,283442,1412
srcyko4mfl,fmbg,4,6,critical,fzd,šïïnö,šïïnö,1,0,0,mbd,yaöpe,mzs,šïïnö,,,,,,1,85,300392,3647
srcyko4mfl,fmbg,4,6,critical,mbs,yaöpe,yaöpe,1,0,0,mbd,yaöpe,mzs,šïïnö,,,,,,3,86,306959,6563
srcyko4mfl,fmbg,4,6,critical,fzs,šïïnö,šïïnö,1,0,0,mbd,yaöpe,mzs,šïïnö,,,,,,1,87,308925,1963
srcyko4mfl,fmbg,4,6,critical,fbd,šïïnö,šïïnö,1,0,0,mbd,yaöpe,mzs,šïïnö,,,,,,1,88,313727,4799
srcyko4mfl,fmbg,4,6,critical,fbs,šïïnö,šïïnö,1,0,0,mbd,yaöpe,mzs,šïïnö,,,,,,1,89,315576,1845
srcyko4mfl,fmbg,4,6,critical,mzd,šïïnö,šïïnö,1,0,0,mbd,yaöpe,mzs,šïïnö,,,,,,1,90,318292,2713
srcyko4mfl,fmbg,4,6,catch,mzs,šïïnö,šïïnö,1,0,0,mbd,yaöpe,mzs,šïïnö,,,,,False,1,91,321509,3215
srcyko4mfl,fmbg,4,6,critical,,DONE,,0,0,1,mbd,yaöpe,mzs,šïïnö,,,,,,5,92,323959,2446
srcyko4mfl,fmbg,5,0,critical,fbs,bybï,bybï,1,0,0,fzs,bybï,z,bokokohï,,,,,,1,102,344742,9847
srcyko4mfl,fmbg,5,0,critical,mzd,bybï,bybï,1,0,0,fzs,bybï,z,bokokohï,,,,,,1,103,347911,3165
srcyko4mfl,fmbg,5,0,critical,mbd,bybï,bybï,1,0,0,fzs,bybï,z,bokokohï,,,,,,1,104,348593,679
srcyko4mfl,fmbg,5,0,catch,z,bokokohï,bokokohï,1,0,0,fzs,bybï,z,bokokohï,,,,,False,0,105,353976,5380
srcyko4mfl,fmbg,5,0,critical,fzd,bybï,bybï,1,0,0,fzs,bybï,z,bokokohï,,,,,,1,106,355977,1998
srcyko4mfl,fmbg,5,0,critical,mzs,bybï,bybï,1,0,0,fzs,bybï,z,bokokohï,,,,,,1,107,357726,1746
srcyko4mfl,fmbg,5,0,critical,b,hïlaki,bokokohï,0,0,0,fzs,bybï,z,bokokohï,b,hïlaki,,,,2,108,372678,14950
srcyko4mfl,fmbg,5,0,critical,mbs,bybï,bybï,1,0,0,fzs,bybï,z,bokokohï,b,hïlaki,,,,1,109,374426,1744
srcyko4mfl,fmbg,5,0,critical,fbd,bybï,bybï,1,0,0,fzs,bybï,z,bokokohï,b,hïlaki,,,,1,110,375509,1081
srcyko4mfl,fmbg,5,0,critical,,DONE,,0,0,1,fzs,bybï,z,bokokohï,b,hïlaki,,,,5,111,376728,1216
srcyko4mfl,fmbg,6,3,critical,fzd,içiqusem,içiqusem,1,0,0,mbs,içiqusem,fbd,orinoçim,,,,,,3,123,394193,4631
srcyko4mfl,fmbg,6,3,critical,mzs,orinoçim,orinoçim,1,0,0,mbs,içiqusem,fbd,orinoçim,,,,,,0,124,397826,3630
srcyko4mfl,fmbg,6,3,critical,fbs,içiqusem,orinoçim,0,0,0,mbs,içiqusem,fbd,orinoçim,,,,,,3,125,403626,5798
srcyko4mfl,fmbg,6,3,critical,fzs,orinoçim,içiqusem,0,0,0,mbs,içiqusem,fbd,orinoçim,,,,,,0,126,409381,5752
srcyko4mfl,fmbg,6,3,catch,mbs,içiqusem,içiqusem,1,0,0,mbs,içiqusem,fbd,orinoçim,,,,,False,3,127,412143,2758
srcyko4mfl,fmbg,6,3,critical,mzd,içiqusem,orinoçim,0,0,0,mbs,içiqusem,fbd,orinoçim,,,,,,3,128,414211,2066
srcyko4mfl,fmbg,6,3,critical,mbd,orinoçim,içiqusem,0,0,0,mbs,içiqusem,fbd,orinoçim,,,,,,0,129,417159,2946
srcyko4mfl,fmbg,6,3,critical,,DONE,,0,0,1,mbs,içiqusem,fbd,orinoçim,,,,,,5,130,418644,1481
srcyko4mfl,fmbg,7,1,critical,fbs,gêă,gêă,1,0,0,fbd,gêă,mbs,nyumuo,,,,,,3,143,442527,831
srcyko4mfl,fmbg,7,1,critical,fzs,gêă,gêă,1,0,0,fbd,gêă,mbs,nyumuo,,,,,,3,142,441693,8963
srcyko4mfl,fmbg,7,1,critical,mzs,nyumuo,nyumuo,1,0,0,fbd,gêă,mbs,nyumuo,mzs,nyumuo,,,,2,144,445960,3430
srcyko4mfl,fmbg,7,1,critical,fzd,gêă,gêă,1,0,0,fbd,gêă,mbs,nyumuo,mzs,nyumuo,,,,3,145,447227,1263
srcyko4mfl,fmbg,7,1,critical,mzd,nyumuo,nyumuo,1,0,0,fbd,gêă,mbs,nyumuo,mzs,nyumuo,,,,2,146,448043,814
srcyko4mfl,fmbg,7,1,critical,mbd,nyumuo,nyumuo,1,0,0,fbd,gêă,mbs,nyumuo,mzs,nyumuo,,,,2,147,449544,1497
srcyko4mfl,fmbg,7,1,catch,mbs,nyumuo,nyumuo,1,0,0,fbd,gêă,mbs,nyumuo,mzs,nyumuo,,,False,2,148,469429,19883
srcyko4mfl,fmbg,7,1,critical,,DONE,,0,0,1,fbd,gêă,mbs,nyumuo,mzs,nyumuo,,,,5,149,471344,1913
srcyko4mfl,fmbg,8,4,critical,mzd,idanuluf,idanuluf,1,0,0,fbd,ulywaf,mbs,idanuluf,,,,,,3,161,495560,9096
srcyko4mfl,fmbg,8,4,critical,fzs,idanuluf,idanuluf,1,0,0,fbd,ulywaf,mbs,idanuluf,,,,,,3,162,501545,5982
srcyko4mfl,fmbg,8,4,catch,mbs,idanuluf,idanuluf,1,0,0,fbd,ulywaf,mbs,idanuluf,,,,,False,3,163,503877,2330
srcyko4mfl,fmbg,8,4,critical,mzs,idanuluf,idanuluf,1,0,0,fbd,ulywaf,mbs,idanuluf,,,,,,3,164,504844,963
srcyko4mfl,fmbg,8,4,critical,mbd,idanuluf,idanuluf,1,0,0,fbd,ulywaf,mbs,idanuluf,,,,,,3,165,505612,766
srcyko4mfl,fmbg,8,4,critical,fzd,idanuluf,idanuluf,1,0,0,fbd,ulywaf,mbs,idanuluf,,,,,,3,166,507110,1496
srcyko4mfl,fmbg,8,4,critical,fbs,ulywaf,ulywaf,1,0,0,fbd,ulywaf,mbs,idanuluf,,,,,,2,167,509378,2264
srcyko4mfl,fmbg,8,4,critical,,DONE,,0,0,1,fbd,ulywaf,mbs,idanuluf,,,,,,5,168,511028,1648
wh08dqfy5x,mfbg,1,6,critical,mbs,hïlaki,hïlaki,1,0,0,mbd,hïlaki,fzd,zuvewu,,,,,,0,26,1788100,12182
wh08dqfy5x,mfbg,1,6,critical,fbs,zuvewu,zuvewu,1,0,0,mbd,hïlaki,fzd,zuvewu,,,,,,1,27,1790344,2242
wh08dqfy5x,mfbg,1,6,critical,fzs,zuvewu,zuvewu,1,0,0,mbd,hïlaki,fzd,zuvewu,,,,,,1,28,1792899,2554
wh08dqfy5x,mfbg,1,6,critical,mzs,hïlaki,zuvewu,0,0,0,mbd,hïlaki,fzd,zuvewu,,,,,,0,29,1794603,1703
wh08dqfy5x,mfbg,1,6,critical,mzd,hïlaki,zuvewu,0,0,0,mbd,hïlaki,fzd,zuvewu,,,,,,0,30,1795199,595
wh08dqfy5x,mfbg,1,6,catch,fzd,zuvewu,zuvewu,1,0,0,mbd,hïlaki,fzd,zuvewu,,,,,False,1,31,1802262,7062
wh08dqfy5x,mfbg,1,6,critical,fbd,zuvewu,zuvewu,1,0,0,mbd,hïlaki,fzd,zuvewu,,,,,,1,32,1805006,2742
wh08dqfy5x,mfbg,1,6,critical,,DONE,,0,0,1,mbd,hïlaki,fzd,zuvewu,,,,,,5,33,1806545,1538
wh08dqfy5x,mfbg,2,3,critical,fbd,yaöpe,tuumïhu,0,0,0,mbd,yaöpe,mzs,tuumïhu,,,,,,3,45,1829902,12877
wh08dqfy5x,mfbg,2,3,critical,fzs,tuumïhu,yaöpe,0,0,0,mbd,yaöpe,mzs,tuumïhu,,,,,,1,46,1833445,3542
wh08dqfy5x,mfbg,2,3,critical,mzd,tuumïhu,tuumïhu,1,0,0,mbd,yaöpe,mzs,tuumïhu,,,,,,1,47,1836865,3420
wh08dqfy5x,mfbg,2,3,catch,mzs,tuumïhu,tuumïhu,1,0,0,mbd,yaöpe,mzs,tuumïhu,,,,,False,1,48,1849127,12260
wh08dqfy5x,mfbg,2,3,critical,fbs,tuumïhu,tuumïhu,1,0,0,mbd,yaöpe,mzs,tuumïhu,,,,,,1,49,1854949,5821
wh08dqfy5x,mfbg,2,3,critical,mbs,tuumïhu,yaöpe,0,0,0,mbd,yaöpe,mzs,tuumïhu,,,,,,1,50,1859369,4420
wh08dqfy5x,mfbg,2,3,critical,fzd,yaöpe,yaöpe,1,0,0,mbd,yaöpe,mzs,tuumïhu,,,,,,3,51,1863635,4265
wh08dqfy5x,mfbg,2,3,critical,,DONE,,0,0,1,mbd,yaöpe,mzs,tuumïhu,,,,,,5,52,1864653,1017
wh08dqfy5x,mfbg,3,1,critical,fzd,luge,luge,1,0,0,fbd,luge,mzs,lawolu,,,,,,3,64,1884546,14113
wh08dqfy5x,mfbg,3,1,critical,mbd,luge,lawolu,0,0,0,fbd,luge,mzs,lawolu,,,,,,3,65,1888794,4247
wh08dqfy5x,mfbg,3,1,critical,fbs,lawolu,luge,0,0,0,fbd,luge,mzs,lawolu,,,,,,2,66,1893357,4562
wh08dqfy5x,mfbg,3,1,critical,mzd,luge,lawolu,0,0,0,fbd,luge,mzs,lawolu,,,,,,3,67,1895450,2092
wh08dqfy5x,mfbg,3,1,catch,fbd,luge,luge,1,0,0,fbd,luge,mzs,lawolu,,,,,False,3,68,1900147,4696
wh08dqfy5x,mfbg,3,1,critical,mbs,lawolu,lawolu,1,0,0,fbd,luge,mzs,lawolu,,,,,,2,69,1901810,1662
wh08dqfy5x,mfbg,3,1,critical,fzs,luge,luge,1,0,0,fbd,luge,mzs,lawolu,,,,,,3,70,1902816,1005
wh08dqfy5x,mfbg,3,1,critical,,DONE,,0,0,1,fbd,luge,mzs,lawolu,,,,,,5,71,1904755,1938
wh08dqfy5x,mfbg,4,4,critical,mzd,aweh,aweh,1,0,0,fbs,øqoç,mbs,aweh,,,,,,2,83,1934629,25661
wh08dqfy5x,mfbg,4,4,catch,fbs,øqoç,øqoç,1,0,0,fbs,øqoç,mbs,aweh,,,,,False,0,84,1938093,3463
wh08dqfy5x,mfbg,4,4,critical,mbd,aweh,aweh,1,0,0,fbs,øqoç,mbs,aweh,,,,,,2,85,1940106,2012
wh08dqfy5x,mfbg,4,4,critical,mzs,aweh,aweh,1,0,0,fbs,øqoç,mbs,aweh,,,,,,2,86,1941314,1207
wh08dqfy5x,mfbg,4,4,critical,fbd,øqoç,øqoç,1,0,0,fbs,øqoç,mbs,aweh,,,,,,0,87,1942509,1194
wh08dqfy5x,mfbg,4,4,critical,fzs,øqoç,aweh,0,0,0,fbs,øqoç,mbs,aweh,,,,,,0,88,1943819,1309
wh08dqfy5x,mfbg,4,4,critical,fzd,øqoç,aweh,0,0,0,fbs,øqoç,mbs,aweh,,,,,,0,89,1945201,1381
wh08dqfy5x,mfbg,4,4,critical,,DONE,,0,0,1,fbs,øqoç,mbs,aweh,,,,,,5,90,1946243,1041
wh08dqfy5x,mfbg,5,5,critical,mzs,smêvskêv,smêvskêv,1,0,0,fzd,sfêvdok,mbd,smêvskêv,,,,,,2,102,1967732,16939
wh08dqfy5x,mfbg,5,5,catch,mbd,smêvskêv,smêvskêv,1,0,0,fzd,sfêvdok,mbd,smêvskêv,,,,,False,2,103,1969437,1704
wh08dqfy5x,mfbg,5,5,critical,mbs,smêvskêv,smêvskêv,1,0,0,fzd,sfêvdok,mbd,smêvskêv,,,,,,2,104,1970452,1014
wh08dqfy5x,mfbg,5,5,critical,mzd,smêvskêv,smêvskêv,1,0,0,fzd,sfêvdok,mbd,smêvskêv,,,,,,2,105,1971389,936
wh08dqfy5x,mfbg,5,5,critical,fbs,sfêvdok,smêvskêv,0,0,0,fzd,sfêvdok,mbd,smêvskêv,,,,,,3,106,1974193,2803
wh08dqfy5x,mfbg,5,5,critical,fzs,sfêvdok,sfêvdok,1,0,0,fzd,sfêvdok,mbd,smêvskêv,,,,,,3,107,1974740,546
wh08dqfy5x,mfbg,5,5,critical,fbd,sfêvdok,smêvskêv,0,0,0,fzd,sfêvdok,mbd,smêvskêv,,,,,,3,108,1975182,441
wh08dqfy5x,mfbg,5,5,critical,,DONE,,0,0,1,fzd,sfêvdok,mbd,smêvskêv,,,,,,5,109,1975958,775
wh08dqfy5x,mfbg,6,7,critical,fzs,ulywaf,azuf,0,0,0,mzs,ulywaf,mbd,azuf,,,,,,1,121,1985398,4889
wh08dqfy5x,mfbg,6,7,critical,mbs,ulywaf,azuf,0,0,0,mzs,ulywaf,mbd,azuf,,,,,,1,122,1987653,2254
wh08dqfy5x,mfbg,6,7,critical,fbs,ulywaf,azuf,0,0,0,mzs,ulywaf,mbd,azuf,,,,,,1,123,1989216,1562
wh08dqfy5x,mfbg,6,7,critical,fbd,azuf,azuf,1,0,0,mzs,ulywaf,mbd,azuf,,,,,,3,124,1991845,2628
wh08dqfy5x,mfbg,6,7,critical,fzd,azuf,azuf,1,0,0,mzs,ulywaf,mbd,azuf,,,,,,3,125,1992761,915
wh08dqfy5x,mfbg,6,7,critical,mzd,azuf,ulywaf,0,0,0,mzs,ulywaf,mbd,azuf,,,,,,3,126,1993919,1157
wh08dqfy5x,mfbg,6,7,catch,mbd,azuf,azuf,1,0,0,mzs,ulywaf,mbd,azuf,,,,,False,3,127,1996528,2608
wh08dqfy5x,mfbg,6,7,critical,,DONE,,0,0,1,mzs,ulywaf,mbd,azuf,,,,,,5,128,1997451,922
wh08dqfy5x,mfbg,7,0,catch,z,pžicā,pžicā,1,0,0,mzs,vruži,z,pžicā,,,,,False,1,138,2002905,1830
wh08dqfy5x,mfbg,7,0,critical,mbs,vruži,vruži,1,0,0,mzs,vruži,z,pžicā,,,,,,0,139,2006587,3681
wh08dqfy5x,mfbg,7,0,critical,fzs,vruži,vruži,1,0,0,mzs,vruži,z,pžicā,,,,,,0,140,2007511,923
wh08dqfy5x,mfbg,7,0,critical,fbd,pžicā,vruži,0,0,0,mzs,vruži,z,pžicā,,,,,,1,141,2009236,1724
wh08dqfy5x,mfbg,7,0,critical,mzd,pžicā,vruži,0,0,0,mzs,vruži,z,pžicā,,,,,,1,142,2011044,1807
wh08dqfy5x,mfbg,7,0,critical,mbd,pžicā,vruži,0,0,0,mzs,vruži,z,pžicā,,,,,,1,143,2012660,1615
wh08dqfy5x,mfbg,7,0,critical,fbs,vruži,vruži,1,0,0,mzs,vruži,z,pžicā,,,,,,0,144,2013789,1128
wh08dqfy5x,mfbg,7,0,critical,b,vruži,pžicā,0,0,0,mzs,vruži,z,pžicā,,,,,,0,145,2045827,32037
wh08dqfy5x,mfbg,7,0,critical,fzd,pžicā,vruži,0,0,0,mzs,vruži,z,pžicā,,,,,,1,146,2047896,2068
wh08dqfy5x,mfbg,7,0,critical,,DONE,,0,0,1,mzs,vruži,z,pžicā,,,,,,5,147,2048830,933
wh08dqfy5x,mfbg,8,2,catch,fbd,huanăa,huanăa,1,0,0,fbd,huanăa,mzs,qăo,,,,,False,1,159,2056594,2713
wh08dqfy5x,mfbg,8,2,critical,mbs,qăo,huanăa,0,0,0,fbd,huanăa,mzs,qăo,,,,,,0,160,2060672,4077
wh08dqfy5x,mfbg,8,2,critical,mbd,huanăa,huanăa,1,0,0,fbd,huanăa,mzs,qăo,,,,,,1,161,2061807,1134
wh08dqfy5x,mfbg,8,2,critical,fbs,qăo,huanăa,0,0,0,fbd,huanăa,mzs,qăo,,,,,,0,162,2063011,1203
wh08dqfy5x,mfbg,8,2,critical,fzs,qăo,qăo,1,0,0,fbd,huanăa,mzs,qăo,,,,,,0,163,2063837,825
wh08dqfy5x,mfbg,8,2,critical,mzd,huanăa,qăo,0,0,0,fbd,huanăa,mzs,qăo,,,,,,1,164,2065061,1223
wh08dqfy5x,mfbg,8,2,critical,fzd,qăo,qăo,1,0,0,fbd,huanăa,mzs,qăo,,,,,,0,165,2065878,816
wh08dqfy5x,mfbg,8,2,critical,,DONE,,0,0,1,fbd,huanăa,mzs,qăo,,,,,,5,166,2066813,934
vfc66vqf8v,fmbg,1,6,critical,mzs,bokokohï,bokokohï,1,0,0,mbd,qïru,mzd,bokokohï,,,,,,2,26,104468,45720
vfc66vqf8v,fmbg,1,6,critical,mbs,qïru,qïru,1,0,0,mbd,qïru,mzd,bokokohï,,,,,,3,27,106022,1552
vfc66vqf8v,fmbg,1,6,catch,mzd,bokokohï,bokokohï,1,0,0,mbd,qïru,mzd,bokokohï,,,,,False,2,28,111179,5156
vfc66vqf8v,fmbg,1,6,critical,fzs,qïru,bokokohï,0,0,0,mbd,qïru,mzd,bokokohï,,,,,,3,29,119770,8590
vfc66vqf8v,fmbg,1,6,critical,fzd,qïru,bokokohï,0,0,0,mbd,qïru,mzd,bokokohï,,,,,,3,30,120732,961
vfc66vqf8v,fmbg,1,6,critical,fbd,bokokohï,bokokohï,1,0,0,mbd,qïru,mzd,bokokohï,,,,,,2,31,122430,1697
vfc66vqf8v,fmbg,1,6,critical,fbs,bokokohï,bokokohï,1,0,0,mbd,qïru,mzd,bokokohï,,,,,,2,32,123159,728
vfc66vqf8v,fmbg,1,6,critical,,DONE,,0,0,1,mbd,qïru,mzd,bokokohï,,,,,,5,33,124836,1676
vfc66vqf8v,fmbg,2,4,critical,fbs,orinoçim,orinoçim,1,0,0,fbd,orinoçim,fzs,aweh,,,,,,1,45,138741,4843
vfc66vqf8v,fmbg,2,4,critical,mbd,aweh,aweh,1,0,0,fbd,orinoçim,fzs,aweh,,,,,,3,46,142892,4150
vfc66vqf8v,fmbg,2,4,catch,fzs,aweh,aweh,1,0,0,fbd,orinoçim,fzs,aweh,,,,,False,3,47,146194,3302
vfc66vqf8v,fmbg,2,4,critical,mzd,orinoçim,aweh,0,0,0,fbd,orinoçim,fzs,aweh,,,,,,1,48,150035,3840
vfc66vqf8v,fmbg,2,4,critical,fzd,aweh,aweh,1,0,0,fbd,orinoçim,fzs,aweh,,,,,,3,49,151663,1626
vfc66vqf8v,fmbg,2,4,critical,mzs,orinoçim,aweh,0,0,0,fbd,orinoçim,fzs,aweh,,,,,,1,50,155340,3676
vfc66vqf8v,fmbg,2,4,critical,mbs,aweh,aweh,1,0,0,fbd,orinoçim,fzs,aweh,,,,,,3,51,157558,2217
vfc66vqf8v,fmbg,2,4,critical,,DONE,,0,0,1,fbd,orinoçim,fzs,aweh,,,,,,5,52,158719,1160
vfc66vqf8v,fmbg,3,5,critical,mzd,kawuka,kawuka,1,0,0,fzs,luge,fbd,kawuka,,,,,,2,64,168131,3227
vfc66vqf8v,fmbg,3,5,critical,mbs,luge,kawuka,0,0,0,fzs,luge,fbd,kawuka,,,,,,1,65,171000,2867
vfc66vqf8v,fmbg,3,5,critical,fbs,kawuka,kawuka,1,0,0,fzs,luge,fbd,kawuka,,,,,,2,66,173066,2065
vfc66vqf8v,fmbg,3,5,catch,fzs,luge,luge,1,0,0,fzs,luge,fbd,kawuka,,,,,False,1,67,174483,1416
vfc66vqf8v,fmbg,3,5,critical,mzs,kawuka,kawuka,1,0,0,fzs,luge,fbd,kawuka,,,,,,2,68,176365,1881
vfc66vqf8v,fmbg,3,5,critical,mbd,luge,kawuka,0,0,0,fzs,luge,fbd,kawuka,,,,,,1,70,178966,805
vfc66vqf8v,fmbg,3,5,critical,fzd,luge,luge,1,0,0,fzs,luge,fbd,kawuka,,,,,,1,69,178160,1794
vfc66vqf8v,fmbg,3,5,critical,,DONE,,0,0,1,fzs,luge,fbd,kawuka,,,,,,5,71,180707,1740
vfc66vqf8v,fmbg,4,7,critical,fbd,ktåvrhus,tsåvvses,0,0,0,mzd,ktåvrhus,fzd,tsåvvses,,,,,,1,83,191089,3515
vfc66vqf8v,fmbg,4,7,critical,mbs,tsåvvses,tsåvvses,1,0,0,mzd,ktåvrhus,fzd,tsåvvses,,,,,,2,84,193307,2217
vfc66vqf8v,fmbg,4,7,catch,mzd,ktåvrhus,ktåvrhus,1,0,0,mzd,ktåvrhus,fzd,tsåvvses,,,,,False,1,85,195700,2392
vfc66vqf8v,fmbg,4,7,critical,mbd,tsåvvses,tsåvvses,1,0,0,mzd,ktåvrhus,fzd,tsåvvses,,,,,,2,86,197501,1800
vfc66vqf8v,fmbg,4,7,critical,fzs,tsåvvses,tsåvvses,1,0,0,mzd,ktåvrhus,fzd,tsåvvses,,,,,,2,87,199123,1620
vfc66vqf8v,fmbg,4,7,critical,fbs,ktåvrhus,tsåvvses,0,0,0,mzd,ktåvrhus,fzd,tsåvvses,,,,,,1,88,201162,2038
vfc66vqf8v,fmbg,4,7,critical,mzs,ktåvrhus,ktåvrhus,1,0,0,mzd,ktåvrhus,fzd,tsåvvses,,,,,,1,89,203530,2368
vfc66vqf8v,fmbg,4,7,critical,,DONE,,0,0,1,mzd,ktåvrhus,fzd,tsåvvses,,,,,,5,90,204633,1101
vfc66vqf8v,fmbg,5,2,critical,fbs,nuubö,cöahido,0,0,0,mbs,cöahido,fzd,šïïnö,fbs,nuubö,,,,2,102,241815,31744
vfc66vqf8v,fmbg,5,2,critical,mbd,cöahido,cöahido,1,0,0,mbs,cöahido,fzd,šïïnö,fbs,nuubö,,,,3,103,244066,2249
vfc66vqf8v,fmbg,5,2,catch,fzd,šïïnö,šïïnö,1,0,0,mbs,cöahido,fzd,šïïnö,fbs,nuubö,,,False,0,104,245978,1912
vfc66vqf8v,fmbg,5,2,critical,mzd,nuubö,šïïnö,0,0,0,mbs,cöahido,fzd,šïïnö,fbs,nuubö,,,,2,105,253028,7049
vfc66vqf8v,fmbg,5,2,critical,mzs,nuubö,šïïnö,0,0,0,mbs,cöahido,fzd,šïïnö,fbs,nuubö,,,,2,106,255193,2163
vfc66vqf8v,fmbg,5,2,critical,fzs,šïïnö,šïïnö,1,0,0,mbs,cöahido,fzd,šïïnö,fbs,nuubö,,,,0,107,257878,2684
vfc66vqf8v,fmbg,5,2,critical,fbd,nuubö,cöahido,0,0,0,mbs,cöahido,fzd,šïïnö,fbs,nuubö,,,,2,108,259426,1547
vfc66vqf8v,fmbg,5,2,critical,,DONE,,0,0,1,mbs,cöahido,fzd,šïïnö,fbs,nuubö,,,,5,109,260577,1150
vfc66vqf8v,fmbg,6,3,critical,mzd,pžicā,pžicā,1,0,0,fzd,vbāžo,fbs,pžicā,,,,,,2,121,266637,236
vfc66vqf8v,fmbg,6,3,critical,mbd,UNDO,vbāžo,0,1,0,fzd,vbāžo,fbs,pžicā,,,,,,4,122,268087,1449
vfc66vqf8v,fmbg,6,3,critical,mzd,pžicā,pžicā,1,0,0,fzd,vbāžo,fbs,pžicā,,,,,,2,123,270746,2658
vfc66vqf8v,fmbg,6,3,critical,mbd,vbāžo,vbāžo,1,0,0,fzd,vbāžo,fbs,pžicā,,,,,,0,124,273073,2327
vfc66vqf8v,fmbg,6,3,critical,fzs,vbāžo,vbāžo,1,0,0,fzd,vbāžo,fbs,pžicā,,,,,,0,125,274467,1393
vfc66vqf8v,fmbg,6,3,critical,fbd,pžicā,pžicā,1,0,0,fzd,vbāžo,fbs,pžicā,,,,,,2,126,275954,1486
vfc66vqf8v,fmbg,6,3,critical,mzs,pžicā,pžicā,1,0,0,fzd,vbāžo,fbs,pžicā,,,,,,2,127,277570,1615
vfc66vqf8v,fmbg,6,3,critical,mbs,vbāžo,vbāžo,1,0,0,fzd,vbāžo,fbs,pžicā,,,,,,0,128,280864,3293
vfc66vqf8v,fmbg,6,3,catch,fbs,pžicā,pžicā,1,0,0,fzd,vbāžo,fbs,pžicā,,,,,False,2,129,282863,1998
vfc66vqf8v,fmbg,6,3,critical,,DONE,,0,0,1,fzd,vbāžo,fbs,pžicā,,,,,,5,130,284052,1188
vfc66vqf8v,fmbg,7,0,critical,mzs,huanăa,gêă,0,0,0,fzs,gêă,b,nyumuo,mzs,huanăa,,,,2,140,326901,38051
vfc66vqf8v,fmbg,7,0,critical,fbd,huanăa,gêă,0,0,0,fzs,gêă,b,nyumuo,mzs,huanăa,,,,2,141,329608,2706
vfc66vqf8v,fmbg,7,0,critical,fzd,nyumuo,gêă,0,0,0,fzs,gêă,b,nyumuo,mzs,huanăa,,,,3,142,331621,2011
vfc66vqf8v,fmbg,7,0,critical,mzd,huanăa,gêă,0,0,0,fzs,gêă,b,nyumuo,mzs,huanăa,,,,2,143,333873,2252
vfc66vqf8v,fmbg,7,0,critical,mbd,UNDO,gêă,0,1,0,fzs,gêă,b,nyumuo,mzs,huanăa,,,,4,144,339079,5205
vfc66vqf8v,fmbg,7,0,critical,mzd,UNDO,gêă,0,1,0,fzs,gêă,b,nyumuo,mzs,huanăa,,,,4,145,343422,4342
vfc66vqf8v,fmbg,7,0,critical,fzd,gêă,gêă,1,0,0,fzs,gêă,b,nyumuo,mzs,huanăa,,,,0,146,347856,4433
vfc66vqf8v,fmbg,7,0,critical,mzd,huanăa,gêă,0,0,0,fzs,gêă,b,nyumuo,mzs,huanăa,,,,2,147,349674,1818
vfc66vqf8v,fmbg,7,0,critical,mbd,gêă,gêă,1,0,0,fzs,gêă,b,nyumuo,mzs,huanăa,,,,0,148,351959,2284
vfc66vqf8v,fmbg,7,0,critical,z,UNDO,nyumuo,0,1,0,fzs,gêă,b,nyumuo,mzs,huanăa,,,,4,149,355225,3264
vfc66vqf8v,fmbg,7,0,critical,mbd,gêă,gêă,1,0,0,fzs,gêă,b,nyumuo,mzs,huanăa,,,,0,150,356745,1519
vfc66vqf8v,fmbg,7,0,critical,z,nyumuo,nyumuo,1,0,0,fzs,gêă,b,nyumuo,mzs,huanăa,,,,3,151,359351,2605
vfc66vqf8v,fmbg,7,0,catch,fzs,gêă,gêă,1,0,0,fzs,gêă,b,nyumuo,mzs,huanăa,,,False,0,152,361133,1781
vfc66vqf8v,fmbg,7,0,critical,mbs,gêă,gêă,1,0,0,fzs,gêă,b,nyumuo,mzs,huanăa,,,,0,153,363429,2295
vfc66vqf8v,fmbg,7,0,critical,fbs,huanăa,gêă,0,0,0,fzs,gêă,b,nyumuo,mzs,huanăa,,,,2,154,365122,1692
vfc66vqf8v,fmbg,7,0,critical,,DONE,,0,0,1,fzs,gêă,b,nyumuo,mzs,huanăa,,,,5,155,366496,1372
vfc66vqf8v,fmbg,8,1,critical,mbs,idanuluf,otev,0,0,0,fbd,awupav,mzs,otev,mbs,idanuluf,,,,2,167,407960,31266
vfc66vqf8v,fmbg,8,1,critical,fbs,awupav,awupav,1,0,0,fbd,awupav,mzs,otev,mbs,idanuluf,,,,1,168,409962,2001
vfc66vqf8v,fmbg,8,1,catch,fbd,awupav,awupav,1,0,0,fbd,awupav,mzs,otev,mbs,idanuluf,,,False,1,169,411218,1255
vfc66vqf8v,fmbg,8,1,critical,fzd,idanuluf,awupav,0,0,0,fbd,awupav,mzs,otev,mbs,idanuluf,fzd,idanuluf,,2,170,413123,1904
vfc66vqf8v,fmbg,8,1,critical,mzd,otev,otev,1,0,0,fbd,awupav,mzs,otev,mbs,idanuluf,fzd,idanuluf,,3,171,414495,1371
vfc66vqf8v,fmbg,8,1,critical,fzs,idanuluf,awupav,0,0,0,fbd,awupav,mzs,otev,mbs,idanuluf,fzd,idanuluf,,2,172,415802,1306
vfc66vqf8v,fmbg,8,1,critical,mbd,idanuluf,otev,0,0,0,fbd,awupav,mzs,otev,mbs,idanuluf,fzd,idanuluf,,2,173,417453,1650
vfc66vqf8v,fmbg,8,1,critical,,DONE,,0,0,1,fbd,awupav,mzs,otev,mbs,idanuluf,fzd,idanuluf,,5,174,418195,741
